Timestamp(ms),Current(uA),D0-D7
57.53,3.007,10000000
57.54,3.139,10000000
57.55,3.183,10000000
57.56,3.051,10000000
57.57,3.051,10000000
57.58,3.095,10000000
57.59,3.183,10000000
57.6,2.92,10000000
57.61,3.007,10000000
57.62,3.095,10000000
57.63,3.051,10000000
57.64,3.139,10000000
57.65,2.964,10000000
57.66,2.92,10000000
57.67,2.832,10000000
57.68,2.92,10000000
57.69,2.964,10000000
57.7,3.095,10000000
57.71,3.095,10000000
57.72,3.051,10000000
57.73,3.051,10000000
57.74,3.139,10000000
57.75,3.007,10000000
57.76,3.007,10000000
57.77,3.007,10000000
57.78,3.095,10000000
57.79,2.92,10000000
57.8,2.964,10000000
57.81,3.007,10000000
57.82,3.095,10000000
57.83,3.007,10000000
57.84,3.007,10000000
57.85,3.007,10000000
57.86,3.095,10000000
57.87,3.139,10000000
57.88,3.007,10000000
57.89,3.095,10000000
57.9,3.139,10000000
57.91,3.007,10000000
57.92,3.051,10000000
57.93,3.007,10000000
57.94,3.139,10000000
57.95,3.007,10000000
57.96,3.139,10000000
57.97,3.227,10000000
57.98,3.095,10000000
57.99,3.051,10000000
58,2.964,10000000
58.01,3.007,10000000
58.02,2.92,10000000
58.03,3.051,10000000
58.04,3.051,10000000
58.05,3.183,10000000
58.06,3.007,10000000
58.07,3.139,10000000
58.08,3.051,10000000
58.09,2.964,10000000
58.1,2.964,10000000
58.11,2.964,10000000
58.12,2.92,10000000
58.13,2.92,10000000
58.14,3.007,10000000
58.15,3.007,10000000
58.16,3.095,10000000
58.17,3.007,10000000
58.18,2.964,10000000
58.19,3.051,10000000
58.2,2.92,10000000
58.21,2.92,10000000
58.22,3.051,10000000
58.23,3.095,10000000
58.24,3.051,10000000
58.25,3.051,10000000
58.26,2.964,10000000
58.27,3.095,10000000
58.28,2.92,10000000
58.29,2.92,10000000
58.3,3.095,10000000
58.31,3.095,10000000
58.32,3.051,10000000
58.33,3.051,10000000
58.34,3.007,10000000
58.35,2.92,10000000
58.36,3.139,10000000
58.37,3.007,10000000
58.38,3.139,10000000
58.39,2.964,10000000
58.4,3.007,10000000
58.41,3.051,10000000
58.42,2.964,10000000
58.43,3.007,10000000
58.44,2.964,10000000
58.45,3.095,10000000
58.46,2.964,10000000
58.47,3.139,10000000
58.48,3.007,10000000
58.49,3.051,10000000
58.5,3.139,10000000
58.51,3.139,10000000
58.52,3.095,10000000
58.53,3.139,10000000
58.54,3.095,10000000
58.55,3.007,10000000
58.56,3.095,10000000
58.57,2.92,10000000
58.58,2.964,10000000
58.59,3.095,10000000
58.6,3.051,10000000
58.61,3.183,10000000
58.62,3.095,10000000
58.63,3.095,10000000
58.64,3.007,10000000
58.65,2.964,10000000
58.66,3.139,10000000
58.67,3.095,10000000
58.68,3.051,10000000
58.69,2.964,10000000
58.7,3.139,10000000
58.71,2.832,10000000
58.72,3.051,10000000
58.73,3.051,10000000
58.74,3.051,10000000
58.75,2.92,10000000
58.76,3.095,10000000
58.77,3.051,10000000
58.78,3.095,10000000
58.79,3.051,10000000
58.8,3.051,10000000
58.81,3.139,10000000
58.82,3.051,10000000
58.83,3.227,10000000
58.84,3.227,10000000
58.85,3.051,10000000
58.86,3.007,10000000
58.87,3.007,10000000
58.88,3.007,10000000
58.89,3.007,10000000
58.9,2.92,10000000
58.91,2.92,10000000
58.92,2.92,10000000
58.93,3.139,10000000
58.94,3.095,10000000
58.95,3.051,10000000
58.96,3.051,10000000
58.97,2.964,10000000
58.98,3.139,10000000
58.99,3.183,10000000
59,3.007,10000000
59.01,3.051,10000000
59.02,3.007,10000000
59.03,3.007,10000000
59.04,3.139,10000000
59.05,3.007,10000000
59.06,3.095,10000000
59.07,3.051,10000000
59.08,3.007,10000000
59.09,3.007,10000000
59.1,3.007,10000000
59.11,3.139,10000000
59.12,3.007,10000000
59.13,3.095,10000000
59.14,2.92,10000000
59.15,3.007,10000000
59.16,2.964,10000000
59.17,3.007,10000000
59.18,2.92,10000000
59.19,3.051,10000000
59.2,2.964,10000000
59.21,3.007,10000000
59.22,3.007,10000000
59.23,3.007,10000000
59.24,3.139,10000000
59.25,3.227,10000000
59.26,3.095,10000000
59.27,3.007,10000000
59.28,2.92,10000000
59.29,3.095,10000000
59.3,3.007,10000000
59.31,3.007,10000000
59.32,3.051,10000000
59.33,3.051,10000000
59.34,3.051,10000000
59.35,3.227,10000000
59.36,3.139,10000000
59.37,3.095,10000000
59.38,3.183,10000000
59.39,3.007,10000000
59.4,3.095,10000000
59.41,3.007,10000000
59.42,2.92,10000000
59.43,2.92,10000000
59.44,3.007,10000000
59.45,2.964,10000000
59.46,3.139,10000000
59.47,3.095,10000000
59.48,3.051,10000000
59.49,3.095,10000000
59.5,3.051,10000000
59.51,2.92,10000000
59.52,3.007,10000000
59.53,3.007,10000000
59.54,3.007,10000000
59.55,3.051,10000000
59.56,3.095,10000000
59.57,2.964,10000000
59.58,3.007,10000000
59.59,3.095,10000000
59.6,3.095,10000000
59.61,3.007,10000000
59.62,3.007,10000000
59.63,3.095,10000000
59.64,2.964,10000000
59.65,2.964,10000000
59.66,2.964,10000000
59.67,2.92,10000000
59.68,2.832,10000000
59.69,2.964,10000000
59.7,2.876,10000000
59.71,3.007,10000000
59.72,3.095,10000000
59.73,3.051,10000000
59.74,3.007,10000000
59.75,3.007,10000000
59.76,3.007,10000000
59.77,3.183,10000000
59.78,3.139,10000000
59.79,3.051,10000000
59.8,3.183,10000000
59.81,2.92,10000000
59.82,3.051,10000000
59.83,2.876,10000000
59.84,3.095,10000000
59.85,3.139,10000000
59.86,2.964,10000000
59.87,3.007,10000000
59.88,2.92,10000000
59.89,2.92,10000000
59.9,3.051,10000000
59.91,3.095,10000000
59.92,3.227,10000000
59.93,3.183,10000000
59.94,3.095,10000000
59.95,3.095,10000000
59.96,3.095,10000000
59.97,3.183,10000000
59.98,3.051,10000000
59.99,3.007,10000000
60,3.095,10000000
60.01,2.92,10000000
60.02,2.964,10000000
60.03,2.92,10000000
60.04,3.007,10000000
60.05,3.051,10000000
60.06,3.139,10000000
60.07,3.095,10000000
60.08,3.051,10000000
60.09,3.051,10000000
60.1,2.964,10000000
60.11,3.007,10000000
60.12,3.051,10000000
60.13,3.139,10000000
60.14,2.832,10000000
60.15,2.964,10000000
60.16,2.92,10000000
60.17,3.051,10000000
60.18,3.051,10000000
60.19,3.095,10000000
60.2,2.964,10000000
60.21,3.007,10000000
60.22,2.92,10000000
60.23,3.051,10000000
60.24,3.007,10000000
60.25,3.139,10000000
60.26,3.139,10000000
60.27,3.051,10000000
60.28,3.139,10000000
60.29,3.007,10000000
60.3,3.095,10000000
60.31,2.92,10000000
60.32,3.095,10000000
60.33,3.183,10000000
60.34,3.095,10000000
60.35,3.095,10000000
60.36,3.095,10000000
60.37,3.095,10000000
60.38,3.051,10000000
60.39,3.183,10000000
60.4,2.92,10000000
60.41,3.051,10000000
60.42,3.227,10000000
60.43,3.183,10000000
60.44,3.227,10000000
60.45,3.183,10000000
60.46,3.007,10000000
60.47,3.139,10000000
60.48,2.964,10000000
60.49,2.964,10000000
60.5,3.051,10000000
60.51,3.095,10000000
60.52,3.007,10000000
60.53,3.139,10000000
60.54,3.007,10000000
60.55,3.051,10000000
60.56,3.007,10000000
60.57,3.051,10000000
60.58,2.876,10000000
60.59,3.139,10000000
60.6,2.964,10000000
60.61,3.183,10000000
60.62,3.139,10000000
60.63,3.051,10000000
60.64,3.051,10000000
60.65,3.051,10000000
60.66,3.139,10000000
60.67,2.964,10000000
60.68,3.007,10000000
60.69,2.964,10000000
60.7,2.92,10000000
60.71,3.051,10000000
60.72,2.964,10000000
60.73,3.007,10000000
60.74,3.051,10000000
60.75,3.007,10000000
60.76,3.007,10000000
60.77,3.007,10000000
60.78,3.007,10000000
60.79,3.007,10000000
60.8,2.92,10000000
60.81,3.051,10000000
60.82,3.139,10000000
60.83,3.139,10000000
60.84,3.183,10000000
60.85,3.227,10000000
60.86,3.051,10000000
60.87,3.051,10000000
60.88,3.051,10000000
60.89,3.007,10000000
60.9,3.007,10000000
60.91,2.92,10000000
60.92,2.92,10000000
60.93,3.007,10000000
60.94,3.139,10000000
60.95,3.007,10000000
60.96,3.051,10000000
60.97,3.051,10000000
60.98,2.964,10000000
60.99,2.92,10000000
61,2.964,10000000
61.01,3.051,10000000
61.02,2.92,10000000
61.03,2.876,10000000
61.04,3.007,10000000
61.05,3.007,10000000
61.06,3.095,10000000
61.07,3.007,10000000
61.08,2.964,10000000
61.09,2.92,10000000
61.1,3.007,10000000
61.11,3.139,10000000
61.12,3.139,10000000
61.13,2.832,10000000
61.14,3.095,10000000
61.15,3.007,10000000
61.16,3.095,10000000
61.17,3.051,10000000
61.18,3.183,10000000
61.19,3.139,10000000
61.2,3.051,10000000
61.21,3.095,10000000
61.22,3.051,10000000
61.23,3.095,10000000
61.24,3.095,10000000
61.25,3.139,10000000
61.26,3.007,10000000
61.27,2.964,10000000
61.28,3.095,10000000
61.29,3.051,10000000
61.3,3.007,10000000
61.31,3.051,10000000
61.32,2.92,10000000
61.33,2.92,10000000
61.34,3.007,10000000
61.35,3.007,10000000
61.36,3.095,10000000
61.37,2.964,10000000
61.38,2.92,10000000
61.39,3.139,10000000
61.4,2.964,10000000
61.41,3.095,10000000
61.42,3.183,10000000
61.43,3.095,10000000
61.44,3.051,10000000
61.45,3.051,10000000
61.46,3.007,10000000
61.47,3.051,10000000
61.48,3.139,10000000
61.49,3.095,10000000
61.5,3.051,10000000
61.51,3.183,10000000
61.52,2.92,10000000
61.53,2.964,10000000
61.54,3.227,10000000
61.55,3.095,10000000
61.56,3.051,10000000
61.57,2.876,10000000
61.58,3.007,10000000
61.59,3.183,10000000
61.6,2.964,10000000
61.61,3.007,10000000
61.62,3.183,10000000
61.63,3.051,10000000
61.64,2.876,10000000
61.65,2.964,10000000
61.66,2.788,10000000
61.67,3.051,10000000
61.68,3.007,10000000
61.69,3.095,10000000
61.7,3.183,10000000
61.71,3.095,10000000
61.72,3.051,10000000
61.73,3.095,10000000
61.74,3.139,10000000
61.75,3.051,10000000
61.76,2.92,10000000
61.77,3.139,10000000
61.78,3.007,10000000
61.79,2.964,10000000
61.8,3.139,10000000
61.81,3.007,10000000
61.82,3.139,10000000
61.83,3.051,10000000
61.84,2.876,10000000
61.85,2.876,10000000
61.86,3.007,10000000
61.87,3.051,10000000
61.88,3.095,10000000
61.89,3.139,10000000
61.9,3.007,10000000
61.91,2.964,10000000
61.92,3.139,10000000
61.93,3.007,10000000
61.94,3.051,10000000
61.95,3.007,10000000
61.96,3.227,10000000
61.97,3.007,10000000
61.98,3.051,10000000
61.99,2.964,10000000
62,2.964,10000000
62.01,3.007,10000000
62.02,3.095,10000000
62.03,3.051,10000000
62.04,2.964,10000000
62.05,3.051,10000000
62.06,3.007,10000000
62.07,2.92,10000000
62.08,3.051,10000000
62.09,3.095,10000000
62.1,3.007,10000000
62.11,3.139,10000000
62.12,3.227,10000000
62.13,3.139,10000000
62.14,2.964,10000000
62.15,2.92,10000000
62.16,3.095,10000000
62.17,3.139,10000000
62.18,2.92,10000000
62.19,3.051,10000000
62.2,3.139,10000000
62.21,3.183,10000000
62.22,3.007,10000000
62.23,3.139,10000000
62.24,3.051,10000000
62.25,2.964,10000000
62.26,3.139,10000000
62.27,2.964,10000000
62.28,2.92,10000000
62.29,2.964,10000000
62.3,2.964,10000000
62.31,3.051,10000000
62.32,2.92,10000000
62.33,3.183,10000000
62.34,3.095,10000000
62.35,2.964,10000000
62.36,3.051,10000000
62.37,3.051,10000000
62.38,3.139,10000000
62.39,3.095,10000000
62.4,2.92,10000000
62.41,3.095,10000000
62.42,3.051,10000000
62.43,2.92,10000000
62.44,3.051,10000000
62.45,3.095,10000000
62.46,3.183,10000000
62.47,3.095,10000000
62.48,3.051,10000000
62.49,3.051,10000000
62.5,3.051,10000000
62.51,3.051,10000000
62.52,2.832,10000000
62.53,2.92,10000000
62.54,3.139,10000000
62.55,2.964,10000000
62.56,2.964,10000000
62.57,3.095,10000000
62.58,3.139,10000000
62.59,3.139,10000000
62.6,3.051,10000000
62.61,3.051,10000000
62.62,3.139,10000000
62.63,3.095,10000000
62.64,2.964,10000000
62.65,3.051,10000000
62.66,3.139,10000000
62.67,3.051,10000000
62.68,3.007,10000000
62.69,3.051,10000000
62.7,2.92,10000000
62.71,2.876,10000000
62.72,2.92,10000000
62.73,3.007,10000000
62.74,2.964,10000000
62.75,3.095,10000000
62.76,2.92,10000000
62.77,2.964,10000000
62.78,2.92,10000000
62.79,3.095,10000000
62.8,3.139,10000000
62.81,3.007,10000000
62.82,3.139,10000000
62.83,3.183,10000000
62.84,3.183,10000000
62.85,3.139,10000000
62.86,3.095,10000000
62.87,3.271,10000000
62.88,3.007,10000000
62.89,3.051,10000000
62.9,3.095,10000000
62.91,3.007,10000000
62.92,3.095,10000000
62.93,2.832,10000000
62.94,3.007,10000000
62.95,3.095,10000000
62.96,3.007,10000000
62.97,3.051,10000000
62.98,3.007,10000000
62.99,3.051,10000000
63,3.095,10000000
63.01,3.007,10000000
63.02,3.007,10000000
63.03,3.051,10000000
63.04,3.095,10000000
63.05,3.007,10000000
63.06,2.876,10000000
63.07,2.964,10000000
63.08,2.876,10000000
63.09,3.051,10000000
63.1,2.92,10000000
63.11,3.051,10000000
63.12,3.007,10000000
63.13,3.051,10000000
63.14,3.007,10000000
63.15,3.051,10000000
63.16,2.964,10000000
63.17,3.139,10000000
63.18,3.227,10000000
63.19,3.095,10000000
63.2,3.139,10000000
63.21,3.051,10000000
63.22,3.183,10000000
63.23,3.139,10000000
63.24,3.183,10000000
63.25,3.007,10000000
63.26,3.007,10000000
63.27,3.095,10000000
63.28,3.007,10000000
63.29,3.095,10000000
63.3,2.92,10000000
63.31,3.051,10000000
63.32,3.007,10000000
63.33,3.095,10000000
63.34,2.92,10000000
63.35,2.964,10000000
63.36,3.139,10000000
63.37,3.051,10000000
63.38,3.227,10000000
63.39,3.095,10000000
63.4,2.964,10000000
63.41,3.095,10000000
63.42,3.139,10000000
63.43,3.095,10000000
63.44,2.832,10000000
63.45,3.095,10000000
63.46,3.007,10000000
63.47,2.876,10000000
63.48,3.095,10000000
63.49,3.139,10000000
63.5,3.139,10000000
63.51,3.139,10000000
63.52,2.832,10000000
63.53,2.92,10000000
63.54,3.051,10000000
63.55,2.92,10000000
63.56,2.92,10000000
63.57,2.876,10000000
63.58,3.139,10000000
63.59,3.051,10000000
63.6,3.051,10000000
63.61,3.139,10000000
63.62,3.139,10000000
63.63,2.92,10000000
63.64,3.095,10000000
63.65,3.139,10000000
63.66,3.095,10000000
63.67,3.095,10000000
63.68,3.051,10000000
63.69,3.051,10000000
63.7,2.832,10000000
63.71,3.095,10000000
63.72,3.095,10000000
63.73,3.051,10000000
63.74,2.964,10000000
63.75,3.139,10000000
63.76,3.007,10000000
63.77,3.007,10000000
63.78,3.095,10000000
63.79,3.051,10000000
63.8,3.139,10000000
63.81,3.051,10000000
63.82,2.92,10000000
63.83,3.095,10000000
63.84,3.095,10000000
63.85,3.139,10000000
63.86,3.007,10000000
63.87,3.051,10000000
63.88,2.832,10000000
63.89,3.007,10000000
63.9,2.964,10000000
63.91,2.964,10000000
63.92,2.964,10000000
63.93,2.964,10000000
63.94,2.92,10000000
63.95,3.139,10000000
63.96,3.139,10000000
63.97,2.832,10000000
63.98,2.92,10000000
63.99,2.964,10000000
64,3.095,10000000
64.01,3.095,10000000
64.02,3.007,10000000
64.03,2.832,10000000
64.04,2.876,10000000
64.05,3.095,10000000
64.06,3.007,10000000
64.07,3.051,10000000
64.08,2.964,10000000
64.09,3.051,10000000
64.1,3.139,10000000
64.11,3.095,10000000
64.12,3.315,10000000
64.13,3.139,10000000
64.14,3.095,10000000
64.15,3.051,10000000
64.16,2.876,10000000
64.17,3.007,10000000
64.18,3.007,10000000
64.19,2.964,10000000
64.2,3.007,10000000
64.21,3.139,10000000
64.22,3.183,10000000
64.23,3.139,10000000
64.24,3.139,10000000
64.25,3.051,10000000
64.26,3.051,10000000
64.27,3.051,10000000
64.28,2.964,10000000
64.29,3.007,10000000
64.3,3.051,10000000
64.31,2.964,10000000
64.32,2.876,10000000
64.33,2.832,10000000
64.34,3.007,10000000
64.35,2.964,10000000
64.36,3.051,10000000
64.37,2.964,10000000
64.38,2.92,10000000
64.39,3.095,10000000
64.4,3.139,10000000
64.41,3.007,10000000
64.42,3.139,10000000
64.43,3.095,10000000
64.44,2.92,10000000
64.45,3.139,10000000
64.46,2.92,10000000
64.47,3.095,10000000
64.48,3.095,10000000
64.49,3.227,10000000
64.5,2.92,10000000
64.51,3.095,10000000
64.52,3.095,10000000
64.53,3.007,10000000
64.54,3.007,10000000
64.55,3.139,10000000
64.56,2.964,10000000
64.57,3.007,10000000
64.58,3.095,10000000
64.59,2.92,10000000
64.6,2.964,10000000
64.61,2.964,10000000
64.62,3.007,10000000
64.63,3.139,10000000
64.64,2.876,10000000
64.65,3.051,10000000
64.66,3.007,10000000
64.67,3.051,10000000
64.68,3.007,10000000
64.69,3.007,10000000
64.7,3.095,10000000
64.71,3.139,10000000
64.72,3.007,10000000
64.73,3.051,10000000
64.74,3.095,10000000
64.75,3.139,10000000
64.76,3.139,10000000
64.77,3.051,10000000
64.78,3.051,10000000
64.79,3.051,10000000
64.8,2.92,10000000
64.81,2.876,10000000
64.82,3.183,10000000
64.83,3.095,10000000
64.84,3.007,10000000
64.85,3.007,10000000
64.86,3.227,10000000
64.87,3.139,10000000
64.88,3.183,10000000
64.89,3.051,10000000
64.9,3.095,10000000
64.91,3.271,10000000
64.92,3.095,10000000
64.93,3.007,10000000
64.94,3.051,10000000
64.95,3.183,10000000
64.96,3.051,10000000
64.97,3.007,10000000
64.98,3.007,10000000
64.99,2.92,10000000
65,3.095,10000000
65.01,2.964,10000000
65.02,3.051,10000000
65.03,3.051,10000000
65.04,2.964,10000000
65.05,2.92,10000000
65.06,2.92,10000000
65.07,3.183,10000000
65.08,3.051,10000000
65.09,3.139,10000000
65.1,3.095,10000000
65.11,3.183,10000000
65.12,3.051,10000000
65.13,3.095,10000000
65.14,3.007,10000000
65.15,2.964,10000000
65.16,3.007,10000000
65.17,3.051,10000000
65.18,2.92,10000000
65.19,3.095,10000000
65.2,3.139,10000000
65.21,3.227,10000000
65.22,3.315,10000000
65.23,2.964,10000000
65.24,3.007,10000000
65.25,2.92,10000000
65.26,3.007,10000000
65.27,3.007,10000000
65.28,3.007,10000000
65.29,2.92,10000000
65.3,3.007,10000000
65.31,2.964,10000000
65.32,2.964,10000000
65.33,3.051,10000000
65.34,3.183,10000000
65.35,3.095,10000000
65.36,3.139,10000000
65.37,2.964,10000000
65.38,2.92,10000000
65.39,3.095,10000000
65.4,3.051,10000000
65.41,3.095,10000000
65.42,2.964,10000000
65.43,2.964,10000000
65.44,3.095,10000000
65.45,3.007,10000000
65.46,3.007,10000000
65.47,2.92,10000000
65.48,3.007,10000000
65.49,3.007,10000000
65.5,3.007,10000000
65.51,3.007,10000000
65.52,3.139,10000000
65.53,3.051,10000000
65.54,2.964,10000000
65.55,3.007,10000000
65.56,3.051,10000000
65.57,3.007,10000000
65.58,2.964,10000000
65.59,2.92,10000000
65.6,2.964,10000000
65.61,2.964,10000000
65.62,3.007,10000000
65.63,3.095,10000000
65.64,2.92,10000000
65.65,3.051,10000000
65.66,3.095,10000000
65.67,3.095,10000000
65.68,3.007,10000000
65.69,3.007,10000000
65.7,2.964,10000000
65.71,3.007,10000000
65.72,3.051,10000000
65.73,3.095,10000000
65.74,3.095,10000000
65.75,3.007,10000000
65.76,2.92,10000000
65.77,3.095,10000000
65.78,3.007,10000000
65.79,3.095,10000000
65.8,2.92,10000000
65.81,2.876,10000000
65.82,3.095,10000000
65.83,3.007,10000000
65.84,2.964,10000000
65.85,3.051,10000000
65.86,3.007,10000000
65.87,3.007,10000000
65.88,3.139,10000000
65.89,3.095,10000000
65.9,3.051,10000000
65.91,3.051,10000000
65.92,3.095,10000000
65.93,3.051,10000000
65.94,3.095,10000000
65.95,3.095,10000000
65.96,3.095,10000000
65.97,3.007,10000000
65.98,3.051,10000000
65.99,3.139,10000000
66,3.095,10000000
66.01,3.139,10000000
66.02,3.139,10000000
66.03,3.139,10000000
66.04,3.139,10000000
66.05,3.051,10000000
66.06,3.095,10000000
66.07,3.007,10000000
66.08,3.095,10000000
66.09,3.139,10000000
66.1,3.007,10000000
66.11,3.007,10000000
66.12,3.183,10000000
66.13,3.095,10000000
66.14,2.92,10000000
66.15,3.095,10000000
66.16,3.007,10000000
66.17,3.051,10000000
66.18,3.183,10000000
66.19,3.095,10000000
66.2,3.271,10000000
66.21,3.227,10000000
66.22,3.227,10000000
66.23,3.095,10000000
66.24,2.92,10000000
66.25,3.139,10000000
66.26,3.095,10000000
66.27,3.007,10000000
66.28,3.051,10000000
66.29,3.095,10000000
66.3,3.051,10000000
66.31,3.095,10000000
66.32,3.051,10000000
66.33,3.007,10000000
66.34,3.051,10000000
66.35,3.095,10000000
66.36,3.095,10000000
66.37,3.051,10000000
66.38,3.007,10000000
66.39,3.139,10000000
66.4,2.964,10000000
66.41,3.095,10000000
66.42,3.051,10000000
66.43,2.964,10000000
66.44,3.007,10000000
66.45,2.832,10000000
66.46,3.051,10000000
66.47,2.964,10000000
66.48,3.139,10000000
66.49,2.964,10000000
66.5,3.007,10000000
66.51,3.095,10000000
66.52,3.139,10000000
66.53,3.051,10000000
66.54,3.139,10000000
66.55,3.051,10000000
66.56,3.051,10000000
66.57,3.095,10000000
66.58,3.051,10000000
66.59,2.964,10000000
66.6,3.095,10000000
66.61,2.92,10000000
66.62,2.964,10000000
66.63,3.095,10000000
66.64,3.007,10000000
66.65,3.051,10000000
66.66,3.051,10000000
66.67,2.92,10000000
66.68,3.007,10000000
66.69,3.051,10000000
66.7,3.007,10000000
66.71,3.095,10000000
66.72,3.139,10000000
66.73,3.095,10000000
66.74,3.007,10000000
66.75,3.007,10000000
66.76,2.964,10000000
66.77,2.964,10000000
66.78,2.92,10000000
66.79,3.051,10000000
66.8,3.095,10000000
66.81,3.139,10000000
66.82,3.227,10000000
66.83,3.183,10000000
66.84,3.139,10000000
66.85,3.095,10000000
66.86,3.095,10000000
66.87,3.227,10000000
66.88,3.271,10000000
66.89,2.964,10000000
66.9,2.964,10000000
66.91,3.007,10000000
66.92,3.095,10000000
66.93,2.92,10000000
66.94,3.007,10000000
66.95,2.964,10000000
66.96,2.92,10000000
66.97,3.007,10000000
66.98,3.139,10000000
66.99,3.095,10000000
67,3.095,10000000
67.01,2.964,10000000
67.02,3.139,10000000
67.03,3.095,10000000
67.04,3.051,10000000
67.05,3.095,10000000
67.06,3.139,10000000
67.07,3.095,10000000
67.08,3.359,10000000
67.09,3.139,10000000
67.1,2.964,10000000
67.11,3.139,10000000
67.12,3.051,10000000
67.13,3.007,10000000
67.14,3.095,10000000
67.15,3.007,10000000
67.16,2.964,10000000
67.17,3.051,10000000
67.18,3.139,10000000
67.19,3.139,10000000
67.2,2.964,10000000
67.21,3.007,10000000
67.22,3.183,10000000
67.23,3.095,10000000
67.24,3.007,10000000
67.25,2.964,10000000
67.26,3.051,10000000
67.27,3.271,10000000
67.28,3.095,10000000
67.29,3.007,10000000
67.3,3.007,10000000
67.31,3.139,10000000
67.32,3.007,10000000
67.33,2.876,10000000
67.34,2.876,10000000
67.35,3.095,10000000
67.36,2.964,10000000
67.37,3.139,10000000
67.38,2.92,10000000
67.39,3.139,10000000
67.4,3.095,10000000
67.41,3.051,10000000
67.42,3.139,10000000
67.43,3.051,10000000
67.44,3.051,10000000
67.45,3.139,10000000
67.46,3.139,10000000
67.47,2.964,10000000
67.48,2.92,10000000
67.49,2.832,10000000
67.5,2.964,10000000
67.51,2.92,10000000
67.52,3.051,10000000
67.53,3.051,10000000
67.54,3.139,10000000
67.55,3.051,10000000
67.56,3.051,10000000
67.57,3.007,10000000
67.58,3.051,10000000
67.59,3.007,10000000
67.6,3.139,10000000
67.61,3.051,10000000
67.62,3.139,10000000
67.63,2.92,10000000
67.64,3.095,10000000
67.65,2.964,10000000
67.66,3.139,10000000
67.67,2.92,10000000
67.68,3.139,10000000
67.69,3.139,10000000
67.7,3.095,10000000
67.71,3.051,10000000
67.72,2.964,10000000
67.73,3.095,10000000
67.74,3.007,10000000
67.75,3.007,10000000
67.76,3.051,10000000
67.77,3.007,10000000
67.78,3.007,10000000
67.79,3.139,10000000
67.8,3.007,10000000
67.81,3.095,10000000
67.82,3.139,10000000
67.83,3.139,10000000
67.84,3.183,10000000
67.85,3.183,10000000
67.86,3.051,10000000
67.87,3.183,10000000
67.88,3.095,10000000
67.89,3.095,10000000
67.9,3.007,10000000
67.91,3.051,10000000
67.92,3.183,10000000
67.93,3.095,10000000
67.94,3.095,10000000
67.95,3.095,10000000
67.96,3.051,10000000
67.97,3.095,10000000
67.98,3.095,10000000
67.99,2.964,10000000
68,3.007,10000000
68.01,3.095,10000000
68.02,3.007,10000000
68.03,3.051,10000000
68.04,2.964,10000000
68.05,3.095,10000000
68.06,2.92,10000000
68.07,3.095,10000000
68.08,3.051,10000000
68.09,2.964,10000000
68.1,2.964,10000000
68.11,3.007,10000000
68.12,2.964,10000000
68.13,3.051,10000000
68.14,3.051,10000000
68.15,3.051,10000000
68.16,3.051,10000000
68.17,2.92,10000000
68.18,3.095,10000000
68.19,3.051,10000000
68.2,3.183,10000000
68.21,3.007,10000000
68.22,3.007,10000000
68.23,3.095,10000000
68.24,3.051,10000000
68.25,3.007,10000000
68.26,2.964,10000000
68.27,3.139,10000000
68.28,3.095,10000000
68.29,2.964,10000000
68.3,3.051,10000000
68.31,3.007,10000000
68.32,3.051,10000000
68.33,3.051,10000000
68.34,2.92,10000000
68.35,3.051,10000000
68.36,2.964,10000000
68.37,3.007,10000000
68.38,3.095,10000000
68.39,3.007,10000000
68.4,3.007,10000000
68.41,3.139,10000000
68.42,3.007,10000000
68.43,3.007,10000000
68.44,3.095,10000000
68.45,3.139,10000000
68.46,3.139,10000000
68.47,3.051,10000000
68.48,3.095,10000000
68.49,3.315,10000000
68.5,3.139,10000000
68.51,3.271,10000000
68.52,2.964,10000000
68.53,3.007,10000000
68.54,3.007,10000000
68.55,3.139,10000000
68.56,3.315,10000000
68.57,3.095,10000000
68.58,3.051,10000000
68.59,3.139,10000000
68.6,3.007,10000000
68.61,2.92,10000000
68.62,3.095,10000000
68.63,2.92,10000000
68.64,3.051,10000000
68.65,2.964,10000000
68.66,2.964,10000000
68.67,3.139,10000000
68.68,3.139,10000000
68.69,3.139,10000000
68.7,3.095,10000000
68.71,2.964,10000000
68.72,3.095,10000000
68.73,3.095,10000000
68.74,3.051,10000000
68.75,3.315,10000000
68.76,3.095,10000000
68.77,3.051,10000000
68.78,2.744,10000000
68.79,2.964,10000000
68.8,2.92,10000000
68.81,2.876,10000000
68.82,3.051,10000000
68.83,2.964,10000000
68.84,2.964,10000000
68.85,3.007,10000000
68.86,3.095,10000000
68.87,3.007,10000000
68.88,3.139,10000000
68.89,3.051,10000000
68.9,3.007,10000000
68.91,3.139,10000000
68.92,3.139,10000000
68.93,2.92,10000000
68.94,3.051,10000000
68.95,3.227,10000000
68.96,3.051,10000000
68.97,3.051,10000000
68.98,3.007,10000000
68.99,3.051,10000000
69,3.051,10000000
69.01,3.227,10000000
69.02,2.92,10000000
69.03,3.227,10000000
69.04,3.095,10000000
69.05,3.095,10000000
69.06,3.271,10000000
69.07,3.095,10000000
69.08,3.315,10000000
69.09,3.007,10000000
69.1,3.183,10000000
69.11,3.007,10000000
69.12,3.095,10000000
69.13,3.051,10000000
69.14,3.051,10000000
69.15,2.964,10000000
69.16,3.051,10000000
69.17,3.051,10000000
69.18,3.007,10000000
69.19,3.095,10000000
69.2,3.139,10000000
69.21,3.139,10000000
69.22,3.095,10000000
69.23,3.095,10000000
69.24,3.139,10000000
69.25,3.051,10000000
69.26,3.051,10000000
69.27,3.007,10000000
69.28,2.832,10000000
69.29,3.051,10000000
69.3,2.92,10000000
69.31,3.095,10000000
69.32,3.051,10000000
69.33,2.876,10000000
69.34,3.051,10000000
69.35,2.964,10000000
69.36,3.051,10000000
69.37,3.007,10000000
69.38,2.92,10000000
69.39,3.051,10000000
69.4,3.051,10000000
69.41,2.964,10000000
69.42,3.007,10000000
69.43,3.139,10000000
69.44,3.007,10000000
69.45,3.095,10000000
69.46,3.227,10000000
69.47,3.095,10000000
69.48,3.183,10000000
69.49,3.139,10000000
69.5,3.095,10000000
69.51,3.051,10000000
69.52,3.183,10000000
69.53,3.095,10000000
69.54,3.139,10000000
69.55,3.095,10000000
69.56,3.139,10000000
69.57,3.007,10000000
69.58,3.139,10000000
69.59,3.139,10000000
69.6,3.139,10000000
69.61,3.139,10000000
69.62,3.095,10000000
69.63,3.139,10000000
69.64,3.139,10000000
69.65,3.095,10000000
69.66,3.139,10000000
69.67,3.051,10000000
69.68,2.92,10000000
69.69,3.051,10000000
69.7,3.139,10000000
69.71,3.007,10000000
69.72,3.139,10000000
69.73,3.051,10000000
69.74,3.095,10000000
69.75,3.007,10000000
69.76,3.051,10000000
69.77,2.964,10000000
69.78,2.876,10000000
69.79,2.92,10000000
69.8,2.964,10000000
69.81,2.92,10000000
69.82,3.007,10000000
69.83,2.964,10000000
69.84,2.964,10000000
69.85,2.876,10000000
69.86,3.007,10000000
69.87,2.964,10000000
69.88,3.183,10000000
69.89,3.007,10000000
69.9,3.007,10000000
69.91,3.139,10000000
69.92,3.095,10000000
69.93,3.095,10000000
69.94,3.007,10000000
69.95,3.095,10000000
69.96,3.095,10000000
69.97,3.051,10000000
69.98,3.139,10000000
69.99,3.095,10000000
70,3.007,10000000
70.01,3.139,10000000
70.02,2.964,10000000
70.03,3.007,10000000
70.04,2.92,10000000
70.05,2.876,10000000
70.06,3.007,10000000
70.07,3.051,10000000
70.08,2.964,10000000
70.09,3.007,10000000
70.1,2.964,10000000
70.11,2.92,10000000
70.12,2.964,10000000
70.13,3.095,10000000
70.14,3.051,10000000
70.15,3.051,10000000
70.16,3.007,10000000
70.17,3.139,10000000
70.18,2.92,10000000
70.19,3.051,10000000
70.2,3.095,10000000
70.21,3.139,10000000
70.22,3.007,10000000
70.23,3.095,10000000
70.24,3.051,10000000
70.25,3.095,10000000
70.26,3.007,10000000
70.27,3.007,10000000
70.28,3.095,10000000
70.29,3.139,10000000
70.3,3.007,10000000
70.31,3.139,10000000
70.32,3.007,10000000
70.33,3.007,10000000
70.34,3.007,10000000
70.35,3.139,10000000
70.36,3.139,10000000
70.37,3.139,10000000
70.38,3.139,10000000
70.39,3.095,10000000
70.4,3.095,10000000
70.41,2.92,10000000
70.42,3.007,10000000
70.43,3.139,10000000
70.44,3.007,10000000
70.45,3.139,10000000
70.46,3.051,10000000
70.47,3.095,10000000
70.48,3.051,10000000
70.49,3.139,10000000
70.5,3.051,10000000
70.51,3.139,10000000
70.52,2.876,10000000
70.53,2.92,10000000
70.54,2.92,10000000
70.55,3.095,10000000
70.56,3.183,10000000
70.57,3.007,10000000
70.58,3.139,10000000
70.59,2.964,10000000
70.6,3.051,10000000
70.61,3.095,10000000
70.62,3.007,10000000
70.63,3.095,10000000
70.64,3.051,10000000
70.65,3.095,10000000
70.66,3.095,10000000
70.67,3.007,10000000
70.68,3.183,10000000
70.69,3.051,10000000
70.7,3.095,10000000
70.71,2.92,10000000
70.72,3.095,10000000
70.73,2.964,10000000
70.74,3.007,10000000
70.75,3.007,10000000
70.76,3.095,10000000
70.77,3.007,10000000
70.78,3.095,10000000
70.79,3.095,10000000
70.8,3.139,10000000
70.81,3.227,10000000
70.82,2.92,10000000
70.83,3.227,10000000
70.84,3.139,10000000
70.85,3.051,10000000
70.86,2.92,10000000
70.87,2.92,10000000
70.88,3.095,10000000
70.89,3.007,10000000
70.9,2.92,10000000
70.91,3.007,10000000
70.92,3.095,10000000
70.93,2.964,10000000
70.94,3.007,10000000
70.95,3.051,10000000
70.96,2.964,10000000
70.97,2.92,10000000
70.98,2.832,10000000
70.99,3.139,10000000
71,3.095,10000000
71.01,3.051,10000000
71.02,2.92,10000000
71.03,3.051,10000000
71.04,3.007,10000000
71.05,3.139,10000000
71.06,3.007,10000000
71.07,3.095,10000000
71.08,3.095,10000000
71.09,3.051,10000000
71.1,2.964,10000000
71.11,3.139,10000000
71.12,3.051,10000000
71.13,3.095,10000000
71.14,3.183,10000000
71.15,3.051,10000000
71.16,3.183,10000000
71.17,3.139,10000000
71.18,3.315,10000000
71.19,3.227,10000000
71.2,3.139,10000000
71.21,3.095,10000000
71.22,3.139,10000000
71.23,3.139,10000000
71.24,3.051,10000000
71.25,3.051,10000000
71.26,3.095,10000000
71.27,2.92,10000000
71.28,3.007,10000000
71.29,3.095,10000000
71.3,3.183,10000000
71.31,2.964,10000000
71.32,3.051,10000000
71.33,3.051,10000000
71.34,2.92,10000000
71.35,2.964,10000000
71.36,2.964,10000000
71.37,3.139,10000000
71.38,3.051,10000000
71.39,2.964,10000000
71.4,3.007,10000000
71.41,3.095,10000000
71.42,2.964,10000000
71.43,2.964,10000000
71.44,2.92,10000000
71.45,3.095,10000000
71.46,2.964,10000000
71.47,3.051,10000000
71.48,3.183,10000000
71.49,3.007,10000000
71.5,3.007,10000000
71.51,3.139,10000000
71.52,2.964,10000000
71.53,3.095,10000000
71.54,2.92,10000000
71.55,2.92,10000000
71.56,2.964,10000000
71.57,3.139,10000000
71.58,3.007,10000000
71.59,2.964,10000000
71.6,3.139,10000000
71.61,3.183,10000000
71.62,3.139,10000000
71.63,3.051,10000000
71.64,3.007,10000000
71.65,2.964,10000000
71.66,2.964,10000000
71.67,3.139,10000000
71.68,2.964,10000000
71.69,2.92,10000000
71.7,3.007,10000000
71.71,3.051,10000000
71.72,3.095,10000000
71.73,2.92,10000000
71.74,3.007,10000000
71.75,3.007,10000000
71.76,3.095,10000000
71.77,3.139,10000000
71.78,3.051,10000000
71.79,3.007,10000000
71.8,3.095,10000000
71.81,3.095,10000000
71.82,2.92,10000000
71.83,3.007,10000000
71.84,3.007,10000000
71.85,3.007,10000000
71.86,2.964,10000000
71.87,2.92,10000000
71.88,3.007,10000000
71.89,2.876,10000000
71.9,3.051,10000000
71.91,3.139,10000000
71.92,3.183,10000000
71.93,3.007,10000000
71.94,3.095,10000000
71.95,3.051,10000000
71.96,3.051,10000000
71.97,3.139,10000000
71.98,3.183,10000000
71.99,2.92,10000000
72,3.051,10000000
72.01,2.876,10000000
72.02,2.832,10000000
72.03,3.051,10000000
72.04,3.095,10000000
72.05,2.964,10000000
72.06,2.964,10000000
72.07,3.139,10000000
72.08,3.095,10000000
72.09,2.964,10000000
72.1,3.095,10000000
72.11,2.92,10000000
72.12,2.964,10000000
72.13,3.007,10000000
72.14,3.007,10000000
72.15,3.095,10000000
72.16,2.964,10000000
72.17,2.832,10000000
72.18,3.227,10000000
72.19,3.051,10000000
72.2,3.051,10000000
72.21,3.095,10000000
72.22,3.359,10000000
72.23,3.139,10000000
72.24,3.095,10000000
72.25,3.051,10000000
72.26,3.095,10000000
72.27,3.139,10000000
72.28,3.051,10000000
72.29,3.007,10000000
72.3,2.92,10000000
72.31,3.007,10000000
72.32,3.051,10000000
72.33,3.095,10000000
72.34,3.095,10000000
72.35,3.051,10000000
72.36,2.964,10000000
72.37,3.227,10000000
72.38,3.183,10000000
72.39,3.051,10000000
72.4,2.964,10000000
72.41,2.92,10000000
72.42,2.964,10000000
72.43,2.964,10000000
72.44,3.095,10000000
72.45,3.007,10000000
72.46,3.007,10000000
72.47,3.095,10000000
72.48,3.139,10000000
72.49,3.139,10000000
72.5,2.964,10000000
72.51,3.095,10000000
72.52,3.139,10000000
72.53,3.007,10000000
72.54,2.964,10000000
72.55,3.095,10000000
72.56,3.051,10000000
72.57,3.051,10000000
72.58,2.876,10000000
72.59,3.007,10000000
72.6,2.964,10000000
72.61,3.051,10000000
72.62,3.007,10000000
72.63,2.92,10000000
72.64,3.139,10000000
72.65,3.007,10000000
72.66,2.92,10000000
72.67,3.051,10000000
72.68,3.139,10000000
72.69,2.964,10000000
72.7,3.051,10000000
72.71,2.92,10000000
72.72,2.92,10000000
72.73,3.051,10000000
72.74,3.007,10000000
72.75,3.095,10000000
72.76,3.095,10000000
72.77,2.876,10000000
72.78,3.051,10000000
72.79,3.007,10000000
72.8,3.095,10000000
72.81,3.095,10000000
72.82,3.183,10000000
72.83,3.095,10000000
72.84,3.139,10000000
72.85,3.183,10000000
72.86,3.227,10000000
72.87,3.183,10000000
72.88,2.964,10000000
72.89,3.051,10000000
72.9,3.095,10000000
72.91,3.051,10000000
72.92,3.139,10000000
72.93,2.832,10000000
72.94,3.007,10000000
72.95,3.139,10000000
72.96,3.139,10000000
72.97,3.095,10000000
72.98,2.92,10000000
72.99,3.095,10000000
73,3.139,10000000
73.01,3.007,10000000
73.02,3.007,10000000
73.03,3.051,10000000
73.04,3.007,10000000
73.05,3.007,10000000
73.06,3.139,10000000
73.07,3.007,10000000
73.08,2.92,10000000
73.09,2.964,10000000
73.1,3.007,10000000
73.11,2.964,10000000
73.12,2.92,10000000
73.13,3.051,10000000
73.14,3.095,10000000
73.15,2.92,10000000
73.16,2.92,10000000
73.17,2.92,10000000
73.18,2.92,10000000
73.19,3.095,10000000
73.2,3.051,10000000
73.21,3.139,10000000
73.22,3.139,10000000
73.23,3.007,10000000
73.24,2.92,10000000
73.25,3.051,10000000
73.26,3.007,10000000
73.27,3.095,10000000
73.28,3.139,10000000
73.29,3.095,10000000
73.3,3.051,10000000
73.31,3.095,10000000
73.32,3.051,10000000
73.33,3.007,10000000
73.34,2.832,10000000
73.35,3.051,10000000
73.36,2.964,10000000
73.37,2.964,10000000
73.38,2.92,10000000
73.39,3.051,10000000
73.4,3.007,10000000
73.41,3.007,10000000
73.42,2.964,10000000
73.43,3.007,10000000
73.44,3.007,10000000
73.45,3.051,10000000
73.46,3.007,10000000
73.47,3.139,10000000
73.48,2.92,10000000
73.49,3.227,10000000
73.5,3.095,10000000
73.51,2.92,10000000
73.52,3.139,10000000
73.53,3.227,10000000
73.54,3.051,10000000
73.55,3.095,10000000
73.56,3.139,10000000
73.57,3.095,10000000
73.58,3.139,10000000
73.59,3.007,10000000
73.6,2.92,10000000
73.61,3.095,10000000
73.62,3.095,10000000
73.63,3.139,10000000
73.64,3.051,10000000
73.65,3.051,10000000
73.66,3.139,10000000
73.67,2.964,10000000
73.68,3.095,10000000
73.69,2.964,10000000
73.7,3.007,10000000
73.71,2.964,10000000
73.72,2.92,10000000
73.73,3.051,10000000
73.74,3.051,10000000
73.75,3.007,10000000
73.76,3.051,10000000
73.77,3.051,10000000
73.78,2.964,10000000
73.79,3.051,10000000
73.8,2.832,10000000
73.81,2.964,10000000
73.82,3.139,10000000
73.83,3.095,10000000
73.84,3.183,10000000
73.85,3.095,10000000
73.86,3.007,10000000
73.87,3.183,10000000
73.88,3.139,10000000
73.89,3.095,10000000
73.9,3.051,10000000
73.91,3.095,10000000
73.92,3.139,10000000
73.93,2.92,10000000
73.94,3.139,10000000
73.95,2.964,10000000
73.96,3.007,10000000
73.97,3.095,10000000
73.98,3.007,10000000
73.99,2.964,10000000
74,3.007,10000000
74.01,3.007,10000000
74.02,2.964,10000000
74.03,3.007,10000000
74.04,3.007,10000000
74.05,2.92,10000000
74.06,3.007,10000000
74.07,3.007,10000000
74.08,3.007,10000000
74.09,3.183,10000000
74.1,3.007,10000000
74.11,2.92,10000000
74.12,3.051,10000000
74.13,3.051,10000000
74.14,3.007,10000000
74.15,3.051,10000000
74.16,3.051,10000000
74.17,3.051,10000000
74.18,2.964,10000000
74.19,3.139,10000000
74.2,3.095,10000000
74.21,3.095,10000000
74.22,2.964,10000000
74.23,3.183,10000000
74.24,2.964,10000000
74.25,3.051,10000000
74.26,2.92,10000000
74.27,2.92,10000000
74.28,2.964,10000000
74.29,2.964,10000000
74.3,2.92,10000000
74.31,3.051,10000000
74.32,2.92,10000000
74.33,3.139,10000000
74.34,2.964,10000000
74.35,2.964,10000000
74.36,3.007,10000000
74.37,3.007,10000000
74.38,3.051,10000000
74.39,3.095,10000000
74.4,2.92,10000000
74.41,3.051,10000000
74.42,3.007,10000000
74.43,3.139,10000000
74.44,3.139,10000000
74.45,3.095,10000000
74.46,3.139,10000000
74.47,3.095,10000000
74.48,3.051,10000000
74.49,3.139,10000000
74.5,2.92,10000000
74.51,2.832,10000000
74.52,3.007,10000000
74.53,2.964,10000000
74.54,3.139,10000000
74.55,3.095,10000000
74.56,3.095,10000000
74.57,2.92,10000000
74.58,3.051,10000000
74.59,3.183,10000000
74.6,2.964,10000000
74.61,3.007,10000000
74.62,3.095,10000000
74.63,3.095,10000000
74.64,3.095,10000000
74.65,2.92,10000000
74.66,2.92,10000000
74.67,3.007,10000000
74.68,3.139,10000000
74.69,3.007,10000000
74.7,3.007,10000000
74.71,3.007,10000000
74.72,3.139,10000000
74.73,2.92,10000000
74.74,3.007,10000000
74.75,2.92,10000000
74.76,2.92,10000000
74.77,2.964,10000000
74.78,3.139,10000000
74.79,2.92,10000000
74.8,2.964,10000000
74.81,2.964,10000000
74.82,3.139,10000000
74.83,3.139,10000000
74.84,2.964,10000000
74.85,2.964,10000000
74.86,3.007,10000000
74.87,2.92,10000000
74.88,3.007,10000000
74.89,2.964,10000000
74.9,3.095,10000000
74.91,3.139,10000000
74.92,3.007,10000000
74.93,2.92,10000000
74.94,2.964,10000000
74.95,3.095,10000000
74.96,3.095,10000000
74.97,3.139,10000000
74.98,2.964,10000000
74.99,3.051,10000000
75,3.007,10000000
75.01,3.051,10000000
75.02,3.051,10000000
75.03,3.051,10000000
75.04,3.139,10000000
75.05,3.007,10000000
75.06,3.007,10000000
75.07,3.051,10000000
75.08,3.139,10000000
75.09,3.051,10000000
75.1,3.139,10000000
75.11,3.007,10000000
75.12,2.92,10000000
75.13,3.007,10000000
75.14,3.095,10000000
75.15,3.095,10000000
75.16,3.007,10000000
75.17,3.139,10000000
75.18,3.095,10000000
75.19,3.095,10000000
75.2,3.095,10000000
75.21,2.964,10000000
75.22,2.92,10000000
75.23,3.051,10000000
75.24,2.964,10000000
75.25,2.964,10000000
75.26,3.007,10000000
75.27,3.051,10000000
75.28,3.051,10000000
75.29,3.095,10000000
75.3,2.832,10000000
75.31,3.051,10000000
75.32,3.007,10000000
75.33,3.051,10000000
75.34,2.832,10000000
75.35,3.007,10000000
75.36,2.964,10000000
75.37,3.183,10000000
75.38,3.183,10000000
75.39,3.315,10000000
75.4,3.139,10000000
75.41,3.139,10000000
75.42,3.007,10000000
75.43,3.227,10000000
75.44,3.139,10000000
75.45,3.095,10000000
75.46,3.095,10000000
75.47,2.92,10000000
75.48,3.007,10000000
75.49,3.007,10000000
75.5,2.92,10000000
75.51,2.92,10000000
75.52,2.92,10000000
75.53,2.92,10000000
75.54,3.007,10000000
75.55,2.964,10000000
75.56,2.92,10000000
75.57,2.92,10000000
75.58,3.095,10000000
75.59,3.007,10000000
75.6,3.139,10000000
75.61,3.183,10000000
75.62,3.051,10000000
75.63,3.139,10000000
75.64,2.964,10000000
75.65,3.139,10000000
75.66,3.139,10000000
75.67,3.007,10000000
75.68,2.964,10000000
75.69,3.139,10000000
75.7,3.007,10000000
75.71,2.876,10000000
75.72,2.92,10000000
75.73,3.007,10000000
75.74,3.007,10000000
75.75,3.051,10000000
75.76,2.964,10000000
75.77,3.051,10000000
75.78,3.007,10000000
75.79,2.964,10000000
75.8,3.095,10000000
75.81,3.139,10000000
75.82,3.139,10000000
75.83,3.095,10000000
75.84,3.139,10000000
75.85,3.139,10000000
75.86,3.051,10000000
75.87,3.095,10000000
75.88,2.964,10000000
75.89,3.139,10000000
75.9,2.964,10000000
75.91,3.051,10000000
75.92,3.007,10000000
75.93,3.007,10000000
75.94,2.832,10000000
75.95,3.051,10000000
75.96,3.139,10000000
75.97,3.095,10000000
75.98,3.139,10000000
75.99,3.051,10000000
76,3.051,10000000
76.01,3.095,10000000
76.02,2.964,10000000
76.03,3.051,10000000
76.04,3.183,10000000
76.05,3.007,10000000
76.06,3.095,10000000
76.07,3.139,10000000
76.08,3.139,10000000
76.09,3.007,10000000
76.1,3.095,10000000
76.11,3.007,10000000
76.12,3.051,10000000
76.13,3.007,10000000
76.14,3.139,10000000
76.15,2.92,10000000
76.16,3.007,10000000
76.17,2.964,10000000
76.18,3.139,10000000
76.19,3.227,10000000
76.2,2.964,10000000
76.21,2.876,10000000
76.22,2.92,10000000
76.23,2.92,10000000
76.24,2.964,10000000
76.25,3.051,10000000
76.26,2.964,10000000
76.27,2.788,10000000
76.28,2.876,10000000
76.29,3.007,10000000
76.3,3.007,10000000
76.31,3.051,10000000
76.32,3.139,10000000
76.33,3.007,10000000
76.34,3.007,10000000
76.35,2.876,10000000
76.36,2.92,10000000
76.37,2.92,10000000
76.38,2.964,10000000
76.39,3.051,10000000
76.4,2.964,10000000
76.41,2.92,10000000
76.42,3.139,10000000
76.43,3.095,10000000
76.44,3.183,10000000
76.45,3.139,10000000
76.46,3.139,10000000
76.47,3.007,10000000
76.48,2.964,10000000
76.49,2.964,10000000
76.5,3.007,10000000
76.51,2.92,10000000
76.52,3.139,10000000
76.53,2.964,10000000
76.54,3.139,10000000
76.55,3.183,10000000
76.56,3.183,10000000
76.57,3.139,10000000
76.58,2.964,10000000
76.59,3.139,10000000
76.6,2.964,10000000
76.61,2.964,10000000
76.62,3.007,10000000
76.63,2.964,10000000
76.64,3.051,10000000
76.65,3.007,10000000
76.66,2.964,10000000
76.67,3.051,10000000
76.68,2.92,10000000
76.69,3.095,10000000
76.7,3.007,10000000
76.71,3.051,10000000
76.72,3.095,10000000
76.73,2.964,10000000
76.74,3.007,10000000
76.75,3.007,10000000
76.76,2.92,10000000
76.77,3.007,10000000
76.78,2.92,10000000
76.79,3.139,10000000
76.8,3.139,10000000
76.81,3.007,10000000
76.82,3.183,10000000
76.83,3.095,10000000
76.84,3.183,10000000
76.85,3.007,10000000
76.86,3.139,10000000
76.87,3.183,10000000
76.88,2.92,10000000
76.89,3.139,10000000
76.9,2.92,10000000
76.91,2.964,10000000
76.92,3.051,10000000
76.93,2.92,10000000
76.94,2.92,10000000
76.95,2.92,10000000
76.96,2.92,10000000
76.97,3.139,10000000
76.98,2.964,10000000
76.99,3.095,10000000
77,3.051,10000000
77.01,3.051,10000000
77.02,2.964,10000000
77.03,2.92,10000000
77.04,2.964,10000000
77.05,3.007,10000000
77.06,2.964,10000000
77.07,2.964,10000000
77.08,3.183,10000000
77.09,3.139,10000000
77.1,2.92,10000000
77.11,2.92,10000000
77.12,3.007,10000000
77.13,2.964,10000000
77.14,2.92,10000000
77.15,2.964,10000000
77.16,2.92,10000000
77.17,3.139,10000000
77.18,2.92,10000000
77.19,3.007,10000000
77.2,2.964,10000000
77.21,3.051,10000000
77.22,2.964,10000000
77.23,3.007,10000000
77.24,3.051,10000000
77.25,3.095,10000000
77.26,3.139,10000000
77.27,2.92,10000000
77.28,3.139,10000000
77.29,3.007,10000000
77.3,3.095,10000000
77.31,3.095,10000000
77.32,3.183,10000000
77.33,3.139,10000000
77.34,3.051,10000000
77.35,3.139,10000000
77.36,2.92,10000000
77.37,3.007,10000000
77.38,3.007,10000000
77.39,3.095,10000000
77.4,2.876,10000000
77.41,3.051,10000000
77.42,3.139,10000000
77.43,3.183,10000000
77.44,3.007,10000000
77.45,3.095,10000000
77.46,3.183,10000000
77.47,3.095,10000000
77.48,3.051,10000000
77.49,2.964,10000000
77.5,3.095,10000000
77.51,2.92,10000000
77.52,2.876,10000000
77.53,3.007,10000000
77.54,3.051,10000000
77.55,2.92,10000000
77.56,3.051,10000000
77.57,3.095,10000000
77.58,3.095,10000000
77.59,3.095,10000000
77.6,3.007,10000000
77.61,3.095,10000000
77.62,3.007,10000000
77.63,2.92,10000000
77.64,3.007,10000000
77.65,3.051,10000000
77.66,3.051,10000000
77.67,3.051,10000000
77.68,3.095,10000000
77.69,2.92,10000000
77.7,3.095,10000000
77.71,2.964,10000000
77.72,2.92,10000000
77.73,3.183,10000000
77.74,2.92,10000000
77.75,3.051,10000000
77.76,3.007,10000000
77.77,3.051,10000000
77.78,2.92,10000000
77.79,2.92,10000000
77.8,3.095,10000000
77.81,3.007,10000000
77.82,3.139,10000000
77.83,2.788,10000000
77.84,3.095,10000000
77.85,2.92,10000000
77.86,3.007,10000000
77.87,3.051,10000000
77.88,3.007,10000000
77.89,2.964,10000000
77.9,2.92,10000000
77.91,2.876,10000000
77.92,3.095,10000000
77.93,2.788,10000000
77.94,3.139,10000000
77.95,3.095,10000000
77.96,3.095,10000000
77.97,3.183,10000000
77.98,3.007,10000000
77.99,3.007,10000000
78,2.876,10000000
78.01,3.007,10000000
78.02,2.964,10000000
78.03,3.007,10000000
78.04,2.876,10000000
78.05,2.876,10000000
78.06,3.095,10000000
78.07,2.92,10000000
78.08,3.183,10000000
78.09,3.139,10000000
78.1,3.007,10000000
78.11,3.271,10000000
78.12,3.183,10000000
78.13,3.227,10000000
78.14,3.183,10000000
78.15,3.139,10000000
78.16,3.051,10000000
78.17,3.095,10000000
78.18,3.051,10000000
78.19,3.051,10000000
78.2,3.007,10000000
78.21,3.007,10000000
78.22,3.051,10000000
78.23,3.051,10000000
78.24,3.007,10000000
78.25,3.095,10000000
78.26,3.007,10000000
78.27,2.964,10000000
78.28,2.876,10000000
78.29,2.92,10000000
78.3,2.832,10000000
78.31,2.964,10000000
78.32,3.095,10000000
78.33,3.139,10000000
78.34,3.051,10000000
78.35,3.051,10000000
78.36,2.964,10000000
78.37,3.095,10000000
78.38,3.007,10000000
78.39,2.92,10000000
78.4,3.051,10000000
78.41,3.007,10000000
78.42,3.007,10000000
78.43,3.007,10000000
78.44,3.183,10000000
78.45,3.183,10000000
78.46,2.964,10000000
78.47,3.051,10000000
78.48,3.139,10000000
78.49,3.051,10000000
78.5,3.051,10000000
78.51,3.007,10000000
78.52,2.964,10000000
78.53,2.92,10000000
78.54,2.964,10000000
78.55,2.92,10000000
78.56,3.139,10000000
78.57,2.964,10000000
78.58,2.964,10000000
78.59,2.92,10000000
78.6,2.964,10000000
78.61,2.964,10000000
78.62,2.964,10000000
78.63,2.92,10000000
78.64,3.051,10000000
78.65,2.92,10000000
78.66,3.007,10000000
78.67,3.051,10000000
78.68,3.139,10000000
78.69,3.007,10000000
78.7,2.964,10000000
78.71,3.007,10000000
78.72,3.051,10000000
78.73,3.095,10000000
78.74,3.139,10000000
78.75,3.007,10000000
78.76,3.007,10000000
78.77,3.051,10000000
78.78,2.964,10000000
78.79,3.007,10000000
78.8,3.051,10000000
78.81,3.095,10000000
78.82,3.051,10000000
78.83,3.139,10000000
78.84,3.139,10000000
78.85,3.183,10000000
78.86,3.139,10000000
78.87,3.227,10000000
78.88,3.051,10000000
78.89,3.095,10000000
78.9,3.095,10000000
78.91,3.051,10000000
78.92,3.051,10000000
78.93,3.139,10000000
78.94,2.92,10000000
78.95,2.876,10000000
78.96,2.92,10000000
78.97,3.007,10000000
78.98,3.007,10000000
78.99,3.051,10000000
79,2.964,10000000
79.01,2.964,10000000
79.02,2.832,10000000
79.03,2.964,10000000
79.04,3.007,10000000
79.05,3.007,10000000
79.06,2.92,10000000
79.07,2.92,10000000
79.08,3.007,10000000
79.09,2.92,10000000
79.1,2.92,10000000
79.11,3.139,10000000
79.12,3.051,10000000
79.13,2.964,10000000
79.14,3.051,10000000
79.15,3.007,10000000
79.16,2.832,10000000
79.17,2.964,10000000
79.18,3.183,10000000
79.19,3.139,10000000
79.2,3.051,10000000
79.21,3.007,10000000
79.22,3.139,10000000
79.23,2.964,10000000
79.24,2.92,10000000
79.25,2.964,10000000
79.26,3.051,10000000
79.27,3.051,10000000
79.28,3.095,10000000
79.29,2.92,10000000
79.3,3.051,10000000
79.31,2.964,10000000
79.32,2.92,10000000
79.33,2.92,10000000
79.34,3.315,10000000
79.35,3.095,10000000
79.36,2.964,10000000
79.37,3.051,10000000
79.38,2.92,10000000
79.39,3.007,10000000
79.4,3.007,10000000
79.41,2.964,10000000
79.42,3.051,10000000
79.43,3.095,10000000
79.44,3.183,10000000
79.45,2.92,10000000
79.46,3.095,10000000
79.47,3.095,10000000
79.48,3.095,10000000
79.49,2.964,10000000
79.5,3.007,10000000
79.51,2.92,10000000
79.52,3.095,10000000
79.53,3.007,10000000
79.54,3.007,10000000
79.55,2.832,10000000
79.56,3.007,10000000
79.57,2.92,10000000
79.58,2.964,10000000
79.59,3.007,10000000
79.6,3.139,10000000
79.61,3.007,10000000
79.62,3.315,10000000
79.63,3.095,10000000
79.64,3.139,10000000
79.65,3.051,10000000
79.66,3.051,10000000
79.67,3.139,10000000
79.68,3.007,10000000
79.69,3.139,10000000
79.7,2.92,10000000
79.71,2.964,10000000
79.72,3.095,10000000
79.73,3.139,10000000
79.74,3.095,10000000
79.75,3.139,10000000
79.76,3.139,10000000
79.77,3.095,10000000
79.78,3.007,10000000
79.79,2.876,10000000
79.8,2.92,10000000
79.81,3.051,10000000
79.82,2.92,10000000
79.83,3.095,10000000
79.84,3.095,10000000
79.85,3.007,10000000
79.86,3.007,10000000
79.87,3.139,10000000
79.88,3.007,10000000
79.89,3.007,10000000
79.9,3.095,10000000
79.91,2.876,10000000
79.92,2.964,10000000
79.93,3.095,10000000
79.94,3.007,10000000
79.95,3.007,10000000
79.96,2.964,10000000
79.97,2.964,10000000
79.98,3.007,10000000
79.99,2.832,10000000
80,3.007,10000000
80.01,2.92,10000000
80.02,3.095,10000000
80.03,3.051,10000000
80.04,2.92,10000000
80.05,3.051,10000000
80.06,3.051,10000000
80.07,3.007,10000000
80.08,3.007,10000000
80.09,2.92,10000000
80.1,3.051,10000000
80.11,3.007,10000000
80.12,3.051,10000000
80.13,3.095,10000000
80.14,3.139,10000000
80.15,3.051,10000000
80.16,2.92,10000000
80.17,3.095,10000000
80.18,2.92,10000000
80.19,3.183,10000000
80.2,3.139,10000000
80.21,3.095,10000000
80.22,3.051,10000000
80.23,3.139,10000000
80.24,3.007,10000000
80.25,3.007,10000000
80.26,3.007,10000000
80.27,2.92,10000000
80.28,3.051,10000000
80.29,3.051,10000000
80.3,3.095,10000000
80.31,3.139,10000000
80.32,3.007,10000000
80.33,3.183,10000000
80.34,3.007,10000000
80.35,2.964,10000000
80.36,2.964,10000000
80.37,2.964,10000000
80.38,2.92,10000000
80.39,3.007,10000000
80.4,3.007,10000000
80.41,2.964,10000000
80.42,2.964,10000000
80.43,2.964,10000000
80.44,2.876,10000000
80.45,3.007,10000000
80.46,3.051,10000000
80.47,3.095,10000000
80.48,3.095,10000000
80.49,3.095,10000000
80.5,3.095,10000000
80.51,3.007,10000000
80.52,3.095,10000000
80.53,3.095,10000000
80.54,3.051,10000000
80.55,3.007,10000000
80.56,3.007,10000000
80.57,3.139,10000000
80.58,2.964,10000000
80.59,3.007,10000000
80.6,2.964,10000000
80.61,3.007,10000000
80.62,3.007,10000000
80.63,3.007,10000000
80.64,3.007,10000000
80.65,3.139,10000000
80.66,3.007,10000000
80.67,2.876,10000000
80.68,2.788,10000000
80.69,2.744,10000000
80.7,3.183,10000000
80.71,3.007,10000000
80.72,3.007,10000000
80.73,3.007,10000000
80.74,3.139,10000000
80.75,3.007,10000000
80.76,3.051,10000000
80.77,3.051,10000000
80.78,3.007,10000000
80.79,2.92,10000000
80.8,3.095,10000000
80.81,3.007,10000000
80.82,3.051,10000000
80.83,3.007,10000000
80.84,3.051,10000000
80.85,3.051,10000000
80.86,3.095,10000000
80.87,3.051,10000000
80.88,2.964,10000000
80.89,3.139,10000000
80.9,3.007,10000000
80.91,3.007,10000000
80.92,3.007,10000000
80.93,2.92,10000000
80.94,2.92,10000000
80.95,3.007,10000000
80.96,2.92,10000000
80.97,3.095,10000000
80.98,3.051,10000000
80.99,2.964,10000000
81,2.964,10000000
81.01,2.92,10000000
81.02,2.92,10000000
81.03,3.051,10000000
81.04,3.007,10000000
81.05,2.964,10000000
81.06,3.095,10000000
81.07,3.007,10000000
81.08,3.051,10000000
81.09,3.051,10000000
81.1,3.139,10000000
81.11,3.139,10000000
81.12,3.139,10000000
81.13,3.007,10000000
81.14,3.095,10000000
81.15,3.051,10000000
81.16,3.007,10000000
81.17,2.92,10000000
81.18,3.139,10000000
81.19,3.051,10000000
81.2,3.095,10000000
81.21,3.051,10000000
81.22,3.095,10000000
81.23,2.876,10000000
81.24,3.139,10000000
81.25,3.051,10000000
81.26,3.095,10000000
81.27,3.227,10000000
81.28,3.095,10000000
81.29,3.095,10000000
81.3,2.964,10000000
81.31,3.007,10000000
81.32,2.92,10000000
81.33,3.007,10000000
81.34,2.964,10000000
81.35,2.964,10000000
81.36,3.051,10000000
81.37,3.095,10000000
81.38,3.139,10000000
81.39,3.007,10000000
81.4,3.051,10000000
81.41,3.007,10000000
81.42,2.876,10000000
81.43,3.139,10000000
81.44,3.007,10000000
81.45,2.92,10000000
81.46,2.92,10000000
81.47,2.832,10000000
81.48,2.964,10000000
81.49,3.007,10000000
81.5,3.315,10000000
81.51,3.139,10000000
81.52,2.964,10000000
81.53,2.964,10000000
81.54,3.051,10000000
81.55,2.876,10000000
81.56,3.051,10000000
81.57,2.964,10000000
81.58,2.832,10000000
81.59,3.007,10000000
81.6,3.007,10000000
81.61,2.876,10000000
81.62,2.964,10000000
81.63,2.876,10000000
81.64,3.051,10000000
81.65,3.051,10000000
81.66,3.139,10000000
81.67,3.051,10000000
81.68,3.095,10000000
81.69,3.095,10000000
81.7,2.92,10000000
81.71,3.051,10000000
81.72,2.964,10000000
81.73,2.876,10000000
81.74,3.139,10000000
81.75,3.271,10000000
81.76,3.095,10000000
81.77,3.007,10000000
81.78,3.095,10000000
81.79,3.139,10000000
81.8,3.051,10000000
81.81,3.227,10000000
81.82,3.007,10000000
81.83,3.051,10000000
81.84,3.051,10000000
81.85,2.964,10000000
81.86,3.095,10000000
81.87,3.183,10000000
81.88,3.139,10000000
81.89,3.051,10000000
81.9,3.095,10000000
81.91,3.095,10000000
81.92,3.051,10000000
81.93,2.964,10000000
81.94,2.92,10000000
81.95,3.095,10000000
81.96,3.095,10000000
81.97,3.095,10000000
81.98,3.095,10000000
81.99,3.095,10000000
82,3.183,10000000
82.01,3.007,10000000
82.02,3.139,10000000
82.03,3.095,10000000
82.04,3.183,10000000
82.05,3.139,10000000
82.06,2.964,10000000
82.07,2.92,10000000
82.08,3.007,10000000
82.09,3.139,10000000
82.1,2.964,10000000
82.11,2.876,10000000
82.12,3.095,10000000
82.13,3.051,10000000
82.14,2.964,10000000
82.15,3.007,10000000
82.16,2.92,10000000
82.17,3.007,10000000
82.18,3.139,10000000
82.19,3.051,10000000
82.2,3.051,10000000
82.21,3.051,10000000
82.22,3.095,10000000
82.23,2.92,10000000
82.24,3.007,10000000
82.25,3.139,10000000
82.26,3.051,10000000
82.27,3.139,10000000
82.28,3.007,10000000
82.29,3.095,10000000
82.3,3.139,10000000
82.31,2.92,10000000
82.32,2.92,10000000
82.33,2.876,10000000
82.34,3.139,10000000
82.35,3.183,10000000
82.36,3.051,10000000
82.37,3.051,10000000
82.38,3.007,10000000
82.39,2.876,10000000
82.4,2.876,10000000
82.41,2.92,10000000
82.42,2.964,10000000
82.43,2.788,10000000
82.44,2.92,10000000
82.45,2.964,10000000
82.46,3.007,10000000
82.47,3.095,10000000
82.48,3.095,10000000
82.49,3.095,10000000
82.5,2.832,10000000
82.51,3.095,10000000
82.52,3.095,10000000
82.53,3.095,10000000
82.54,3.095,10000000
82.55,3.227,10000000
82.56,2.92,10000000
82.57,2.92,10000000
82.58,3.007,10000000
82.59,2.92,10000000
82.6,3.139,10000000
82.61,2.964,10000000
82.62,3.051,10000000
82.63,2.964,10000000
82.64,3.007,10000000
82.65,2.964,10000000
82.66,3.007,10000000
82.67,3.095,10000000
82.68,2.964,10000000
82.69,2.964,10000000
82.7,3.051,10000000
82.71,2.964,10000000
82.72,3.051,10000000
82.73,3.051,10000000
82.74,2.964,10000000
82.75,2.876,10000000
82.76,2.964,10000000
82.77,2.964,10000000
82.78,3.139,10000000
82.79,3.007,10000000
82.8,3.051,10000000
82.81,3.095,10000000
82.82,2.964,10000000
82.83,3.095,10000000
82.84,2.964,10000000
82.85,3.051,10000000
82.86,3.007,10000000
82.87,2.92,10000000
82.88,3.051,10000000
82.89,3.007,10000000
82.9,3.051,10000000
82.91,3.139,10000000
82.92,3.139,10000000
82.93,3.139,10000000
82.94,3.051,10000000
82.95,2.964,10000000
82.96,2.92,10000000
82.97,3.095,10000000
82.98,2.92,10000000
82.99,3.095,10000000
83,2.876,10000000
83.01,2.964,10000000
83.02,2.964,10000000
83.03,3.051,10000000
83.04,3.095,10000000
83.05,2.964,10000000
83.06,2.92,10000000
83.07,2.964,10000000
83.08,2.788,10000000
83.09,3.007,10000000
83.1,3.139,10000000
83.11,3.139,10000000
83.12,3.051,10000000
83.13,3.051,10000000
83.14,3.139,10000000
83.15,2.964,10000000
83.16,3.095,10000000
83.17,3.139,10000000
83.18,2.92,10000000
83.19,2.964,10000000
83.2,2.964,10000000
83.21,3.051,10000000
83.22,2.92,10000000
83.23,3.007,10000000
83.24,3.051,10000000
83.25,3.139,10000000
83.26,3.051,10000000
83.27,3.139,10000000
83.28,2.92,10000000
83.29,2.832,10000000
83.3,3.007,10000000
83.31,3.007,10000000
83.32,3.139,10000000
83.33,3.007,10000000
83.34,2.92,10000000
83.35,3.007,10000000
83.36,3.051,10000000
83.37,2.964,10000000
83.38,3.095,10000000
83.39,2.964,10000000
83.4,3.095,10000000
83.41,3.051,10000000
83.42,3.139,10000000
83.43,3.095,10000000
83.44,3.007,10000000
83.45,3.139,10000000
83.46,3.227,10000000
83.47,3.139,10000000
83.48,3.095,10000000
83.49,3.227,10000000
83.5,3.007,10000000
83.51,3.095,10000000
83.52,3.051,10000000
83.53,3.139,10000000
83.54,3.139,10000000
83.55,3.007,10000000
83.56,3.183,10000000
83.57,3.051,10000000
83.58,3.051,10000000
83.59,3.051,10000000
83.6,3.007,10000000
83.61,2.92,10000000
83.62,2.92,10000000
83.63,3.051,10000000
83.64,3.007,10000000
83.65,3.051,10000000
83.66,3.183,10000000
83.67,3.095,10000000
83.68,3.007,10000000
83.69,2.92,10000000
83.7,2.964,10000000
83.71,2.832,10000000
83.72,3.007,10000000
83.73,3.095,10000000
83.74,2.92,10000000
83.75,2.964,10000000
83.76,3.007,10000000
83.77,2.92,10000000
83.78,2.92,10000000
83.79,3.095,10000000
83.8,3.007,10000000
83.81,3.051,10000000
83.82,2.964,10000000
83.83,2.92,10000000
83.84,3.095,10000000
83.85,3.007,10000000
83.86,3.051,10000000
83.87,2.876,10000000
83.88,3.007,10000000
83.89,3.051,10000000
83.9,2.964,10000000
83.91,3.007,10000000
83.92,3.095,10000000
83.93,2.92,10000000
83.94,3.139,10000000
83.95,3.051,10000000
83.96,3.051,10000000
83.97,2.92,10000000
83.98,3.227,10000000
83.99,3.139,10000000
84,3.139,10000000
84.01,3.139,10000000
84.02,3.051,10000000
84.03,2.92,10000000
84.04,2.92,10000000
84.05,2.92,10000000
84.06,3.007,10000000
84.07,3.007,10000000
84.08,2.964,10000000
84.09,3.051,10000000
84.1,3.007,10000000
84.11,3.095,10000000
84.12,3.095,10000000
84.13,3.139,10000000
84.14,3.007,10000000
84.15,3.007,10000000
84.16,2.832,10000000
84.17,3.051,10000000
84.18,3.095,10000000
84.19,3.183,10000000
84.2,3.051,10000000
84.21,2.964,10000000
84.22,3.051,10000000
84.23,3.051,10000000
84.24,3.183,10000000
84.25,3.139,10000000
84.26,3.095,10000000
84.27,3.139,10000000
84.28,3.095,10000000
84.29,3.139,10000000
84.3,3.139,10000000
84.31,3.007,10000000
84.32,3.007,10000000
84.33,3.139,10000000
84.34,3.051,10000000
84.35,2.964,10000000
84.36,3.007,10000000
84.37,3.051,10000000
84.38,3.007,10000000
84.39,3.139,10000000
84.4,2.92,10000000
84.41,3.051,10000000
84.42,3.051,10000000
84.43,3.007,10000000
84.44,3.007,10000000
84.45,2.964,10000000
84.46,3.007,10000000
84.47,2.92,10000000
84.48,2.92,10000000
84.49,3.051,10000000
84.5,2.92,10000000
84.51,3.051,10000000
84.52,2.92,10000000
84.53,3.095,10000000
84.54,3.007,10000000
84.55,3.007,10000000
84.56,2.964,10000000
84.57,3.095,10000000
84.58,3.139,10000000
84.59,3.051,10000000
84.6,3.051,10000000
84.61,3.007,10000000
84.62,3.183,10000000
84.63,3.139,10000000
84.64,3.139,10000000
84.65,2.92,10000000
84.66,2.964,10000000
84.67,3.095,10000000
84.68,2.964,10000000
84.69,2.92,10000000
84.7,3.051,10000000
84.71,2.964,10000000
84.72,2.964,10000000
84.73,3.007,10000000
84.74,2.964,10000000
84.75,3.139,10000000
84.76,3.051,10000000
84.77,3.139,10000000
84.78,3.139,10000000
84.79,2.92,10000000
84.8,3.051,10000000
84.81,3.183,10000000
84.82,3.007,10000000
84.83,2.964,10000000
84.84,3.139,10000000
84.85,3.095,10000000
84.86,2.92,10000000
84.87,3.095,10000000
84.88,3.139,10000000
84.89,3.183,10000000
84.9,3.051,10000000
84.91,3.095,10000000
84.92,3.139,10000000
84.93,3.051,10000000
84.94,3.095,10000000
84.95,3.183,10000000
84.96,3.315,10000000
84.97,3.007,10000000
84.98,3.183,10000000
84.99,3.095,10000000
85,2.964,10000000
85.01,2.964,10000000
85.02,2.92,10000000
85.03,2.876,10000000
85.04,3.095,10000000
85.05,2.964,10000000
85.06,2.92,10000000
85.07,2.964,10000000
85.08,3.095,10000000
85.09,3.095,10000000
85.1,3.139,10000000
85.11,3.007,10000000
85.12,3.095,10000000
85.13,3.095,10000000
85.14,3.095,10000000
85.15,3.095,10000000
85.16,3.007,10000000
85.17,3.051,10000000
85.18,3.139,10000000
85.19,3.007,10000000
85.2,2.964,10000000
85.21,3.095,10000000
85.22,2.964,10000000
85.23,3.007,10000000
85.24,2.964,10000000
85.25,2.876,10000000
85.26,2.92,10000000
85.27,2.964,10000000
85.28,3.139,10000000
85.29,3.007,10000000
85.3,3.007,10000000
85.31,3.095,10000000
85.32,3.007,10000000
85.33,3.183,10000000
85.34,2.92,10000000
85.35,3.051,10000000
85.36,3.007,10000000
85.37,3.095,10000000
85.38,3.007,10000000
85.39,3.007,10000000
85.4,3.095,10000000
85.41,3.095,10000000
85.42,3.139,10000000
85.43,2.964,10000000
85.44,3.051,10000000
85.45,2.92,10000000
85.46,3.095,10000000
85.47,3.095,10000000
85.48,3.095,10000000
85.49,3.095,10000000
85.5,3.051,10000000
85.51,3.183,10000000
85.52,3.007,10000000
85.53,3.007,10000000
85.54,3.139,10000000
85.55,3.007,10000000
85.56,2.964,10000000
85.57,2.92,10000000
85.58,3.051,10000000
85.59,3.051,10000000
85.6,2.92,10000000
85.61,2.964,10000000
85.62,3.007,10000000
85.63,2.92,10000000
85.64,2.964,10000000
85.65,3.007,10000000
85.66,3.095,10000000
85.67,3.007,10000000
85.68,3.139,10000000
85.69,3.139,10000000
85.7,2.964,10000000
85.71,3.007,10000000
85.72,3.007,10000000
85.73,2.964,10000000
85.74,2.964,10000000
85.75,2.964,10000000
85.76,3.051,10000000
85.77,3.007,10000000
85.78,3.007,10000000
85.79,2.964,10000000
85.8,2.964,10000000
85.81,3.051,10000000
85.82,3.183,10000000
85.83,3.139,10000000
85.84,3.007,10000000
85.85,3.051,10000000
85.86,3.095,10000000
85.87,3.007,10000000
85.88,3.007,10000000
85.89,3.007,10000000
85.9,2.92,10000000
85.91,2.832,10000000
85.92,3.095,10000000
85.93,3.007,10000000
85.94,3.139,10000000
85.95,3.051,10000000
85.96,3.051,10000000
85.97,3.095,10000000
85.98,2.92,10000000
85.99,3.139,10000000
86,3.051,10000000
86.01,3.051,10000000
86.02,3.139,10000000
86.03,3.183,10000000
86.04,2.964,10000000
86.05,3.007,10000000
86.06,2.964,10000000
86.07,3.007,10000000
86.08,3.051,10000000
86.09,2.92,10000000
86.1,3.007,10000000
86.11,2.964,10000000
86.12,2.964,10000000
86.13,3.051,10000000
86.14,3.051,10000000
86.15,3.183,10000000
86.16,3.007,10000000
86.17,3.183,10000000
86.18,3.007,10000000
86.19,2.964,10000000
86.2,2.92,10000000
86.21,3.007,10000000
86.22,2.964,10000000
86.23,2.92,10000000
86.24,3.051,10000000
86.25,2.92,10000000
86.26,2.964,10000000
86.27,2.876,10000000
86.28,3.007,10000000
86.29,3.007,10000000
86.3,3.095,10000000
86.31,3.007,10000000
86.32,3.007,10000000
86.33,2.876,10000000
86.34,3.007,10000000
86.35,3.095,10000000
86.36,2.964,10000000
86.37,2.92,10000000
86.38,2.964,10000000
86.39,3.095,10000000
86.4,3.051,10000000
86.41,2.964,10000000
86.42,3.095,10000000
86.43,2.964,10000000
86.44,3.095,10000000
86.45,3.139,10000000
86.46,3.007,10000000
86.47,3.183,10000000
86.48,3.095,10000000
86.49,3.095,10000000
86.5,3.051,10000000
86.51,3.095,10000000
86.52,3.051,10000000
86.53,3.139,10000000
86.54,3.095,10000000
86.55,3.139,10000000
86.56,2.964,10000000
86.57,3.007,10000000
86.58,3.139,10000000
86.59,3.051,10000000
86.6,2.876,10000000
86.61,2.92,10000000
86.62,2.964,10000000
86.63,3.139,10000000
86.64,3.051,10000000
86.65,3.051,10000000
86.66,3.007,10000000
86.67,2.876,10000000
86.68,2.92,10000000
86.69,3.051,10000000
86.7,3.007,10000000
86.71,3.051,10000000
86.72,3.139,10000000
86.73,3.007,10000000
86.74,3.095,10000000
86.75,3.095,10000000
86.76,3.095,10000000
86.77,3.139,10000000
86.78,2.964,10000000
86.79,3.095,10000000
86.8,3.139,10000000
86.81,3.095,10000000
86.82,3.095,10000000
86.83,3.095,10000000
86.84,3.095,10000000
86.85,3.095,10000000
86.86,3.095,10000000
86.87,3.139,10000000
86.88,2.92,10000000
86.89,3.139,10000000
86.9,3.139,10000000
86.91,3.183,10000000
86.92,3.051,10000000
86.93,2.92,10000000
86.94,3.139,10000000
86.95,3.007,10000000
86.96,2.92,10000000
86.97,2.92,10000000
86.98,3.139,10000000
86.99,3.051,10000000
87,3.095,10000000
87.01,3.007,10000000
87.02,3.095,10000000
87.03,2.964,10000000
87.04,2.964,10000000
87.05,3.007,10000000
87.06,2.964,10000000
87.07,3.139,10000000
87.08,2.92,10000000
87.09,3.051,10000000
87.1,3.227,10000000
87.11,3.139,10000000
87.12,3.051,10000000
87.13,3.139,10000000
87.14,3.007,10000000
87.15,3.095,10000000
87.16,3.095,10000000
87.17,3.139,10000000
87.18,3.051,10000000
87.19,3.095,10000000
87.2,3.007,10000000
87.21,3.139,10000000
87.22,3.007,10000000
87.23,3.007,10000000
87.24,2.92,10000000
87.25,3.051,10000000
87.26,2.92,10000000
87.27,2.832,10000000
87.28,2.832,10000000
87.29,2.964,10000000
87.3,2.964,10000000
87.31,3.007,10000000
87.32,2.92,10000000
87.33,2.964,10000000
87.34,2.876,10000000
87.35,2.876,10000000
87.36,2.964,10000000
87.37,3.007,10000000
87.38,2.964,10000000
87.39,3.095,10000000
87.4,3.051,10000000
87.41,3.095,10000000
87.42,3.227,10000000
87.43,3.227,10000000
87.44,3.183,10000000
87.45,3.139,10000000
87.46,2.92,10000000
87.47,3.051,10000000
87.48,3.095,10000000
87.49,3.095,10000000
87.5,3.051,10000000
87.51,3.051,10000000
87.52,3.095,10000000
87.53,2.876,10000000
87.54,3.139,10000000
87.55,3.095,10000000
87.56,3.183,10000000
87.57,3.139,10000000
87.58,3.095,10000000
87.59,3.095,10000000
87.6,2.964,10000000
87.61,3.095,10000000
87.62,3.139,10000000
87.63,2.92,10000000
87.64,2.876,10000000
87.65,3.007,10000000
87.66,2.964,10000000
87.67,3.051,10000000
87.68,2.964,10000000
87.69,3.051,10000000
87.7,3.051,10000000
87.71,2.964,10000000
87.72,2.876,10000000
87.73,2.92,10000000
87.74,3.007,10000000
87.75,3.051,10000000
87.76,2.964,10000000
87.77,3.051,10000000
87.78,2.92,10000000
87.79,2.92,10000000
87.8,3.007,10000000
87.81,3.139,10000000
87.82,3.095,10000000
87.83,2.92,10000000
87.84,3.051,10000000
87.85,2.92,10000000
87.86,3.183,10000000
87.87,3.139,10000000
87.88,3.139,10000000
87.89,3.139,10000000
87.9,2.964,10000000
87.91,3.095,10000000
87.92,3.095,10000000
87.93,2.964,10000000
87.94,2.964,10000000
87.95,3.051,10000000
87.96,3.051,10000000
87.97,3.051,10000000
87.98,3.095,10000000
87.99,3.051,10000000
88,3.051,10000000
88.01,3.051,10000000
88.02,3.095,10000000
88.03,3.051,10000000
88.04,3.139,10000000
88.05,2.92,10000000
88.06,2.964,10000000
88.07,3.139,10000000
88.08,3.139,10000000
88.09,2.832,10000000
88.1,3.051,10000000
88.11,3.139,10000000
88.12,3.139,10000000
88.13,3.051,10000000
88.14,3.051,10000000
88.15,2.92,10000000
88.16,3.051,10000000
88.17,2.788,10000000
88.18,3.139,10000000
88.19,3.139,10000000
88.2,3.007,10000000
88.21,3.139,10000000
88.22,3.051,10000000
88.23,3.095,10000000
88.24,2.964,10000000
88.25,3.007,10000000
88.26,2.92,10000000
88.27,2.92,10000000
88.28,3.051,10000000
88.29,2.92,10000000
88.3,3.007,10000000
88.31,2.964,10000000
88.32,2.964,10000000
88.33,2.876,10000000
88.34,3.051,10000000
88.35,3.139,10000000
88.36,2.92,10000000
88.37,3.183,10000000
88.38,3.007,10000000
88.39,2.92,10000000
88.4,3.095,10000000
88.41,2.964,10000000
88.42,3.139,10000000
88.43,2.964,10000000
88.44,2.92,10000000
88.45,3.139,10000000
88.46,3.139,10000000
88.47,2.92,10000000
88.48,3.007,10000000
88.49,3.007,10000000
88.5,2.92,10000000
88.51,3.051,10000000
88.52,2.832,10000000
88.53,2.92,10000000
88.54,2.92,10000000
88.55,2.92,10000000
88.56,3.095,10000000
88.57,3.095,10000000
88.58,2.92,10000000
88.59,3.051,10000000
88.6,2.92,10000000
88.61,3.051,10000000
88.62,3.095,10000000
88.63,3.007,10000000
88.64,3.315,10000000
88.65,3.095,10000000
88.66,3.051,10000000
88.67,3.051,10000000
88.68,3.051,10000000
88.69,3.007,10000000
88.7,3.139,10000000
88.71,2.92,10000000
88.72,3.095,10000000
88.73,3.051,10000000
88.74,3.007,10000000
88.75,3.051,10000000
88.76,3.051,10000000
88.77,2.964,10000000
88.78,3.051,10000000
88.79,3.051,10000000
88.8,3.227,10000000
88.81,2.92,10000000
88.82,3.007,10000000
88.83,3.095,10000000
88.84,3.227,10000000
88.85,3.139,10000000
88.86,3.007,10000000
88.87,3.095,10000000
88.88,2.92,10000000
88.89,3.007,10000000
88.9,3.095,10000000
88.91,2.832,10000000
88.92,3.183,10000000
88.93,3.007,10000000
88.94,3.007,10000000
88.95,2.92,10000000
88.96,3.007,10000000
88.97,2.92,10000000
88.98,2.876,10000000
88.99,3.051,10000000
89,3.183,10000000
89.01,2.92,10000000
89.02,2.964,10000000
89.03,3.095,10000000
89.04,3.007,10000000
89.05,2.964,10000000
89.06,2.92,10000000
89.07,2.876,10000000
89.08,2.964,10000000
89.09,3.139,10000000
89.1,3.051,10000000
89.11,3.139,10000000
89.12,2.92,10000000
89.13,3.183,10000000
89.14,2.92,10000000
89.15,3.051,10000000
89.16,3.007,10000000
89.17,3.051,10000000
89.18,3.051,10000000
89.19,3.051,10000000
89.2,3.007,10000000
89.21,2.832,10000000
89.22,3.139,10000000
89.23,3.183,10000000
89.24,3.095,10000000
89.25,3.007,10000000
89.26,3.095,10000000
89.27,3.051,10000000
89.28,2.964,10000000
89.29,3.007,10000000
89.3,3.051,10000000
89.31,3.139,10000000
89.32,3.139,10000000
89.33,3.183,10000000
89.34,3.095,10000000
89.35,2.92,10000000
89.36,3.051,10000000
89.37,3.051,10000000
89.38,3.051,10000000
89.39,3.095,10000000
89.4,3.007,10000000
89.41,3.139,10000000
89.42,3.139,10000000
89.43,3.007,10000000
89.44,3.095,10000000
89.45,3.007,10000000
89.46,3.007,10000000
89.47,3.139,10000000
89.48,3.051,10000000
89.49,3.007,10000000
89.5,2.92,10000000
89.51,2.92,10000000
89.52,2.92,10000000
89.53,3.095,10000000
89.54,3.227,10000000
89.55,2.964,10000000
89.56,2.92,10000000
89.57,3.139,10000000
89.58,2.964,10000000
89.59,3.139,10000000
89.6,3.051,10000000
89.61,3.051,10000000
89.62,3.007,10000000
89.63,3.007,10000000
89.64,3.051,10000000
89.65,3.007,10000000
89.66,2.964,10000000
89.67,3.095,10000000
89.68,3.007,10000000
89.69,3.007,10000000
89.7,3.051,10000000
89.71,3.051,10000000
89.72,2.964,10000000
89.73,3.051,10000000
89.74,3.007,10000000
89.75,3.095,10000000
89.76,3.095,10000000
89.77,3.139,10000000
89.78,3.315,10000000
89.79,3.139,10000000
89.8,3.095,10000000
89.81,3.095,10000000
89.82,3.139,10000000
89.83,2.964,10000000
89.84,3.095,10000000
89.85,2.832,10000000
89.86,3.051,10000000
89.87,2.964,10000000
89.88,2.964,10000000
89.89,2.876,10000000
89.9,3.183,10000000
89.91,3.007,10000000
89.92,3.183,10000000
89.93,3.139,10000000
89.94,3.051,10000000
89.95,2.92,10000000
89.96,3.183,10000000
89.97,3.007,10000000
89.98,2.964,10000000
89.99,3.051,10000000
90,3.051,10000000
90.01,3.007,10000000
90.02,3.051,10000000
90.03,3.051,10000000
90.04,3.095,10000000
90.05,3.139,10000000
90.06,3.183,10000000
90.07,3.007,10000000
90.08,3.007,10000000
90.09,3.007,10000000
90.1,3.227,10000000
90.11,3.007,10000000
90.12,3.095,10000000
90.13,3.095,10000000
90.14,2.92,10000000
90.15,3.051,10000000
90.16,3.051,10000000
90.17,3.095,10000000
90.18,3.051,10000000
90.19,3.139,10000000
90.2,3.007,10000000
90.21,3.095,10000000
90.22,3.315,10000000
90.23,3.139,10000000
90.24,3.051,10000000
90.25,2.92,10000000
90.26,3.007,10000000
90.27,3.007,10000000
90.28,3.007,10000000
90.29,3.007,10000000
90.3,2.964,10000000
90.31,2.92,10000000
90.32,3.007,10000000
90.33,2.876,10000000
90.34,2.92,10000000
90.35,3.007,10000000
90.36,2.964,10000000
90.37,3.007,10000000
90.38,2.964,10000000
90.39,3.051,10000000
90.4,3.095,10000000
90.41,3.051,10000000
90.42,3.007,10000000
90.43,3.183,10000000
90.44,3.183,10000000
90.45,3.139,10000000
90.46,3.051,10000000
90.47,3.095,10000000
90.48,3.007,10000000
90.49,3.007,10000000
90.5,3.139,10000000
90.51,2.92,10000000
90.52,2.92,10000000
90.53,3.139,10000000
90.54,3.095,10000000
90.55,3.139,10000000
90.56,3.139,10000000
90.57,2.876,10000000
90.58,2.964,10000000
90.59,3.007,10000000
90.6,3.095,10000000
90.61,2.964,10000000
90.62,2.964,10000000
90.63,3.095,10000000
90.64,2.964,10000000
90.65,3.051,10000000
90.66,3.095,10000000
90.67,3.007,10000000
90.68,3.139,10000000
90.69,2.964,10000000
90.7,3.007,10000000
90.71,3.095,10000000
90.72,3.183,10000000
90.73,2.92,10000000
90.74,3.007,10000000
90.75,3.007,10000000
90.76,3.007,10000000
90.77,3.139,10000000
90.78,2.832,10000000
90.79,3.007,10000000
90.8,3.007,10000000
90.81,3.051,10000000
90.82,3.051,10000000
90.83,3.007,10000000
90.84,2.964,10000000
90.85,2.964,10000000
90.86,3.139,10000000
90.87,2.92,10000000
90.88,3.007,10000000
90.89,2.964,10000000
90.9,2.92,10000000
90.91,3.095,10000000
90.92,3.095,10000000
90.93,3.051,10000000
90.94,3.139,10000000
90.95,3.007,10000000
90.96,3.007,10000000
90.97,3.183,10000000
90.98,3.183,10000000
90.99,3.227,10000000
91,3.227,10000000
91.01,3.139,10000000
91.02,3.051,10000000
91.03,3.139,10000000
91.04,3.007,10000000
91.05,3.051,10000000
91.06,3.139,10000000
91.07,2.964,10000000
91.08,3.051,10000000
91.09,2.92,10000000
91.1,3.007,10000000
91.11,2.832,10000000
91.12,2.964,10000000
91.13,3.139,10000000
91.14,3.095,10000000
91.15,3.007,10000000
91.16,3.051,10000000
91.17,2.92,10000000
91.18,3.139,10000000
91.19,2.92,10000000
91.2,2.92,10000000
91.21,3.095,10000000
91.22,3.051,10000000
91.23,3.007,10000000
91.24,3.095,10000000
91.25,3.007,10000000
91.26,3.007,10000000
91.27,2.876,10000000
91.28,3.051,10000000
91.29,3.095,10000000
91.3,2.92,10000000
91.31,3.051,10000000
91.32,3.007,10000000
91.33,3.139,10000000
91.34,3.095,10000000
91.35,3.139,10000000
91.36,3.227,10000000
91.37,3.051,10000000
91.38,3.183,10000000
91.39,3.095,10000000
91.4,3.051,10000000
91.41,3.095,10000000
91.42,3.095,10000000
91.43,3.007,10000000
91.44,3.007,10000000
91.45,2.92,10000000
91.46,3.007,10000000
91.47,3.007,10000000
91.48,3.007,10000000
91.49,3.007,10000000
91.5,3.139,10000000
91.51,3.139,10000000
91.52,3.095,10000000
91.53,3.139,10000000
91.54,3.139,10000000
91.55,3.095,10000000
91.56,3.007,10000000
91.57,3.007,10000000
91.58,3.139,10000000
91.59,2.964,10000000
91.6,3.051,10000000
91.61,3.183,10000000
91.62,3.095,10000000
91.63,3.051,10000000
91.64,3.095,10000000
91.65,3.095,10000000
91.66,2.92,10000000
91.67,2.964,10000000
91.68,2.964,10000000
91.69,3.051,10000000
91.7,2.964,10000000
91.71,3.139,10000000
91.72,2.92,10000000
91.73,2.964,10000000
91.74,2.92,10000000
91.75,3.139,10000000
91.76,3.051,10000000
91.77,3.007,10000000
91.78,3.139,10000000
91.79,3.051,10000000
91.8,2.964,10000000
91.81,2.92,10000000
91.82,3.007,10000000
91.83,2.92,10000000
91.84,3.139,10000000
91.85,3.051,10000000
91.86,3.183,10000000
91.87,3.183,10000000
91.88,3.183,10000000
91.89,3.139,10000000
91.9,2.964,10000000
91.91,3.007,10000000
91.92,2.832,10000000
91.93,2.92,10000000
91.94,3.051,10000000
91.95,3.095,10000000
91.96,3.007,10000000
91.97,3.183,10000000
91.98,3.051,10000000
91.99,3.007,10000000
92,3.007,10000000
92.01,3.139,10000000
92.02,2.964,10000000
92.03,3.051,10000000
92.04,2.92,10000000
92.05,3.139,10000000
92.06,3.095,10000000
92.07,2.92,10000000
92.08,3.095,10000000
92.09,3.007,10000000
92.1,3.007,10000000
92.11,2.832,10000000
92.12,3.095,10000000
92.13,3.139,10000000
92.14,3.095,10000000
92.15,3.139,10000000
92.16,3.007,10000000
92.17,2.92,10000000
92.18,3.007,10000000
92.19,3.095,10000000
92.2,3.007,10000000
92.21,2.92,10000000
92.22,3.007,10000000
92.23,3.139,10000000
92.24,3.183,10000000
92.25,3.139,10000000
92.26,3.139,10000000
92.27,3.051,10000000
92.28,3.051,10000000
92.29,3.007,10000000
92.3,3.051,10000000
92.31,3.051,10000000
92.32,2.92,10000000
92.33,3.007,10000000
92.34,3.051,10000000
92.35,3.095,10000000
92.36,3.051,10000000
92.37,3.051,10000000
92.38,3.007,10000000
92.39,3.051,10000000
92.4,3.051,10000000
92.41,3.095,10000000
92.42,3.007,10000000
92.43,3.051,10000000
92.44,2.92,10000000
92.45,3.007,10000000
92.46,2.92,10000000
92.47,2.876,10000000
92.48,3.007,10000000
92.49,2.964,10000000
92.5,3.095,10000000
92.51,3.051,10000000
92.52,3.007,10000000
92.53,3.139,10000000
92.54,3.051,10000000
92.55,3.139,10000000
92.56,3.051,10000000
92.57,3.139,10000000
92.58,3.007,10000000
92.59,3.139,10000000
92.6,3.007,10000000
92.61,3.051,10000000
92.62,3.051,10000000
92.63,3.051,10000000
92.64,2.832,10000000
92.65,3.051,10000000
92.66,2.964,10000000
92.67,2.964,10000000
92.68,2.92,10000000
92.69,3.007,10000000
92.7,2.92,10000000
92.71,3.095,10000000
92.72,2.876,10000000
92.73,3.007,10000000
92.74,3.051,10000000
92.75,3.095,10000000
92.76,3.139,10000000
92.77,2.832,10000000
92.78,3.051,10000000
92.79,3.227,10000000
92.8,3.139,10000000
92.81,3.007,10000000
92.82,3.183,10000000
92.83,3.095,10000000
92.84,3.139,10000000
92.85,3.051,10000000
92.86,3.007,10000000
92.87,3.007,10000000
92.88,2.964,10000000
92.89,2.92,10000000
92.9,3.051,10000000
92.91,3.139,10000000
92.92,3.271,10000000
92.93,3.183,10000000
92.94,3.183,10000000
92.95,3.139,10000000
92.96,3.095,10000000
92.97,3.095,10000000
92.98,3.139,10000000
92.99,3.051,10000000
93,3.095,10000000
93.01,3.139,10000000
93.02,3.183,10000000
93.03,3.051,10000000
93.04,3.051,10000000
93.05,2.964,10000000
93.06,3.051,10000000
93.07,3.095,10000000
93.08,2.964,10000000
93.09,2.964,10000000
93.1,3.007,10000000
93.11,3.183,10000000
93.12,3.051,10000000
93.13,3.095,10000000
93.14,2.964,10000000
93.15,3.183,10000000
93.16,3.051,10000000
93.17,2.964,10000000
93.18,3.007,10000000
93.19,2.92,10000000
93.2,3.095,10000000
93.21,3.095,10000000
93.22,2.964,10000000
93.23,3.007,10000000
93.24,3.139,10000000
93.25,3.095,10000000
93.26,2.832,10000000
93.27,3.139,10000000
93.28,3.139,10000000
93.29,2.876,10000000
93.3,3.095,10000000
93.31,2.964,10000000
93.32,3.139,10000000
93.33,3.051,10000000
93.34,3.051,10000000
93.35,3.139,10000000
93.36,3.051,10000000
93.37,3.095,10000000
93.38,3.051,10000000
93.39,3.007,10000000
93.4,3.007,10000000
93.41,3.051,10000000
93.42,2.92,10000000
93.43,2.92,10000000
93.44,3.051,10000000
93.45,3.007,10000000
93.46,3.051,10000000
93.47,3.007,10000000
93.48,3.139,10000000
93.49,2.92,10000000
93.5,2.964,10000000
93.51,3.051,10000000
93.52,2.832,10000000
93.53,2.92,10000000
93.54,3.051,10000000
93.55,2.92,10000000
93.56,3.183,10000000
93.57,3.095,10000000
93.58,3.227,10000000
93.59,3.095,10000000
93.6,3.139,10000000
93.61,3.183,10000000
93.62,3.095,10000000
93.63,3.227,10000000
93.64,3.095,10000000
93.65,3.139,10000000
93.66,2.92,10000000
93.67,3.139,10000000
93.68,3.007,10000000
93.69,3.051,10000000
93.7,2.92,10000000
93.71,2.964,10000000
93.72,2.964,10000000
93.73,2.964,10000000
93.74,2.92,10000000
93.75,3.007,10000000
93.76,3.051,10000000
93.77,3.051,10000000
93.78,2.92,10000000
93.79,3.095,10000000
93.8,3.139,10000000
93.81,2.92,10000000
93.82,3.095,10000000
93.83,2.876,10000000
93.84,3.139,10000000
93.85,2.964,10000000
93.86,3.007,10000000
93.87,3.051,10000000
93.88,2.92,10000000
93.89,3.051,10000000
93.9,3.095,10000000
93.91,3.095,10000000
93.92,3.183,10000000
93.93,3.095,10000000
93.94,3.051,10000000
93.95,2.964,10000000
93.96,2.964,10000000
93.97,3.007,10000000
93.98,2.964,10000000
93.99,3.139,10000000
94,3.271,10000000
94.01,3.315,10000000
94.02,3.095,10000000
94.03,3.007,10000000
94.04,3.095,10000000
94.05,2.92,10000000
94.06,3.095,10000000
94.07,2.92,10000000
94.08,3.007,10000000
94.09,3.051,10000000
94.1,3.051,10000000
94.11,3.095,10000000
94.12,2.876,10000000
94.13,2.964,10000000
94.14,3.139,10000000
94.15,3.007,10000000
94.16,2.964,10000000
94.17,2.92,10000000
94.18,2.92,10000000
94.19,3.095,10000000
94.2,2.92,10000000
94.21,3.051,10000000
94.22,3.095,10000000
94.23,3.051,10000000
94.24,3.051,10000000
94.25,2.92,10000000
94.26,2.92,10000000
94.27,3.095,10000000
94.28,3.227,10000000
94.29,3.139,10000000
94.3,2.92,10000000
94.31,3.007,10000000
94.32,3.095,10000000
94.33,3.139,10000000
94.34,3.007,10000000
94.35,3.007,10000000
94.36,3.095,10000000
94.37,2.92,10000000
94.38,3.007,10000000
94.39,2.744,10000000
94.4,3.007,10000000
94.41,3.007,10000000
94.42,2.92,10000000
94.43,3.095,10000000
94.44,2.964,10000000
94.45,2.964,10000000
94.46,3.007,10000000
94.47,3.007,10000000
94.48,3.139,10000000
94.49,3.139,10000000
94.5,3.007,10000000
94.51,3.007,10000000
94.52,2.964,10000000
94.53,2.964,10000000
94.54,2.964,10000000
94.55,3.139,10000000
94.56,3.007,10000000
94.57,3.007,10000000
94.58,3.095,10000000
94.59,3.051,10000000
94.6,3.095,10000000
94.61,3.007,10000000
94.62,3.095,10000000
94.63,3.139,10000000
94.64,3.051,10000000
94.65,3.139,10000000
94.66,3.139,10000000
94.67,3.095,10000000
94.68,2.92,10000000
94.69,3.095,10000000
94.7,2.92,10000000
94.71,2.92,10000000
94.72,3.007,10000000
94.73,2.92,10000000
94.74,3.139,10000000
94.75,3.139,10000000
94.76,3.139,10000000
94.77,3.051,10000000
94.78,3.007,10000000
94.79,3.007,10000000
94.8,3.051,10000000
94.81,2.964,10000000
94.82,3.139,10000000
94.83,3.271,10000000
94.84,3.183,10000000
94.85,3.051,10000000
94.86,2.964,10000000
94.87,2.964,10000000
94.88,3.183,10000000
94.89,2.964,10000000
94.9,2.964,10000000
94.91,2.92,10000000
94.92,3.007,10000000
94.93,3.183,10000000
94.94,2.92,10000000
94.95,3.051,10000000
94.96,3.007,10000000
94.97,2.92,10000000
94.98,2.964,10000000
94.99,3.007,10000000
95,3.139,10000000
95.01,3.007,10000000
95.02,3.139,10000000
95.03,3.007,10000000
95.04,3.095,10000000
95.05,3.095,10000000
95.06,3.007,10000000
95.07,3.095,10000000
95.08,3.007,10000000
95.09,2.92,10000000
95.1,3.139,10000000
95.11,3.007,10000000
95.12,3.139,10000000
95.13,3.051,10000000
95.14,3.007,10000000
95.15,3.139,10000000
95.16,3.007,10000000
95.17,3.139,10000000
95.18,3.007,10000000
95.19,2.964,10000000
95.2,2.964,10000000
95.21,3.139,10000000
95.22,3.007,10000000
95.23,3.051,10000000
95.24,2.92,10000000
95.25,3.095,10000000
95.26,3.095,10000000
95.27,3.007,10000000
95.28,2.876,10000000
95.29,3.095,10000000
95.3,2.92,10000000
95.31,3.007,10000000
95.32,3.007,10000000
95.33,2.92,10000000
95.34,3.007,10000000
95.35,3.007,10000000
95.36,3.051,10000000
95.37,3.007,10000000
95.38,3.183,10000000
95.39,3.007,10000000
95.4,3.007,10000000
95.41,3.139,10000000
95.42,3.007,10000000
95.43,3.139,10000000
95.44,3.007,10000000
95.45,3.051,10000000
95.46,3.139,10000000
95.47,3.139,10000000
95.48,2.92,10000000
95.49,2.964,10000000
95.5,3.051,10000000
95.51,3.051,10000000
95.52,3.051,10000000
95.53,3.007,10000000
95.54,3.007,10000000
95.55,2.92,10000000
95.56,3.007,10000000
95.57,3.095,10000000
95.58,3.095,10000000
95.59,3.139,10000000
95.6,2.964,10000000
95.61,3.183,10000000
95.62,3.095,10000000
95.63,3.095,10000000
95.64,3.007,10000000
95.65,3.007,10000000
95.66,3.051,10000000
95.67,3.183,10000000
95.68,2.964,10000000
95.69,2.964,10000000
95.7,3.007,10000000
95.71,2.92,10000000
95.72,3.007,10000000
95.73,3.007,10000000
95.74,3.007,10000000
95.75,3.007,10000000
95.76,3.007,10000000
95.77,3.139,10000000
95.78,3.007,10000000
95.79,3.007,10000000
95.8,3.051,10000000
95.81,2.964,10000000
95.82,3.051,10000000
95.83,2.92,10000000
95.84,2.92,10000000
95.85,3.139,10000000
95.86,3.051,10000000
95.87,3.051,10000000
95.88,3.051,10000000
95.89,3.007,10000000
95.9,3.183,10000000
95.91,3.051,10000000
95.92,3.007,10000000
95.93,2.92,10000000
95.94,3.095,10000000
95.95,2.964,10000000
95.96,3.095,10000000
95.97,3.095,10000000
95.98,3.139,10000000
95.99,3.095,10000000
96,2.964,10000000
96.01,3.139,10000000
96.02,3.007,10000000
96.03,3.183,10000000
96.04,3.095,10000000
96.05,3.007,10000000
96.06,3.095,10000000
96.07,2.92,10000000
96.08,3.051,10000000
96.09,3.007,10000000
96.1,3.183,10000000
96.11,3.007,10000000
96.12,3.139,10000000
96.13,3.139,10000000
96.14,3.139,10000000
96.15,3.051,10000000
96.16,3.095,10000000
96.17,3.007,10000000
96.18,3.007,10000000
96.19,2.92,10000000
96.2,3.095,10000000
96.21,3.139,10000000
96.22,2.832,10000000
96.23,3.051,10000000
96.24,2.832,10000000
96.25,2.92,10000000
96.26,3.139,10000000
96.27,3.007,10000000
96.28,3.139,10000000
96.29,3.007,10000000
96.3,3.095,10000000
96.31,2.92,10000000
96.32,3.007,10000000
96.33,3.051,10000000
96.34,3.051,10000000
96.35,2.964,10000000
96.36,2.92,10000000
96.37,2.92,10000000
96.38,2.92,10000000
96.39,3.095,10000000
96.4,2.964,10000000
96.41,3.095,10000000
96.42,2.92,10000000
96.43,2.876,10000000
96.44,2.964,10000000
96.45,3.007,10000000
96.46,3.007,10000000
96.47,2.964,10000000
96.48,3.007,10000000
96.49,3.007,10000000
96.5,3.007,10000000
96.51,3.007,10000000
96.52,3.139,10000000
96.53,2.832,10000000
96.54,3.139,10000000
96.55,3.007,10000000
96.56,2.744,10000000
96.57,2.964,10000000
96.58,3.007,10000000
96.59,2.92,10000000
96.6,2.964,10000000
96.61,2.964,10000000
96.62,2.876,10000000
96.63,2.964,10000000
96.64,3.007,10000000
96.65,2.964,10000000
96.66,2.92,10000000
96.67,3.139,10000000
96.68,2.92,10000000
96.69,3.095,10000000
96.7,3.051,10000000
96.71,2.92,10000000
96.72,2.964,10000000
96.73,2.92,10000000
96.74,2.964,10000000
96.75,2.964,10000000
96.76,3.095,10000000
96.77,3.051,10000000
96.78,3.183,10000000
96.79,3.095,10000000
96.8,3.359,10000000
96.81,3.227,10000000
96.82,3.183,10000000
96.83,3.095,10000000
96.84,3.051,10000000
96.85,3.007,10000000
96.86,2.832,10000000
96.87,3.139,10000000
96.88,3.095,10000000
96.89,3.139,10000000
96.9,2.876,10000000
96.91,3.095,10000000
96.92,2.92,10000000
96.93,2.832,10000000
96.94,2.964,10000000
96.95,2.92,10000000
96.96,3.007,10000000
96.97,2.964,10000000
96.98,3.139,10000000
96.99,3.051,10000000
97,3.139,10000000
97.01,3.095,10000000
97.02,3.007,10000000
97.03,3.051,10000000
97.04,3.051,10000000
97.05,2.964,10000000
97.06,3.139,10000000
97.07,2.964,10000000
97.08,3.183,10000000
97.09,3.139,10000000
97.1,2.964,10000000
97.11,2.964,10000000
97.12,3.007,10000000
97.13,2.92,10000000
97.14,3.051,10000000
97.15,2.876,10000000
97.16,3.051,10000000
97.17,3.095,10000000
97.18,3.139,10000000
97.19,2.876,10000000
97.2,2.92,10000000
97.21,2.92,10000000
97.22,2.964,10000000
97.23,3.183,10000000
97.24,3.095,10000000
97.25,3.095,10000000
97.26,2.876,10000000
97.27,2.832,10000000
97.28,2.964,10000000
97.29,3.007,10000000
97.3,3.007,10000000
97.31,3.007,10000000
97.32,2.964,10000000
97.33,2.876,10000000
97.34,2.92,10000000
97.35,3.051,10000000
97.36,3.051,10000000
97.37,2.876,10000000
97.38,3.051,10000000
97.39,2.92,10000000
97.4,3.051,10000000
97.41,2.964,10000000
97.42,3.051,10000000
97.43,3.007,10000000
97.44,3.051,10000000
97.45,2.876,10000000
97.46,3.007,10000000
97.47,2.964,10000000
97.48,3.095,10000000
97.49,3.007,10000000
97.5,3.051,10000000
97.51,3.139,10000000
97.52,3.183,10000000
97.53,3.315,10000000
97.54,3.139,10000000
97.55,3.051,10000000
97.56,3.007,10000000
97.57,3.095,10000000
97.58,3.139,10000000
97.59,3.139,10000000
97.6,3.051,10000000
97.61,3.007,10000000
97.62,3.007,10000000
97.63,2.876,10000000
97.64,3.007,10000000
97.65,3.051,10000000
97.66,3.183,10000000
97.67,3.183,10000000
97.68,3.051,10000000
97.69,3.095,10000000
97.7,3.183,10000000
97.71,3.051,10000000
97.72,2.92,10000000
97.73,3.007,10000000
97.74,3.007,10000000
97.75,2.964,10000000
97.76,2.92,10000000
97.77,2.964,10000000
97.78,2.964,10000000
97.79,2.964,10000000
97.8,3.051,10000000
97.81,3.051,10000000
97.82,2.92,10000000
97.83,3.007,10000000
97.84,2.964,10000000
97.85,3.095,10000000
97.86,2.964,10000000
97.87,2.964,10000000
97.88,3.007,10000000
97.89,2.92,10000000
97.9,3.051,10000000
97.91,3.007,10000000
97.92,3.007,10000000
97.93,3.139,10000000
97.94,3.095,10000000
97.95,3.139,10000000
97.96,3.007,10000000
97.97,3.139,10000000
97.98,3.139,10000000
97.99,3.139,10000000
98,3.007,10000000
98.01,2.92,10000000
98.02,3.051,10000000
98.03,2.92,10000000
98.04,3.007,10000000
98.05,2.92,10000000
98.06,3.051,10000000
98.07,3.095,10000000
98.08,3.007,10000000
98.09,3.007,10000000
98.1,3.051,10000000
98.11,2.92,10000000
98.12,3.051,10000000
98.13,3.051,10000000
98.14,3.139,10000000
98.15,3.007,10000000
98.16,3.095,10000000
98.17,2.92,10000000
98.18,3.139,10000000
98.19,3.051,10000000
98.2,3.095,10000000
98.21,3.051,10000000
98.22,3.139,10000000
98.23,2.964,10000000
98.24,3.007,10000000
98.25,3.051,10000000
98.26,3.095,10000000
98.27,2.964,10000000
98.28,2.964,10000000
98.29,2.92,10000000
98.3,2.92,10000000
98.31,2.964,10000000
98.32,3.051,10000000
98.33,3.051,10000000
98.34,2.964,10000000
98.35,3.271,10000000
98.36,3.095,10000000
98.37,2.964,10000000
98.38,3.139,10000000
98.39,3.051,10000000
98.4,2.876,10000000
98.41,2.832,10000000
98.42,3.007,10000000
98.43,3.051,10000000
98.44,3.095,10000000
98.45,3.007,10000000
98.46,3.095,10000000
98.47,3.139,10000000
98.48,3.051,10000000
98.49,3.007,10000000
98.5,3.051,10000000
98.51,3.139,10000000
98.52,3.095,10000000
98.53,3.051,10000000
98.54,3.007,10000000
98.55,3.007,10000000
98.56,2.92,10000000
98.57,2.964,10000000
98.58,3.051,10000000
98.59,3.007,10000000
98.6,3.095,10000000
98.61,3.139,10000000
98.62,3.095,10000000
98.63,3.051,10000000
98.64,3.007,10000000
98.65,3.095,10000000
98.66,2.964,10000000
98.67,2.92,10000000
98.68,3.139,10000000
98.69,3.007,10000000
98.7,3.095,10000000
98.71,3.007,10000000
98.72,3.183,10000000
98.73,3.051,10000000
98.74,3.095,10000000
98.75,2.964,10000000
98.76,3.007,10000000
98.77,2.964,10000000
98.78,2.964,10000000
98.79,2.832,10000000
98.8,3.007,10000000
98.81,2.92,10000000
98.82,3.183,10000000
98.83,3.095,10000000
98.84,3.007,10000000
98.85,3.007,10000000
98.86,3.051,10000000
98.87,2.92,10000000
98.88,3.095,10000000
98.89,3.051,10000000
98.9,3.183,10000000
98.91,3.139,10000000
98.92,2.92,10000000
98.93,3.095,10000000
98.94,2.964,10000000
98.95,2.876,10000000
98.96,3.007,10000000
98.97,3.007,10000000
98.98,3.051,10000000
98.99,3.007,10000000
99,3.095,10000000
99.01,3.183,10000000
99.02,3.051,10000000
99.03,3.007,10000000
99.04,3.139,10000000
99.05,2.964,10000000
99.06,3.007,10000000
99.07,3.051,10000000
99.08,2.876,10000000
99.09,2.964,10000000
99.1,3.051,10000000
99.11,2.964,10000000
99.12,3.139,10000000
99.13,3.095,10000000
99.14,2.964,10000000
99.15,3.051,10000000
99.16,3.095,10000000
99.17,2.964,10000000
99.18,3.183,10000000
99.19,3.139,10000000
99.2,3.051,10000000
99.21,2.964,10000000
99.22,3.095,10000000
99.23,3.051,10000000
99.24,3.051,10000000
99.25,3.007,10000000
99.26,2.92,10000000
99.27,2.92,10000000
99.28,2.92,10000000
99.29,2.92,10000000
99.3,2.92,10000000
99.31,3.051,10000000
99.32,3.095,10000000
99.33,3.183,10000000
99.34,3.095,10000000
99.35,3.139,10000000
99.36,3.227,10000000
99.37,3.095,10000000
99.38,3.139,10000000
99.39,3.139,10000000
99.4,3.183,10000000
99.41,3.007,10000000
99.42,3.051,10000000
99.43,2.876,10000000
99.44,3.139,10000000
99.45,3.051,10000000
99.46,2.964,10000000
99.47,3.183,10000000
99.48,3.139,10000000
99.49,3.139,10000000
99.5,3.051,10000000
99.51,2.92,10000000
99.52,2.964,10000000
99.53,2.964,10000000
99.54,3.095,10000000
99.55,3.051,10000000
99.56,2.964,10000000
99.57,2.832,10000000
99.58,3.139,10000000
99.59,3.051,10000000
99.6,3.095,10000000
99.61,3.051,10000000
99.62,3.007,10000000
99.63,3.051,10000000
99.64,3.095,10000000
99.65,3.051,10000000
99.66,3.007,10000000
99.67,3.051,10000000
99.68,3.139,10000000
99.69,2.964,10000000
99.7,2.964,10000000
99.71,3.051,10000000
99.72,2.964,10000000
99.73,3.051,10000000
99.74,3.051,10000000
99.75,3.007,10000000
99.76,3.095,10000000
99.77,3.051,10000000
99.78,2.876,10000000
99.79,3.139,10000000
99.8,3.095,10000000
99.81,3.051,10000000
99.82,2.964,10000000
99.83,3.007,10000000
99.84,3.051,10000000
99.85,2.92,10000000
99.86,3.095,10000000
99.87,2.92,10000000
99.88,3.051,10000000
99.89,3.315,10000000
99.9,3.095,10000000
99.91,3.007,10000000
99.92,2.964,10000000
99.93,2.92,10000000
99.94,3.051,10000000
99.95,2.876,10000000
99.96,2.92,10000000
99.97,3.007,10000000
99.98,2.92,10000000
99.99,3.095,10000000
100,2.92,10000000
100.01,3.007,10000000
100.02,3.095,10000000
100.03,3.095,10000000
100.04,3.139,10000000
100.05,3.139,10000000
100.06,3.095,10000000
100.07,3.095,10000000
100.08,3.095,10000000
100.09,3.095,10000000
100.1,3.139,10000000
100.11,3.007,10000000
100.12,3.095,10000000
100.13,3.007,10000000
100.14,3.007,10000000
100.15,3.095,10000000
100.16,3.095,10000000
100.17,3.007,10000000
100.18,2.92,10000000
100.19,3.051,10000000
100.2,3.095,10000000
100.21,3.095,10000000
100.22,3.183,10000000
100.23,2.832,10000000
100.24,3.051,10000000
100.25,3.139,10000000
100.26,3.095,10000000
100.27,3.227,10000000
100.28,3.051,10000000
100.29,3.139,10000000
100.3,3.139,10000000
100.31,3.051,10000000
100.32,2.964,10000000
100.33,3.139,10000000
100.34,3.095,10000000
100.35,3.095,10000000
100.36,3.007,10000000
100.37,2.92,10000000
100.38,3.139,10000000
100.39,3.051,10000000
100.4,3.139,10000000
100.41,3.007,10000000
100.42,3.007,10000000
100.43,2.92,10000000
100.44,3.007,10000000
100.45,3.139,10000000
100.46,3.007,10000000
100.47,2.876,10000000
100.48,3.183,10000000
100.49,3.095,10000000
100.5,3.315,10000000
100.51,3.139,10000000
100.52,3.007,10000000
100.53,3.007,10000000
100.54,2.964,10000000
100.55,2.92,10000000
100.56,3.095,10000000
100.57,3.007,10000000
100.58,3.007,10000000
100.59,3.139,10000000
100.6,3.095,10000000
100.61,3.227,10000000
100.62,3.007,10000000
100.63,3.007,10000000
100.64,3.139,10000000
100.65,3.051,10000000
100.66,3.139,10000000
100.67,3.095,10000000
100.68,3.051,10000000
100.69,3.051,10000000
100.7,3.007,10000000
100.71,3.007,10000000
100.72,3.139,10000000
100.73,3.095,10000000
100.74,3.007,10000000
100.75,3.007,10000000
100.76,3.139,10000000
100.77,2.744,10000000
100.78,3.051,10000000
100.79,3.139,10000000
100.8,2.964,10000000
100.81,3.051,10000000
100.82,3.051,10000000
100.83,2.964,10000000
100.84,3.095,10000000
100.85,2.964,10000000
100.86,2.964,10000000
100.87,3.095,10000000
100.88,2.964,10000000
100.89,2.92,10000000
100.9,3.007,10000000
100.91,3.051,10000000
100.92,3.007,10000000
100.93,3.183,10000000
100.94,3.227,10000000
100.95,3.007,10000000
100.96,2.92,10000000
100.97,3.095,10000000
100.98,3.007,10000000
100.99,3.183,10000000
101,3.051,10000000
101.01,2.964,10000000
101.02,3.095,10000000
101.03,3.183,10000000
101.04,3.183,10000000
101.05,3.007,10000000
101.06,2.92,10000000
101.07,3.007,10000000
101.08,2.964,10000000
101.09,2.964,10000000
101.1,3.139,10000000
101.11,2.92,10000000
101.12,2.92,10000000
101.13,2.964,10000000
101.14,2.92,10000000
101.15,3.007,10000000
101.16,2.964,10000000
101.17,3.095,10000000
101.18,3.007,10000000
101.19,2.964,10000000
101.2,3.051,10000000
101.21,3.007,10000000
101.22,2.964,10000000
101.23,3.183,10000000
101.24,3.095,10000000
101.25,3.139,10000000
101.26,2.964,10000000
101.27,3.139,10000000
101.28,3.095,10000000
101.29,3.007,10000000
101.3,2.92,10000000
101.31,3.139,10000000
101.32,3.095,10000000
101.33,3.271,10000000
101.34,3.227,10000000
101.35,3.183,10000000
101.36,3.139,10000000
101.37,3.183,10000000
101.38,3.139,10000000
101.39,3.227,10000000
101.4,3.007,10000000
101.41,3.183,10000000
101.42,3.139,10000000
101.43,3.051,10000000
101.44,3.139,10000000
101.45,3.051,10000000
101.46,3.139,10000000
101.47,2.964,10000000
101.48,2.92,10000000
101.49,3.051,10000000
101.5,3.051,10000000
101.51,3.139,10000000
101.52,3.095,10000000
101.53,3.139,10000000
101.54,2.876,10000000
101.55,2.876,10000000
101.56,3.051,10000000
101.57,3.007,10000000
101.58,2.92,10000000
101.59,2.92,10000000
101.6,3.007,10000000
101.61,2.92,10000000
101.62,3.095,10000000
101.63,2.964,10000000
101.64,3.007,10000000
101.65,2.92,10000000
101.66,2.964,10000000
101.67,3.095,10000000
101.68,3.139,10000000
101.69,3.007,10000000
101.7,3.095,10000000
101.71,3.051,10000000
101.72,3.051,10000000
101.73,3.051,10000000
101.74,3.051,10000000
101.75,3.007,10000000
101.76,3.051,10000000
101.77,2.92,10000000
101.78,3.007,10000000
101.79,3.051,10000000
101.8,3.227,10000000
101.81,3.051,10000000
101.82,2.92,10000000
101.83,2.832,10000000
101.84,3.095,10000000
101.85,3.095,10000000
101.86,3.051,10000000
101.87,3.051,10000000
101.88,3.095,10000000
101.89,3.051,10000000
101.9,2.92,10000000
101.91,3.183,10000000
101.92,2.964,10000000
101.93,2.964,10000000
101.94,3.095,10000000
101.95,3.095,10000000
101.96,3.095,10000000
101.97,3.007,10000000
101.98,3.095,10000000
101.99,3.095,10000000
102,3.007,10000000
102.01,3.139,10000000
102.02,3.007,10000000
102.03,3.139,10000000
102.04,3.007,10000000
102.05,3.139,10000000
102.06,3.139,10000000
102.07,3.007,10000000
102.08,3.227,10000000
102.09,3.095,10000000
102.1,3.051,10000000
102.11,3.095,10000000
102.12,3.095,10000000
102.13,3.183,10000000
102.14,3.095,10000000
102.15,2.92,10000000
102.16,2.964,10000000
102.17,3.139,10000000
102.18,3.007,10000000
102.19,3.007,10000000
102.2,3.051,10000000
102.21,3.139,10000000
102.22,3.007,10000000
102.23,2.964,10000000
102.24,2.92,10000000
102.25,2.876,10000000
102.26,3.007,10000000
102.27,2.92,10000000
102.28,2.92,10000000
102.29,3.007,10000000
102.3,3.227,10000000
102.31,3.051,10000000
102.32,3.139,10000000
102.33,2.92,10000000
102.34,3.095,10000000
102.35,2.92,10000000
102.36,3.051,10000000
102.37,2.92,10000000
102.38,3.051,10000000
102.39,3.007,10000000
102.4,3.095,10000000
102.41,3.007,10000000
102.42,3.051,10000000
102.43,3.007,10000000
102.44,3.139,10000000
102.45,3.139,10000000
102.46,3.095,10000000
102.47,3.227,10000000
102.48,2.92,10000000
102.49,3.051,10000000
102.5,3.051,10000000
102.51,3.007,10000000
102.52,2.92,10000000
102.53,3.139,10000000
102.54,3.095,10000000
102.55,3.051,10000000
102.56,3.007,10000000
102.57,2.92,10000000
102.58,3.051,10000000
102.59,3.007,10000000
102.6,2.92,10000000
102.61,3.095,10000000
102.62,3.007,10000000
102.63,3.095,10000000
102.64,3.051,10000000
102.65,3.095,10000000
102.66,3.139,10000000
102.67,3.007,10000000
102.68,2.92,10000000
102.69,3.139,10000000
102.7,3.139,10000000
102.71,2.92,10000000
102.72,2.92,10000000
102.73,2.92,10000000
102.74,3.007,10000000
102.75,2.92,10000000
102.76,2.92,10000000
102.77,3.007,10000000
102.78,3.051,10000000
102.79,2.964,10000000
102.8,3.139,10000000
102.81,2.964,10000000
102.82,2.964,10000000
102.83,2.92,10000000
102.84,3.007,10000000
102.85,3.051,10000000
102.86,2.964,10000000
102.87,2.92,10000000
102.88,3.095,10000000
102.89,3.051,10000000
102.9,3.095,10000000
102.91,3.051,10000000
102.92,3.139,10000000
102.93,2.832,10000000
102.94,2.964,10000000
102.95,3.007,10000000
102.96,3.051,10000000
102.97,3.051,10000000
102.98,2.964,10000000
102.99,3.095,10000000
103,2.964,10000000
103.01,2.92,10000000
103.02,2.832,10000000
103.03,3.095,10000000
103.04,3.051,10000000
103.05,3.051,10000000
103.06,3.007,10000000
103.07,2.92,10000000
103.08,3.007,10000000
103.09,3.051,10000000
103.1,3.007,10000000
103.11,3.051,10000000
103.12,3.051,10000000
103.13,3.007,10000000
103.14,2.92,10000000
103.15,3.095,10000000
103.16,3.139,10000000
103.17,3.095,10000000
103.18,2.92,10000000
103.19,3.051,10000000
103.2,3.051,10000000
103.21,3.051,10000000
103.22,3.051,10000000
103.23,3.139,10000000
103.24,2.92,10000000
103.25,2.964,10000000
103.26,3.095,10000000
103.27,3.271,10000000
103.28,3.139,10000000
103.29,3.095,10000000
103.3,3.051,10000000
103.31,3.183,10000000
103.32,3.139,10000000
103.33,3.183,10000000
103.34,3.007,10000000
103.35,3.139,10000000
103.36,3.095,10000000
103.37,3.183,10000000
103.38,3.051,10000000
103.39,2.964,10000000
103.4,3.095,10000000
103.41,2.92,10000000
103.42,2.92,10000000
103.43,2.92,10000000
103.44,2.964,10000000
103.45,3.007,10000000
103.46,2.92,10000000
103.47,2.92,10000000
103.48,3.139,10000000
103.49,3.007,10000000
103.5,3.007,10000000
103.51,3.139,10000000
103.52,3.139,10000000
103.53,3.051,10000000
103.54,3.139,10000000
103.55,3.051,10000000
103.56,3.095,10000000
103.57,2.92,10000000
103.58,2.964,10000000
103.59,3.051,10000000
103.6,3.007,10000000
103.61,3.095,10000000
103.62,3.007,10000000
103.63,3.095,10000000
103.64,2.964,10000000
103.65,3.007,10000000
103.66,3.007,10000000
103.67,3.051,10000000
103.68,2.964,10000000
103.69,3.007,10000000
103.7,3.051,10000000
103.71,3.139,10000000
103.72,2.964,10000000
103.73,3.051,10000000
103.74,3.007,10000000
103.75,3.007,10000000
103.76,3.139,10000000
103.77,3.139,10000000
103.78,3.139,10000000
103.79,3.051,10000000
103.8,3.007,10000000
103.81,3.095,10000000
103.82,3.139,10000000
103.83,3.007,10000000
103.84,3.095,10000000
103.85,3.007,10000000
103.86,3.095,10000000
103.87,2.876,10000000
103.88,3.051,10000000
103.89,2.876,10000000
103.9,3.051,10000000
103.91,2.964,10000000
103.92,3.139,10000000
103.93,3.007,10000000
103.94,2.964,10000000
103.95,3.095,10000000
103.96,3.183,10000000
103.97,3.139,10000000
103.98,3.051,10000000
103.99,3.095,10000000
104,3.051,10000000
104.01,3.095,10000000
104.02,3.095,10000000
104.03,2.92,10000000
104.04,3.095,10000000
104.05,3.007,10000000
104.06,3.051,10000000
104.07,3.051,10000000
104.08,2.964,10000000
104.09,2.876,10000000
104.1,2.92,10000000
104.11,3.051,10000000
104.12,3.227,10000000
104.13,3.139,10000000
104.14,3.139,10000000
104.15,3.227,10000000
104.16,3.139,10000000
104.17,3.051,10000000
104.18,3.139,10000000
104.19,3.051,10000000
104.2,3.051,10000000
104.21,2.92,10000000
104.22,3.139,10000000
104.23,3.007,10000000
104.24,3.095,10000000
104.25,2.876,10000000
104.26,3.007,10000000
104.27,2.964,10000000
104.28,3.051,10000000
104.29,2.92,10000000
104.3,2.964,10000000
104.31,2.876,10000000
104.32,3.051,10000000
104.33,2.92,10000000
104.34,2.92,10000000
104.35,3.007,10000000
104.36,2.964,10000000
104.37,3.095,10000000
104.38,2.964,10000000
104.39,2.92,10000000
104.4,3.095,10000000
104.41,3.051,10000000
104.42,3.095,10000000
104.43,2.92,10000000
104.44,2.92,10000000
104.45,3.007,10000000
104.46,3.051,10000000
104.47,3.007,10000000
104.48,2.876,10000000
104.49,3.051,10000000
104.5,2.92,10000000
104.51,2.92,10000000
104.52,3.007,10000000
104.53,3.095,10000000
104.54,3.183,10000000
104.55,3.007,10000000
104.56,3.051,10000000
104.57,3.139,10000000
104.58,3.095,10000000
104.59,3.051,10000000
104.6,3.007,10000000
104.61,2.964,10000000
104.62,2.92,10000000
104.63,3.139,10000000
104.64,2.964,10000000
104.65,2.964,10000000
104.66,2.92,10000000
104.67,3.095,10000000
104.68,3.007,10000000
104.69,3.095,10000000
104.7,3.007,10000000
104.71,3.051,10000000
104.72,3.007,10000000
104.73,2.92,10000000
104.74,2.964,10000000
104.75,3.007,10000000
104.76,3.051,10000000
104.77,3.007,10000000
104.78,2.964,10000000
104.79,3.139,10000000
104.8,3.139,10000000
104.81,3.095,10000000
104.82,3.227,10000000
104.83,3.227,10000000
104.84,3.007,10000000
104.85,3.095,10000000
104.86,2.876,10000000
104.87,3.095,10000000
104.88,2.964,10000000
104.89,3.095,10000000
104.9,3.007,10000000
104.91,3.007,10000000
104.92,2.964,10000000
104.93,3.007,10000000
104.94,2.876,10000000
104.95,3.051,10000000
104.96,3.051,10000000
104.97,3.051,10000000
104.98,3.051,10000000
104.99,3.007,10000000
105,3.227,10000000
105.01,3.139,10000000
105.02,2.92,10000000
105.03,3.051,10000000
105.04,3.007,10000000
105.05,3.007,10000000
105.06,3.139,10000000
105.07,3.007,10000000
105.08,2.92,10000000
105.09,3.051,10000000
105.1,3.095,10000000
105.11,3.139,10000000
105.12,3.007,10000000
105.13,3.139,10000000
105.14,3.051,10000000
105.15,3.007,10000000
105.16,3.095,10000000
105.17,2.92,10000000
105.18,2.964,10000000
105.19,3.095,10000000
105.2,3.051,10000000
105.21,2.964,10000000
105.22,3.051,10000000
105.23,2.964,10000000
105.24,3.051,10000000
105.25,2.92,10000000
105.26,3.051,10000000
105.27,3.139,10000000
105.28,3.051,10000000
105.29,3.007,10000000
105.3,3.095,10000000
105.31,3.139,10000000
105.32,3.007,10000000
105.33,3.051,10000000
105.34,3.095,10000000
105.35,3.139,10000000
105.36,3.051,10000000
105.37,3.051,10000000
105.38,3.007,10000000
105.39,3.007,10000000
105.4,3.051,10000000
105.41,3.095,10000000
105.42,2.92,10000000
105.43,2.964,10000000
105.44,3.007,10000000
105.45,3.051,10000000
105.46,3.095,10000000
105.47,3.095,10000000
105.48,2.92,10000000
105.49,3.007,10000000
105.5,3.007,10000000
105.51,3.007,10000000
105.52,2.964,10000000
105.53,2.964,10000000
105.54,2.92,10000000
105.55,2.964,10000000
105.56,3.007,10000000
105.57,3.139,10000000
105.58,3.051,10000000
105.59,2.964,10000000
105.6,2.964,10000000
105.61,2.92,10000000
105.62,3.007,10000000
105.63,3.051,10000000
105.64,3.095,10000000
105.65,3.139,10000000
105.66,3.051,10000000
105.67,3.095,10000000
105.68,3.007,10000000
105.69,3.139,10000000
105.7,2.964,10000000
105.71,3.095,10000000
105.72,3.139,10000000
105.73,2.92,10000000
105.74,3.007,10000000
105.75,3.051,10000000
105.76,3.007,10000000
105.77,3.051,10000000
105.78,2.964,10000000
105.79,3.095,10000000
105.8,3.095,10000000
105.81,3.007,10000000
105.82,3.007,10000000
105.83,3.007,10000000
105.84,3.051,10000000
105.85,2.964,10000000
105.86,3.051,10000000
105.87,3.051,10000000
105.88,3.007,10000000
105.89,3.051,10000000
105.9,3.007,10000000
105.91,2.92,10000000
105.92,3.051,10000000
105.93,2.832,10000000
105.94,2.964,10000000
105.95,2.964,10000000
105.96,3.183,10000000
105.97,3.095,10000000
105.98,3.007,10000000
105.99,3.139,10000000
106,3.139,10000000
106.01,3.139,10000000
106.02,2.964,10000000
106.03,3.095,10000000
106.04,3.007,10000000
106.05,3.007,10000000
106.06,3.051,10000000
106.07,2.964,10000000
106.08,2.964,10000000
106.09,3.007,10000000
106.1,2.832,10000000
106.11,2.964,10000000
106.12,2.964,10000000
106.13,2.92,10000000
106.14,3.095,10000000
106.15,2.92,10000000
106.16,2.964,10000000
106.17,2.92,10000000
106.18,3.007,10000000
106.19,3.139,10000000
106.2,3.139,10000000
106.21,2.832,10000000
106.22,3.051,10000000
106.23,2.964,10000000
106.24,3.051,10000000
106.25,2.964,10000000
106.26,3.051,10000000
106.27,3.051,10000000
106.28,3.095,10000000
106.29,3.007,10000000
106.3,2.964,10000000
106.31,3.007,10000000
106.32,3.095,10000000
106.33,3.139,10000000
106.34,3.051,10000000
106.35,2.964,10000000
106.36,3.139,10000000
106.37,3.139,10000000
106.38,3.095,10000000
106.39,3.051,10000000
106.4,3.007,10000000
106.41,3.007,10000000
106.42,3.051,10000000
106.43,3.139,10000000
106.44,3.095,10000000
106.45,3.095,10000000
106.46,3.139,10000000
106.47,3.051,10000000
106.48,3.007,10000000
106.49,2.92,10000000
106.5,3.051,10000000
106.51,3.051,10000000
106.52,3.139,10000000
106.53,3.139,10000000
106.54,3.139,10000000
106.55,3.139,10000000
106.56,3.139,10000000
106.57,3.183,10000000
106.58,3.095,10000000
106.59,3.183,10000000
106.6,2.92,10000000
106.61,3.051,10000000
106.62,3.271,10000000
106.63,3.227,10000000
106.64,3.315,10000000
106.65,3.139,10000000
106.66,2.964,10000000
106.67,3.007,10000000
106.68,3.139,10000000
106.69,3.051,10000000
106.7,3.051,10000000
106.71,3.051,10000000
106.72,2.964,10000000
106.73,3.051,10000000
106.74,3.051,10000000
106.75,3.095,10000000
106.76,3.051,10000000
106.77,2.92,10000000
106.78,3.095,10000000
106.79,3.007,10000000
106.8,2.832,10000000
106.81,3.007,10000000
106.82,2.788,10000000
106.83,3.139,10000000
106.84,2.832,10000000
106.85,3.007,10000000
106.86,2.964,10000000
106.87,3.139,10000000
106.88,3.007,10000000
106.89,2.964,10000000
106.9,3.095,10000000
106.91,3.051,10000000
106.92,3.051,10000000
106.93,3.051,10000000
106.94,3.007,10000000
106.95,3.183,10000000
106.96,3.095,10000000
106.97,3.095,10000000
106.98,3.007,10000000
106.99,2.964,10000000
107,3.051,10000000
107.01,2.92,10000000
107.02,2.92,10000000
107.03,3.095,10000000
107.04,3.051,10000000
107.05,2.964,10000000
107.06,3.051,10000000
107.07,3.095,10000000
107.08,3.139,10000000
107.09,3.139,10000000
107.1,2.92,10000000
107.11,3.095,10000000
107.12,3.095,10000000
107.13,3.051,10000000
107.14,2.964,10000000
107.15,3.095,10000000
107.16,2.92,10000000
107.17,3.095,10000000
107.18,3.095,10000000
107.19,3.095,10000000
107.2,3.051,10000000
107.21,3.095,10000000
107.22,3.095,10000000
107.23,2.92,10000000
107.24,3.095,10000000
107.25,3.139,10000000
107.26,2.964,10000000
107.27,3.007,10000000
107.28,2.92,10000000
107.29,3.051,10000000
107.3,3.139,10000000
107.31,3.007,10000000
107.32,2.964,10000000
107.33,3.007,10000000
107.34,3.007,10000000
107.35,3.051,10000000
107.36,3.139,10000000
107.37,3.095,10000000
107.38,3.051,10000000
107.39,3.051,10000000
107.4,3.007,10000000
107.41,2.92,10000000
107.42,3.051,10000000
107.43,2.92,10000000
107.44,3.095,10000000
107.45,3.007,10000000
107.46,3.007,10000000
107.47,3.095,10000000
107.48,2.964,10000000
107.49,2.92,10000000
107.5,2.92,10000000
107.51,2.832,10000000
107.52,3.139,10000000
107.53,3.227,10000000
107.54,3.051,10000000
107.55,3.095,10000000
107.56,3.095,10000000
107.57,3.139,10000000
107.58,3.051,10000000
107.59,3.183,10000000
107.6,3.227,10000000
107.61,3.051,10000000
107.62,3.139,10000000
107.63,3.051,10000000
107.64,3.095,10000000
107.65,2.92,10000000
107.66,3.007,10000000
107.67,3.007,10000000
107.68,3.095,10000000
107.69,3.051,10000000
107.7,3.007,10000000
107.71,3.051,10000000
107.72,3.007,10000000
107.73,3.095,10000000
107.74,3.007,10000000
107.75,3.095,10000000
107.76,2.92,10000000
107.77,3.051,10000000
107.78,2.964,10000000
107.79,3.007,10000000
107.8,3.095,10000000
107.81,3.051,10000000
107.82,2.964,10000000
107.83,3.007,10000000
107.84,3.183,10000000
107.85,3.051,10000000
107.86,3.095,10000000
107.87,2.964,10000000
107.88,3.139,10000000
107.89,3.139,10000000
107.9,3.139,10000000
107.91,3.051,10000000
107.92,3.007,10000000
107.93,3.051,10000000
107.94,3.227,10000000
107.95,2.964,10000000
107.96,3.095,10000000
107.97,2.964,10000000
107.98,2.964,10000000
107.99,2.964,10000000
108,3.183,10000000
108.01,2.964,10000000
108.02,2.964,10000000
108.03,3.095,10000000
108.04,3.007,10000000
108.05,2.92,10000000
108.06,2.92,10000000
108.07,2.92,10000000
108.08,3.007,10000000
108.09,3.095,10000000
108.1,3.051,10000000
108.11,3.227,10000000
108.12,3.139,10000000
108.13,2.964,10000000
108.14,3.007,10000000
108.15,2.964,10000000
108.16,3.139,10000000
108.17,2.92,10000000
108.18,3.051,10000000
108.19,3.095,10000000
108.2,2.964,10000000
108.21,3.051,10000000
108.22,3.051,10000000
108.23,2.964,10000000
108.24,2.964,10000000
108.25,3.139,10000000
108.26,2.964,10000000
108.27,2.92,10000000
108.28,3.051,10000000
108.29,2.92,10000000
108.3,3.007,10000000
108.31,3.139,10000000
108.32,3.007,10000000
108.33,2.964,10000000
108.34,3.007,10000000
108.35,3.051,10000000
108.36,2.876,10000000
108.37,3.007,10000000
108.38,3.051,10000000
108.39,3.183,10000000
108.4,3.095,10000000
108.41,3.051,10000000
108.42,3.095,10000000
108.43,3.183,10000000
108.44,3.139,10000000
108.45,3.051,10000000
108.46,3.139,10000000
108.47,3.051,10000000
108.48,3.139,10000000
108.49,3.095,10000000
108.5,2.964,10000000
108.51,3.051,10000000
108.52,2.92,10000000
108.53,3.095,10000000
108.54,3.095,10000000
108.55,3.183,10000000
108.56,3.227,10000000
108.57,2.92,10000000
108.58,3.051,10000000
108.59,3.051,10000000
108.6,3.183,10000000
108.61,3.183,10000000
108.62,3.007,10000000
108.63,3.051,10000000
108.64,2.92,10000000
108.65,3.007,10000000
108.66,2.964,10000000
108.67,3.139,10000000
108.68,3.051,10000000
108.69,3.051,10000000
108.7,3.095,10000000
108.71,3.051,10000000
108.72,2.92,10000000
108.73,2.92,10000000
108.74,3.183,10000000
108.75,2.964,10000000
108.76,3.139,10000000
108.77,3.139,10000000
108.78,3.183,10000000
108.79,2.832,10000000
108.8,3.007,10000000
108.81,3.139,10000000
108.82,3.095,10000000
108.83,2.92,10000000
108.84,2.876,10000000
108.85,3.007,10000000
108.86,2.92,10000000
108.87,3.051,10000000
108.88,3.007,10000000
108.89,3.051,10000000
108.9,2.964,10000000
108.91,3.051,10000000
108.92,3.051,10000000
108.93,3.007,10000000
108.94,3.095,10000000
108.95,3.051,10000000
108.96,3.139,10000000
108.97,3.095,10000000
108.98,3.139,10000000
108.99,3.139,10000000
109,3.095,10000000
109.01,3.007,10000000
109.02,2.964,10000000
109.03,3.227,10000000
109.04,2.964,10000000
109.05,3.183,10000000
109.06,3.183,10000000
109.07,3.227,10000000
109.08,3.183,10000000
109.09,3.095,10000000
109.1,2.92,10000000
109.11,3.007,10000000
109.12,3.007,10000000
109.13,3.139,10000000
109.14,3.051,10000000
109.15,3.007,10000000
109.16,3.051,10000000
109.17,3.007,10000000
109.18,2.92,10000000
109.19,2.964,10000000
109.2,3.007,10000000
109.21,3.139,10000000
109.22,3.051,10000000
109.23,3.139,10000000
109.24,3.139,10000000
109.25,3.139,10000000
109.26,3.051,10000000
109.27,3.007,10000000
109.28,3.095,10000000
109.29,2.92,10000000
109.3,3.095,10000000
109.31,3.095,10000000
109.32,3.183,10000000
109.33,3.139,10000000
109.34,3.007,10000000
109.35,3.095,10000000
109.36,3.095,10000000
109.37,3.007,10000000
109.38,3.051,10000000
109.39,3.095,10000000
109.4,3.051,10000000
109.41,3.095,10000000
109.42,3.139,10000000
109.43,2.964,10000000
109.44,3.139,10000000
109.45,3.007,10000000
109.46,3.051,10000000
109.47,3.051,10000000
109.48,3.007,10000000
109.49,3.051,10000000
109.5,2.964,10000000
109.51,3.051,10000000
109.52,2.964,10000000
109.53,2.92,10000000
109.54,3.007,10000000
109.55,3.051,10000000
109.56,3.051,10000000
109.57,3.051,10000000
109.58,3.139,10000000
109.59,2.964,10000000
109.6,3.007,10000000
109.61,2.92,10000000
109.62,3.139,10000000
109.63,3.139,10000000
109.64,3.183,10000000
109.65,3.051,10000000
109.66,3.095,10000000
109.67,3.139,10000000
109.68,3.227,10000000
109.69,3.139,10000000
109.7,3.095,10000000
109.71,3.007,10000000
109.72,3.051,10000000
109.73,2.876,10000000
109.74,3.139,10000000
109.75,3.139,10000000
109.76,3.051,10000000
109.77,2.92,10000000
109.78,3.139,10000000
109.79,3.007,10000000
109.8,3.139,10000000
109.81,3.139,10000000
109.82,3.007,10000000
109.83,3.095,10000000
109.84,3.183,10000000
109.85,3.051,10000000
109.86,3.139,10000000
109.87,2.92,10000000
109.88,3.007,10000000
109.89,2.964,10000000
109.9,3.007,10000000
109.91,2.832,10000000
109.92,2.964,10000000
109.93,3.095,10000000
109.94,3.007,10000000
109.95,3.051,10000000
109.96,3.051,10000000
109.97,3.139,10000000
109.98,3.139,10000000
109.99,2.964,10000000
110,3.095,10000000
110.01,3.051,10000000
110.02,3.007,10000000
110.03,2.92,10000000
110.04,2.92,10000000
110.05,2.92,10000000
110.06,2.964,10000000
110.07,3.051,10000000
110.08,3.139,10000000
110.09,3.051,10000000
110.1,3.139,10000000
110.11,3.139,10000000
110.12,3.139,10000000
110.13,3.007,10000000
110.14,2.92,10000000
110.15,2.964,10000000
110.16,3.051,10000000
110.17,3.007,10000000
110.18,3.007,10000000
110.19,3.051,10000000
110.2,3.007,10000000
110.21,3.051,10000000
110.22,3.095,10000000
110.23,3.227,10000000
110.24,3.095,10000000
110.25,3.183,10000000
110.26,3.139,10000000
110.27,3.095,10000000
110.28,3.139,10000000
110.29,3.051,10000000
110.3,3.095,10000000
110.31,2.92,10000000
110.32,2.964,10000000
110.33,2.92,10000000
110.34,2.92,10000000
110.35,3.007,10000000
110.36,2.964,10000000
110.37,3.051,10000000
110.38,3.139,10000000
110.39,3.007,10000000
110.4,3.183,10000000
110.41,3.095,10000000
110.42,3.007,10000000
110.43,3.139,10000000
110.44,3.051,10000000
110.45,3.007,10000000
110.46,3.139,10000000
110.47,3.007,10000000
110.48,3.051,10000000
110.49,3.095,10000000
110.5,3.007,10000000
110.51,3.139,10000000
110.52,3.095,10000000
110.53,3.007,10000000
110.54,3.007,10000000
110.55,3.139,10000000
110.56,3.095,10000000
110.57,2.92,10000000
110.58,3.007,10000000
110.59,3.139,10000000
110.6,3.183,10000000
110.61,3.007,10000000
110.62,3.139,10000000
110.63,3.139,10000000
110.64,3.183,10000000
110.65,3.095,10000000
110.66,3.051,10000000
110.67,3.095,10000000
110.68,3.051,10000000
110.69,2.92,10000000
110.7,3.007,10000000
110.71,2.964,10000000
110.72,3.007,10000000
110.73,3.139,10000000
110.74,3.139,10000000
110.75,2.964,10000000
110.76,2.964,10000000
110.77,2.964,10000000
110.78,2.92,10000000
110.79,2.964,10000000
110.8,3.007,10000000
110.81,3.095,10000000
110.82,3.007,10000000
110.83,3.095,10000000
110.84,3.095,10000000
110.85,3.095,10000000
110.86,3.051,10000000
110.87,3.007,10000000
110.88,3.051,10000000
110.89,3.227,10000000
110.9,3.095,10000000
110.91,3.315,10000000
110.92,3.007,10000000
110.93,3.139,10000000
110.94,3.007,10000000
110.95,2.92,10000000
110.96,2.92,10000000
110.97,2.832,10000000
110.98,2.92,10000000
110.99,2.92,10000000
111,2.964,10000000
111.01,3.095,10000000
111.02,3.051,10000000
111.03,3.095,10000000
111.04,3.095,10000000
111.05,3.007,10000000
111.06,3.139,10000000
111.07,3.007,10000000
111.08,3.139,10000000
111.09,3.007,10000000
111.1,3.139,10000000
111.11,3.007,10000000
111.12,3.007,10000000
111.13,3.139,10000000
111.14,3.095,10000000
111.15,3.095,10000000
111.16,3.095,10000000
111.17,3.007,10000000
111.18,2.964,10000000
111.19,3.095,10000000
111.2,3.051,10000000
111.21,3.139,10000000
111.22,3.183,10000000
111.23,3.139,10000000
111.24,3.051,10000000
111.25,3.051,10000000
111.26,2.964,10000000
111.27,2.964,10000000
111.28,3.051,10000000
111.29,2.92,10000000
111.3,3.051,10000000
111.31,3.139,10000000
111.32,3.007,10000000
111.33,3.007,10000000
111.34,3.007,10000000
111.35,3.007,10000000
111.36,2.964,10000000
111.37,2.92,10000000
111.38,3.095,10000000
111.39,3.051,10000000
111.4,2.964,10000000
111.41,3.095,10000000
111.42,2.92,10000000
111.43,3.007,10000000
111.44,2.964,10000000
111.45,3.051,10000000
111.46,2.964,10000000
111.47,3.139,10000000
111.48,3.139,10000000
111.49,3.139,10000000
111.5,2.964,10000000
111.51,3.139,10000000
111.52,3.139,10000000
111.53,3.095,10000000
111.54,3.095,10000000
111.55,3.007,10000000
111.56,3.139,10000000
111.57,3.051,10000000
111.58,3.139,10000000
111.59,2.92,10000000
111.6,2.92,10000000
111.61,3.095,10000000
111.62,3.007,10000000
111.63,3.095,10000000
111.64,3.051,10000000
111.65,3.051,10000000
111.66,3.007,10000000
111.67,3.051,10000000
111.68,3.051,10000000
111.69,3.095,10000000
111.7,3.051,10000000
111.71,3.183,10000000
111.72,3.139,10000000
111.73,3.007,10000000
111.74,3.007,10000000
111.75,3.095,10000000
111.76,3.139,10000000
111.77,3.139,10000000
111.78,2.964,10000000
111.79,3.051,10000000
111.8,3.139,10000000
111.81,3.095,10000000
111.82,3.051,10000000
111.83,2.964,10000000
111.84,3.007,10000000
111.85,2.92,10000000
111.86,3.051,10000000
111.87,3.007,10000000
111.88,3.007,10000000
111.89,2.964,10000000
111.9,2.964,10000000
111.91,3.095,10000000
111.92,3.007,10000000
111.93,3.095,10000000
111.94,3.095,10000000
111.95,3.139,10000000
111.96,3.051,10000000
111.97,3.007,10000000
111.98,3.051,10000000
111.99,3.271,10000000
112,3.139,10000000
112.01,3.007,10000000
112.02,3.007,10000000
112.03,3.095,10000000
112.04,3.227,10000000
112.05,3.095,10000000
112.06,3.095,10000000
112.07,3.007,10000000
112.08,3.051,10000000
112.09,3.007,10000000
112.1,3.051,10000000
112.11,2.92,10000000
112.12,2.92,10000000
112.13,3.051,10000000
112.14,2.92,10000000
112.15,3.095,10000000
112.16,3.051,10000000
112.17,3.095,10000000
112.18,2.92,10000000
112.19,3.007,10000000
112.2,3.095,10000000
112.21,3.007,10000000
112.22,2.92,10000000
112.23,2.964,10000000
112.24,3.007,10000000
112.25,3.007,10000000
112.26,3.139,10000000
112.27,3.139,10000000
112.28,3.051,10000000
112.29,3.183,10000000
112.3,3.139,10000000
112.31,2.964,10000000
112.32,3.139,10000000
112.33,3.007,10000000
112.34,3.139,10000000
112.35,2.92,10000000
112.36,3.139,10000000
112.37,3.051,10000000
112.38,3.183,10000000
112.39,3.183,10000000
112.4,3.007,10000000
112.41,3.007,10000000
112.42,3.007,10000000
112.43,2.92,10000000
112.44,3.051,10000000
112.45,3.227,10000000
112.46,3.139,10000000
112.47,2.92,10000000
112.48,3.051,10000000
112.49,3.007,10000000
112.5,2.876,10000000
112.51,3.095,10000000
112.52,3.007,10000000
112.53,2.92,10000000
112.54,2.832,10000000
112.55,3.007,10000000
112.56,3.095,10000000
112.57,3.095,10000000
112.58,3.095,10000000
112.59,3.095,10000000
112.6,2.92,10000000
112.61,3.095,10000000
112.62,3.007,10000000
112.63,3.051,10000000
112.64,3.095,10000000
112.65,3.139,10000000
112.66,3.095,10000000
112.67,3.095,10000000
112.68,2.92,10000000
112.69,2.964,10000000
112.7,2.964,10000000
112.71,3.095,10000000
112.72,3.139,10000000
112.73,3.139,10000000
112.74,3.051,10000000
112.75,3.007,10000000
112.76,3.007,10000000
112.77,3.051,10000000
112.78,3.007,10000000
112.79,2.92,10000000
112.8,3.007,10000000
112.81,2.92,10000000
112.82,3.051,10000000
112.83,3.139,10000000
112.84,3.051,10000000
112.85,2.964,10000000
112.86,3.007,10000000
112.87,3.139,10000000
112.88,2.964,10000000
112.89,3.227,10000000
112.9,3.007,10000000
112.91,3.007,10000000
112.92,3.051,10000000
112.93,3.007,10000000
112.94,2.964,10000000
112.95,2.964,10000000
112.96,2.92,10000000
112.97,3.051,10000000
112.98,3.139,10000000
112.99,2.964,10000000
113,2.92,10000000
113.01,3.095,10000000
113.02,2.964,10000000
113.03,2.92,10000000
113.04,3.139,10000000
113.05,3.095,10000000
113.06,3.095,10000000
113.07,3.051,10000000
113.08,3.183,10000000
113.09,3.007,10000000
113.1,3.095,10000000
113.11,2.832,10000000
113.12,3.095,10000000
113.13,3.139,10000000
113.14,3.227,10000000
113.15,2.964,10000000
113.16,3.007,10000000
113.17,3.183,10000000
113.18,3.051,10000000
113.19,3.139,10000000
113.2,3.139,10000000
113.21,3.051,10000000
113.22,3.095,10000000
113.23,3.139,10000000
113.24,2.92,10000000
113.25,3.007,10000000
113.26,3.139,10000000
113.27,2.964,10000000
113.28,3.095,10000000
113.29,3.139,10000000
113.3,3.139,10000000
113.31,3.007,10000000
113.32,3.139,10000000
113.33,3.095,10000000
113.34,3.095,10000000
113.35,3.139,10000000
113.36,3.095,10000000
113.37,3.051,10000000
113.38,3.139,10000000
113.39,3.007,10000000
113.4,3.139,10000000
113.41,3.051,10000000
113.42,3.051,10000000
113.43,3.051,10000000
113.44,3.139,10000000
113.45,3.139,10000000
113.46,3.095,10000000
113.47,3.007,10000000
113.48,3.095,10000000
113.49,3.139,10000000
113.5,3.095,10000000
113.51,3.051,10000000
113.52,2.964,10000000
113.53,3.139,10000000
113.54,3.051,10000000
113.55,2.92,10000000
113.56,3.051,10000000
113.57,3.095,10000000
113.58,3.095,10000000
113.59,3.095,10000000
113.6,3.227,10000000
113.61,3.183,10000000
113.62,3.095,10000000
113.63,3.139,10000000
113.64,3.051,10000000
113.65,3.007,10000000
113.66,3.095,10000000
113.67,2.964,10000000
113.68,3.139,10000000
113.69,2.964,10000000
113.7,3.007,10000000
113.71,3.007,10000000
113.72,3.051,10000000
113.73,3.139,10000000
113.74,3.139,10000000
113.75,2.92,10000000
113.76,2.964,10000000
113.77,3.139,10000000
113.78,2.964,10000000
113.79,3.007,10000000
113.8,3.139,10000000
113.81,3.139,10000000
113.82,3.139,10000000
113.83,3.051,10000000
113.84,3.139,10000000
113.85,3.183,10000000
113.86,3.139,10000000
113.87,3.227,10000000
113.88,3.007,10000000
113.89,3.139,10000000
113.9,2.964,10000000
113.91,3.051,10000000
113.92,3.051,10000000
113.93,3.007,10000000
113.94,2.964,10000000
113.95,3.007,10000000
113.96,3.051,10000000
113.97,2.876,10000000
113.98,3.007,10000000
113.99,3.007,10000000
114,3.139,10000000
114.01,3.051,10000000
114.02,2.964,10000000
114.03,3.051,10000000
114.04,3.139,10000000
114.05,3.051,10000000
114.06,3.007,10000000
114.07,2.876,10000000
114.08,3.007,10000000
114.09,2.964,10000000
114.1,3.139,10000000
114.11,2.964,10000000
114.12,3.007,10000000
114.13,3.095,10000000
114.14,3.139,10000000
114.15,3.139,10000000
114.16,3.007,10000000
114.17,2.92,10000000
114.18,3.051,10000000
114.19,3.051,10000000
114.2,3.051,10000000
114.21,3.095,10000000
114.22,3.139,10000000
114.23,3.095,10000000
114.24,3.007,10000000
114.25,3.139,10000000
114.26,3.007,10000000
114.27,3.095,10000000
114.28,2.964,10000000
114.29,3.139,10000000
114.3,3.139,10000000
114.31,3.051,10000000
114.32,3.095,10000000
114.33,3.007,10000000
114.34,3.051,10000000
114.35,3.007,10000000
114.36,3.007,10000000
114.37,2.832,10000000
114.38,3.095,10000000
114.39,2.964,10000000
114.4,3.007,10000000
114.41,2.92,10000000
114.42,3.051,10000000
114.43,3.007,10000000
114.44,3.007,10000000
114.45,3.095,10000000
114.46,2.92,10000000
114.47,3.095,10000000
114.48,3.183,10000000
114.49,3.051,10000000
114.5,3.007,10000000
114.51,3.007,10000000
114.52,3.139,10000000
114.53,3.007,10000000
114.54,3.007,10000000
114.55,3.007,10000000
114.56,3.051,10000000
114.57,3.139,10000000
114.58,3.095,10000000
114.59,3.183,10000000
114.6,2.832,10000000
114.61,3.095,10000000
114.62,3.095,10000000
114.63,3.095,10000000
114.64,2.964,10000000
114.65,3.007,10000000
114.66,3.051,10000000
114.67,2.832,10000000
114.68,3.051,10000000
114.69,3.051,10000000
114.7,3.051,10000000
114.71,3.051,10000000
114.72,3.051,10000000
114.73,3.095,10000000
114.74,3.007,10000000
114.75,2.964,10000000
114.76,3.183,10000000
114.77,2.964,10000000
114.78,3.007,10000000
114.79,2.92,10000000
114.8,3.139,10000000
114.81,3.051,10000000
114.82,3.051,10000000
114.83,3.007,10000000
114.84,3.227,10000000
114.85,3.007,10000000
114.86,3.007,10000000
114.87,2.964,10000000
114.88,3.095,10000000
114.89,3.007,10000000
114.9,3.051,10000000
114.91,2.964,10000000
114.92,3.007,10000000
114.93,3.139,10000000
114.94,3.007,10000000
114.95,3.095,10000000
114.96,3.183,10000000
114.97,3.051,10000000
114.98,3.139,10000000
114.99,3.139,10000000
115,3.051,10000000
115.01,3.051,10000000
115.02,2.964,10000000
115.03,3.051,10000000
115.04,3.139,10000000
115.05,3.051,10000000
115.06,3.139,10000000
115.07,3.095,10000000
115.08,2.92,10000000
115.09,2.964,10000000
115.1,3.007,10000000
115.11,3.051,10000000
115.12,3.139,10000000
115.13,3.227,10000000
115.14,3.183,10000000
115.15,2.964,10000000
115.16,3.183,10000000
115.17,3.051,10000000
115.18,3.095,10000000
115.19,3.007,10000000
115.2,3.007,10000000
115.21,3.139,10000000
115.22,3.007,10000000
115.23,3.051,10000000
115.24,3.007,10000000
115.25,3.095,10000000
115.26,3.095,10000000
115.27,3.139,10000000
115.28,3.095,10000000
115.29,3.051,10000000
115.3,3.183,10000000
115.31,3.139,10000000
115.32,3.227,10000000
115.33,3.051,10000000
115.34,3.183,10000000
115.35,3.051,10000000
115.36,3.095,10000000
115.37,3.095,10000000
115.38,3.095,10000000
115.39,3.007,10000000
115.4,2.964,10000000
115.41,3.139,10000000
115.42,3.051,10000000
115.43,3.139,10000000
115.44,3.139,10000000
115.45,3.139,10000000
115.46,3.095,10000000
115.47,3.227,10000000
115.48,3.139,10000000
115.49,3.183,10000000
115.5,3.051,10000000
115.51,2.92,10000000
115.52,3.007,10000000
115.53,3.007,10000000
115.54,3.007,10000000
115.55,3.051,10000000
115.56,3.051,10000000
115.57,2.964,10000000
115.58,3.051,10000000
115.59,3.139,10000000
115.6,2.964,10000000
115.61,2.964,10000000
115.62,3.051,10000000
115.63,3.007,10000000
115.64,3.051,10000000
115.65,3.139,10000000
115.66,3.139,10000000
115.67,3.051,10000000
115.68,3.095,10000000
115.69,3.095,10000000
115.7,3.095,10000000
115.71,3.007,10000000
115.72,3.183,10000000
115.73,3.051,10000000
115.74,3.007,10000000
115.75,3.051,10000000
115.76,2.92,10000000
115.77,3.227,10000000
115.78,3.007,10000000
115.79,3.139,10000000
115.8,3.051,10000000
115.81,3.139,10000000
115.82,3.095,10000000
115.83,3.007,10000000
115.84,3.007,10000000
115.85,3.007,10000000
115.86,3.051,10000000
115.87,3.051,10000000
115.88,3.007,10000000
115.89,3.007,10000000
115.9,3.227,10000000
115.91,3.139,10000000
115.92,3.007,10000000
115.93,3.139,10000000
115.94,2.964,10000000
115.95,2.876,10000000
115.96,2.964,10000000
115.97,2.964,10000000
115.98,2.964,10000000
115.99,3.139,10000000
116,2.964,10000000
116.01,3.139,10000000
116.02,2.964,10000000
116.03,3.007,10000000
116.04,3.007,10000000
116.05,3.095,10000000
116.06,3.139,10000000
116.07,3.139,10000000
116.08,3.007,10000000
116.09,3.095,10000000
116.1,3.095,10000000
116.11,3.051,10000000
116.12,3.139,10000000
116.13,2.92,10000000
116.14,3.007,10000000
116.15,3.051,10000000
116.16,3.139,10000000
116.17,3.007,10000000
116.18,3.051,10000000
116.19,3.183,10000000
116.2,3.095,10000000
116.21,2.92,10000000
116.22,3.007,10000000
116.23,3.139,10000000
116.24,2.964,10000000
116.25,3.095,10000000
116.26,3.095,10000000
116.27,3.007,10000000
116.28,2.92,10000000
116.29,2.92,10000000
116.3,3.051,10000000
116.31,3.007,10000000
116.32,3.007,10000000
116.33,2.964,10000000
116.34,2.964,10000000
116.35,2.964,10000000
116.36,3.007,10000000
116.37,3.051,10000000
116.38,3.095,10000000
116.39,3.139,10000000
116.4,3.007,10000000
116.41,3.007,10000000
116.42,3.007,10000000
116.43,3.051,10000000
116.44,3.007,10000000
116.45,2.964,10000000
116.46,2.876,10000000
116.47,3.095,10000000
116.48,3.007,10000000
116.49,2.788,10000000
116.5,2.964,10000000
116.51,2.964,10000000
116.52,3.007,10000000
116.53,2.876,10000000
116.54,2.92,10000000
116.55,2.92,10000000
116.56,3.007,10000000
116.57,2.964,10000000
116.58,3.007,10000000
116.59,2.964,10000000
116.6,3.139,10000000
116.61,3.007,10000000
116.62,3.007,10000000
116.63,3.139,10000000
116.64,3.139,10000000
116.65,3.271,10000000
116.66,3.183,10000000
116.67,3.095,10000000
116.68,3.139,10000000
116.69,3.051,10000000
116.7,3.095,10000000
116.71,2.964,10000000
116.72,3.139,10000000
116.73,2.92,10000000
116.74,3.007,10000000
116.75,2.964,10000000
116.76,3.007,10000000
116.77,3.183,10000000
116.78,3.139,10000000
116.79,2.964,10000000
116.8,3.007,10000000
116.81,3.139,10000000
116.82,3.007,10000000
116.83,2.92,10000000
116.84,3.051,10000000
116.85,3.139,10000000
116.86,3.007,10000000
116.87,3.051,10000000
116.88,3.051,10000000
116.89,3.051,10000000
116.9,2.964,10000000
116.91,3.007,10000000
116.92,3.095,10000000
116.93,3.007,10000000
116.94,3.183,10000000
116.95,3.183,10000000
116.96,3.139,10000000
116.97,3.007,10000000
116.98,3.139,10000000
116.99,3.095,10000000
117,3.051,10000000
117.01,2.964,10000000
117.02,2.92,10000000
117.03,2.92,10000000
117.04,3.139,10000000
117.05,3.095,10000000
117.06,3.139,10000000
117.07,3.139,10000000
117.08,3.007,10000000
117.09,3.007,10000000
117.1,2.92,10000000
117.11,2.964,10000000
117.12,3.007,10000000
117.13,3.007,10000000
117.14,3.095,10000000
117.15,3.007,10000000
117.16,2.92,10000000
117.17,3.051,10000000
117.18,2.92,10000000
117.19,3.051,10000000
117.2,3.051,10000000
117.21,3.051,10000000
117.22,3.139,10000000
117.23,2.92,10000000
117.24,3.095,10000000
117.25,3.007,10000000
117.26,2.964,10000000
117.27,3.139,10000000
117.28,3.139,10000000
117.29,3.139,10000000
117.3,3.095,10000000
117.31,3.095,10000000
117.32,3.139,10000000
117.33,3.139,10000000
117.34,2.964,10000000
117.35,3.051,10000000
117.36,3.007,10000000
117.37,2.92,10000000
117.38,2.964,10000000
117.39,2.964,10000000
117.4,3.051,10000000
117.41,3.095,10000000
117.42,3.139,10000000
117.43,3.051,10000000
117.44,3.007,10000000
117.45,2.964,10000000
117.46,2.92,10000000
117.47,2.964,10000000
117.48,3.139,10000000
117.49,3.095,10000000
117.5,3.007,10000000
117.51,3.095,10000000
117.52,3.007,10000000
117.53,2.964,10000000
117.54,3.007,10000000
117.55,2.964,10000000
117.56,3.007,10000000
117.57,3.007,10000000
117.58,2.832,10000000
117.59,3.095,10000000
117.6,3.183,10000000
117.61,3.095,10000000
117.62,3.095,10000000
117.63,3.007,10000000
117.64,3.007,10000000
117.65,3.007,10000000
117.66,2.964,10000000
117.67,3.095,10000000
117.68,2.92,10000000
117.69,2.92,10000000
117.7,3.051,10000000
117.71,3.095,10000000
117.72,3.007,10000000
117.73,3.007,10000000
117.74,2.964,10000000
117.75,2.964,10000000
117.76,3.139,10000000
117.77,3.051,10000000
117.78,3.051,10000000
117.79,3.095,10000000
117.8,3.007,10000000
117.81,3.007,10000000
117.82,2.92,10000000
117.83,3.139,10000000
117.84,3.051,10000000
117.85,3.007,10000000
117.86,3.007,10000000
117.87,3.007,10000000
117.88,3.139,10000000
117.89,3.139,10000000
117.9,2.92,10000000
117.91,3.051,10000000
117.92,3.139,10000000
117.93,2.92,10000000
117.94,3.007,10000000
117.95,3.051,10000000
117.96,3.183,10000000
117.97,3.095,10000000
117.98,3.183,10000000
117.99,3.183,10000000
118,3.095,10000000
118.01,3.051,10000000
118.02,3.051,10000000
118.03,3.007,10000000
118.04,3.095,10000000
118.05,3.139,10000000
118.06,3.139,10000000
118.07,3.095,10000000
118.08,3.139,10000000
118.09,3.007,10000000
118.1,3.095,10000000
118.11,3.007,10000000
118.12,3.183,10000000
118.13,2.92,10000000
118.14,3.095,10000000
118.15,3.139,10000000
118.16,3.051,10000000
118.17,2.788,10000000
118.18,3.051,10000000
118.19,2.964,10000000
118.2,2.92,10000000
118.21,3.095,10000000
118.22,3.051,10000000
118.23,3.051,10000000
118.24,3.007,10000000
118.25,2.876,10000000
118.26,3.007,10000000
118.27,3.095,10000000
118.28,3.051,10000000
118.29,3.007,10000000
118.3,3.139,10000000
118.31,2.92,10000000
118.32,2.964,10000000
118.33,3.007,10000000
118.34,3.051,10000000
118.35,2.92,10000000
118.36,3.051,10000000
118.37,3.095,10000000
118.38,3.139,10000000
118.39,3.139,10000000
118.4,3.051,10000000
118.41,2.964,10000000
118.42,3.095,10000000
118.43,3.051,10000000
118.44,3.095,10000000
118.45,2.964,10000000
118.46,2.92,10000000
118.47,3.007,10000000
118.48,2.92,10000000
118.49,2.964,10000000
118.5,2.832,10000000
118.51,3.139,10000000
118.52,3.051,10000000
118.53,3.095,10000000
118.54,3.227,10000000
118.55,3.139,10000000
118.56,3.183,10000000
118.57,3.095,10000000
118.58,3.183,10000000
118.59,3.139,10000000
118.6,3.095,10000000
118.61,3.095,10000000
118.62,2.964,10000000
118.63,3.051,10000000
118.64,2.92,10000000
118.65,3.139,10000000
118.66,3.139,10000000
118.67,3.183,10000000
118.68,3.183,10000000
118.69,3.095,10000000
118.7,3.139,10000000
118.71,3.183,10000000
118.72,3.183,10000000
118.73,3.051,10000000
118.74,3.183,10000000
118.75,3.051,10000000
118.76,3.139,10000000
118.77,2.92,10000000
118.78,3.139,10000000
118.79,3.051,10000000
118.8,3.007,10000000
118.81,3.139,10000000
118.82,3.051,10000000
118.83,2.964,10000000
118.84,3.095,10000000
118.85,2.92,10000000
118.86,3.007,10000000
118.87,3.139,10000000
118.88,2.92,10000000
118.89,3.051,10000000
118.9,3.095,10000000
118.91,3.051,10000000
118.92,3.095,10000000
118.93,3.007,10000000
118.94,2.964,10000000
118.95,3.051,10000000
118.96,3.007,10000000
118.97,3.095,10000000
118.98,3.051,10000000
118.99,3.095,10000000
119,3.227,10000000
119.01,3.095,10000000
119.02,3.183,10000000
119.03,3.051,10000000
119.04,2.92,10000000
119.05,2.964,10000000
119.06,3.051,10000000
119.07,3.051,10000000
119.08,3.007,10000000
119.09,3.007,10000000
119.1,2.876,10000000
119.11,2.92,10000000
119.12,3.051,10000000
119.13,3.051,10000000
119.14,2.92,10000000
119.15,3.007,10000000
119.16,2.964,10000000
119.17,3.051,10000000
119.18,2.964,10000000
119.19,3.139,10000000
119.2,2.92,10000000
119.21,2.876,10000000
119.22,2.92,10000000
119.23,2.964,10000000
119.24,3.007,10000000
119.25,3.095,10000000
119.26,3.139,10000000
119.27,2.964,10000000
119.28,3.051,10000000
119.29,3.051,10000000
119.3,3.183,10000000
119.31,3.139,10000000
119.32,3.095,10000000
119.33,3.095,10000000
119.34,3.007,10000000
119.35,2.964,10000000
119.36,3.051,10000000
119.37,2.92,10000000
119.38,2.92,10000000
119.39,3.051,10000000
119.4,3.139,10000000
119.41,3.139,10000000
119.42,3.095,10000000
119.43,3.139,10000000
119.44,3.095,10000000
119.45,3.227,10000000
119.46,3.051,10000000
119.47,3.051,10000000
119.48,3.007,10000000
119.49,2.92,10000000
119.5,3.095,10000000
119.51,3.007,10000000
119.52,2.964,10000000
119.53,3.139,10000000
119.54,3.007,10000000
119.55,2.92,10000000
119.56,3.007,10000000
119.57,3.051,10000000
119.58,3.007,10000000
119.59,2.92,10000000
119.6,2.92,10000000
119.61,3.051,10000000
119.62,3.139,10000000
119.63,3.095,10000000
119.64,3.183,10000000
119.65,3.095,10000000
119.66,3.139,10000000
119.67,3.051,10000000
119.68,3.095,10000000
119.69,3.007,10000000
119.7,3.051,10000000
119.71,3.095,10000000
119.72,2.92,10000000
119.73,3.051,10000000
119.74,3.007,10000000
119.75,3.051,10000000
119.76,2.92,10000000
119.77,3.139,10000000
119.78,3.095,10000000
119.79,3.051,10000000
119.8,3.007,10000000
119.81,3.051,10000000
119.82,3.051,10000000
119.83,3.007,10000000
119.84,3.139,10000000
119.85,3.139,10000000
119.86,3.051,10000000
119.87,3.139,10000000
119.88,3.051,10000000
119.89,3.051,10000000
119.9,3.095,10000000
119.91,3.095,10000000
119.92,3.183,10000000
119.93,3.095,10000000
119.94,3.139,10000000
119.95,3.139,10000000
119.96,3.139,10000000
119.97,3.095,10000000
119.98,3.051,10000000
119.99,3.007,10000000
120,2.832,10000000
120.01,2.92,10000000
120.02,2.92,10000000
120.03,2.92,10000000
120.04,2.964,10000000
120.05,2.92,10000000
120.06,2.92,10000000
120.07,2.964,10000000
120.08,2.964,10000000
120.09,2.92,10000000
120.1,2.92,10000000
120.11,3.095,10000000
120.12,2.92,10000000
120.13,3.007,10000000
120.14,3.095,10000000
120.15,3.095,10000000
120.16,3.051,10000000
120.17,2.92,10000000
120.18,2.92,10000000
120.19,2.92,10000000
120.2,3.051,10000000
120.21,2.92,10000000
120.22,3.007,10000000
120.23,3.139,10000000
120.24,3.051,10000000
120.25,3.007,10000000
120.26,3.139,10000000
120.27,3.051,10000000
120.28,3.051,10000000
120.29,3.007,10000000
120.3,3.051,10000000
120.31,2.964,10000000
120.32,2.92,10000000
120.33,3.051,10000000
120.34,3.139,10000000
120.35,2.964,10000000
120.36,2.92,10000000
120.37,3.007,10000000
120.38,3.007,10000000
120.39,2.92,10000000
120.4,2.964,10000000
120.41,3.051,10000000
120.42,3.007,10000000
120.43,2.832,10000000
120.44,3.051,10000000
120.45,3.095,10000000
120.46,2.964,10000000
120.47,3.095,10000000
120.48,2.92,10000000
120.49,3.139,10000000
120.5,3.095,10000000
120.51,3.051,10000000
120.52,3.139,10000000
120.53,3.007,10000000
120.54,3.051,10000000
120.55,3.139,10000000
120.56,2.964,10000000
120.57,3.183,10000000
120.58,3.183,10000000
120.59,3.007,10000000
120.6,3.007,10000000
120.61,2.92,10000000
120.62,3.051,10000000
120.63,3.007,10000000
120.64,3.007,10000000
120.65,3.139,10000000
120.66,2.92,10000000
120.67,3.051,10000000
120.68,3.183,10000000
120.69,3.139,10000000
120.7,3.095,10000000
120.71,3.007,10000000
120.72,3.007,10000000
120.73,2.964,10000000
120.74,3.095,10000000
120.75,3.095,10000000
120.76,3.139,10000000
120.77,3.139,10000000
120.78,3.227,10000000
120.79,3.183,10000000
120.8,3.139,10000000
120.81,3.095,10000000
120.82,2.964,10000000
120.83,3.095,10000000
120.84,3.139,10000000
120.85,3.183,10000000
120.86,3.051,10000000
120.87,3.007,10000000
120.88,3.007,10000000
120.89,3.139,10000000
120.9,3.139,10000000
120.91,3.095,10000000
120.92,3.007,10000000
120.93,2.964,10000000
120.94,3.007,10000000
120.95,3.095,10000000
120.96,3.007,10000000
120.97,2.92,10000000
120.98,2.92,10000000
120.99,2.964,10000000
121,2.964,10000000
121.01,2.788,10000000
121.02,3.139,10000000
121.03,2.92,10000000
121.04,3.007,10000000
121.05,3.139,10000000
121.06,2.964,10000000
121.07,2.964,10000000
121.08,3.007,10000000
121.09,2.92,10000000
121.1,3.183,10000000
121.11,3.183,10000000
121.12,3.051,10000000
121.13,3.007,10000000
121.14,3.051,10000000
121.15,3.095,10000000
121.16,3.139,10000000
121.17,3.051,10000000
121.18,3.007,10000000
121.19,2.92,10000000
121.2,3.139,10000000
121.21,3.051,10000000
121.22,3.139,10000000
121.23,3.139,10000000
121.24,3.139,10000000
121.25,3.183,10000000
121.26,3.095,10000000
121.27,3.139,10000000
121.28,3.095,10000000
121.29,3.139,10000000
121.3,3.139,10000000
121.31,3.051,10000000
121.32,3.095,10000000
121.33,3.183,10000000
121.34,3.007,10000000
121.35,3.051,10000000
121.36,3.007,10000000
121.37,3.139,10000000
121.38,3.051,10000000
121.39,3.139,10000000
121.4,3.315,10000000
121.41,3.183,10000000
121.42,3.007,10000000
121.43,3.007,10000000
121.44,3.095,10000000
121.45,3.007,10000000
121.46,2.964,10000000
121.47,3.139,10000000
121.48,2.964,10000000
121.49,3.007,10000000
121.5,3.139,10000000
121.51,2.92,10000000
121.52,3.007,10000000
121.53,3.007,10000000
121.54,3.139,10000000
121.55,3.007,10000000
121.56,2.964,10000000
121.57,3.007,10000000
121.58,3.007,10000000
121.59,2.92,10000000
121.6,3.051,10000000
121.61,3.051,10000000
121.62,3.051,10000000
121.63,3.007,10000000
121.64,3.007,10000000
121.65,3.183,10000000
121.66,3.139,10000000
121.67,3.007,10000000
121.68,3.139,10000000
121.69,3.051,10000000
121.7,3.095,10000000
121.71,3.095,10000000
121.72,3.007,10000000
121.73,3.183,10000000
121.74,3.051,10000000
121.75,3.139,10000000
121.76,3.095,10000000
121.77,3.139,10000000
121.78,2.964,10000000
121.79,3.095,10000000
121.8,2.964,10000000
121.81,3.007,10000000
121.82,2.92,10000000
121.83,3.007,10000000
121.84,3.139,10000000
121.85,3.139,10000000
121.86,3.271,10000000
121.87,3.315,10000000
121.88,3.183,10000000
121.89,3.315,10000000
121.9,3.095,10000000
121.91,3.007,10000000
121.92,3.051,10000000
121.93,3.007,10000000
121.94,3.095,10000000
121.95,2.92,10000000
121.96,3.007,10000000
121.97,3.051,10000000
121.98,2.832,10000000
121.99,3.007,10000000
122,3.051,10000000
122.01,2.92,10000000
122.02,2.964,10000000
122.03,2.964,10000000
122.04,2.92,10000000
122.05,3.051,10000000
122.06,3.139,10000000
122.07,3.183,10000000
122.08,3.007,10000000
122.09,3.007,10000000
122.1,3.139,10000000
122.11,3.139,10000000
122.12,3.051,10000000
122.13,3.183,10000000
122.14,2.964,10000000
122.15,3.051,10000000
122.16,3.095,10000000
122.17,3.139,10000000
122.18,3.095,10000000
122.19,2.964,10000000
122.2,3.051,10000000
122.21,3.095,10000000
122.22,3.139,10000000
122.23,3.139,10000000
122.24,3.183,10000000
122.25,3.139,10000000
122.26,3.095,10000000
122.27,3.183,10000000
122.28,3.227,10000000
122.29,3.095,10000000
122.3,3.095,10000000
122.31,3.095,10000000
122.32,3.095,10000000
122.33,2.964,10000000
122.34,3.007,10000000
122.35,2.964,10000000
122.36,3.007,10000000
122.37,2.964,10000000
122.38,2.964,10000000
122.39,2.964,10000000
122.4,3.007,10000000
122.41,3.095,10000000
122.42,3.095,10000000
122.43,3.095,10000000
122.44,3.227,10000000
122.45,2.92,10000000
122.46,3.007,10000000
122.47,3.051,10000000
122.48,3.007,10000000
122.49,3.051,10000000
122.5,2.92,10000000
122.51,2.92,10000000
122.52,3.095,10000000
122.53,3.007,10000000
122.54,3.007,10000000
122.55,3.051,10000000
122.56,3.095,10000000
122.57,3.139,10000000
122.58,3.051,10000000
122.59,3.007,10000000
122.6,3.183,10000000
122.61,3.051,10000000
122.62,3.051,10000000
122.63,3.095,10000000
122.64,2.832,10000000
122.65,3.271,10000000
122.66,3.139,10000000
122.67,3.139,10000000
122.68,3.051,10000000
122.69,3.183,10000000
122.7,3.139,10000000
122.71,3.139,10000000
122.72,3.183,10000000
122.73,3.139,10000000
122.74,3.095,10000000
122.75,3.051,10000000
122.76,3.007,10000000
122.77,3.007,10000000
122.78,3.051,10000000
122.79,3.095,10000000
122.8,3.007,10000000
122.81,3.007,10000000
122.82,3.051,10000000
122.83,2.92,10000000
122.84,3.139,10000000
122.85,3.139,10000000
122.86,3.007,10000000
122.87,3.051,10000000
122.88,3.051,10000000
122.89,3.095,10000000
122.9,3.183,10000000
122.91,3.051,10000000
122.92,3.095,10000000
122.93,3.139,10000000
122.94,3.051,10000000
122.95,3.007,10000000
122.96,3.095,10000000
122.97,3.051,10000000
122.98,3.183,10000000
122.99,2.964,10000000
123,3.139,10000000
123.01,3.007,10000000
123.02,3.051,10000000
123.03,3.007,10000000
123.04,2.964,10000000
123.05,3.095,10000000
123.06,3.051,10000000
123.07,3.007,10000000
123.08,2.964,10000000
123.09,2.964,10000000
123.1,2.964,10000000
123.11,3.051,10000000
123.12,3.051,10000000
123.13,3.007,10000000
123.14,3.095,10000000
123.15,3.007,10000000
123.16,3.051,10000000
123.17,3.051,10000000
123.18,3.051,10000000
123.19,3.051,10000000
123.2,3.007,10000000
123.21,3.007,10000000
123.22,3.139,10000000
123.23,3.051,10000000
123.24,3.139,10000000
123.25,3.007,10000000
123.26,3.051,10000000
123.27,3.051,10000000
123.28,3.007,10000000
123.29,3.139,10000000
123.3,3.007,10000000
123.31,3.139,10000000
123.32,2.964,10000000
123.33,3.095,10000000
123.34,3.095,10000000
123.35,2.964,10000000
123.36,2.964,10000000
123.37,3.007,10000000
123.38,3.007,10000000
123.39,3.139,10000000
123.4,3.183,10000000
123.41,3.139,10000000
123.42,3.271,10000000
123.43,3.007,10000000
123.44,3.095,10000000
123.45,3.051,10000000
123.46,3.051,10000000
123.47,3.183,10000000
123.48,2.964,10000000
123.49,3.007,10000000
123.5,3.051,10000000
123.51,3.139,10000000
123.52,2.964,10000000
123.53,3.007,10000000
123.54,3.095,10000000
123.55,3.095,10000000
123.56,3.051,10000000
123.57,3.095,10000000
123.58,3.139,10000000
123.59,3.095,10000000
123.6,3.095,10000000
123.61,3.139,10000000
123.62,3.007,10000000
123.63,3.139,10000000
123.64,3.007,10000000
123.65,3.095,10000000
123.66,3.095,10000000
123.67,3.007,10000000
123.68,3.007,10000000
123.69,3.051,10000000
123.7,3.183,10000000
123.71,3.227,10000000
123.72,3.095,10000000
123.73,3.183,10000000
123.74,3.139,10000000
123.75,3.007,10000000
123.76,3.051,10000000
123.77,3.139,10000000
123.78,3.007,10000000
123.79,3.007,10000000
123.8,2.92,10000000
123.81,3.007,10000000
123.82,3.007,10000000
123.83,3.007,10000000
123.84,3.051,10000000
123.85,2.92,10000000
123.86,3.139,10000000
123.87,3.007,10000000
123.88,3.051,10000000
123.89,3.139,10000000
123.9,2.964,10000000
123.91,3.095,10000000
123.92,2.7,10000000
123.93,3.051,10000000
123.94,3.007,10000000
123.95,3.007,10000000
123.96,3.139,10000000
123.97,3.095,10000000
123.98,3.095,10000000
123.99,2.964,10000000
124,3.139,10000000
124.01,3.227,10000000
124.02,2.832,10000000
124.03,3.095,10000000
124.04,3.139,10000000
124.05,3.007,10000000
124.06,3.051,10000000
124.07,3.051,10000000
124.08,3.051,10000000
124.09,2.92,10000000
124.1,3.007,10000000
124.11,3.051,10000000
124.12,3.139,10000000
124.13,3.095,10000000
124.14,3.095,10000000
124.15,3.007,10000000
124.16,3.051,10000000
124.17,3.095,10000000
124.18,3.095,10000000
124.19,3.007,10000000
124.2,3.051,10000000
124.21,3.139,10000000
124.22,3.095,10000000
124.23,3.051,10000000
124.24,3.139,10000000
124.25,3.095,10000000
124.26,3.007,10000000
124.27,3.095,10000000
124.28,3.007,10000000
124.29,3.051,10000000
124.3,3.095,10000000
124.31,3.051,10000000
124.32,3.051,10000000
124.33,3.139,10000000
124.34,3.007,10000000
124.35,3.095,10000000
124.36,3.007,10000000
124.37,2.832,10000000
124.38,3.051,10000000
124.39,3.139,10000000
124.4,3.051,10000000
124.41,3.227,10000000
124.42,2.92,10000000
124.43,3.007,10000000
124.44,3.007,10000000
124.45,3.007,10000000
124.46,3.139,10000000
124.47,3.007,10000000
124.48,3.051,10000000
124.49,2.964,10000000
124.5,3.007,10000000
124.51,2.964,10000000
124.52,2.964,10000000
124.53,3.007,10000000
124.54,3.007,10000000
124.55,3.139,10000000
124.56,3.095,10000000
124.57,3.095,10000000
124.58,3.315,10000000
124.59,3.183,10000000
124.6,3.051,10000000
124.61,3.227,10000000
124.62,3.139,10000000
124.63,3.095,10000000
124.64,3.139,10000000
124.65,3.095,10000000
124.66,2.964,10000000
124.67,2.964,10000000
124.68,3.095,10000000
124.69,3.051,10000000
124.7,2.92,10000000
124.71,2.964,10000000
124.72,3.095,10000000
124.73,3.051,10000000
124.74,3.095,10000000
124.75,3.183,10000000
124.76,2.964,10000000
124.77,3.051,10000000
124.78,3.139,10000000
124.79,3.051,10000000
124.8,3.095,10000000
124.81,3.227,10000000
124.82,3.095,10000000
124.83,3.139,10000000
124.84,3.139,10000000
124.85,3.051,10000000
124.86,3.051,10000000
124.87,3.095,10000000
124.88,3.007,10000000
124.89,3.007,10000000
124.9,2.876,10000000
124.91,3.007,10000000
124.92,3.051,10000000
124.93,2.876,10000000
124.94,3.007,10000000
124.95,2.832,10000000
124.96,3.139,10000000
124.97,3.183,10000000
124.98,3.007,10000000
124.99,3.007,10000000
125,2.964,10000000
125.01,3.051,10000000
125.02,3.007,10000000
125.03,3.051,10000000
125.04,3.051,10000000
125.05,3.007,10000000
125.06,3.007,10000000
125.07,2.964,10000000
125.08,3.051,10000000
125.09,3.139,10000000
125.1,3.007,10000000
125.11,3.139,10000000
125.12,2.964,10000000
125.13,3.007,10000000
125.14,3.139,10000000
125.15,3.139,10000000
125.16,3.227,10000000
125.17,3.095,10000000
125.18,3.139,10000000
125.19,3.007,10000000
125.2,2.92,10000000
125.21,3.051,10000000
125.22,3.095,10000000
125.23,3.139,10000000
125.24,3.315,10000000
125.25,3.095,10000000
125.26,3.227,10000000
125.27,3.095,10000000
125.28,3.183,10000000
125.29,3.139,10000000
125.3,3.095,10000000
125.31,3.183,10000000
125.32,2.92,10000000
125.33,3.095,10000000
125.34,3.139,10000000
125.35,3.007,10000000
125.36,3.051,10000000
125.37,2.964,10000000
125.38,2.744,10000000
125.39,2.832,10000000
125.4,2.832,10000000
125.41,3.007,10000000
125.42,2.964,10000000
125.43,3.051,10000000
125.44,3.139,10000000
125.45,2.964,10000000
125.46,3.095,10000000
125.47,3.007,10000000
125.48,3.051,10000000
125.49,3.051,10000000
125.5,3.139,10000000
125.51,3.007,10000000
125.52,2.964,10000000
125.53,3.183,10000000
125.54,3.139,10000000
125.55,3.183,10000000
125.56,2.964,10000000
125.57,3.095,10000000
125.58,3.139,10000000
125.59,3.095,10000000
125.6,3.227,10000000
125.61,2.964,10000000
125.62,3.095,10000000
125.63,2.92,10000000
125.64,3.051,10000000
125.65,3.007,10000000
125.66,3.051,10000000
125.67,3.051,10000000
125.68,3.007,10000000
125.69,2.92,10000000
125.7,3.007,10000000
125.71,3.051,10000000
125.72,3.183,10000000
125.73,3.139,10000000
125.74,3.095,10000000
125.75,3.183,10000000
125.76,3.051,10000000
125.77,2.964,10000000
125.78,3.007,10000000
125.79,3.139,10000000
125.8,3.007,10000000
125.81,3.095,10000000
125.82,3.095,10000000
125.83,3.051,10000000
125.84,3.139,10000000
125.85,3.139,10000000
125.86,3.051,10000000
125.87,2.832,10000000
125.88,3.095,10000000
125.89,3.051,10000000
125.9,3.051,10000000
125.91,3.051,10000000
125.92,2.964,10000000
125.93,3.139,10000000
125.94,2.964,10000000
125.95,3.007,10000000
125.96,2.964,10000000
125.97,3.051,10000000
125.98,3.007,10000000
125.99,3.007,10000000
126,3.051,10000000
126.01,2.964,10000000
126.02,2.964,10000000
126.03,3.139,10000000
126.04,3.139,10000000
126.05,3.183,10000000
126.06,3.095,10000000
126.07,3.051,10000000
126.08,2.964,10000000
126.09,3.139,10000000
126.1,3.139,10000000
126.11,3.095,10000000
126.12,3.051,10000000
126.13,3.007,10000000
126.14,3.007,10000000
126.15,2.964,10000000
126.16,2.964,10000000
126.17,2.964,10000000
126.18,2.964,10000000
126.19,2.964,10000000
126.2,3.007,10000000
126.21,3.051,10000000
126.22,2.964,10000000
126.23,3.095,10000000
126.24,3.095,10000000
126.25,2.92,10000000
126.26,3.139,10000000
126.27,3.095,10000000
126.28,3.095,10000000
126.29,3.095,10000000
126.3,3.095,10000000
126.31,3.139,10000000
126.32,3.139,10000000
126.33,3.051,10000000
126.34,3.183,10000000
126.35,3.095,10000000
126.36,3.051,10000000
126.37,3.051,10000000
126.38,3.051,10000000
126.39,3.007,10000000
126.4,2.964,10000000
126.41,3.007,10000000
126.42,3.139,10000000
126.43,3.051,10000000
126.44,3.227,10000000
126.45,3.139,10000000
126.46,3.139,10000000
126.47,3.139,10000000
126.48,3.095,10000000
126.49,3.139,10000000
126.5,2.964,10000000
126.51,3.007,10000000
126.52,3.095,10000000
126.53,2.964,10000000
126.54,3.139,10000000
126.55,3.007,10000000
126.56,3.051,10000000
126.57,3.007,10000000
126.58,3.051,10000000
126.59,3.051,10000000
126.6,2.964,10000000
126.61,3.007,10000000
126.62,3.051,10000000
126.63,3.051,10000000
126.64,3.183,10000000
126.65,3.139,10000000
126.66,2.964,10000000
126.67,3.139,10000000
126.68,2.964,10000000
126.69,2.92,10000000
126.7,3.139,10000000
126.71,3.271,10000000
126.72,3.227,10000000
126.73,3.139,10000000
126.74,3.227,10000000
126.75,3.139,10000000
126.76,3.095,10000000
126.77,2.964,10000000
126.78,3.051,10000000
126.79,3.007,10000000
126.8,3.007,10000000
126.81,3.095,10000000
126.82,3.051,10000000
126.83,3.007,10000000
126.84,3.139,10000000
126.85,3.139,10000000
126.86,3.139,10000000
126.87,3.139,10000000
126.88,2.92,10000000
126.89,3.227,10000000
126.9,3.095,10000000
126.91,3.051,10000000
126.92,3.139,10000000
126.93,2.964,10000000
126.94,3.315,10000000
126.95,3.183,10000000
126.96,3.007,10000000
126.97,3.095,10000000
126.98,3.051,10000000
126.99,3.227,10000000
127,3.007,10000000
127.01,3.007,10000000
127.02,3.095,10000000
127.03,3.051,10000000
127.04,3.183,10000000
127.05,3.139,10000000
127.06,3.139,10000000
127.07,3.007,10000000
127.08,3.095,10000000
127.09,3.051,10000000
127.1,3.095,10000000
127.11,3.007,10000000
127.12,3.051,10000000
127.13,3.051,10000000
127.14,2.92,10000000
127.15,3.007,10000000
127.16,2.92,10000000
127.17,3.139,10000000
127.18,3.095,10000000
127.19,3.051,10000000
127.2,2.92,10000000
127.21,2.92,10000000
127.22,2.964,10000000
127.23,3.051,10000000
127.24,2.964,10000000
127.25,2.92,10000000
127.26,3.095,10000000
127.27,2.92,10000000
127.28,2.964,10000000
127.29,3.139,10000000
127.3,3.271,10000000
127.31,3.007,10000000
127.32,3.227,10000000
127.33,3.051,10000000
127.34,3.183,10000000
127.35,3.051,10000000
127.36,3.051,10000000
127.37,3.183,10000000
127.38,3.095,10000000
127.39,3.139,10000000
127.4,3.007,10000000
127.41,3.095,10000000
127.42,3.007,10000000
127.43,3.051,10000000
127.44,3.007,10000000
127.45,3.139,10000000
127.46,3.007,10000000
127.47,3.051,10000000
127.48,3.051,10000000
127.49,3.051,10000000
127.5,3.007,10000000
127.51,3.007,10000000
127.52,3.095,10000000
127.53,3.227,10000000
127.54,3.183,10000000
127.55,3.315,10000000
127.56,2.92,10000000
127.57,3.227,10000000
127.58,3.227,10000000
127.59,3.271,10000000
127.6,3.271,10000000
127.61,3.183,10000000
127.62,3.095,10000000
127.63,3.183,10000000
127.64,3.139,10000000
127.65,3.139,10000000
127.66,2.92,10000000
127.67,3.051,10000000
127.68,3.095,10000000
127.69,3.095,10000000
127.7,3.051,10000000
127.71,3.139,10000000
127.72,3.051,10000000
127.73,3.139,10000000
127.74,3.139,10000000
127.75,3.139,10000000
127.76,3.139,10000000
127.77,3.183,10000000
127.78,3.095,10000000
127.79,3.139,10000000
127.8,3.095,10000000
127.81,3.227,10000000
127.82,3.095,10000000
127.83,3.051,10000000
127.84,2.964,10000000
127.85,3.007,10000000
127.86,3.051,10000000
127.87,2.964,10000000
127.88,2.832,10000000
127.89,3.139,10000000
127.9,3.095,10000000
127.91,3.095,10000000
127.92,3.007,10000000
127.93,2.876,10000000
127.94,2.92,10000000
127.95,3.051,10000000
127.96,2.92,10000000
127.97,3.139,10000000
127.98,3.095,10000000
127.99,3.139,10000000
128,3.095,10000000
128.01,3.095,10000000
128.02,3.051,10000000
128.03,3.139,10000000
128.04,3.139,10000000
128.05,3.051,10000000
128.06,3.007,10000000
128.07,3.183,10000000
128.08,3.095,10000000
128.09,3.095,10000000
128.1,3.095,10000000
128.11,3.095,10000000
128.12,3.007,10000000
128.13,2.964,10000000
128.14,3.007,10000000
128.15,3.095,10000000
128.16,3.051,10000000
128.17,3.095,10000000
128.18,3.227,10000000
128.19,3.095,10000000
128.2,2.876,10000000
128.21,3.095,10000000
128.22,3.051,10000000
128.23,3.139,10000000
128.24,2.964,10000000
128.25,2.92,10000000
128.26,3.051,10000000
128.27,2.92,10000000
128.28,2.876,10000000
128.29,3.051,10000000
128.3,3.139,10000000
128.31,2.964,10000000
128.32,3.095,10000000
128.33,3.007,10000000
128.34,3.051,10000000
128.35,3.051,10000000
128.36,3.095,10000000
128.37,3.051,10000000
128.38,3.051,10000000
128.39,2.92,10000000
128.4,3.095,10000000
128.41,3.051,10000000
128.42,3.139,10000000
128.43,3.095,10000000
128.44,3.139,10000000
128.45,3.139,10000000
128.46,3.051,10000000
128.47,3.095,10000000
128.48,3.139,10000000
128.49,3.183,10000000
128.5,3.227,10000000
128.51,3.095,10000000
128.52,3.139,10000000
128.53,3.183,10000000
128.54,3.139,10000000
128.55,2.876,10000000
128.56,3.095,10000000
128.57,3.095,10000000
128.58,3.139,10000000
128.59,3.007,10000000
128.6,3.139,10000000
128.61,3.139,10000000
128.62,3.051,10000000
128.63,3.007,10000000
128.64,2.964,10000000
128.65,3.051,10000000
128.66,2.964,10000000
128.67,3.007,10000000
128.68,3.051,10000000
128.69,3.051,10000000
128.7,3.183,10000000
128.71,3.139,10000000
128.72,3.051,10000000
128.73,3.007,10000000
128.74,3.007,10000000
128.75,3.095,10000000
128.76,2.876,10000000
128.77,3.007,10000000
128.78,3.007,10000000
128.79,3.095,10000000
128.8,3.051,10000000
128.81,3.095,10000000
128.82,3.095,10000000
128.83,3.051,10000000
128.84,3.183,10000000
128.85,3.271,10000000
128.86,3.183,10000000
128.87,3.095,10000000
128.88,3.139,10000000
128.89,3.051,10000000
128.9,3.051,10000000
128.91,3.139,10000000
128.92,3.183,10000000
128.93,3.139,10000000
128.94,3.095,10000000
128.95,3.051,10000000
128.96,2.964,10000000
128.97,3.139,10000000
128.98,3.051,10000000
128.99,3.007,10000000
129,2.832,10000000
129.01,3.051,10000000
129.02,3.051,10000000
129.03,3.007,10000000
129.04,2.92,10000000
129.05,3.095,10000000
129.06,3.007,10000000
129.07,3.183,10000000
129.08,3.139,10000000
129.09,3.007,10000000
129.1,3.095,10000000
129.11,3.139,10000000
129.12,2.92,10000000
129.13,3.095,10000000
129.14,3.095,10000000
129.15,3.095,10000000
129.16,2.92,10000000
129.17,3.007,10000000
129.18,3.139,10000000
129.19,3.007,10000000
129.2,3.095,10000000
129.21,3.007,10000000
129.22,2.964,10000000
129.23,3.051,10000000
129.24,3.007,10000000
129.25,3.095,10000000
129.26,3.139,10000000
129.27,3.139,10000000
129.28,3.095,10000000
129.29,3.095,10000000
129.3,3.007,10000000
129.31,3.051,10000000
129.32,3.183,10000000
129.33,3.183,10000000
129.34,3.139,10000000
129.35,3.007,10000000
129.36,2.964,10000000
129.37,3.139,10000000
129.38,3.139,10000000
129.39,3.183,10000000
129.4,3.095,10000000
129.41,3.227,10000000
129.42,3.051,10000000
129.43,3.051,10000000
129.44,3.227,10000000
129.45,3.095,10000000
129.46,3.095,10000000
129.47,3.095,10000000
129.48,3.051,10000000
129.49,3.139,10000000
129.5,2.964,10000000
129.51,2.832,10000000
129.52,3.139,10000000
129.53,3.007,10000000
129.54,3.051,10000000
129.55,2.964,10000000
129.56,3.095,10000000
129.57,2.92,10000000
129.58,3.139,10000000
129.59,3.183,10000000
129.6,3.051,10000000
129.61,3.007,10000000
129.62,2.92,10000000
129.63,3.007,10000000
129.64,3.007,10000000
129.65,3.007,10000000
129.66,3.007,10000000
129.67,3.007,10000000
129.68,2.92,10000000
129.69,3.139,10000000
129.7,2.964,10000000
129.71,3.227,10000000
129.72,3.095,10000000
129.73,3.051,10000000
129.74,3.007,10000000
129.75,3.095,10000000
129.76,3.007,10000000
129.77,3.095,10000000
129.78,3.007,10000000
129.79,3.095,10000000
129.8,3.139,10000000
129.81,3.051,10000000
129.82,3.095,10000000
129.83,3.139,10000000
129.84,3.007,10000000
129.85,3.183,10000000
129.86,2.92,10000000
129.87,2.964,10000000
129.88,2.92,10000000
129.89,3.139,10000000
129.9,3.139,10000000
129.91,3.183,10000000
129.92,3.007,10000000
129.93,3.139,10000000
129.94,3.051,10000000
129.95,3.051,10000000
129.96,3.051,10000000
129.97,3.095,10000000
129.98,3.139,10000000
129.99,3.007,10000000
130,3.051,10000000
130.01,2.92,10000000
130.02,3.183,10000000
130.03,3.095,10000000
130.04,3.007,10000000
130.05,3.095,10000000
130.06,2.92,10000000
130.07,2.832,10000000
130.08,2.876,10000000
130.09,3.095,10000000
130.1,3.139,10000000
130.11,2.876,10000000
130.12,3.095,10000000
130.13,2.964,10000000
130.14,3.095,10000000
130.15,3.051,10000000
130.16,3.051,10000000
130.17,3.007,10000000
130.18,2.964,10000000
130.19,3.227,10000000
130.2,3.051,10000000
130.21,2.92,10000000
130.22,2.964,10000000
130.23,3.227,10000000
130.24,3.095,10000000
130.25,3.095,10000000
130.26,3.051,10000000
130.27,2.92,10000000
130.28,2.92,10000000
130.29,3.007,10000000
130.3,3.051,10000000
130.31,3.007,10000000
130.32,2.964,10000000
130.33,2.832,10000000
130.34,3.095,10000000
130.35,3.051,10000000
130.36,3.007,10000000
130.37,3.095,10000000
130.38,2.964,10000000
130.39,3.095,10000000
130.4,3.139,10000000
130.41,3.007,10000000
130.42,3.095,10000000
130.43,3.051,10000000
130.44,3.139,10000000
130.45,3.227,10000000
130.46,3.007,10000000
130.47,3.095,10000000
130.48,3.227,10000000
130.49,3.139,10000000
130.5,2.964,10000000
130.51,3.095,10000000
130.52,3.095,10000000
130.53,2.876,10000000
130.54,3.051,10000000
130.55,3.007,10000000
130.56,3.007,10000000
130.57,3.227,10000000
130.58,3.271,10000000
130.59,3.315,10000000
130.6,3.271,10000000
130.61,3.359,10000000
130.62,3.227,10000000
130.63,3.095,10000000
130.64,3.183,10000000
130.65,3.183,10000000
130.66,2.964,10000000
130.67,3.007,10000000
130.68,3.007,10000000
130.69,3.139,10000000
130.7,3.139,10000000
130.71,2.964,10000000
130.72,3.139,10000000
130.73,3.139,10000000
130.74,3.007,10000000
130.75,2.92,10000000
130.76,3.007,10000000
130.77,3.139,10000000
130.78,3.007,10000000
130.79,2.92,10000000
130.8,3.139,10000000
130.81,3.139,10000000
130.82,3.095,10000000
130.83,3.095,10000000
130.84,3.007,10000000
130.85,3.051,10000000
130.86,3.051,10000000
130.87,3.095,10000000
130.88,3.139,10000000
130.89,2.964,10000000
130.9,3.051,10000000
130.91,3.007,10000000
130.92,2.964,10000000
130.93,3.051,10000000
130.94,3.183,10000000
130.95,3.007,10000000
130.96,3.139,10000000
130.97,3.139,10000000
130.98,3.051,10000000
130.99,3.095,10000000
131,3.227,10000000
131.01,3.139,10000000
131.02,3.139,10000000
131.03,2.92,10000000
131.04,3.095,10000000
131.05,3.051,10000000
131.06,3.051,10000000
131.07,3.051,10000000
131.08,3.139,10000000
131.09,3.007,10000000
131.1,3.007,10000000
131.11,3.051,10000000
131.12,2.92,10000000
131.13,3.051,10000000
131.14,3.007,10000000
131.15,3.183,10000000
131.16,3.139,10000000
131.17,3.183,10000000
131.18,3.139,10000000
131.19,3.007,10000000
131.2,3.007,10000000
131.21,3.007,10000000
131.22,3.051,10000000
131.23,3.007,10000000
131.24,3.007,10000000
131.25,3.007,10000000
131.26,3.007,10000000
131.27,3.007,10000000
131.28,3.139,10000000
131.29,3.007,10000000
131.3,3.007,10000000
131.31,3.139,10000000
131.32,3.051,10000000
131.33,3.183,10000000
131.34,2.964,10000000
131.35,3.007,10000000
131.36,2.964,10000000
131.37,3.007,10000000
131.38,2.964,10000000
131.39,3.139,10000000
131.4,2.788,10000000
131.41,3.051,10000000
131.42,3.007,10000000
131.43,3.095,10000000
131.44,3.007,10000000
131.45,3.007,10000000
131.46,3.095,10000000
131.47,2.876,10000000
131.48,3.051,10000000
131.49,3.139,10000000
131.5,3.183,10000000
131.51,3.139,10000000
131.52,3.139,10000000
131.53,2.964,10000000
131.54,3.183,10000000
131.55,3.007,10000000
131.56,3.007,10000000
131.57,2.964,10000000
131.58,3.051,10000000
131.59,3.095,10000000
131.6,3.051,10000000
131.61,2.964,10000000
131.62,3.007,10000000
131.63,3.007,10000000
131.64,3.051,10000000
131.65,3.095,10000000
131.66,3.183,10000000
131.67,2.964,10000000
131.68,2.964,10000000
131.69,3.095,10000000
131.7,3.139,10000000
131.71,3.007,10000000
131.72,3.007,10000000
131.73,3.183,10000000
131.74,2.964,10000000
131.75,3.007,10000000
131.76,3.183,10000000
131.77,3.007,10000000
131.78,3.095,10000000
131.79,3.007,10000000
131.8,3.007,10000000
131.81,2.964,10000000
131.82,3.051,10000000
131.83,3.095,10000000
131.84,3.139,10000000
131.85,3.095,10000000
131.86,3.095,10000000
131.87,3.139,10000000
131.88,3.139,10000000
131.89,2.832,10000000
131.9,3.095,10000000
131.91,3.139,10000000
131.92,3.227,10000000
131.93,3.139,10000000
131.94,3.007,10000000
131.95,3.007,10000000
131.96,3.007,10000000
131.97,3.051,10000000
131.98,3.051,10000000
131.99,3.139,10000000
132,3.139,10000000
132.01,2.964,10000000
132.02,3.007,10000000
132.03,3.139,10000000
132.04,3.007,10000000
132.05,3.139,10000000
132.06,3.095,10000000
132.07,3.139,10000000
132.08,3.139,10000000
132.09,3.139,10000000
132.1,3.007,10000000
132.11,3.007,10000000
132.12,3.095,10000000
132.13,3.007,10000000
132.14,3.095,10000000
132.15,2.964,10000000
132.16,3.051,10000000
132.17,2.964,10000000
132.18,2.92,10000000
132.19,3.139,10000000
132.2,3.183,10000000
132.21,2.964,10000000
132.22,3.095,10000000
132.23,2.92,10000000
132.24,3.139,10000000
132.25,3.183,10000000
132.26,2.964,10000000
132.27,3.051,10000000
132.28,3.007,10000000
132.29,2.92,10000000
132.3,2.92,10000000
132.31,3.095,10000000
132.32,3.095,10000000
132.33,3.315,10000000
132.34,3.051,10000000
132.35,3.095,10000000
132.36,3.007,10000000
132.37,2.92,10000000
132.38,2.964,10000000
132.39,3.051,10000000
132.4,3.007,10000000
132.41,3.139,10000000
132.42,3.139,10000000
132.43,3.051,10000000
132.44,2.964,10000000
132.45,3.183,10000000
132.46,3.051,10000000
132.47,3.007,10000000
132.48,3.139,10000000
132.49,2.92,10000000
132.5,3.051,10000000
132.51,3.051,10000000
132.52,3.007,10000000
132.53,3.095,10000000
132.54,2.92,10000000
132.55,3.095,10000000
132.56,3.051,10000000
132.57,3.139,10000000
132.58,3.007,10000000
132.59,3.007,10000000
132.6,3.007,10000000
132.61,3.095,10000000
132.62,3.095,10000000
132.63,2.92,10000000
132.64,3.095,10000000
132.65,2.92,10000000
132.66,3.007,10000000
132.67,3.095,10000000
132.68,3.007,10000000
132.69,3.139,10000000
132.7,3.051,10000000
132.71,3.051,10000000
132.72,2.92,10000000
132.73,3.007,10000000
132.74,3.139,10000000
132.75,3.007,10000000
132.76,3.007,10000000
132.77,2.964,10000000
132.78,3.095,10000000
132.79,3.139,10000000
132.8,3.095,10000000
132.81,3.007,10000000
132.82,2.92,10000000
132.83,2.92,10000000
132.84,2.964,10000000
132.85,3.007,10000000
132.86,2.92,10000000
132.87,3.007,10000000
132.88,3.139,10000000
132.89,3.007,10000000
132.9,3.051,10000000
132.91,3.095,10000000
132.92,3.315,10000000
132.93,3.007,10000000
132.94,3.183,10000000
132.95,3.139,10000000
132.96,3.095,10000000
132.97,3.051,10000000
132.98,3.227,10000000
132.99,2.964,10000000
133,3.139,10000000
133.01,3.139,10000000
133.02,3.139,10000000
133.03,3.007,10000000
133.04,3.139,10000000
133.05,3.227,10000000
133.06,2.92,10000000
133.07,3.095,10000000
133.08,3.139,10000000
133.09,3.007,10000000
133.1,3.139,10000000
133.11,3.183,10000000
133.12,3.139,10000000
133.13,3.051,10000000
133.14,3.139,10000000
133.15,3.139,10000000
133.16,3.051,10000000
133.17,3.183,10000000
133.18,3.139,10000000
133.19,3.139,10000000
133.2,3.139,10000000
133.21,3.007,10000000
133.22,3.095,10000000
133.23,3.095,10000000
133.24,3.095,10000000
133.25,3.095,10000000
133.26,3.051,10000000
133.27,2.92,10000000
133.28,2.92,10000000
133.29,3.183,10000000
133.3,3.007,10000000
133.31,3.139,10000000
133.32,3.139,10000000
133.33,2.876,10000000
133.34,3.095,10000000
133.35,3.095,10000000
133.36,3.139,10000000
133.37,3.095,10000000
133.38,3.051,10000000
133.39,3.051,10000000
133.4,3.051,10000000
133.41,3.095,10000000
133.42,2.92,10000000
133.43,3.007,10000000
133.44,3.095,10000000
133.45,2.964,10000000
133.46,2.964,10000000
133.47,3.051,10000000
133.48,3.095,10000000
133.49,3.095,10000000
133.5,3.139,10000000
133.51,3.183,10000000
133.52,3.315,10000000
133.53,3.095,10000000
133.54,3.095,10000000
133.55,3.007,10000000
133.56,2.92,10000000
133.57,3.139,10000000
133.58,2.964,10000000
133.59,2.876,10000000
133.6,3.139,10000000
133.61,3.051,10000000
133.62,2.876,10000000
133.63,2.92,10000000
133.64,2.964,10000000
133.65,2.964,10000000
133.66,3.007,10000000
133.67,3.095,10000000
133.68,3.007,10000000
133.69,3.051,10000000
133.7,3.139,10000000
133.71,3.051,10000000
133.72,3.139,10000000
133.73,3.139,10000000
133.74,3.051,10000000
133.75,3.139,10000000
133.76,3.139,10000000
133.77,3.051,10000000
133.78,3.007,10000000
133.79,2.964,10000000
133.8,3.139,10000000
133.81,3.139,10000000
133.82,2.964,10000000
133.83,3.007,10000000
133.84,3.139,10000000
133.85,3.095,10000000
133.86,2.92,10000000
133.87,3.139,10000000
133.88,3.095,10000000
133.89,3.051,10000000
133.9,3.095,10000000
133.91,3.095,10000000
133.92,2.964,10000000
133.93,2.964,10000000
133.94,3.007,10000000
133.95,3.095,10000000
133.96,3.095,10000000
133.97,3.007,10000000
133.98,3.139,10000000
133.99,3.095,10000000
134,3.095,10000000
134.01,2.964,10000000
134.02,3.095,10000000
134.03,3.227,10000000
134.04,3.007,10000000
134.05,3.095,10000000
134.06,3.095,10000000
134.07,2.964,10000000
134.08,3.139,10000000
134.09,3.139,10000000
134.1,3.051,10000000
134.11,3.139,10000000
134.12,2.92,10000000
134.13,3.007,10000000
134.14,3.183,10000000
134.15,3.095,10000000
134.16,3.007,10000000
134.17,3.007,10000000
134.18,3.007,10000000
134.19,3.095,10000000
134.2,3.007,10000000
134.21,3.007,10000000
134.22,3.007,10000000
134.23,3.315,10000000
134.24,3.095,10000000
134.25,3.227,10000000
134.26,2.92,10000000
134.27,3.095,10000000
134.28,3.095,10000000
134.29,3.051,10000000
134.3,3.051,10000000
134.31,3.007,10000000
134.32,2.92,10000000
134.33,3.051,10000000
134.34,3.095,10000000
134.35,2.964,10000000
134.36,3.139,10000000
134.37,3.051,10000000
134.38,3.007,10000000
134.39,3.007,10000000
134.4,2.876,10000000
134.41,3.051,10000000
134.42,3.051,10000000
134.43,2.832,10000000
134.44,2.92,10000000
134.45,2.876,10000000
134.46,2.964,10000000
134.47,3.051,10000000
134.48,2.964,10000000
134.49,3.095,10000000
134.5,2.964,10000000
134.51,3.007,10000000
134.52,3.183,10000000
134.53,3.095,10000000
134.54,3.051,10000000
134.55,3.051,10000000
134.56,3.095,10000000
134.57,3.139,10000000
134.58,3.139,10000000
134.59,3.051,10000000
134.6,3.007,10000000
134.61,3.007,10000000
134.62,3.007,10000000
134.63,2.92,10000000
134.64,2.92,10000000
134.65,3.095,10000000
134.66,2.964,10000000
134.67,3.007,10000000
134.68,3.095,10000000
134.69,2.964,10000000
134.7,3.095,10000000
134.71,2.92,10000000
134.72,3.095,10000000
134.73,3.139,10000000
134.74,3.183,10000000
134.75,3.095,10000000
134.76,3.183,10000000
134.77,3.183,10000000
134.78,3.095,10000000
134.79,3.227,10000000
134.8,2.964,10000000
134.81,3.095,10000000
134.82,3.095,10000000
134.83,2.964,10000000
134.84,2.92,10000000
134.85,2.964,10000000
134.86,3.227,10000000
134.87,3.139,10000000
134.88,3.051,10000000
134.89,2.92,10000000
134.9,3.051,10000000
134.91,3.051,10000000
134.92,3.139,10000000
134.93,3.051,10000000
134.94,3.007,10000000
134.95,3.051,10000000
134.96,3.139,10000000
134.97,3.095,10000000
134.98,3.007,10000000
134.99,2.964,10000000
135,3.095,10000000
135.01,3.095,10000000
135.02,2.876,10000000
135.03,3.007,10000000
135.04,3.007,10000000
135.05,3.051,10000000
135.06,2.964,10000000
135.07,3.139,10000000
135.08,2.92,10000000
135.09,2.964,10000000
135.1,3.051,10000000
135.11,3.139,10000000
135.12,3.095,10000000
135.13,3.095,10000000
135.14,3.095,10000000
135.15,3.095,10000000
135.16,3.139,10000000
135.17,3.051,10000000
135.18,3.095,10000000
135.19,3.183,10000000
135.2,2.964,10000000
135.21,3.007,10000000
135.22,3.227,10000000
135.23,3.095,10000000
135.24,3.139,10000000
135.25,2.964,10000000
135.26,2.832,10000000
135.27,3.095,10000000
135.28,3.051,10000000
135.29,3.051,10000000
135.3,3.139,10000000
135.31,2.92,10000000
135.32,3.183,10000000
135.33,3.139,10000000
135.34,3.007,10000000
135.35,3.051,10000000
135.36,3.007,10000000
135.37,2.964,10000000
135.38,2.964,10000000
135.39,3.139,10000000
135.4,3.051,10000000
135.41,2.92,10000000
135.42,3.139,10000000
135.43,3.051,10000000
135.44,2.964,10000000
135.45,3.007,10000000
135.46,3.095,10000000
135.47,3.007,10000000
135.48,3.139,10000000
135.49,2.964,10000000
135.5,3.227,10000000
135.51,3.007,10000000
135.52,2.92,10000000
135.53,3.183,10000000
135.54,2.92,10000000
135.55,3.227,10000000
135.56,3.007,10000000
135.57,3.051,10000000
135.58,3.051,10000000
135.59,3.227,10000000
135.6,3.051,10000000
135.61,3.139,10000000
135.62,3.095,10000000
135.63,3.051,10000000
135.64,3.095,10000000
135.65,2.92,10000000
135.66,3.095,10000000
135.67,3.095,10000000
135.68,3.095,10000000
135.69,3.139,10000000
135.7,3.051,10000000
135.71,3.227,10000000
135.72,3.051,10000000
135.73,2.92,10000000
135.74,3.051,10000000
135.75,3.051,10000000
135.76,3.139,10000000
135.77,3.051,10000000
135.78,3.095,10000000
135.79,3.139,10000000
135.8,3.095,10000000
135.81,3.139,10000000
135.82,3.139,10000000
135.83,3.007,10000000
135.84,3.007,10000000
135.85,3.007,10000000
135.86,3.095,10000000
135.87,3.139,10000000
135.88,3.095,10000000
135.89,3.007,10000000
135.9,3.007,10000000
135.91,3.095,10000000
135.92,3.051,10000000
135.93,3.139,10000000
135.94,3.007,10000000
135.95,2.92,10000000
135.96,3.139,10000000
135.97,3.007,10000000
135.98,3.095,10000000
135.99,3.139,10000000
136,2.964,10000000
136.01,3.051,10000000
136.02,3.051,10000000
136.03,3.095,10000000
136.04,3.007,10000000
136.05,2.92,10000000
136.06,3.139,10000000
136.07,3.095,10000000
136.08,2.92,10000000
136.09,3.051,10000000
136.1,2.92,10000000
136.11,3.095,10000000
136.12,3.051,10000000
136.13,3.007,10000000
136.14,3.095,10000000
136.15,2.964,10000000
136.16,3.007,10000000
136.17,3.139,10000000
136.18,3.007,10000000
136.19,3.051,10000000
136.2,3.095,10000000
136.21,3.007,10000000
136.22,3.007,10000000
136.23,3.007,10000000
136.24,3.007,10000000
136.25,3.095,10000000
136.26,3.007,10000000
136.27,2.92,10000000
136.28,2.92,10000000
136.29,3.227,10000000
136.3,3.227,10000000
136.31,3.139,10000000
136.32,2.92,10000000
136.33,3.227,10000000
136.34,3.095,10000000
136.35,2.92,10000000
136.36,3.051,10000000
136.37,3.051,10000000
136.38,3.007,10000000
136.39,3.051,10000000
136.4,3.007,10000000
136.41,3.095,10000000
136.42,3.139,10000000
136.43,3.139,10000000
136.44,2.964,10000000
136.45,3.051,10000000
136.46,3.007,10000000
136.47,3.095,10000000
136.48,3.139,10000000
136.49,3.051,10000000
136.5,3.095,10000000
136.51,3.007,10000000
136.52,3.095,10000000
136.53,3.007,10000000
136.54,2.92,10000000
136.55,3.051,10000000
136.56,3.007,10000000
136.57,2.92,10000000
136.58,2.964,10000000
136.59,2.964,10000000
136.6,3.007,10000000
136.61,3.007,10000000
136.62,3.051,10000000
136.63,3.095,10000000
136.64,2.964,10000000
136.65,3.139,10000000
136.66,2.964,10000000
136.67,3.051,10000000
136.68,3.051,10000000
136.69,3.139,10000000
136.7,3.007,10000000
136.71,3.051,10000000
136.72,3.095,10000000
136.73,3.007,10000000
136.74,3.139,10000000
136.75,3.095,10000000
136.76,3.183,10000000
136.77,3.007,10000000
136.78,3.183,10000000
136.79,3.051,10000000
136.8,3.095,10000000
136.81,2.92,10000000
136.82,3.007,10000000
136.83,3.095,10000000
136.84,2.92,10000000
136.85,3.139,10000000
136.86,2.964,10000000
136.87,2.964,10000000
136.88,2.964,10000000
136.89,2.964,10000000
136.9,2.964,10000000
136.91,3.139,10000000
136.92,3.007,10000000
136.93,3.139,10000000
136.94,2.964,10000000
136.95,3.007,10000000
136.96,2.964,10000000
136.97,3.051,10000000
136.98,2.964,10000000
136.99,2.92,10000000
137,3.139,10000000
137.01,3.227,10000000
137.02,3.183,10000000
137.03,3.227,10000000
137.04,3.139,10000000
137.05,2.964,10000000
137.06,3.095,10000000
137.07,3.051,10000000
137.08,3.183,10000000
137.09,3.139,10000000
137.1,3.139,10000000
137.11,3.095,10000000
137.12,2.92,10000000
137.13,3.007,10000000
137.14,2.964,10000000
137.15,3.051,10000000
137.16,2.832,10000000
137.17,2.964,10000000
137.18,2.92,10000000
137.19,2.92,10000000
137.2,3.183,10000000
137.21,3.051,10000000
137.22,2.876,10000000
137.23,3.007,10000000
137.24,3.007,10000000
137.25,3.139,10000000
137.26,2.964,10000000
137.27,3.095,10000000
137.28,3.095,10000000
137.29,3.183,10000000
137.3,2.964,10000000
137.31,2.964,10000000
137.32,3.095,10000000
137.33,3.139,10000000
137.34,3.007,10000000
137.35,3.007,10000000
137.36,3.007,10000000
137.37,3.007,10000000
137.38,3.095,10000000
137.39,3.095,10000000
137.4,3.051,10000000
137.41,2.92,10000000
137.42,3.095,10000000
137.43,3.183,10000000
137.44,3.139,10000000
137.45,3.139,10000000
137.46,3.183,10000000
137.47,3.139,10000000
137.48,3.095,10000000
137.49,2.964,10000000
137.5,3.139,10000000
137.51,3.095,10000000
137.52,3.051,10000000
137.53,3.139,10000000
137.54,3.051,10000000
137.55,3.227,10000000
137.56,3.007,10000000
137.57,3.139,10000000
137.58,3.139,10000000
137.59,2.92,10000000
137.6,3.007,10000000
137.61,3.051,10000000
137.62,3.095,10000000
137.63,3.007,10000000
137.64,3.095,10000000
137.65,2.92,10000000
137.66,3.095,10000000
137.67,3.139,10000000
137.68,3.051,10000000
137.69,3.095,10000000
137.7,2.964,10000000
137.71,2.832,10000000
137.72,3.139,10000000
137.73,3.051,10000000
137.74,3.051,10000000
137.75,3.051,10000000
137.76,3.095,10000000
137.77,3.095,10000000
137.78,3.007,10000000
137.79,2.964,10000000
137.8,3.051,10000000
137.81,3.095,10000000
137.82,3.139,10000000
137.83,2.964,10000000
137.84,3.007,10000000
137.85,3.183,10000000
137.86,3.095,10000000
137.87,3.139,10000000
137.88,3.051,10000000
137.89,3.051,10000000
137.9,3.095,10000000
137.91,3.007,10000000
137.92,3.007,10000000
137.93,3.227,10000000
137.94,2.964,10000000
137.95,3.139,10000000
137.96,3.007,10000000
137.97,2.92,10000000
137.98,3.051,10000000
137.99,3.095,10000000
138,3.007,10000000
138.01,3.139,10000000
138.02,3.051,10000000
138.03,3.051,10000000
138.04,3.095,10000000
138.05,3.183,10000000
138.06,3.139,10000000
138.07,3.051,10000000
138.08,3.183,10000000
138.09,3.139,10000000
138.1,2.92,10000000
138.11,3.007,10000000
138.12,3.139,10000000
138.13,3.183,10000000
138.14,3.139,10000000
138.15,3.139,10000000
138.16,3.139,10000000
138.17,3.183,10000000
138.18,2.92,10000000
138.19,3.183,10000000
138.2,3.051,10000000
138.21,2.92,10000000
138.22,3.007,10000000
138.23,3.007,10000000
138.24,3.051,10000000
138.25,3.095,10000000
138.26,3.139,10000000
138.27,3.007,10000000
138.28,3.139,10000000
138.29,3.007,10000000
138.3,3.051,10000000
138.31,3.139,10000000
138.32,3.139,10000000
138.33,3.095,10000000
138.34,2.92,10000000
138.35,2.964,10000000
138.36,3.007,10000000
138.37,2.92,10000000
138.38,2.92,10000000
138.39,2.92,10000000
138.4,3.051,10000000
138.41,2.92,10000000
138.42,3.007,10000000
138.43,2.964,10000000
138.44,2.964,10000000
138.45,3.095,10000000
138.46,3.051,10000000
138.47,3.139,10000000
138.48,3.095,10000000
138.49,3.139,10000000
138.5,3.095,10000000
138.51,2.92,10000000
138.52,3.095,10000000
138.53,3.139,10000000
138.54,2.964,10000000
138.55,3.183,10000000
138.56,3.051,10000000
138.57,3.139,10000000
138.58,3.139,10000000
138.59,3.051,10000000
138.6,3.051,10000000
138.61,2.964,10000000
138.62,3.095,10000000
138.63,3.139,10000000
138.64,3.051,10000000
138.65,3.051,10000000
138.66,3.051,10000000
138.67,3.139,10000000
138.68,3.139,10000000
138.69,3.095,10000000
138.7,3.007,10000000
138.71,3.007,10000000
138.72,2.964,10000000
138.73,3.051,10000000
138.74,3.095,10000000
138.75,3.095,10000000
138.76,3.183,10000000
138.77,3.095,10000000
138.78,3.095,10000000
138.79,3.139,10000000
138.8,3.007,10000000
138.81,3.051,10000000
138.82,3.007,10000000
138.83,3.139,10000000
138.84,2.876,10000000
138.85,3.007,10000000
138.86,3.051,10000000
138.87,3.051,10000000
138.88,3.051,10000000
138.89,3.183,10000000
138.9,3.095,10000000
138.91,3.007,10000000
138.92,3.007,10000000
138.93,3.051,10000000
138.94,2.964,10000000
138.95,2.92,10000000
138.96,2.964,10000000
138.97,3.095,10000000
138.98,2.964,10000000
138.99,3.051,10000000
139,3.051,10000000
139.01,3.007,10000000
139.02,3.007,10000000
139.03,3.007,10000000
139.04,3.051,10000000
139.05,3.007,10000000
139.06,3.139,10000000
139.07,3.051,10000000
139.08,3.095,10000000
139.09,3.051,10000000
139.1,3.139,10000000
139.11,3.095,10000000
139.12,3.007,10000000
139.13,2.832,10000000
139.14,3.095,10000000
139.15,3.095,10000000
139.16,3.051,10000000
139.17,3.051,10000000
139.18,3.007,10000000
139.19,3.007,10000000
139.2,2.92,10000000
139.21,3.051,10000000
139.22,3.183,10000000
139.23,3.095,10000000
139.24,3.095,10000000
139.25,3.139,10000000
139.26,2.92,10000000
139.27,3.007,10000000
139.28,2.92,10000000
139.29,2.832,10000000
139.3,3.051,10000000
139.31,3.051,10000000
139.32,3.007,10000000
139.33,2.92,10000000
139.34,2.964,10000000
139.35,2.964,10000000
139.36,2.92,10000000
139.37,2.92,10000000
139.38,2.92,10000000
139.39,2.92,10000000
139.4,3.007,10000000
139.41,3.051,10000000
139.42,3.139,10000000
139.43,3.139,10000000
139.44,3.007,10000000
139.45,2.92,10000000
139.46,3.007,10000000
139.47,3.051,10000000
139.48,2.964,10000000
139.49,3.051,10000000
139.5,3.227,10000000
139.51,3.051,10000000
139.52,3.139,10000000
139.53,3.095,10000000
139.54,2.92,10000000
139.55,3.007,10000000
139.56,3.139,10000000
139.57,3.139,10000000
139.58,3.227,10000000
139.59,3.227,10000000
139.6,3.051,10000000
139.61,2.964,10000000
139.62,2.964,10000000
139.63,3.007,10000000
139.64,3.139,10000000
139.65,2.964,10000000
139.66,3.095,10000000
139.67,2.964,10000000
139.68,3.007,10000000
139.69,2.92,10000000
139.7,2.92,10000000
139.71,2.876,10000000
139.72,2.92,10000000
139.73,2.92,10000000
139.74,3.007,10000000
139.75,3.007,10000000
139.76,2.964,10000000
139.77,2.92,10000000
139.78,3.007,10000000
139.79,2.964,10000000
139.8,2.964,10000000
139.81,3.095,10000000
139.82,3.139,10000000
139.83,3.051,10000000
139.84,3.095,10000000
139.85,3.095,10000000
139.86,3.051,10000000
139.87,3.095,10000000
139.88,2.964,10000000
139.89,2.876,10000000
139.9,3.051,10000000
139.91,3.139,10000000
139.92,3.095,10000000
139.93,2.832,10000000
139.94,3.007,10000000
139.95,3.183,10000000
139.96,3.095,10000000
139.97,2.876,10000000
139.98,3.095,10000000
139.99,2.964,10000000
140,3.139,10000000
140.01,2.92,10000000
140.02,2.964,10000000
140.03,2.876,10000000
140.04,3.183,10000000
140.05,3.007,10000000
140.06,3.051,10000000
140.07,3.007,10000000
140.08,3.007,10000000
140.09,2.92,10000000
140.1,2.92,10000000
140.11,3.139,10000000
140.12,3.139,10000000
140.13,3.007,10000000
140.14,3.051,10000000
140.15,3.139,10000000
140.16,3.007,10000000
140.17,3.007,10000000
140.18,3.007,10000000
140.19,3.183,10000000
140.2,3.051,10000000
140.21,2.964,10000000
140.22,2.92,10000000
140.23,2.92,10000000
140.24,3.051,10000000
140.25,3.139,10000000
140.26,2.964,10000000
140.27,2.92,10000000
140.28,2.964,10000000
140.29,2.92,10000000
140.3,3.095,10000000
140.31,3.007,10000000
140.32,2.92,10000000
140.33,3.051,10000000
140.34,3.051,10000000
140.35,3.051,10000000
140.36,3.051,10000000
140.37,3.007,10000000
140.38,2.964,10000000
140.39,3.051,10000000
140.4,3.051,10000000
140.41,3.139,10000000
140.42,3.051,10000000
140.43,2.92,10000000
140.44,3.139,10000000
140.45,3.007,10000000
140.46,3.095,10000000
140.47,3.095,10000000
140.48,3.051,10000000
140.49,3.139,10000000
140.5,3.051,10000000
140.51,3.007,10000000
140.52,2.92,10000000
140.53,2.92,10000000
140.54,3.007,10000000
140.55,2.92,10000000
140.56,2.92,10000000
140.57,2.832,10000000
140.58,2.788,10000000
140.59,2.92,10000000
140.6,3.007,10000000
140.61,2.92,10000000
140.62,2.876,10000000
140.63,3.139,10000000
140.64,3.139,10000000
140.65,3.007,10000000
140.66,3.007,10000000
140.67,3.051,10000000
140.68,2.92,10000000
140.69,3.051,10000000
140.7,3.095,10000000
140.71,3.095,10000000
140.72,3.095,10000000
140.73,3.051,10000000
140.74,3.051,10000000
140.75,3.051,10000000
140.76,3.139,10000000
140.77,3.095,10000000
140.78,3.139,10000000
140.79,3.051,10000000
140.8,3.051,10000000
140.81,3.095,10000000
140.82,3.183,10000000
140.83,3.183,10000000
140.84,3.227,10000000
140.85,3.139,10000000
140.86,3.139,10000000
140.87,3.095,10000000
140.88,3.139,10000000
140.89,3.139,10000000
140.9,3.051,10000000
140.91,3.051,10000000
140.92,3.095,10000000
140.93,2.964,10000000
140.94,3.095,10000000
140.95,3.051,10000000
140.96,3.095,10000000
140.97,3.007,10000000
140.98,2.964,10000000
140.99,3.051,10000000
141,2.964,10000000
141.01,2.92,10000000
141.02,3.095,10000000
141.03,3.139,10000000
141.04,3.139,10000000
141.05,3.007,10000000
141.06,2.964,10000000
141.07,2.876,10000000
141.08,2.964,10000000
141.09,2.92,10000000
141.1,3.007,10000000
141.11,3.051,10000000
141.12,3.051,10000000
141.13,3.183,10000000
141.14,3.007,10000000
141.15,3.051,10000000
141.16,2.92,10000000
141.17,3.051,10000000
141.18,3.051,10000000
141.19,2.876,10000000
141.2,3.007,10000000
141.21,3.007,10000000
141.22,2.964,10000000
141.23,2.92,10000000
141.24,2.964,10000000
141.25,3.007,10000000
141.26,3.007,10000000
141.27,3.051,10000000
141.28,3.183,10000000
141.29,3.007,10000000
141.3,3.095,10000000
141.31,3.139,10000000
141.32,3.095,10000000
141.33,3.095,10000000
141.34,3.051,10000000
141.35,3.139,10000000
141.36,3.007,10000000
141.37,3.051,10000000
141.38,3.007,10000000
141.39,3.139,10000000
141.4,3.007,10000000
141.41,3.007,10000000
141.42,3.095,10000000
141.43,3.271,10000000
141.44,3.051,10000000
141.45,2.964,10000000
141.46,3.007,10000000
141.47,3.095,10000000
141.48,3.095,10000000
141.49,3.051,10000000
141.5,3.095,10000000
141.51,3.051,10000000
141.52,2.876,10000000
141.53,3.183,10000000
141.54,3.139,10000000
141.55,3.051,10000000
141.56,2.832,10000000
141.57,3.007,10000000
141.58,3.007,10000000
141.59,2.964,10000000
141.6,2.964,10000000
141.61,2.92,10000000
141.62,2.964,10000000
141.63,2.92,10000000
141.64,2.92,10000000
141.65,3.007,10000000
141.66,3.051,10000000
141.67,3.095,10000000
141.68,3.051,10000000
141.69,2.964,10000000
141.7,3.007,10000000
141.71,3.007,10000000
141.72,3.007,10000000
141.73,3.095,10000000
141.74,3.007,10000000
141.75,3.007,10000000
141.76,3.051,10000000
141.77,2.964,10000000
141.78,3.007,10000000
141.79,2.964,10000000
141.8,2.964,10000000
141.81,3.095,10000000
141.82,3.007,10000000
141.83,3.139,10000000
141.84,3.007,10000000
141.85,3.051,10000000
141.86,3.007,10000000
141.87,3.139,10000000
141.88,3.227,10000000
141.89,3.095,10000000
141.9,3.139,10000000
141.91,2.92,10000000
141.92,2.832,10000000
141.93,3.095,10000000
141.94,3.007,10000000
141.95,3.007,10000000
141.96,3.051,10000000
141.97,2.964,10000000
141.98,3.007,10000000
141.99,3.007,10000000
142,2.92,10000000
142.01,3.007,10000000
142.02,2.964,10000000
142.03,3.051,10000000
142.04,2.92,10000000
142.05,3.007,10000000
142.06,2.92,10000000
142.07,3.051,10000000
142.08,3.051,10000000
142.09,3.095,10000000
142.1,3.051,10000000
142.11,2.964,10000000
142.12,3.007,10000000
142.13,2.964,10000000
142.14,2.964,10000000
142.15,2.92,10000000
142.16,2.964,10000000
142.17,3.007,10000000
142.18,2.92,10000000
142.19,3.007,10000000
142.2,2.832,10000000
142.21,2.92,10000000
142.22,3.139,10000000
142.23,2.964,10000000
142.24,3.183,10000000
142.25,3.007,10000000
142.26,3.139,10000000
142.27,3.007,10000000
142.28,3.139,10000000
142.29,3.139,10000000
142.3,3.139,10000000
142.31,3.007,10000000
142.32,2.964,10000000
142.33,2.964,10000000
142.34,2.876,10000000
142.35,3.007,10000000
142.36,2.876,10000000
142.37,3.139,10000000
142.38,3.051,10000000
142.39,3.095,10000000
142.4,3.007,10000000
142.41,3.051,10000000
142.42,3.139,10000000
142.43,3.007,10000000
142.44,3.139,10000000
142.45,2.964,10000000
142.46,3.095,10000000
142.47,3.007,10000000
142.48,3.051,10000000
142.49,3.095,10000000
142.5,3.007,10000000
142.51,3.139,10000000
142.52,3.007,10000000
142.53,3.183,10000000
142.54,3.007,10000000
142.55,3.007,10000000
142.56,3.095,10000000
142.57,3.007,10000000
142.58,2.964,10000000
142.59,3.007,10000000
142.6,3.007,10000000
142.61,3.007,10000000
142.62,3.139,10000000
142.63,2.92,10000000
142.64,3.139,10000000
142.65,3.007,10000000
142.66,3.095,10000000
142.67,2.92,10000000
142.68,3.007,10000000
142.69,3.095,10000000
142.7,3.139,10000000
142.71,3.139,10000000
142.72,3.007,10000000
142.73,3.139,10000000
142.74,3.095,10000000
142.75,3.051,10000000
142.76,3.227,10000000
142.77,3.051,10000000
142.78,2.964,10000000
142.79,3.095,10000000
142.8,3.095,10000000
142.81,3.007,10000000
142.82,3.095,10000000
142.83,3.007,10000000
142.84,3.051,10000000
142.85,3.095,10000000
142.86,3.007,10000000
142.87,3.095,10000000
142.88,2.964,10000000
142.89,3.227,10000000
142.9,2.92,10000000
142.91,2.92,10000000
142.92,3.051,10000000
142.93,3.051,10000000
142.94,2.964,10000000
142.95,3.139,10000000
142.96,3.139,10000000
142.97,3.051,10000000
142.98,3.095,10000000
142.99,3.051,10000000
143,3.051,10000000
143.01,3.227,10000000
143.02,3.051,10000000
143.03,3.051,10000000
143.04,3.007,10000000
143.05,3.139,10000000
143.06,3.007,10000000
143.07,2.92,10000000
143.08,3.007,10000000
143.09,3.051,10000000
143.1,2.964,10000000
143.11,3.095,10000000
143.12,3.095,10000000
143.13,3.051,10000000
143.14,2.92,10000000
143.15,2.876,10000000
143.16,2.964,10000000
143.17,3.139,10000000
143.18,3.095,10000000
143.19,3.315,10000000
143.2,2.92,10000000
143.21,3.139,10000000
143.22,3.007,10000000
143.23,3.051,10000000
143.24,3.095,10000000
143.25,3.139,10000000
143.26,3.051,10000000
143.27,3.007,10000000
143.28,3.139,10000000
143.29,3.095,10000000
143.3,2.964,10000000
143.31,2.964,10000000
143.32,3.139,10000000
143.33,2.832,10000000
143.34,3.095,10000000
143.35,3.007,10000000
143.36,2.92,10000000
143.37,2.964,10000000
143.38,3.051,10000000
143.39,2.964,10000000
143.4,3.139,10000000
143.41,3.051,10000000
143.42,3.051,10000000
143.43,3.095,10000000
143.44,3.051,10000000
143.45,2.964,10000000
143.46,3.139,10000000
143.47,3.271,10000000
143.48,3.095,10000000
143.49,3.139,10000000
143.5,3.227,10000000
143.51,2.92,10000000
143.52,3.051,10000000
143.53,3.051,10000000
143.54,2.964,10000000
143.55,3.007,10000000
143.56,3.007,10000000
143.57,2.832,10000000
143.58,3.051,10000000
143.59,3.095,10000000
143.6,2.92,10000000
143.61,3.051,10000000
143.62,3.051,10000000
143.63,2.964,10000000
143.64,2.964,10000000
143.65,2.92,10000000
143.66,2.964,10000000
143.67,3.051,10000000
143.68,3.051,10000000
143.69,3.051,10000000
143.7,3.007,10000000
143.71,2.92,10000000
143.72,2.876,10000000
143.73,2.964,10000000
143.74,3.007,10000000
143.75,3.095,10000000
143.76,2.964,10000000
143.77,2.92,10000000
143.78,3.007,10000000
143.79,3.051,10000000
143.8,3.183,10000000
143.81,2.964,10000000
143.82,3.139,10000000
143.83,3.051,10000000
143.84,3.007,10000000
143.85,3.051,10000000
143.86,3.007,10000000
143.87,3.051,10000000
143.88,3.007,10000000
143.89,3.139,10000000
143.9,3.095,10000000
143.91,3.095,10000000
143.92,3.183,10000000
143.93,3.139,10000000
143.94,3.007,10000000
143.95,3.139,10000000
143.96,3.183,10000000
143.97,3.095,10000000
143.98,3.051,10000000
143.99,3.007,10000000
144,3.007,10000000
144.01,3.007,10000000
144.02,3.051,10000000
144.03,3.095,10000000
144.04,2.876,10000000
144.05,2.964,10000000
144.06,3.051,10000000
144.07,3.007,10000000
144.08,3.095,10000000
144.09,2.832,10000000
144.1,3.139,10000000
144.11,3.051,10000000
144.12,3.139,10000000
144.13,3.051,10000000
144.14,2.964,10000000
144.15,2.964,10000000
144.16,3.007,10000000
144.17,3.007,10000000
144.18,3.051,10000000
144.19,3.139,10000000
144.2,3.139,10000000
144.21,3.007,10000000
144.22,3.095,10000000
144.23,3.051,10000000
144.24,2.92,10000000
144.25,3.095,10000000
144.26,2.964,10000000
144.27,3.007,10000000
144.28,3.051,10000000
144.29,2.92,10000000
144.3,3.227,10000000
144.31,3.007,10000000
144.32,3.051,10000000
144.33,2.964,10000000
144.34,3.139,10000000
144.35,3.051,10000000
144.36,2.832,10000000
144.37,3.007,10000000
144.38,3.007,10000000
144.39,3.051,10000000
144.4,3.139,10000000
144.41,3.051,10000000
144.42,3.139,10000000
144.43,3.007,10000000
144.44,3.139,10000000
144.45,3.095,10000000
144.46,3.139,10000000
144.47,3.139,10000000
144.48,3.227,10000000
144.49,3.095,10000000
144.5,3.139,10000000
144.51,3.183,10000000
144.52,3.183,10000000
144.53,3.183,10000000
144.54,3.051,10000000
144.55,3.007,10000000
144.56,3.095,10000000
144.57,2.964,10000000
144.58,3.007,10000000
144.59,2.876,10000000
144.6,3.139,10000000
144.61,3.051,10000000
144.62,2.964,10000000
144.63,2.964,10000000
144.64,3.139,10000000
144.65,2.92,10000000
144.66,3.227,10000000
144.67,3.095,10000000
144.68,3.007,10000000
144.69,3.007,10000000
144.7,2.92,10000000
144.71,3.051,10000000
144.72,3.139,10000000
144.73,3.095,10000000
144.74,3.139,10000000
144.75,3.139,10000000
144.76,3.095,10000000
144.77,3.139,10000000
144.78,2.92,10000000
144.79,3.139,10000000
144.8,3.051,10000000
144.81,3.051,10000000
144.82,3.139,10000000
144.83,3.051,10000000
144.84,2.964,10000000
144.85,3.007,10000000
144.86,3.095,10000000
144.87,3.139,10000000
144.88,2.876,10000000
144.89,2.964,10000000
144.9,3.051,10000000
144.91,3.095,10000000
144.92,3.139,10000000
144.93,3.139,10000000
144.94,3.139,10000000
144.95,3.051,10000000
144.96,3.051,10000000
144.97,3.227,10000000
144.98,3.051,10000000
144.99,3.007,10000000
145,2.92,10000000
145.01,2.92,10000000
145.02,3.051,10000000
145.03,3.051,10000000
145.04,3.095,10000000
145.05,3.051,10000000
145.06,3.095,10000000
145.07,2.964,10000000
145.08,2.964,10000000
145.09,3.007,10000000
145.1,3.007,10000000
145.11,3.007,10000000
145.12,3.051,10000000
145.13,3.095,10000000
145.14,3.051,10000000
145.15,3.051,10000000
145.16,3.051,10000000
145.17,3.095,10000000
145.18,3.139,10000000
145.19,3.051,10000000
145.2,3.051,10000000
145.21,3.051,10000000
145.22,3.051,10000000
145.23,2.876,10000000
145.24,2.92,10000000
145.25,2.876,10000000
145.26,2.92,10000000
145.27,3.095,10000000
145.28,3.095,10000000
145.29,3.007,10000000
145.3,2.964,10000000
145.31,3.139,10000000
145.32,3.139,10000000
145.33,3.139,10000000
145.34,3.007,10000000
145.35,3.007,10000000
145.36,3.095,10000000
145.37,3.139,10000000
145.38,3.139,10000000
145.39,3.095,10000000
145.4,2.964,10000000
145.41,3.139,10000000
145.42,3.051,10000000
145.43,2.964,10000000
145.44,3.007,10000000
145.45,3.227,10000000
145.46,3.007,10000000
145.47,3.183,10000000
145.48,3.007,10000000
145.49,3.139,10000000
145.5,2.964,10000000
145.51,3.095,10000000
145.52,2.92,10000000
145.53,3.007,10000000
145.54,2.92,10000000
145.55,2.92,10000000
145.56,3.139,10000000
145.57,2.964,10000000
145.58,3.007,10000000
145.59,3.051,10000000
145.6,2.92,10000000
145.61,3.007,10000000
145.62,3.095,10000000
145.63,3.051,10000000
145.64,3.007,10000000
145.65,3.095,10000000
145.66,3.139,10000000
145.67,3.095,10000000
145.68,3.007,10000000
145.69,3.007,10000000
145.7,3.139,10000000
145.71,3.095,10000000
145.72,3.095,10000000
145.73,2.964,10000000
145.74,2.964,10000000
145.75,3.051,10000000
145.76,3.007,10000000
145.77,3.007,10000000
145.78,3.095,10000000
145.79,3.227,10000000
145.8,3.183,10000000
145.81,3.007,10000000
145.82,3.007,10000000
145.83,3.139,10000000
145.84,2.92,10000000
145.85,2.964,10000000
145.86,2.92,10000000
145.87,3.007,10000000
145.88,2.964,10000000
145.89,2.964,10000000
145.9,2.832,10000000
145.91,2.964,10000000
145.92,3.007,10000000
145.93,3.139,10000000
145.94,3.051,10000000
145.95,3.007,10000000
145.96,3.183,10000000
145.97,2.964,10000000
145.98,3.007,10000000
145.99,3.007,10000000
146,3.271,10000000
146.01,3.315,10000000
146.02,3.227,10000000
146.03,3.227,10000000
146.04,3.139,10000000
146.05,3.095,10000000
146.06,2.964,10000000
146.07,3.051,10000000
146.08,3.007,10000000
146.09,3.139,10000000
146.1,3.139,10000000
146.11,3.007,10000000
146.12,2.92,10000000
146.13,2.876,10000000
146.14,2.876,10000000
146.15,2.92,10000000
146.16,2.964,10000000
146.17,2.964,10000000
146.18,3.095,10000000
146.19,3.183,10000000
146.2,3.051,10000000
146.21,3.095,10000000
146.22,3.007,10000000
146.23,3.051,10000000
146.24,2.964,10000000
146.25,3.095,10000000
146.26,2.92,10000000
146.27,3.139,10000000
146.28,2.964,10000000
146.29,3.007,10000000
146.3,2.92,10000000
146.31,3.007,10000000
146.32,2.964,10000000
146.33,3.139,10000000
146.34,2.964,10000000
146.35,3.139,10000000
146.36,3.095,10000000
146.37,3.095,10000000
146.38,3.227,10000000
146.39,3.139,10000000
146.4,3.139,10000000
146.41,3.315,10000000
146.42,3.183,10000000
146.43,3.139,10000000
146.44,3.139,10000000
146.45,3.095,10000000
146.46,3.183,10000000
146.47,3.095,10000000
146.48,3.139,10000000
146.49,3.227,10000000
146.5,3.139,10000000
146.51,3.095,10000000
146.52,3.139,10000000
146.53,3.095,10000000
146.54,2.92,10000000
146.55,2.92,10000000
146.56,2.832,10000000
146.57,2.92,10000000
146.58,2.92,10000000
146.59,2.964,10000000
146.6,3.183,10000000
146.61,3.139,10000000
146.62,3.007,10000000
146.63,3.007,10000000
146.64,3.007,10000000
146.65,2.876,10000000
146.66,3.095,10000000
146.67,3.051,10000000
146.68,3.051,10000000
146.69,3.007,10000000
146.7,3.007,10000000
146.71,3.007,10000000
146.72,3.007,10000000
146.73,3.051,10000000
146.74,3.139,10000000
146.75,3.051,10000000
146.76,3.183,10000000
146.77,3.139,10000000
146.78,3.095,10000000
146.79,3.139,10000000
146.8,3.139,10000000
146.81,3.095,10000000
146.82,2.964,10000000
146.83,3.095,10000000
146.84,3.007,10000000
146.85,2.964,10000000
146.86,3.007,10000000
146.87,2.964,10000000
146.88,3.051,10000000
146.89,3.095,10000000
146.9,3.095,10000000
146.91,3.095,10000000
146.92,3.183,10000000
146.93,3.051,10000000
146.94,3.007,10000000
146.95,3.051,10000000
146.96,3.095,10000000
146.97,3.051,10000000
146.98,3.095,10000000
146.99,3.007,10000000
147,3.007,10000000
147.01,3.051,10000000
147.02,3.095,10000000
147.03,3.095,10000000
147.04,3.007,10000000
147.05,3.139,10000000
147.06,3.095,10000000
147.07,3.051,10000000
147.08,3.139,10000000
147.09,3.007,10000000
147.1,3.007,10000000
147.11,2.92,10000000
147.12,3.095,10000000
147.13,3.051,10000000
147.14,3.007,10000000
147.15,3.007,10000000
147.16,3.095,10000000
147.17,3.139,10000000
147.18,3.095,10000000
147.19,3.007,10000000
147.2,3.007,10000000
147.21,3.139,10000000
147.22,2.964,10000000
147.23,3.051,10000000
147.24,3.095,10000000
147.25,3.227,10000000
147.26,3.183,10000000
147.27,3.271,10000000
147.28,3.095,10000000
147.29,3.095,10000000
147.3,2.964,10000000
147.31,3.095,10000000
147.32,3.095,10000000
147.33,3.095,10000000
147.34,3.095,10000000
147.35,3.139,10000000
147.36,3.051,10000000
147.37,2.964,10000000
147.38,3.051,10000000
147.39,3.007,10000000
147.4,3.095,10000000
147.41,2.964,10000000
147.42,3.139,10000000
147.43,3.007,10000000
147.44,2.92,10000000
147.45,3.139,10000000
147.46,3.227,10000000
147.47,3.095,10000000
147.48,2.964,10000000
147.49,3.227,10000000
147.5,2.964,10000000
147.51,3.007,10000000
147.52,3.051,10000000
147.53,2.92,10000000
147.54,3.051,10000000
147.55,3.007,10000000
147.56,3.095,10000000
147.57,3.051,10000000
147.58,3.139,10000000
147.59,3.139,10000000
147.6,3.139,10000000
147.61,3.095,10000000
147.62,3.139,10000000
147.63,2.964,10000000
147.64,2.964,10000000
147.65,3.095,10000000
147.66,3.007,10000000
147.67,3.095,10000000
147.68,3.051,10000000
147.69,3.095,10000000
147.7,3.139,10000000
147.71,3.051,10000000
147.72,2.92,10000000
147.73,3.007,10000000
147.74,3.095,10000000
147.75,2.92,10000000
147.76,2.964,10000000
147.77,3.051,10000000
147.78,2.876,10000000
147.79,2.964,10000000
147.8,3.051,10000000
147.81,2.92,10000000
147.82,3.051,10000000
147.83,2.964,10000000
147.84,3.139,10000000
147.85,3.007,10000000
147.86,3.139,10000000
147.87,3.139,10000000
147.88,3.007,10000000
147.89,3.007,10000000
147.9,2.964,10000000
147.91,2.92,10000000
147.92,3.007,10000000
147.93,3.095,10000000
147.94,3.051,10000000
147.95,3.139,10000000
147.96,3.139,10000000
147.97,3.139,10000000
147.98,3.095,10000000
147.99,3.051,10000000
148,3.051,10000000
148.01,3.095,10000000
148.02,2.964,10000000
148.03,2.92,10000000
148.04,3.051,10000000
148.05,2.964,10000000
148.06,3.051,10000000
148.07,3.139,10000000
148.08,3.007,10000000
148.09,3.095,10000000
148.1,3.007,10000000
148.11,3.139,10000000
148.12,3.139,10000000
148.13,3.051,10000000
148.14,3.227,10000000
148.15,3.139,10000000
148.16,3.095,10000000
148.17,3.183,10000000
148.18,2.92,10000000
148.19,2.964,10000000
148.2,2.964,10000000
148.21,3.139,10000000
148.22,3.007,10000000
148.23,3.095,10000000
148.24,3.051,10000000
148.25,3.227,10000000
148.26,2.92,10000000
148.27,2.964,10000000
148.28,2.964,10000000
148.29,3.051,10000000
148.3,3.007,10000000
148.31,3.095,10000000
148.32,3.051,10000000
148.33,2.964,10000000
148.34,2.92,10000000
148.35,2.92,10000000
148.36,3.051,10000000
148.37,3.007,10000000
148.38,2.92,10000000
148.39,2.964,10000000
148.4,3.051,10000000
148.41,3.007,10000000
148.42,3.095,10000000
148.43,2.964,10000000
148.44,3.007,10000000
148.45,3.095,10000000
148.46,3.051,10000000
148.47,3.095,10000000
148.48,3.183,10000000
148.49,3.227,10000000
148.5,3.139,10000000
148.51,2.92,10000000
148.52,3.227,10000000
148.53,3.183,10000000
148.54,3.139,10000000
148.55,3.183,10000000
148.56,3.007,10000000
148.57,3.007,10000000
148.58,2.92,10000000
148.59,3.227,10000000
148.6,3.095,10000000
148.61,3.095,10000000
148.62,3.051,10000000
148.63,3.095,10000000
148.64,2.92,10000000
148.65,2.964,10000000
148.66,3.051,10000000
148.67,3.139,10000000
148.68,2.92,10000000
148.69,2.964,10000000
148.7,3.007,10000000
148.71,3.139,10000000
148.72,3.095,10000000
148.73,3.139,10000000
148.74,2.964,10000000
148.75,3.227,10000000
148.76,3.051,10000000
148.77,3.095,10000000
148.78,3.007,10000000
148.79,3.095,10000000
148.8,3.139,10000000
148.81,3.139,10000000
148.82,3.051,10000000
148.83,2.92,10000000
148.84,3.095,10000000
148.85,3.095,10000000
148.86,3.095,10000000
148.87,3.007,10000000
148.88,3.095,10000000
148.89,2.92,10000000
148.9,3.007,10000000
148.91,3.051,10000000
148.92,3.007,10000000
148.93,3.007,10000000
148.94,3.007,10000000
148.95,2.92,10000000
148.96,3.183,10000000
148.97,3.051,10000000
148.98,3.051,10000000
148.99,3.051,10000000
149,3.227,10000000
149.01,3.271,10000000
149.02,3.095,10000000
149.03,3.183,10000000
149.04,3.227,10000000
149.05,2.964,10000000
149.06,3.095,10000000
149.07,3.139,10000000
149.08,3.139,10000000
149.09,3.095,10000000
149.1,3.139,10000000
149.11,3.007,10000000
149.12,3.095,10000000
149.13,3.139,10000000
149.14,3.139,10000000
149.15,2.92,10000000
149.16,3.007,10000000
149.17,3.051,10000000
149.18,3.051,10000000
149.19,3.051,10000000
149.2,3.051,10000000
149.21,3.139,10000000
149.22,3.095,10000000
149.23,3.139,10000000
149.24,3.139,10000000
149.25,2.92,10000000
149.26,2.964,10000000
149.27,2.876,10000000
149.28,3.139,10000000
149.29,3.095,10000000
149.3,3.183,10000000
149.31,3.139,10000000
149.32,3.139,10000000
149.33,3.139,10000000
149.34,3.051,10000000
149.35,3.183,10000000
149.36,3.051,10000000
149.37,2.964,10000000
149.38,3.095,10000000
149.39,3.139,10000000
149.4,3.007,10000000
149.41,2.964,10000000
149.42,3.051,10000000
149.43,2.964,10000000
149.44,3.051,10000000
149.45,3.007,10000000
149.46,2.964,10000000
149.47,3.007,10000000
149.48,2.964,10000000
149.49,3.139,10000000
149.5,3.095,10000000
149.51,3.095,10000000
149.52,3.183,10000000
149.53,3.095,10000000
149.54,3.095,10000000
149.55,3.051,10000000
149.56,3.007,10000000
149.57,3.095,10000000
149.58,3.095,10000000
149.59,2.964,10000000
149.6,3.007,10000000
149.61,3.051,10000000
149.62,3.139,10000000
149.63,3.095,10000000
149.64,2.964,10000000
149.65,3.227,10000000
149.66,3.051,10000000
149.67,3.051,10000000
149.68,3.139,10000000
149.69,3.051,10000000
149.7,2.964,10000000
149.71,3.007,10000000
149.72,3.051,10000000
149.73,3.095,10000000
149.74,2.92,10000000
149.75,3.139,10000000
149.76,2.92,10000000
149.77,2.92,10000000
149.78,2.92,10000000
149.79,3.139,10000000
149.8,3.139,10000000
149.81,3.051,10000000
149.82,3.183,10000000
149.83,3.007,10000000
149.84,3.095,10000000
149.85,3.139,10000000
149.86,3.095,10000000
149.87,3.007,10000000
149.88,3.007,10000000
149.89,3.051,10000000
149.9,3.007,10000000
149.91,3.007,10000000
149.92,3.095,10000000
149.93,2.964,10000000
149.94,3.095,10000000
149.95,3.183,10000000
149.96,3.183,10000000
149.97,3.051,10000000
149.98,3.139,10000000
149.99,2.92,10000000
150,3.007,10000000
150.01,3.139,10000000
150.02,3.051,10000000
150.03,3.007,10000000
150.04,3.139,10000000
150.05,3.095,10000000
150.06,3.051,10000000
150.07,3.007,10000000
150.08,3.095,10000000
150.09,2.964,10000000
150.1,3.051,10000000
150.11,3.139,10000000
150.12,3.095,10000000
150.13,3.095,10000000
150.14,3.095,10000000
150.15,3.051,10000000
150.16,2.92,10000000
150.17,3.139,10000000
150.18,3.007,10000000
150.19,3.139,10000000
150.2,3.095,10000000
150.21,3.227,10000000
150.22,3.139,10000000
150.23,3.227,10000000
150.24,2.964,10000000
150.25,3.183,10000000
150.26,3.095,10000000
150.27,3.051,10000000
150.28,3.007,10000000
150.29,3.139,10000000
150.3,2.92,10000000
150.31,2.964,10000000
150.32,3.095,10000000
150.33,2.92,10000000
150.34,2.876,10000000
150.35,3.139,10000000
150.36,3.095,10000000
150.37,3.007,10000000
150.38,3.139,10000000
150.39,3.007,10000000
150.4,3.139,10000000
150.41,3.139,10000000
150.42,2.92,10000000
150.43,3.095,10000000
150.44,3.051,10000000
150.45,2.92,10000000
150.46,3.007,10000000
150.47,3.095,10000000
150.48,3.095,10000000
150.49,3.095,10000000
150.5,3.051,10000000
150.51,2.788,10000000
150.52,3.051,10000000
150.53,2.964,10000000
150.54,2.92,10000000
150.55,3.007,10000000
150.56,3.051,10000000
150.57,3.095,10000000
150.58,2.964,10000000
150.59,3.051,10000000
150.6,2.964,10000000
150.61,3.051,10000000
150.62,2.964,10000000
150.63,3.139,10000000
150.64,3.007,10000000
150.65,2.964,10000000
150.66,3.051,10000000
150.67,3.183,10000000
150.68,3.051,10000000
150.69,3.051,10000000
150.7,3.007,10000000
150.71,2.964,10000000
150.72,3.139,10000000
150.73,3.139,10000000
150.74,3.139,10000000
150.75,3.315,10000000
150.76,3.139,10000000
150.77,3.051,10000000
150.78,3.183,10000000
150.79,3.139,10000000
150.8,3.095,10000000
150.81,3.095,10000000
150.82,3.007,10000000
150.83,3.183,10000000
150.84,2.92,10000000
150.85,3.139,10000000
150.86,3.007,10000000
150.87,3.051,10000000
150.88,3.051,10000000
150.89,3.007,10000000
150.9,2.92,10000000
150.91,2.964,10000000
150.92,3.007,10000000
150.93,3.095,10000000
150.94,3.051,10000000
150.95,3.139,10000000
150.96,3.183,10000000
150.97,3.139,10000000
150.98,3.139,10000000
150.99,3.227,10000000
151,3.139,10000000
151.01,3.007,10000000
151.02,3.095,10000000
151.03,3.139,10000000
151.04,3.139,10000000
151.05,3.139,10000000
151.06,3.139,10000000
151.07,3.095,10000000
151.08,3.139,10000000
151.09,3.095,10000000
151.1,3.139,10000000
151.11,3.227,10000000
151.12,3.051,10000000
151.13,3.007,10000000
151.14,2.92,10000000
151.15,3.095,10000000
151.16,3.007,10000000
151.17,3.051,10000000
151.18,3.095,10000000
151.19,3.095,10000000
151.2,2.92,10000000
151.21,3.095,10000000
151.22,3.007,10000000
151.23,3.051,10000000
151.24,3.139,10000000
151.25,3.095,10000000
151.26,3.051,10000000
151.27,2.964,10000000
151.28,3.139,10000000
151.29,3.095,10000000
151.3,2.964,10000000
151.31,2.964,10000000
151.32,3.007,10000000
151.33,3.139,10000000
151.34,3.139,10000000
151.35,3.007,10000000
151.36,3.051,10000000
151.37,3.051,10000000
151.38,3.139,10000000
151.39,3.139,10000000
151.4,2.92,10000000
151.41,3.095,10000000
151.42,3.095,10000000
151.43,3.051,10000000
151.44,3.095,10000000
151.45,2.964,10000000
151.46,3.095,10000000
151.47,2.964,10000000
151.48,3.139,10000000
151.49,3.007,10000000
151.5,3.051,10000000
151.51,3.139,10000000
151.52,3.139,10000000
151.53,3.051,10000000
151.54,2.92,10000000
151.55,3.095,10000000
151.56,3.095,10000000
151.57,3.095,10000000
151.58,3.007,10000000
151.59,2.964,10000000
151.6,3.007,10000000
151.61,3.007,10000000
151.62,3.095,10000000
151.63,2.92,10000000
151.64,2.92,10000000
151.65,2.964,10000000
151.66,3.007,10000000
151.67,3.095,10000000
151.68,3.051,10000000
151.69,3.051,10000000
151.7,3.007,10000000
151.71,2.964,10000000
151.72,3.095,10000000
151.73,3.095,10000000
151.74,2.964,10000000
151.75,3.051,10000000
151.76,3.007,10000000
151.77,3.007,10000000
151.78,3.051,10000000
151.79,3.007,10000000
151.8,2.964,10000000
151.81,2.964,10000000
151.82,3.051,10000000
151.83,3.183,10000000
151.84,3.095,10000000
151.85,3.095,10000000
151.86,3.051,10000000
151.87,3.051,10000000
151.88,3.095,10000000
151.89,3.051,10000000
151.9,3.095,10000000
151.91,3.227,10000000
151.92,3.007,10000000
151.93,3.095,10000000
151.94,3.139,10000000
151.95,3.051,10000000
151.96,3.007,10000000
151.97,3.051,10000000
151.98,3.095,10000000
151.99,3.051,10000000
152,3.007,10000000
152.01,3.051,10000000
152.02,3.227,10000000
152.03,3.051,10000000
152.04,3.139,10000000
152.05,3.007,10000000
152.06,3.051,10000000
152.07,3.139,10000000
152.08,3.183,10000000
152.09,3.007,10000000
152.1,3.051,10000000
152.11,3.139,10000000
152.12,2.92,10000000
152.13,3.095,10000000
152.14,3.051,10000000
152.15,3.139,10000000
152.16,3.139,10000000
152.17,3.051,10000000
152.18,3.183,10000000
152.19,3.007,10000000
152.2,3.051,10000000
152.21,3.095,10000000
152.22,3.007,10000000
152.23,2.92,10000000
152.24,3.139,10000000
152.25,3.095,10000000
152.26,2.92,10000000
152.27,3.051,10000000
152.28,3.139,10000000
152.29,3.139,10000000
152.3,2.964,10000000
152.31,3.007,10000000
152.32,3.007,10000000
152.33,3.139,10000000
152.34,2.964,10000000
152.35,3.007,10000000
152.36,3.183,10000000
152.37,3.139,10000000
152.38,3.139,10000000
152.39,3.139,10000000
152.4,3.095,10000000
152.41,2.964,10000000
152.42,3.139,10000000
152.43,3.095,10000000
152.44,2.744,10000000
152.45,3.051,10000000
152.46,3.007,10000000
152.47,3.095,10000000
152.48,2.92,10000000
152.49,2.92,10000000
152.5,2.964,10000000
152.51,2.964,10000000
152.52,3.007,10000000
152.53,2.964,10000000
152.54,3.007,10000000
152.55,2.92,10000000
152.56,2.92,10000000
152.57,3.095,10000000
152.58,3.139,10000000
152.59,3.227,10000000
152.6,3.227,10000000
152.61,3.095,10000000
152.62,3.095,10000000
152.63,3.051,10000000
152.64,3.007,10000000
152.65,3.007,10000000
152.66,3.051,10000000
152.67,3.183,10000000
152.68,2.964,10000000
152.69,2.876,10000000
152.7,3.007,10000000
152.71,2.964,10000000
152.72,3.227,10000000
152.73,3.139,10000000
152.74,3.051,10000000
152.75,2.964,10000000
152.76,3.183,10000000
152.77,3.183,10000000
152.78,3.227,10000000
152.79,3.183,10000000
152.8,3.051,10000000
152.81,3.051,10000000
152.82,3.139,10000000
152.83,3.139,10000000
152.84,3.139,10000000
152.85,3.007,10000000
152.86,2.964,10000000
152.87,3.051,10000000
152.88,3.051,10000000
152.89,3.051,10000000
152.9,2.964,10000000
152.91,2.92,10000000
152.92,3.139,10000000
152.93,3.051,10000000
152.94,3.007,10000000
152.95,2.964,10000000
152.96,3.051,10000000
152.97,2.92,10000000
152.98,2.92,10000000
152.99,2.964,10000000
153,3.095,10000000
153.01,3.095,10000000
153.02,2.964,10000000
153.03,3.007,10000000
153.04,3.051,10000000
153.05,3.007,10000000
153.06,3.095,10000000
153.07,3.139,10000000
153.08,3.051,10000000
153.09,3.051,10000000
153.1,3.095,10000000
153.11,3.051,10000000
153.12,3.139,10000000
153.13,3.007,10000000
153.14,2.92,10000000
153.15,3.007,10000000
153.16,3.051,10000000
153.17,3.095,10000000
153.18,3.139,10000000
153.19,3.007,10000000
153.2,3.139,10000000
153.21,2.92,10000000
153.22,2.92,10000000
153.23,3.139,10000000
153.24,3.051,10000000
153.25,3.007,10000000
153.26,3.139,10000000
153.27,3.315,10000000
153.28,3.095,10000000
153.29,3.227,10000000
153.3,3.183,10000000
153.31,3.227,10000000
153.32,3.007,10000000
153.33,3.007,10000000
153.34,2.964,10000000
153.35,2.92,10000000
153.36,3.007,10000000
153.37,3.139,10000000
153.38,3.183,10000000
153.39,3.139,10000000
153.4,3.139,10000000
153.41,3.139,10000000
153.42,3.007,10000000
153.43,3.051,10000000
153.44,2.964,10000000
153.45,3.139,10000000
153.46,2.964,10000000
153.47,2.92,10000000
153.48,2.964,10000000
153.49,2.92,10000000
153.5,3.139,10000000
153.51,2.92,10000000
153.52,2.876,10000000
153.53,3.007,10000000
153.54,3.007,10000000
153.55,3.051,10000000
153.56,3.007,10000000
153.57,2.832,10000000
153.58,3.051,10000000
153.59,3.095,10000000
153.6,3.095,10000000
153.61,3.007,10000000
153.62,2.92,10000000
153.63,2.92,10000000
153.64,2.92,10000000
153.65,3.095,10000000
153.66,3.007,10000000
153.67,3.095,10000000
153.68,3.095,10000000
153.69,3.139,10000000
153.7,2.876,10000000
153.71,3.095,10000000
153.72,3.095,10000000
153.73,3.095,10000000
153.74,3.007,10000000
153.75,3.095,10000000
153.76,3.227,10000000
153.77,2.92,10000000
153.78,2.92,10000000
153.79,2.788,10000000
153.8,2.92,10000000
153.81,3.007,10000000
153.82,2.964,10000000
153.83,3.095,10000000
153.84,2.92,10000000
153.85,3.007,10000000
153.86,3.051,10000000
153.87,3.051,10000000
153.88,2.92,10000000
153.89,3.051,10000000
153.9,3.139,10000000
153.91,3.051,10000000
153.92,3.007,10000000
153.93,3.051,10000000
153.94,2.92,10000000
153.95,3.139,10000000
153.96,3.139,10000000
153.97,3.139,10000000
153.98,3.139,10000000
153.99,3.139,10000000
154,3.051,10000000
154.01,3.095,10000000
154.02,3.139,10000000
154.03,3.139,10000000
154.04,3.051,10000000
154.05,3.139,10000000
154.06,3.139,10000000
154.07,3.139,10000000
154.08,3.095,10000000
154.09,2.876,10000000
154.1,3.051,10000000
154.11,2.92,10000000
154.12,2.964,10000000
154.13,2.92,10000000
154.14,3.183,10000000
154.15,2.92,10000000
154.16,3.051,10000000
154.17,3.051,10000000
154.18,3.051,10000000
154.19,3.095,10000000
154.2,3.095,10000000
154.21,3.051,10000000
154.22,3.183,10000000
154.23,3.139,10000000
154.24,3.139,10000000
154.25,3.227,10000000
154.26,3.051,10000000
154.27,2.92,10000000
154.28,3.139,10000000
154.29,3.051,10000000
154.3,2.92,10000000
154.31,3.095,10000000
154.32,3.051,10000000
154.33,2.92,10000000
154.34,3.095,10000000
154.35,3.095,10000000
154.36,2.92,10000000
154.37,3.139,10000000
154.38,3.139,10000000
154.39,3.227,10000000
154.4,2.92,10000000
154.41,3.051,10000000
154.42,3.051,10000000
154.43,2.964,10000000
154.44,3.007,10000000
154.45,3.051,10000000
154.46,2.92,10000000
154.47,2.964,10000000
154.48,3.227,10000000
154.49,3.051,10000000
154.5,3.095,10000000
154.51,3.007,10000000
154.52,2.876,10000000
154.53,3.007,10000000
154.54,2.964,10000000
154.55,3.007,10000000
154.56,3.051,10000000
154.57,2.964,10000000
154.58,2.964,10000000
154.59,2.92,10000000
154.6,3.095,10000000
154.61,3.007,10000000
154.62,2.92,10000000
154.63,2.964,10000000
154.64,3.051,10000000
154.65,3.139,10000000
154.66,2.92,10000000
154.67,3.095,10000000
154.68,3.007,10000000
154.69,3.051,10000000
154.7,3.007,10000000
154.71,3.007,10000000
154.72,3.051,10000000
154.73,3.095,10000000
154.74,3.139,10000000
154.75,3.051,10000000
154.76,3.051,10000000
154.77,2.92,10000000
154.78,2.92,10000000
154.79,3.051,10000000
154.8,2.964,10000000
154.81,2.92,10000000
154.82,3.139,10000000
154.83,2.964,10000000
154.84,3.051,10000000
154.85,3.007,10000000
154.86,3.139,10000000
154.87,3.051,10000000
154.88,3.139,10000000
154.89,3.007,10000000
154.9,3.139,10000000
154.91,3.007,10000000
154.92,3.007,10000000
154.93,3.007,10000000
154.94,3.007,10000000
154.95,2.92,10000000
154.96,2.964,10000000
154.97,2.876,10000000
154.98,2.92,10000000
154.99,3.139,10000000
155,2.964,10000000
155.01,3.007,10000000
155.02,3.095,10000000
155.03,3.227,10000000
155.04,3.183,10000000
155.05,3.227,10000000
155.06,3.051,10000000
155.07,3.051,10000000
155.08,3.139,10000000
155.09,3.139,10000000
155.1,3.095,10000000
155.11,3.095,10000000
155.12,3.095,10000000
155.13,2.964,10000000
155.14,2.92,10000000
155.15,3.051,10000000
155.16,3.139,10000000
155.17,2.92,10000000
155.18,3.051,10000000
155.19,2.92,10000000
155.2,3.007,10000000
155.21,3.051,10000000
155.22,3.183,10000000
155.23,2.92,10000000
155.24,3.051,10000000
155.25,3.227,10000000
155.26,3.051,10000000
155.27,3.139,10000000
155.28,3.139,10000000
155.29,3.139,10000000
155.3,3.051,10000000
155.31,2.92,10000000
155.32,2.964,10000000
155.33,2.964,10000000
155.34,2.832,10000000
155.35,3.051,10000000
155.36,3.007,10000000
155.37,3.095,10000000
155.38,2.92,10000000
155.39,2.92,10000000
155.4,3.051,10000000
155.41,3.139,10000000
155.42,3.051,10000000
155.43,2.964,10000000
155.44,3.139,10000000
155.45,3.139,10000000
155.46,2.92,10000000
155.47,3.139,10000000
155.48,3.051,10000000
155.49,2.876,10000000
155.5,3.007,10000000
155.51,3.007,10000000
155.52,3.007,10000000
155.53,3.227,10000000
155.54,3.095,10000000
155.55,3.051,10000000
155.56,3.051,10000000
155.57,2.964,10000000
155.58,3.095,10000000
155.59,3.007,10000000
155.6,3.007,10000000
155.61,3.095,10000000
155.62,3.095,10000000
155.63,3.095,10000000
155.64,2.964,10000000
155.65,2.964,10000000
155.66,3.007,10000000
155.67,3.095,10000000
155.68,2.964,10000000
155.69,3.051,10000000
155.7,3.051,10000000
155.71,2.876,10000000
155.72,3.051,10000000
155.73,3.095,10000000
155.74,3.095,10000000
155.75,3.139,10000000
155.76,3.051,10000000
155.77,3.139,10000000
155.78,3.095,10000000
155.79,3.095,10000000
155.8,3.227,10000000
155.81,3.051,10000000
155.82,2.964,10000000
155.83,3.227,10000000
155.84,3.051,10000000
155.85,2.964,10000000
155.86,3.007,10000000
155.87,2.964,10000000
155.88,2.92,10000000
155.89,3.007,10000000
155.9,2.832,10000000
155.91,2.92,10000000
155.92,2.92,10000000
155.93,2.92,10000000
155.94,3.051,10000000
155.95,2.92,10000000
155.96,3.051,10000000
155.97,3.139,10000000
155.98,3.007,10000000
155.99,3.095,10000000
156,3.139,10000000
156.01,3.095,10000000
156.02,3.051,10000000
156.03,3.227,10000000
156.04,3.139,10000000
156.05,3.007,10000000
156.06,3.183,10000000
156.07,3.183,10000000
156.08,3.227,10000000
156.09,3.051,10000000
156.1,2.92,10000000
156.11,3.007,10000000
156.12,3.051,10000000
156.13,3.051,10000000
156.14,3.051,10000000
156.15,2.964,10000000
156.16,3.051,10000000
156.17,2.964,10000000
156.18,3.095,10000000
156.19,3.095,10000000
156.2,3.007,10000000
156.21,3.051,10000000
156.22,3.007,10000000
156.23,3.007,10000000
156.24,3.007,10000000
156.25,2.92,10000000
156.26,3.139,10000000
156.27,3.095,10000000
156.28,3.227,10000000
156.29,3.227,10000000
156.3,3.007,10000000
156.31,3.183,10000000
156.32,2.964,10000000
156.33,3.051,10000000
156.34,2.964,10000000
156.35,2.964,10000000
156.36,3.095,10000000
156.37,3.051,10000000
156.38,3.007,10000000
156.39,3.007,10000000
156.4,3.007,10000000
156.41,3.051,10000000
156.42,2.92,10000000
156.43,2.964,10000000
156.44,3.007,10000000
156.45,3.007,10000000
156.46,3.007,10000000
156.47,3.007,10000000
156.48,3.051,10000000
156.49,3.051,10000000
156.5,3.007,10000000
156.51,2.964,10000000
156.52,3.007,10000000
156.53,3.139,10000000
156.54,3.007,10000000
156.55,3.051,10000000
156.56,3.007,10000000
156.57,3.007,10000000
156.58,3.095,10000000
156.59,3.007,10000000
156.6,3.007,10000000
156.61,3.095,10000000
156.62,2.876,10000000
156.63,3.095,10000000
156.64,3.139,10000000
156.65,3.139,10000000
156.66,3.139,10000000
156.67,3.095,10000000
156.68,3.051,10000000
156.69,3.007,10000000
156.7,3.139,10000000
156.71,3.139,10000000
156.72,3.183,10000000
156.73,3.051,10000000
156.74,3.051,10000000
156.75,3.095,10000000
156.76,3.095,10000000
156.77,3.095,10000000
156.78,3.051,10000000
156.79,3.095,10000000
156.8,3.139,10000000
156.81,3.139,10000000
156.82,3.139,10000000
156.83,3.051,10000000
156.84,2.92,10000000
156.85,3.095,10000000
156.86,2.92,10000000
156.87,3.139,10000000
156.88,2.964,10000000
156.89,3.007,10000000
156.9,3.051,10000000
156.91,3.007,10000000
156.92,2.92,10000000
156.93,3.051,10000000
156.94,3.051,10000000
156.95,3.007,10000000
156.96,3.227,10000000
156.97,3.183,10000000
156.98,3.007,10000000
156.99,3.051,10000000
157,3.007,10000000
157.01,2.964,10000000
157.02,3.051,10000000
157.03,3.139,10000000
157.04,3.095,10000000
157.05,2.964,10000000
157.06,2.964,10000000
157.07,3.007,10000000
157.08,3.139,10000000
157.09,3.007,10000000
157.1,3.051,10000000
157.11,3.007,10000000
157.12,2.964,10000000
157.13,3.051,10000000
157.14,2.92,10000000
157.15,2.92,10000000
157.16,2.964,10000000
157.17,3.007,10000000
157.18,3.051,10000000
157.19,3.139,10000000
157.2,3.095,10000000
157.21,3.051,10000000
157.22,2.92,10000000
157.23,2.964,10000000
157.24,2.964,10000000
157.25,3.051,10000000
157.26,2.92,10000000
157.27,3.183,10000000
157.28,3.051,10000000
157.29,2.92,10000000
157.3,2.964,10000000
157.31,2.964,10000000
157.32,2.92,10000000
157.33,3.007,10000000
157.34,3.051,10000000
157.35,3.227,10000000
157.36,3.095,10000000
157.37,3.139,10000000
157.38,3.051,10000000
157.39,3.007,10000000
157.4,3.007,10000000
157.41,3.139,10000000
157.42,3.007,10000000
157.43,3.139,10000000
157.44,3.139,10000000
157.45,2.92,10000000
157.46,3.139,10000000
157.47,2.876,10000000
157.48,3.051,10000000
157.49,3.095,10000000
157.5,3.315,10000000
157.51,3.183,10000000
157.52,3.095,10000000
157.53,3.139,10000000
157.54,3.183,10000000
157.55,3.139,10000000
157.56,3.007,10000000
157.57,3.007,10000000
157.58,3.007,10000000
157.59,3.007,10000000
157.6,3.095,10000000
157.61,2.832,10000000
157.62,3.051,10000000
157.63,3.139,10000000
157.64,2.964,10000000
157.65,3.007,10000000
157.66,3.007,10000000
157.67,3.051,10000000
157.68,3.095,10000000
157.69,3.139,10000000
157.7,3.139,10000000
157.71,3.183,10000000
157.72,3.051,10000000
157.73,3.139,10000000
157.74,3.095,10000000
157.75,3.095,10000000
157.76,3.007,10000000
157.77,3.007,10000000
157.78,3.007,10000000
157.79,3.007,10000000
157.8,2.92,10000000
157.81,3.007,10000000
157.82,3.007,10000000
157.83,2.92,10000000
157.84,2.964,10000000
157.85,2.92,10000000
157.86,2.92,10000000
157.87,2.964,10000000
157.88,3.095,10000000
157.89,3.051,10000000
157.9,2.92,10000000
157.91,3.139,10000000
157.92,3.139,10000000
157.93,3.007,10000000
157.94,3.095,10000000
157.95,3.007,10000000
157.96,3.095,10000000
157.97,2.964,10000000
157.98,3.051,10000000
157.99,3.007,10000000
158,3.007,10000000
158.01,3.183,10000000
158.02,3.139,10000000
158.03,3.139,10000000
158.04,3.051,10000000
158.05,3.007,10000000
158.06,3.095,10000000
158.07,3.051,10000000
158.08,3.139,10000000
158.09,3.051,10000000
158.1,3.051,10000000
158.11,3.051,10000000
158.12,3.139,10000000
158.13,3.007,10000000
158.14,3.051,10000000
158.15,3.095,10000000
158.16,3.139,10000000
158.17,3.095,10000000
158.18,3.139,10000000
158.19,3.007,10000000
158.2,3.139,10000000
158.21,3.051,10000000
158.22,2.964,10000000
158.23,3.051,10000000
158.24,3.007,10000000
158.25,2.92,10000000
158.26,2.876,10000000
158.27,2.876,10000000
158.28,2.964,10000000
158.29,2.92,10000000
158.3,3.051,10000000
158.31,3.095,10000000
158.32,3.051,10000000
158.33,2.964,10000000
158.34,2.92,10000000
158.35,3.095,10000000
158.36,3.095,10000000
158.37,3.183,10000000
158.38,3.139,10000000
158.39,3.095,10000000
158.4,3.095,10000000
158.41,3.051,10000000
158.42,3.007,10000000
158.43,3.051,10000000
158.44,3.139,10000000
158.45,3.051,10000000
158.46,3.007,10000000
158.47,3.183,10000000
158.48,3.051,10000000
158.49,3.007,10000000
158.5,3.007,10000000
158.51,2.964,10000000
158.52,3.051,10000000
158.53,3.139,10000000
158.54,3.051,10000000
158.55,3.095,10000000
158.56,3.183,10000000
158.57,3.007,10000000
158.58,2.92,10000000
158.59,3.007,10000000
158.6,3.139,10000000
158.61,3.095,10000000
158.62,3.007,10000000
158.63,3.139,10000000
158.64,3.007,10000000
158.65,3.271,10000000
158.66,3.095,10000000
158.67,3.139,10000000
158.68,3.183,10000000
158.69,3.095,10000000
158.7,3.139,10000000
158.71,2.964,10000000
158.72,3.051,10000000
158.73,3.095,10000000
158.74,2.964,10000000
158.75,3.095,10000000
158.76,2.964,10000000
158.77,3.007,10000000
158.78,3.051,10000000
158.79,3.139,10000000
158.8,3.051,10000000
158.81,2.964,10000000
158.82,2.92,10000000
158.83,2.92,10000000
158.84,2.92,10000000
158.85,3.051,10000000
158.86,3.051,10000000
158.87,2.832,10000000
158.88,3.007,10000000
158.89,3.007,10000000
158.9,3.051,10000000
158.91,2.964,10000000
158.92,2.832,10000000
158.93,3.051,10000000
158.94,3.051,10000000
158.95,3.095,10000000
158.96,3.007,10000000
158.97,3.139,10000000
158.98,3.095,10000000
158.99,3.007,10000000
159,3.095,10000000
159.01,2.92,10000000
159.02,3.007,10000000
159.03,3.095,10000000
159.04,2.964,10000000
159.05,3.051,10000000
159.06,3.007,10000000
159.07,3.139,10000000
159.08,3.007,10000000
159.09,3.139,10000000
159.1,2.964,10000000
159.11,2.964,10000000
159.12,3.139,10000000
159.13,3.139,10000000
159.14,3.139,10000000
159.15,3.051,10000000
159.16,3.139,10000000
159.17,3.139,10000000
159.18,2.832,10000000
159.19,3.139,10000000
159.2,3.139,10000000
159.21,3.051,10000000
159.22,3.095,10000000
159.23,2.788,10000000
159.24,2.92,10000000
159.25,3.007,10000000
159.26,3.051,10000000
159.27,3.095,10000000
159.28,2.964,10000000
159.29,3.139,10000000
159.3,2.92,10000000
159.31,3.227,10000000
159.32,3.007,10000000
159.33,3.183,10000000
159.34,3.007,10000000
159.35,3.007,10000000
159.36,3.227,10000000
159.37,3.139,10000000
159.38,3.095,10000000
159.39,3.095,10000000
159.4,2.964,10000000
159.41,3.007,10000000
159.42,3.139,10000000
159.43,3.095,10000000
159.44,3.139,10000000
159.45,3.051,10000000
159.46,3.139,10000000
159.47,3.007,10000000
159.48,2.964,10000000
159.49,3.007,10000000
159.5,3.007,10000000
159.51,2.964,10000000
159.52,3.007,10000000
159.53,2.92,10000000
159.54,3.051,10000000
159.55,3.007,10000000
159.56,3.051,10000000
159.57,2.92,10000000
159.58,3.007,10000000
159.59,3.007,10000000
159.6,3.139,10000000
159.61,2.92,10000000
159.62,3.139,10000000
159.63,3.095,10000000
159.64,3.139,10000000
159.65,3.095,10000000
159.66,3.139,10000000
159.67,3.095,10000000
159.68,3.095,10000000
159.69,3.051,10000000
159.7,3.051,10000000
159.71,2.964,10000000
159.72,3.183,10000000
159.73,3.139,10000000
159.74,3.007,10000000
159.75,2.92,10000000
159.76,3.007,10000000
159.77,2.964,10000000
159.78,3.139,10000000
159.79,3.139,10000000
159.8,3.227,10000000
159.81,3.183,10000000
159.82,3.007,10000000
159.83,2.92,10000000
159.84,2.964,10000000
159.85,3.139,10000000
159.86,3.051,10000000
159.87,3.139,10000000
159.88,3.007,10000000
159.89,3.315,10000000
159.9,3.051,10000000
159.91,3.007,10000000
159.92,3.007,10000000
159.93,2.92,10000000
159.94,3.139,10000000
159.95,2.964,10000000
159.96,3.139,10000000
159.97,2.964,10000000
159.98,3.051,10000000
159.99,3.139,10000000
160,3.139,10000000
160.01,3.051,10000000
160.02,3.007,10000000
160.03,3.051,10000000
160.04,3.051,10000000
160.05,3.051,10000000
160.06,2.964,10000000
160.07,3.007,10000000
160.08,3.007,10000000
160.09,3.095,10000000
160.1,3.051,10000000
160.11,3.051,10000000
160.12,3.183,10000000
160.13,2.92,10000000
160.14,3.051,10000000
160.15,3.139,10000000
160.16,3.007,10000000
160.17,2.876,10000000
160.18,2.964,10000000
160.19,2.92,10000000
160.2,2.964,10000000
160.21,2.92,10000000
160.22,3.227,10000000
160.23,2.92,10000000
160.24,2.92,10000000
160.25,3.051,10000000
160.26,2.92,10000000
160.27,3.095,10000000
160.28,3.007,10000000
160.29,3.095,10000000
160.3,3.139,10000000
160.31,3.007,10000000
160.32,3.139,10000000
160.33,3.051,10000000
160.34,2.964,10000000
160.35,3.139,10000000
160.36,3.007,10000000
160.37,3.007,10000000
160.38,3.095,10000000
160.39,3.095,10000000
160.4,2.964,10000000
160.41,3.007,10000000
160.42,3.007,10000000
160.43,2.788,10000000
160.44,3.095,10000000
160.45,3.051,10000000
160.46,2.92,10000000
160.47,2.964,10000000
160.48,3.007,10000000
160.49,3.051,10000000
160.5,3.139,10000000
160.51,3.051,10000000
160.52,2.876,10000000
160.53,3.139,10000000
160.54,3.051,10000000
160.55,3.095,10000000
160.56,3.051,10000000
160.57,3.051,10000000
160.58,3.007,10000000
160.59,3.051,10000000
160.6,3.051,10000000
160.61,3.095,10000000
160.62,3.051,10000000
160.63,3.139,10000000
160.64,3.139,10000000
160.65,3.007,10000000
160.66,3.139,10000000
160.67,3.139,10000000
160.68,3.007,10000000
160.69,3.051,10000000
160.7,3.051,10000000
160.71,3.139,10000000
160.72,3.051,10000000
160.73,3.051,10000000
160.74,3.007,10000000
160.75,3.051,10000000
160.76,3.095,10000000
160.77,3.095,10000000
160.78,3.139,10000000
160.79,3.007,10000000
160.8,2.964,10000000
160.81,3.007,10000000
160.82,3.007,10000000
160.83,2.964,10000000
160.84,2.92,10000000
160.85,2.744,10000000
160.86,2.92,10000000
160.87,3.051,10000000
160.88,2.964,10000000
160.89,2.876,10000000
160.9,2.964,10000000
160.91,3.007,10000000
160.92,3.139,10000000
160.93,2.92,10000000
160.94,3.007,10000000
160.95,2.964,10000000
160.96,2.92,10000000
160.97,3.007,10000000
160.98,3.139,10000000
160.99,3.139,10000000
161,3.095,10000000
161.01,3.007,10000000
161.02,3.095,10000000
161.03,3.007,10000000
161.04,3.227,10000000
161.05,2.92,10000000
161.06,3.007,10000000
161.07,3.139,10000000
161.08,3.139,10000000
161.09,3.095,10000000
161.1,3.051,10000000
161.11,3.139,10000000
161.12,3.007,10000000
161.13,3.007,10000000
161.14,2.92,10000000
161.15,3.051,10000000
161.16,3.051,10000000
161.17,2.92,10000000
161.18,3.007,10000000
161.19,3.139,10000000
161.2,2.876,10000000
161.21,3.139,10000000
161.22,3.095,10000000
161.23,3.139,10000000
161.24,3.007,10000000
161.25,2.92,10000000
161.26,2.964,10000000
161.27,3.051,10000000
161.28,3.051,10000000
161.29,3.139,10000000
161.3,3.139,10000000
161.31,2.964,10000000
161.32,2.964,10000000
161.33,3.007,10000000
161.34,2.92,10000000
161.35,2.876,10000000
161.36,3.051,10000000
161.37,3.007,10000000
161.38,3.051,10000000
161.39,3.051,10000000
161.4,2.92,10000000
161.41,3.139,10000000
161.42,3.095,10000000
161.43,2.876,10000000
161.44,3.007,10000000
161.45,3.139,10000000
161.46,3.139,10000000
161.47,3.095,10000000
161.48,3.007,10000000
161.49,3.051,10000000
161.5,3.139,10000000
161.51,3.051,10000000
161.52,2.92,10000000
161.53,3.095,10000000
161.54,3.051,10000000
161.55,3.007,10000000
161.56,2.964,10000000
161.57,3.007,10000000
161.58,3.007,10000000
161.59,3.139,10000000
161.6,3.095,10000000
161.61,3.051,10000000
161.62,3.051,10000000
161.63,3.007,10000000
161.64,2.92,10000000
161.65,3.095,10000000
161.66,3.139,10000000
161.67,3.051,10000000
161.68,2.964,10000000
161.69,2.964,10000000
161.7,3.095,10000000
161.71,3.051,10000000
161.72,3.139,10000000
161.73,3.051,10000000
161.74,3.007,10000000
161.75,3.007,10000000
161.76,2.92,10000000
161.77,3.007,10000000
161.78,3.007,10000000
161.79,3.007,10000000
161.8,3.007,10000000
161.81,3.007,10000000
161.82,3.139,10000000
161.83,3.095,10000000
161.84,3.139,10000000
161.85,3.139,10000000
161.86,3.051,10000000
161.87,3.139,10000000
161.88,3.007,10000000
161.89,3.139,10000000
161.9,2.964,10000000
161.91,3.007,10000000
161.92,3.007,10000000
161.93,3.139,10000000
161.94,3.007,10000000
161.95,3.051,10000000
161.96,3.227,10000000
161.97,3.007,10000000
161.98,3.139,10000000
161.99,3.007,10000000
162,3.095,10000000
162.01,3.139,10000000
162.02,3.095,10000000
162.03,3.051,10000000
162.04,3.051,10000000
162.05,3.183,10000000
162.06,2.92,10000000
162.07,3.007,10000000
162.08,3.051,10000000
162.09,3.139,10000000
162.1,3.007,10000000
162.11,2.92,10000000
162.12,2.832,10000000
162.13,3.007,10000000
162.14,3.139,10000000
162.15,3.051,10000000
162.16,3.007,10000000
162.17,3.095,10000000
162.18,3.139,10000000
162.19,3.139,10000000
162.2,3.007,10000000
162.21,3.007,10000000
162.22,2.92,10000000
162.23,2.964,10000000
162.24,3.051,10000000
162.25,3.051,10000000
162.26,3.007,10000000
162.27,3.051,10000000
162.28,2.964,10000000
162.29,3.095,10000000
162.3,2.92,10000000
162.31,3.139,10000000
162.32,2.964,10000000
162.33,3.183,10000000
162.34,3.051,10000000
162.35,2.964,10000000
162.36,3.095,10000000
162.37,3.095,10000000
162.38,3.007,10000000
162.39,3.051,10000000
162.4,2.92,10000000
162.41,2.832,10000000
162.42,2.964,10000000
162.43,2.92,10000000
162.44,2.964,10000000
162.45,3.007,10000000
162.46,3.051,10000000
162.47,3.051,10000000
162.48,2.964,10000000
162.49,3.139,10000000
162.5,2.92,10000000
162.51,3.095,10000000
162.52,3.007,10000000
162.53,3.007,10000000
162.54,2.964,10000000
162.55,3.095,10000000
162.56,2.964,10000000
162.57,2.92,10000000
162.58,2.964,10000000
162.59,3.007,10000000
162.6,3.051,10000000
162.61,3.007,10000000
162.62,3.007,10000000
162.63,2.876,10000000
162.64,3.007,10000000
162.65,3.095,10000000
162.66,2.92,10000000
162.67,2.92,10000000
162.68,3.007,10000000
162.69,3.095,10000000
162.7,3.095,10000000
162.71,3.095,10000000
162.72,2.92,10000000
162.73,3.095,10000000
162.74,3.007,10000000
162.75,2.964,10000000
162.76,3.139,10000000
162.77,3.139,10000000
162.78,3.051,10000000
162.79,3.051,10000000
162.8,3.095,10000000
162.81,3.139,10000000
162.82,3.007,10000000
162.83,2.92,10000000
162.84,3.051,10000000
162.85,2.964,10000000
162.86,2.92,10000000
162.87,3.007,10000000
162.88,3.139,10000000
162.89,3.095,10000000
162.9,3.007,10000000
162.91,3.095,10000000
162.92,3.095,10000000
162.93,3.007,10000000
162.94,3.183,10000000
162.95,2.92,10000000
162.96,3.007,10000000
162.97,3.139,10000000
162.98,2.964,10000000
162.99,3.183,10000000
163,3.051,10000000
163.01,3.139,10000000
163.02,2.92,10000000
163.03,3.095,10000000
163.04,3.007,10000000
163.05,3.095,10000000
163.06,2.92,10000000
163.07,2.92,10000000
163.08,3.051,10000000
163.09,3.139,10000000
163.1,3.007,10000000
163.11,2.92,10000000
163.12,3.007,10000000
163.13,2.964,10000000
163.14,2.876,10000000
163.15,3.007,10000000
163.16,3.007,10000000
163.17,3.051,10000000
163.18,3.051,10000000
163.19,3.007,10000000
163.2,3.051,10000000
163.21,3.139,10000000
163.22,3.007,10000000
163.23,3.227,10000000
163.24,2.92,10000000
163.25,2.744,10000000
163.26,3.095,10000000
163.27,3.183,10000000
163.28,2.964,10000000
163.29,3.139,10000000
163.3,3.007,10000000
163.31,2.832,10000000
163.32,2.964,10000000
163.33,3.095,10000000
163.34,3.051,10000000
163.35,2.92,10000000
163.36,3.183,10000000
163.37,3.095,10000000
163.38,3.183,10000000
163.39,3.051,10000000
163.4,3.007,10000000
163.41,3.183,10000000
163.42,3.051,10000000
163.43,3.183,10000000
163.44,3.007,10000000
163.45,3.139,10000000
163.46,3.007,10000000
163.47,2.964,10000000
163.48,3.007,10000000
163.49,2.92,10000000
163.5,3.095,10000000
163.51,3.051,10000000
163.52,2.964,10000000
163.53,3.007,10000000
163.54,3.007,10000000
163.55,3.095,10000000
163.56,3.095,10000000
163.57,2.92,10000000
163.58,3.007,10000000
163.59,2.964,10000000
163.6,2.964,10000000
163.61,2.92,10000000
163.62,3.095,10000000
163.63,3.051,10000000
163.64,3.051,10000000
163.65,3.095,10000000
163.66,3.139,10000000
163.67,2.92,10000000
163.68,3.051,10000000
163.69,2.964,10000000
163.7,3.095,10000000
163.71,3.183,10000000
163.72,3.095,10000000
163.73,3.007,10000000
163.74,3.051,10000000
163.75,3.183,10000000
163.76,3.095,10000000
163.77,3.139,10000000
163.78,3.051,10000000
163.79,3.095,10000000
163.8,3.139,10000000
163.81,2.964,10000000
163.82,3.007,10000000
163.83,2.92,10000000
163.84,3.051,10000000
163.85,3.007,10000000
163.86,3.095,10000000
163.87,3.051,10000000
163.88,2.964,10000000
163.89,2.92,10000000
163.9,2.964,10000000
163.91,3.095,10000000
163.92,3.095,10000000
163.93,2.92,10000000
163.94,3.095,10000000
163.95,3.095,10000000
163.96,3.095,10000000
163.97,3.007,10000000
163.98,2.964,10000000
163.99,3.051,10000000
164,3.051,10000000
164.01,3.051,10000000
164.02,3.139,10000000
164.03,3.051,10000000
164.04,3.051,10000000
164.05,3.007,10000000
164.06,3.007,10000000
164.07,3.095,10000000
164.08,3.007,10000000
164.09,3.051,10000000
164.1,3.183,10000000
164.11,3.095,10000000
164.12,3.095,10000000
164.13,3.095,10000000
164.14,3.051,10000000
164.15,3.051,10000000
164.16,3.051,10000000
164.17,3.051,10000000
164.18,3.007,10000000
164.19,3.271,10000000
164.2,3.051,10000000
164.21,3.095,10000000
164.22,3.227,10000000
164.23,3.139,10000000
164.24,3.095,10000000
164.25,2.964,10000000
164.26,2.964,10000000
164.27,3.007,10000000
164.28,2.788,10000000
164.29,2.964,10000000
164.3,3.007,10000000
164.31,3.007,10000000
164.32,3.183,10000000
164.33,3.139,10000000
164.34,3.051,10000000
164.35,3.139,10000000
164.36,3.095,10000000
164.37,2.964,10000000
164.38,3.051,10000000
164.39,2.876,10000000
164.4,3.095,10000000
164.41,3.051,10000000
164.42,3.007,10000000
164.43,3.051,10000000
164.44,3.139,10000000
164.45,3.051,10000000
164.46,3.051,10000000
164.47,2.92,10000000
164.48,2.964,10000000
164.49,2.964,10000000
164.5,3.051,10000000
164.51,3.007,10000000
164.52,2.92,10000000
164.53,3.095,10000000
164.54,3.007,10000000
164.55,3.051,10000000
164.56,2.92,10000000
164.57,3.007,10000000
164.58,2.876,10000000
164.59,2.964,10000000
164.6,3.007,10000000
164.61,3.139,10000000
164.62,3.095,10000000
164.63,3.095,10000000
164.64,3.007,10000000
164.65,3.139,10000000
164.66,3.095,10000000
164.67,3.095,10000000
164.68,3.095,10000000
164.69,3.139,10000000
164.7,3.095,10000000
164.71,2.92,10000000
164.72,2.92,10000000
164.73,3.007,10000000
164.74,2.92,10000000
164.75,3.139,10000000
164.76,3.051,10000000
164.77,3.183,10000000
164.78,3.051,10000000
164.79,3.051,10000000
164.8,2.964,10000000
164.81,3.183,10000000
164.82,3.051,10000000
164.83,3.139,10000000
164.84,3.095,10000000
164.85,3.095,10000000
164.86,2.964,10000000
164.87,3.051,10000000
164.88,2.92,10000000
164.89,2.92,10000000
164.9,2.92,10000000
164.91,2.92,10000000
164.92,2.92,10000000
164.93,2.92,10000000
164.94,2.92,10000000
164.95,3.007,10000000
164.96,3.007,10000000
164.97,2.964,10000000
164.98,3.007,10000000
164.99,3.095,10000000
165,3.051,10000000
165.01,3.051,10000000
165.02,3.051,10000000
165.03,3.227,10000000
165.04,3.139,10000000
165.05,3.095,10000000
165.06,2.92,10000000
165.07,3.007,10000000
165.08,3.007,10000000
165.09,2.964,10000000
165.1,2.964,10000000
165.11,3.007,10000000
165.12,2.92,10000000
165.13,2.92,10000000
165.14,3.007,10000000
165.15,3.007,10000000
165.16,2.964,10000000
165.17,3.227,10000000
165.18,3.051,10000000
165.19,2.964,10000000
165.2,3.183,10000000
165.21,3.051,10000000
165.22,3.007,10000000
165.23,3.183,10000000
165.24,3.095,10000000
165.25,3.183,10000000
165.26,3.183,10000000
165.27,3.007,10000000
165.28,3.095,10000000
165.29,2.964,10000000
165.3,2.964,10000000
165.31,3.007,10000000
165.32,2.964,10000000
165.33,3.051,10000000
165.34,3.139,10000000
165.35,3.051,10000000
165.36,3.139,10000000
165.37,2.92,10000000
165.38,2.92,10000000
165.39,2.876,10000000
165.4,3.051,10000000
165.41,2.92,10000000
165.42,3.139,10000000
165.43,3.007,10000000
165.44,3.051,10000000
165.45,3.007,10000000
165.46,3.007,10000000
165.47,2.964,10000000
165.48,3.095,10000000
165.49,2.964,10000000
165.5,3.139,10000000
165.51,3.227,10000000
165.52,3.139,10000000
165.53,3.139,10000000
165.54,3.139,10000000
165.55,3.051,10000000
165.56,3.095,10000000
165.57,3.007,10000000
165.58,2.92,10000000
165.59,2.92,10000000
165.6,2.964,10000000
165.61,2.92,10000000
165.62,2.92,10000000
165.63,3.007,10000000
165.64,3.139,10000000
165.65,3.007,10000000
165.66,3.007,10000000
165.67,3.051,10000000
165.68,3.095,10000000
165.69,2.92,10000000
165.7,2.92,10000000
165.71,3.007,10000000
165.72,3.007,10000000
165.73,2.92,10000000
165.74,3.095,10000000
165.75,3.051,10000000
165.76,3.051,10000000
165.77,3.095,10000000
165.78,3.139,10000000
165.79,3.051,10000000
165.8,3.007,10000000
165.81,2.964,10000000
165.82,3.095,10000000
165.83,2.92,10000000
165.84,3.095,10000000
165.85,2.964,10000000
165.86,2.92,10000000
165.87,3.051,10000000
165.88,3.007,10000000
165.89,3.051,10000000
165.9,3.051,10000000
165.91,3.051,10000000
165.92,3.227,10000000
165.93,2.964,10000000
165.94,3.051,10000000
165.95,3.007,10000000
165.96,3.051,10000000
165.97,3.007,10000000
165.98,2.964,10000000
165.99,3.051,10000000
166,3.007,10000000
166.01,3.051,10000000
166.02,3.095,10000000
166.03,2.92,10000000
166.04,2.92,10000000
166.05,3.051,10000000
166.06,2.964,10000000
166.07,2.92,10000000
166.08,3.139,10000000
166.09,3.183,10000000
166.1,3.139,10000000
166.11,3.139,10000000
166.12,3.139,10000000
166.13,3.051,10000000
166.14,3.139,10000000
166.15,3.051,10000000
166.16,2.964,10000000
166.17,3.095,10000000
166.18,2.964,10000000
166.19,3.007,10000000
166.2,2.92,10000000
166.21,2.876,10000000
166.22,3.051,10000000
166.23,2.964,10000000
166.24,2.964,10000000
166.25,3.139,10000000
166.26,3.095,10000000
166.27,3.139,10000000
166.28,2.964,10000000
166.29,2.92,10000000
166.3,2.964,10000000
166.31,2.964,10000000
166.32,3.051,10000000
166.33,3.007,10000000
166.34,3.095,10000000
166.35,3.051,10000000
166.36,3.095,10000000
166.37,3.051,10000000
166.38,3.315,10000000
166.39,2.964,10000000
166.4,3.051,10000000
166.41,3.095,10000000
166.42,2.964,10000000
166.43,3.095,10000000
166.44,2.964,10000000
166.45,3.139,10000000
166.46,3.007,10000000
166.47,3.139,10000000
166.48,3.051,10000000
166.49,2.964,10000000
166.5,3.051,10000000
166.51,2.92,10000000
166.52,3.139,10000000
166.53,3.007,10000000
166.54,2.964,10000000
166.55,3.139,10000000
166.56,3.007,10000000
166.57,2.832,10000000
166.58,3.007,10000000
166.59,3.007,10000000
166.6,3.051,10000000
166.61,3.095,10000000
166.62,3.051,10000000
166.63,2.964,10000000
166.64,3.007,10000000
166.65,2.92,10000000
166.66,3.139,10000000
166.67,3.007,10000000
166.68,3.095,10000000
166.69,3.095,10000000
166.7,3.007,10000000
166.71,3.051,10000000
166.72,3.139,10000000
166.73,3.139,10000000
166.74,3.183,10000000
166.75,3.139,10000000
166.76,3.139,10000000
166.77,3.051,10000000
166.78,3.051,10000000
166.79,3.139,10000000
166.8,2.92,10000000
166.81,3.095,10000000
166.82,3.095,10000000
166.83,2.744,10000000
166.84,2.92,10000000
166.85,2.964,10000000
166.86,3.051,10000000
166.87,2.832,10000000
166.88,3.007,10000000
166.89,2.964,10000000
166.9,3.007,10000000
166.91,3.007,10000000
166.92,3.051,10000000
166.93,3.051,10000000
166.94,3.007,10000000
166.95,2.876,10000000
166.96,2.92,10000000
166.97,2.92,10000000
166.98,3.007,10000000
166.99,3.095,10000000
167,3.183,10000000
167.01,3.051,10000000
167.02,3.051,10000000
167.03,3.051,10000000
167.04,3.007,10000000
167.05,3.139,10000000
167.06,3.007,10000000
167.07,2.92,10000000
167.08,2.92,10000000
167.09,3.007,10000000
167.1,2.964,10000000
167.11,3.051,10000000
167.12,3.139,10000000
167.13,3.051,10000000
167.14,2.92,10000000
167.15,2.964,10000000
167.16,2.832,10000000
167.17,3.051,10000000
167.18,3.095,10000000
167.19,2.964,10000000
167.2,3.007,10000000
167.21,3.095,10000000
167.22,2.876,10000000
167.23,2.92,10000000
167.24,3.051,10000000
167.25,3.095,10000000
167.26,3.095,10000000
167.27,3.095,10000000
167.28,3.051,10000000
167.29,3.139,10000000
167.3,3.051,10000000
167.31,2.92,10000000
167.32,2.92,10000000
167.33,3.007,10000000
167.34,2.964,10000000
167.35,3.095,10000000
167.36,2.964,10000000
167.37,2.964,10000000
167.38,3.007,10000000
167.39,3.007,10000000
167.4,3.051,10000000
167.41,3.051,10000000
167.42,3.007,10000000
167.43,3.007,10000000
167.44,3.051,10000000
167.45,3.183,10000000
167.46,2.92,10000000
167.47,2.964,10000000
167.48,2.964,10000000
167.49,3.139,10000000
167.5,3.007,10000000
167.51,3.051,10000000
167.52,3.095,10000000
167.53,2.92,10000000
167.54,2.92,10000000
167.55,2.92,10000000
167.56,2.92,10000000
167.57,3.139,10000000
167.58,2.964,10000000
167.59,3.183,10000000
167.6,2.964,10000000
167.61,3.007,10000000
167.62,3.095,10000000
167.63,3.139,10000000
167.64,3.183,10000000
167.65,3.051,10000000
167.66,3.139,10000000
167.67,3.139,10000000
167.68,2.92,10000000
167.69,2.964,10000000
167.7,2.964,10000000
167.71,3.051,10000000
167.72,2.92,10000000
167.73,3.139,10000000
167.74,3.095,10000000
167.75,3.183,10000000
167.76,3.007,10000000
167.77,2.964,10000000
167.78,3.139,10000000
167.79,2.964,10000000
167.8,2.964,10000000
167.81,3.007,10000000
167.82,3.095,10000000
167.83,3.139,10000000
167.84,3.095,10000000
167.85,3.051,10000000
167.86,3.007,10000000
167.87,3.139,10000000
167.88,3.007,10000000
167.89,3.095,10000000
167.9,3.095,10000000
167.91,2.964,10000000
167.92,2.964,10000000
167.93,3.095,10000000
167.94,2.92,10000000
167.95,3.139,10000000
167.96,3.051,10000000
167.97,3.183,10000000
167.98,3.139,10000000
167.99,3.139,10000000
168,3.139,10000000
168.01,2.876,10000000
168.02,2.964,10000000
168.03,3.095,10000000
168.04,2.964,10000000
168.05,3.051,10000000
168.06,3.007,10000000
168.07,3.007,10000000
168.08,3.051,10000000
168.09,3.139,10000000
168.1,3.051,10000000
168.11,3.051,10000000
168.12,3.139,10000000
168.13,2.964,10000000
168.14,3.007,10000000
168.15,3.095,10000000
168.16,3.095,10000000
168.17,3.183,10000000
168.18,3.315,10000000
168.19,3.183,10000000
168.2,3.095,10000000
168.21,3.007,10000000
168.22,3.095,10000000
168.23,3.095,10000000
168.24,3.095,10000000
168.25,3.139,10000000
168.26,3.139,10000000
168.27,2.964,10000000
168.28,2.92,10000000
168.29,2.964,10000000
168.3,3.051,10000000
168.31,3.051,10000000
168.32,2.92,10000000
168.33,3.007,10000000
168.34,3.227,10000000
168.35,3.051,10000000
168.36,3.051,10000000
168.37,3.139,10000000
168.38,3.095,10000000
168.39,3.139,10000000
168.4,3.095,10000000
168.41,3.007,10000000
168.42,3.139,10000000
168.43,3.007,10000000
168.44,3.051,10000000
168.45,3.139,10000000
168.46,3.007,10000000
168.47,3.051,10000000
168.48,3.139,10000000
168.49,3.051,10000000
168.5,3.183,10000000
168.51,3.227,10000000
168.52,3.095,10000000
168.53,3.139,10000000
168.54,3.007,10000000
168.55,3.095,10000000
168.56,3.183,10000000
168.57,3.051,10000000
168.58,3.051,10000000
168.59,3.007,10000000
168.6,3.095,10000000
168.61,3.095,10000000
168.62,2.92,10000000
168.63,3.095,10000000
168.64,2.964,10000000
168.65,2.788,10000000
168.66,2.92,10000000
168.67,2.92,10000000
168.68,3.051,10000000
168.69,3.139,10000000
168.7,3.051,10000000
168.71,3.139,10000000
168.72,2.92,10000000
168.73,3.183,10000000
168.74,3.139,10000000
168.75,3.139,10000000
168.76,3.007,10000000
168.77,3.007,10000000
168.78,3.007,10000000
168.79,3.095,10000000
168.8,3.139,10000000
168.81,3.095,10000000
168.82,3.315,10000000
168.83,3.007,10000000
168.84,3.051,10000000
168.85,3.007,10000000
168.86,3.007,10000000
168.87,3.183,10000000
168.88,3.007,10000000
168.89,2.964,10000000
168.9,3.095,10000000
168.91,3.095,10000000
168.92,2.964,10000000
168.93,2.876,10000000
168.94,2.92,10000000
168.95,3.139,10000000
168.96,3.095,10000000
168.97,3.095,10000000
168.98,3.007,10000000
168.99,2.92,10000000
169,3.051,10000000
169.01,2.832,10000000
169.02,2.964,10000000
169.03,2.832,10000000
169.04,3.051,10000000
169.05,2.92,10000000
169.06,3.095,10000000
169.07,3.095,10000000
169.08,3.095,10000000
169.09,3.095,10000000
169.1,3.095,10000000
169.11,3.227,10000000
169.12,3.139,10000000
169.13,3.139,10000000
169.14,3.007,10000000
169.15,3.183,10000000
169.16,3.051,10000000
169.17,3.183,10000000
169.18,3.007,10000000
169.19,3.095,10000000
169.2,3.007,10000000
169.21,3.051,10000000
169.22,2.92,10000000
169.23,3.051,10000000
169.24,3.051,10000000
169.25,3.139,10000000
169.26,3.007,10000000
169.27,2.964,10000000
169.28,2.92,10000000
169.29,2.964,10000000
169.3,2.964,10000000
169.31,3.051,10000000
169.32,3.007,10000000
169.33,2.964,10000000
169.34,2.92,10000000
169.35,3.139,10000000
169.36,3.095,10000000
169.37,3.051,10000000
169.38,2.964,10000000
169.39,3.051,10000000
169.4,3.007,10000000
169.41,3.007,10000000
169.42,2.92,10000000
169.43,3.139,10000000
169.44,3.139,10000000
169.45,2.964,10000000
169.46,2.964,10000000
169.47,3.139,10000000
169.48,3.007,10000000
169.49,3.051,10000000
169.5,3.007,10000000
169.51,3.051,10000000
169.52,2.92,10000000
169.53,3.139,10000000
169.54,3.007,10000000
169.55,3.139,10000000
169.56,3.051,10000000
169.57,3.183,10000000
169.58,3.095,10000000
169.59,2.964,10000000
169.6,3.227,10000000
169.61,3.139,10000000
169.62,3.139,10000000
169.63,3.095,10000000
169.64,2.964,10000000
169.65,2.964,10000000
169.66,2.964,10000000
169.67,3.051,10000000
169.68,2.92,10000000
169.69,3.007,10000000
169.7,3.007,10000000
169.71,3.139,10000000
169.72,2.92,10000000
169.73,2.964,10000000
169.74,2.832,10000000
169.75,2.876,10000000
169.76,2.964,10000000
169.77,2.964,10000000
169.78,3.051,10000000
169.79,3.007,10000000
169.8,3.007,10000000
169.81,3.007,10000000
169.82,3.227,10000000
169.83,2.92,10000000
169.84,3.139,10000000
169.85,3.139,10000000
169.86,3.095,10000000
169.87,3.095,10000000
169.88,3.007,10000000
169.89,3.007,10000000
169.9,2.876,10000000
169.91,2.964,10000000
169.92,3.183,10000000
169.93,3.139,10000000
169.94,3.051,10000000
169.95,3.271,10000000
169.96,2.964,10000000
169.97,3.183,10000000
169.98,3.051,10000000
169.99,3.095,10000000
170,3.139,10000000
170.01,3.051,10000000
170.02,2.964,10000000
170.03,3.051,10000000
170.04,3.007,10000000
170.05,3.139,10000000
170.06,3.095,10000000
170.07,3.051,10000000
170.08,3.095,10000000
170.09,2.964,10000000
170.1,3.139,10000000
170.11,3.007,10000000
170.12,2.876,10000000
170.13,2.92,10000000
170.14,2.92,10000000
170.15,2.92,10000000
170.16,3.007,10000000
170.17,3.007,10000000
170.18,3.095,10000000
170.19,3.051,10000000
170.2,3.095,10000000
170.21,3.095,10000000
170.22,3.183,10000000
170.23,3.051,10000000
170.24,3.139,10000000
170.25,3.051,10000000
170.26,3.007,10000000
170.27,3.051,10000000
170.28,2.92,10000000
170.29,3.007,10000000
170.3,2.92,10000000
170.31,3.007,10000000
170.32,2.92,10000000
170.33,2.92,10000000
170.34,2.964,10000000
170.35,3.139,10000000
170.36,2.964,10000000
170.37,3.007,10000000
170.38,3.139,10000000
170.39,3.139,10000000
170.4,2.92,10000000
170.41,2.964,10000000
170.42,3.007,10000000
170.43,3.051,10000000
170.44,3.183,10000000
170.45,3.315,10000000
170.46,3.227,10000000
170.47,3.183,10000000
170.48,3.051,10000000
170.49,3.095,10000000
170.5,3.139,10000000
170.51,3.051,10000000
170.52,2.964,10000000
170.53,3.095,10000000
170.54,3.051,10000000
170.55,3.139,10000000
170.56,3.007,10000000
170.57,2.92,10000000
170.58,3.007,10000000
170.59,3.183,10000000
170.6,3.183,10000000
170.61,3.139,10000000
170.62,3.139,10000000
170.63,3.007,10000000
170.64,3.227,10000000
170.65,3.095,10000000
170.66,3.095,10000000
170.67,2.92,10000000
170.68,2.964,10000000
170.69,2.92,10000000
170.7,2.92,10000000
170.71,3.095,10000000
170.72,2.92,10000000
170.73,3.095,10000000
170.74,2.92,10000000
170.75,2.964,10000000
170.76,3.007,10000000
170.77,3.051,10000000
170.78,2.744,10000000
170.79,3.051,10000000
170.8,3.183,10000000
170.81,3.139,10000000
170.82,3.095,10000000
170.83,2.964,10000000
170.84,3.183,10000000
170.85,3.183,10000000
170.86,3.007,10000000
170.87,3.095,10000000
170.88,3.095,10000000
170.89,3.095,10000000
170.9,3.095,10000000
170.91,3.095,10000000
170.92,3.139,10000000
170.93,3.007,10000000
170.94,3.139,10000000
170.95,2.876,10000000
170.96,2.964,10000000
170.97,3.095,10000000
170.98,2.92,10000000
170.99,3.051,10000000
171,3.095,10000000
171.01,3.007,10000000
171.02,3.051,10000000
171.03,2.964,10000000
171.04,3.007,10000000
171.05,2.92,10000000
171.06,2.876,10000000
171.07,2.92,10000000
171.08,2.964,10000000
171.09,3.051,10000000
171.1,2.92,10000000
171.11,3.139,10000000
171.12,3.183,10000000
171.13,3.139,10000000
171.14,3.139,10000000
171.15,3.139,10000000
171.16,3.007,10000000
171.17,3.095,10000000
171.18,3.051,10000000
171.19,3.051,10000000
171.2,2.788,10000000
171.21,3.007,10000000
171.22,3.051,10000000
171.23,3.051,10000000
171.24,3.095,10000000
171.25,3.139,10000000
171.26,3.007,10000000
171.27,3.139,10000000
171.28,3.095,10000000
171.29,2.964,10000000
171.3,2.92,10000000
171.31,3.227,10000000
171.32,3.051,10000000
171.33,3.095,10000000
171.34,2.876,10000000
171.35,2.92,10000000
171.36,3.139,10000000
171.37,3.051,10000000
171.38,3.183,10000000
171.39,3.095,10000000
171.4,3.007,10000000
171.41,3.095,10000000
171.42,3.051,10000000
171.43,2.92,10000000
171.44,3.051,10000000
171.45,3.139,10000000
171.46,3.183,10000000
171.47,3.139,10000000
171.48,3.051,10000000
171.49,3.139,10000000
171.5,3.051,10000000
171.51,3.095,10000000
171.52,2.964,10000000
171.53,3.051,10000000
171.54,3.139,10000000
171.55,2.92,10000000
171.56,3.095,10000000
171.57,3.095,10000000
171.58,3.007,10000000
171.59,3.139,10000000
171.6,3.007,10000000
171.61,3.183,10000000
171.62,3.051,10000000
171.63,2.876,10000000
171.64,3.007,10000000
171.65,3.051,10000000
171.66,2.964,10000000
171.67,3.139,10000000
171.68,2.964,10000000
171.69,2.92,10000000
171.7,3.095,10000000
171.71,3.051,10000000
171.72,2.964,10000000
171.73,3.095,10000000
171.74,3.095,10000000
171.75,3.139,10000000
171.76,3.139,10000000
171.77,3.007,10000000
171.78,3.095,10000000
171.79,3.139,10000000
171.8,2.92,10000000
171.81,3.095,10000000
171.82,3.007,10000000
171.83,3.139,10000000
171.84,2.964,10000000
171.85,3.139,10000000
171.86,3.051,10000000
171.87,3.139,10000000
171.88,3.139,10000000
171.89,3.139,10000000
171.9,3.183,10000000
171.91,3.007,10000000
171.92,2.964,10000000
171.93,3.095,10000000
171.94,3.095,10000000
171.95,3.139,10000000
171.96,3.139,10000000
171.97,3.007,10000000
171.98,3.095,10000000
171.99,3.139,10000000
172,3.051,10000000
172.01,3.095,10000000
172.02,3.051,10000000
172.03,3.007,10000000
172.04,3.095,10000000
172.05,3.007,10000000
172.06,2.92,10000000
172.07,2.92,10000000
172.08,2.964,10000000
172.09,2.964,10000000
172.1,3.139,10000000
172.11,3.007,10000000
172.12,3.095,10000000
172.13,3.183,10000000
172.14,3.095,10000000
172.15,3.051,10000000
172.16,3.051,10000000
172.17,3.007,10000000
172.18,3.183,10000000
172.19,2.964,10000000
172.2,3.183,10000000
172.21,3.051,10000000
172.22,2.964,10000000
172.23,2.876,10000000
172.24,3.095,10000000
172.25,2.92,10000000
172.26,3.007,10000000
172.27,3.007,10000000
172.28,3.095,10000000
172.29,2.92,10000000
172.3,2.964,10000000
172.31,3.095,10000000
172.32,3.007,10000000
172.33,2.964,10000000
172.34,3.139,10000000
172.35,2.92,10000000
172.36,2.964,10000000
172.37,3.007,10000000
172.38,3.007,10000000
172.39,3.095,10000000
172.4,2.92,10000000
172.41,3.007,10000000
172.42,2.92,10000000
172.43,2.964,10000000
172.44,3.007,10000000
172.45,3.051,10000000
172.46,2.92,10000000
172.47,3.139,10000000
172.48,3.139,10000000
172.49,3.007,10000000
172.5,3.139,10000000
172.51,3.183,10000000
172.52,2.92,10000000
172.53,3.007,10000000
172.54,3.051,10000000
172.55,3.007,10000000
172.56,2.92,10000000
172.57,3.007,10000000
172.58,3.095,10000000
172.59,3.139,10000000
172.6,3.007,10000000
172.61,3.051,10000000
172.62,3.183,10000000
172.63,3.139,10000000
172.64,2.964,10000000
172.65,2.92,10000000
172.66,3.139,10000000
172.67,3.051,10000000
172.68,2.92,10000000
172.69,3.139,10000000
172.7,2.92,10000000
172.71,2.964,10000000
172.72,2.964,10000000
172.73,3.051,10000000
172.74,3.007,10000000
172.75,2.92,10000000
172.76,2.964,10000000
172.77,3.051,10000000
172.78,3.139,10000000
172.79,3.007,10000000
172.8,3.007,10000000
172.81,2.964,10000000
172.82,3.007,10000000
172.83,2.964,10000000
172.84,3.095,10000000
172.85,3.095,10000000
172.86,3.271,10000000
172.87,3.183,10000000
172.88,3.139,10000000
172.89,3.139,10000000
172.9,3.139,10000000
172.91,3.007,10000000
172.92,3.139,10000000
172.93,3.183,10000000
172.94,3.051,10000000
172.95,3.051,10000000
172.96,3.139,10000000
172.97,3.051,10000000
172.98,3.007,10000000
172.99,3.139,10000000
173,2.92,10000000
173.01,3.007,10000000
173.02,2.964,10000000
173.03,3.051,10000000
173.04,2.92,10000000
173.05,3.139,10000000
173.06,3.051,10000000
173.07,3.095,10000000
173.08,3.095,10000000
173.09,3.007,10000000
173.1,2.964,10000000
173.11,3.051,10000000
173.12,2.92,10000000
173.13,2.92,10000000
173.14,2.92,10000000
173.15,3.007,10000000
173.16,2.964,10000000
173.17,2.964,10000000
173.18,3.051,10000000
173.19,3.139,10000000
173.2,2.92,10000000
173.21,3.095,10000000
173.22,3.051,10000000
173.23,3.007,10000000
173.24,3.051,10000000
173.25,2.964,10000000
173.26,3.095,10000000
173.27,3.139,10000000
173.28,3.139,10000000
173.29,3.095,10000000
173.3,3.139,10000000
173.31,3.139,10000000
173.32,2.92,10000000
173.33,2.964,10000000
173.34,3.139,10000000
173.35,3.139,10000000
173.36,3.139,10000000
173.37,3.139,10000000
173.38,3.139,10000000
173.39,3.095,10000000
173.4,3.139,10000000
173.41,3.139,10000000
173.42,3.139,10000000
173.43,2.964,10000000
173.44,3.095,10000000
173.45,2.964,10000000
173.46,3.183,10000000
173.47,3.139,10000000
173.48,3.095,10000000
173.49,3.007,10000000
173.5,3.095,10000000
173.51,3.139,10000000
173.52,3.095,10000000
173.53,3.095,10000000
173.54,2.964,10000000
173.55,3.007,10000000
173.56,3.051,10000000
173.57,3.183,10000000
173.58,3.095,10000000
173.59,3.139,10000000
173.6,3.227,10000000
173.61,3.095,10000000
173.62,2.92,10000000
173.63,3.183,10000000
173.64,3.007,10000000
173.65,2.964,10000000
173.66,3.051,10000000
173.67,3.007,10000000
173.68,3.095,10000000
173.69,3.007,10000000
173.7,2.964,10000000
173.71,3.007,10000000
173.72,2.964,10000000
173.73,3.007,10000000
173.74,2.92,10000000
173.75,3.139,10000000
173.76,2.964,10000000
173.77,3.095,10000000
173.78,3.095,10000000
173.79,3.183,10000000
173.8,3.139,10000000
173.81,3.051,10000000
173.82,2.964,10000000
173.83,3.095,10000000
173.84,3.051,10000000
173.85,3.051,10000000
173.86,3.139,10000000
173.87,2.92,10000000
173.88,2.876,10000000
173.89,3.007,10000000
173.9,3.139,10000000
173.91,2.92,10000000
173.92,2.92,10000000
173.93,2.876,10000000
173.94,2.92,10000000
173.95,3.095,10000000
173.96,3.139,10000000
173.97,3.007,10000000
173.98,3.095,10000000
173.99,3.095,10000000
174,3.139,10000000
174.01,3.051,10000000
174.02,3.095,10000000
174.03,3.007,10000000
174.04,3.139,10000000
174.05,3.007,10000000
174.06,3.007,10000000
174.07,3.051,10000000
174.08,3.139,10000000
174.09,3.183,10000000
174.1,3.227,10000000
174.11,3.139,10000000
174.12,2.92,10000000
174.13,2.964,10000000
174.14,3.007,10000000
174.15,3.007,10000000
174.16,3.007,10000000
174.17,3.051,10000000
174.18,3.051,10000000
174.19,3.051,10000000
174.2,3.007,10000000
174.21,2.92,10000000
174.22,3.139,10000000
174.23,3.007,10000000
174.24,3.051,10000000
174.25,3.007,10000000
174.26,3.051,10000000
174.27,3.095,10000000
174.28,2.832,10000000
174.29,3.139,10000000
174.3,3.007,10000000
174.31,3.139,10000000
174.32,3.095,10000000
174.33,3.051,10000000
174.34,2.964,10000000
174.35,3.051,10000000
174.36,3.051,10000000
174.37,3.139,10000000
174.38,3.227,10000000
174.39,3.139,10000000
174.4,3.095,10000000
174.41,3.007,10000000
174.42,3.007,10000000
174.43,3.007,10000000
174.44,3.007,10000000
174.45,2.92,10000000
174.46,2.92,10000000
174.47,2.964,10000000
174.48,2.964,10000000
174.49,3.051,10000000
174.5,3.095,10000000
174.51,3.139,10000000
174.52,3.139,10000000
174.53,3.139,10000000
174.54,3.095,10000000
174.55,2.92,10000000
174.56,3.139,10000000
174.57,2.964,10000000
174.58,2.964,10000000
174.59,2.832,10000000
174.6,3.139,10000000
174.61,3.007,10000000
174.62,3.007,10000000
174.63,3.007,10000000
174.64,2.964,10000000
174.65,3.051,10000000
174.66,3.051,10000000
174.67,2.92,10000000
174.68,3.051,10000000
174.69,3.007,10000000
174.7,3.139,10000000
174.71,3.095,10000000
174.72,3.139,10000000
174.73,3.315,10000000
174.74,3.183,10000000
174.75,3.139,10000000
174.76,3.227,10000000
174.77,3.051,10000000
174.78,2.964,10000000
174.79,2.744,10000000
174.8,3.051,10000000
174.81,2.92,10000000
174.82,2.876,10000000
174.83,2.832,10000000
174.84,3.007,10000000
174.85,2.92,10000000
174.86,2.92,10000000
174.87,2.964,10000000
174.88,2.92,10000000
174.89,3.051,10000000
174.9,2.964,10000000
174.91,3.095,10000000
174.92,3.051,10000000
174.93,3.183,10000000
174.94,3.095,10000000
174.95,3.051,10000000
174.96,3.139,10000000
174.97,2.92,10000000
174.98,3.095,10000000
174.99,3.051,10000000
175,3.139,10000000
175.01,2.964,10000000
175.02,2.92,10000000
175.03,3.051,10000000
175.04,2.92,10000000
175.05,3.139,10000000
175.06,3.139,10000000
175.07,3.227,10000000
175.08,3.183,10000000
175.09,3.095,10000000
175.1,3.051,10000000
175.11,3.051,10000000
175.12,3.271,10000000
175.13,3.139,10000000
175.14,2.964,10000000
175.15,2.92,10000000
175.16,3.095,10000000
175.17,3.227,10000000
175.18,3.007,10000000
175.19,3.051,10000000
175.2,2.964,10000000
175.21,3.095,10000000
175.22,3.051,10000000
175.23,2.92,10000000
175.24,2.876,10000000
175.25,3.095,10000000
175.26,3.051,10000000
175.27,3.007,10000000
175.28,3.051,10000000
175.29,3.051,10000000
175.3,3.139,10000000
175.31,3.051,10000000
175.32,3.051,10000000
175.33,3.007,10000000
175.34,3.139,10000000
175.35,2.964,10000000
175.36,2.92,10000000
175.37,2.92,10000000
175.38,3.095,10000000
175.39,2.92,10000000
175.4,2.832,10000000
175.41,3.139,10000000
175.42,3.095,10000000
175.43,3.051,10000000
175.44,3.095,10000000
175.45,3.007,10000000
175.46,2.92,10000000
175.47,3.007,10000000
175.48,3.051,10000000
175.49,3.095,10000000
175.5,3.139,10000000
175.51,3.183,10000000
175.52,3.139,10000000
175.53,3.139,10000000
175.54,3.095,10000000
175.55,3.139,10000000
175.56,3.095,10000000
175.57,3.051,10000000
175.58,2.876,10000000
175.59,2.92,10000000
175.6,2.964,10000000
175.61,3.051,10000000
175.62,2.92,10000000
175.63,3.051,10000000
175.64,2.92,10000000
175.65,3.095,10000000
175.66,3.007,10000000
175.67,3.095,10000000
175.68,2.876,10000000
175.69,2.964,10000000
175.7,2.92,10000000
175.71,3.007,10000000
175.72,3.007,10000000
175.73,2.964,10000000
175.74,2.92,10000000
175.75,2.92,10000000
175.76,2.92,10000000
175.77,3.139,10000000
175.78,3.139,10000000
175.79,3.051,10000000
175.8,3.183,10000000
175.81,3.051,10000000
175.82,2.92,10000000
175.83,2.876,10000000
175.84,3.051,10000000
175.85,2.964,10000000
175.86,3.051,10000000
175.87,3.227,10000000
175.88,3.095,10000000
175.89,3.095,10000000
175.9,3.139,10000000
175.91,3.007,10000000
175.92,3.007,10000000
175.93,3.007,10000000
175.94,2.876,10000000
175.95,3.051,10000000
175.96,2.92,10000000
175.97,2.876,10000000
175.98,2.964,10000000
175.99,3.139,10000000
176,3.051,10000000
176.01,3.051,10000000
176.02,3.095,10000000
176.03,3.007,10000000
176.04,3.095,10000000
176.05,3.051,10000000
176.06,3.007,10000000
176.07,2.92,10000000
176.08,2.964,10000000
176.09,2.832,10000000
176.1,3.051,10000000
176.11,3.007,10000000
176.12,3.051,10000000
176.13,3.095,10000000
176.14,2.964,10000000
176.15,3.051,10000000
176.16,2.92,10000000
176.17,3.095,10000000
176.18,3.007,10000000
176.19,2.92,10000000
176.2,3.139,10000000
176.21,3.007,10000000
176.22,3.139,10000000
176.23,2.92,10000000
176.24,2.92,10000000
176.25,3.051,10000000
176.26,3.183,10000000
176.27,3.095,10000000
176.28,3.139,10000000
176.29,3.051,10000000
176.3,3.139,10000000
176.31,3.051,10000000
176.32,3.095,10000000
176.33,3.051,10000000
176.34,3.007,10000000
176.35,2.92,10000000
176.36,3.051,10000000
176.37,2.92,10000000
176.38,3.139,10000000
176.39,2.92,10000000
176.4,3.139,10000000
176.41,2.92,10000000
176.42,2.876,10000000
176.43,3.007,10000000
176.44,3.007,10000000
176.45,2.964,10000000
176.46,3.051,10000000
176.47,2.964,10000000
176.48,2.964,10000000
176.49,3.007,10000000
176.5,3.051,10000000
176.51,2.876,10000000
176.52,2.832,10000000
176.53,2.92,10000000
176.54,2.964,10000000
176.55,3.051,10000000
176.56,2.92,10000000
176.57,3.051,10000000
176.58,3.007,10000000
176.59,3.139,10000000
176.6,3.007,10000000
176.61,3.095,10000000
176.62,3.139,10000000
176.63,2.92,10000000
176.64,2.964,10000000
176.65,3.007,10000000
176.66,3.051,10000000
176.67,3.095,10000000
176.68,2.832,10000000
176.69,3.139,10000000
176.7,3.095,10000000
176.71,3.183,10000000
176.72,3.095,10000000
176.73,3.139,10000000
176.74,3.139,10000000
176.75,3.139,10000000
176.76,3.051,10000000
176.77,3.095,10000000
176.78,3.095,10000000
176.79,3.183,10000000
176.8,3.227,10000000
176.81,2.92,10000000
176.82,3.007,10000000
176.83,3.051,10000000
176.84,3.051,10000000
176.85,3.051,10000000
176.86,3.051,10000000
176.87,3.139,10000000
176.88,3.051,10000000
176.89,3.007,10000000
176.9,3.139,10000000
176.91,3.007,10000000
176.92,3.051,10000000
176.93,3.095,10000000
176.94,3.095,10000000
176.95,3.051,10000000
176.96,3.095,10000000
176.97,3.007,10000000
176.98,2.964,10000000
176.99,3.007,10000000
177,3.051,10000000
177.01,3.051,10000000
177.02,3.007,10000000
177.03,3.139,10000000
177.04,3.095,10000000
177.05,3.095,10000000
177.06,3.183,10000000
177.07,3.007,10000000
177.08,3.007,10000000
177.09,2.92,10000000
177.1,3.139,10000000
177.11,2.964,10000000
177.12,3.007,10000000
177.13,3.007,10000000
177.14,3.051,10000000
177.15,3.007,10000000
177.16,3.051,10000000
177.17,2.964,10000000
177.18,2.964,10000000
177.19,3.139,10000000
177.2,3.051,10000000
177.21,2.964,10000000
177.22,2.92,10000000
177.23,3.095,10000000
177.24,3.051,10000000
177.25,3.051,10000000
177.26,3.139,10000000
177.27,2.92,10000000
177.28,3.139,10000000
177.29,3.095,10000000
177.3,3.051,10000000
177.31,3.095,10000000
177.32,3.095,10000000
177.33,3.139,10000000
177.34,3.139,10000000
177.35,3.095,10000000
177.36,3.051,10000000
177.37,3.095,10000000
177.38,3.007,10000000
177.39,3.007,10000000
177.4,3.139,10000000
177.41,3.051,10000000
177.42,3.051,10000000
177.43,3.007,10000000
177.44,3.007,10000000
177.45,3.051,10000000
177.46,3.051,10000000
177.47,3.051,10000000
177.48,2.964,10000000
177.49,2.92,10000000
177.5,2.92,10000000
177.51,2.964,10000000
177.52,3.183,10000000
177.53,2.964,10000000
177.54,2.788,10000000
177.55,3.007,10000000
177.56,3.051,10000000
177.57,3.051,10000000
177.58,3.095,10000000
177.59,3.227,10000000
177.6,3.139,10000000
177.61,3.183,10000000
177.62,3.095,10000000
177.63,3.095,10000000
177.64,3.139,10000000
177.65,3.095,10000000
177.66,3.007,10000000
177.67,3.051,10000000
177.68,3.183,10000000
177.69,2.964,10000000
177.7,3.095,10000000
177.71,3.007,10000000
177.72,3.139,10000000
177.73,2.832,10000000
177.74,3.007,10000000
177.75,3.007,10000000
177.76,2.964,10000000
177.77,3.007,10000000
177.78,2.964,10000000
177.79,2.744,10000000
177.8,3.051,10000000
177.81,3.051,10000000
177.82,3.051,10000000
177.83,2.964,10000000
177.84,3.139,10000000
177.85,3.095,10000000
177.86,3.139,10000000
177.87,3.095,10000000
177.88,3.139,10000000
177.89,3.095,10000000
177.9,2.92,10000000
177.91,3.051,10000000
177.92,3.095,10000000
177.93,2.964,10000000
177.94,2.92,10000000
177.95,2.964,10000000
177.96,3.007,10000000
177.97,2.92,10000000
177.98,2.964,10000000
177.99,3.007,10000000
178,3.139,10000000
178.01,3.051,10000000
178.02,3.095,10000000
178.03,3.095,10000000
178.04,3.095,10000000
178.05,3.051,10000000
178.06,3.139,10000000
178.07,3.007,10000000
178.08,3.095,10000000
178.09,3.095,10000000
178.1,2.92,10000000
178.11,3.007,10000000
178.12,2.92,10000000
178.13,3.007,10000000
178.14,3.007,10000000
178.15,2.964,10000000
178.16,3.051,10000000
178.17,3.095,10000000
178.18,3.007,10000000
178.19,3.007,10000000
178.2,3.051,10000000
178.21,3.051,10000000
178.22,3.095,10000000
178.23,3.139,10000000
178.24,3.007,10000000
178.25,3.095,10000000
178.26,3.139,10000000
178.27,3.007,10000000
178.28,3.139,10000000
178.29,3.095,10000000
178.3,2.964,10000000
178.31,3.095,10000000
178.32,2.92,10000000
178.33,2.92,10000000
178.34,3.139,10000000
178.35,3.007,10000000
178.36,3.183,10000000
178.37,3.051,10000000
178.38,3.051,10000000
178.39,3.007,10000000
178.4,3.051,10000000
178.41,2.964,10000000
178.42,3.139,10000000
178.43,2.92,10000000
178.44,3.139,10000000
178.45,3.007,10000000
178.46,3.095,10000000
178.47,3.095,10000000
178.48,3.051,10000000
178.49,3.051,10000000
178.5,3.051,10000000
178.51,3.007,10000000
178.52,3.139,10000000
178.53,3.051,10000000
178.54,3.007,10000000
178.55,2.832,10000000
178.56,3.051,10000000
178.57,3.095,10000000
178.58,3.051,10000000
178.59,3.051,10000000
178.6,3.051,10000000
178.61,3.051,10000000
178.62,3.007,10000000
178.63,3.139,10000000
178.64,3.007,10000000
178.65,2.92,10000000
178.66,3.051,10000000
178.67,2.964,10000000
178.68,2.964,10000000
178.69,2.964,10000000
178.7,3.139,10000000
178.71,2.964,10000000
178.72,3.095,10000000
178.73,3.139,10000000
178.74,3.007,10000000
178.75,2.964,10000000
178.76,3.007,10000000
178.77,2.964,10000000
178.78,3.139,10000000
178.79,2.964,10000000
178.8,2.92,10000000
178.81,3.095,10000000
178.82,3.183,10000000
178.83,3.051,10000000
178.84,3.095,10000000
178.85,3.139,10000000
178.86,3.095,10000000
178.87,3.051,10000000
178.88,2.964,10000000
178.89,2.964,10000000
178.9,3.095,10000000
178.91,2.964,10000000
178.92,2.92,10000000
178.93,3.095,10000000
178.94,2.92,10000000
178.95,3.139,10000000
178.96,3.051,10000000
178.97,3.139,10000000
178.98,3.007,10000000
178.99,2.964,10000000
179,3.139,10000000
179.01,3.051,10000000
179.02,3.095,10000000
179.03,2.964,10000000
179.04,3.007,10000000
179.05,3.095,10000000
179.06,3.051,10000000
179.07,3.007,10000000
179.08,3.051,10000000
179.09,3.007,10000000
179.1,2.876,10000000
179.11,3.095,10000000
179.12,3.051,10000000
179.13,3.051,10000000
179.14,3.051,10000000
179.15,3.139,10000000
179.16,3.051,10000000
179.17,3.139,10000000
179.18,3.051,10000000
179.19,3.051,10000000
179.2,3.051,10000000
179.21,2.964,10000000
179.22,3.007,10000000
179.23,3.051,10000000
179.24,3.139,10000000
179.25,2.92,10000000
179.26,2.964,10000000
179.27,2.964,10000000
179.28,3.007,10000000
179.29,3.007,10000000
179.3,3.007,10000000
179.31,3.315,10000000
179.32,3.139,10000000
179.33,3.139,10000000
179.34,3.051,10000000
179.35,3.183,10000000
179.36,3.095,10000000
179.37,3.139,10000000
179.38,3.007,10000000
179.39,2.964,10000000
179.4,2.876,10000000
179.41,3.095,10000000
179.42,3.139,10000000
179.43,3.051,10000000
179.44,3.139,10000000
179.45,3.095,10000000
179.46,3.007,10000000
179.47,2.832,10000000
179.48,3.139,10000000
179.49,2.964,10000000
179.5,2.964,10000000
179.51,3.051,10000000
179.52,2.964,10000000
179.53,3.007,10000000
179.54,2.92,10000000
179.55,3.051,10000000
179.56,3.051,10000000
179.57,3.051,10000000
179.58,2.964,10000000
179.59,3.139,10000000
179.6,3.007,10000000
179.61,3.139,10000000
179.62,3.183,10000000
179.63,3.139,10000000
179.64,3.051,10000000
179.65,3.095,10000000
179.66,3.007,10000000
179.67,3.007,10000000
179.68,3.139,10000000
179.69,3.007,10000000
179.7,3.139,10000000
179.71,3.007,10000000
179.72,3.139,10000000
179.73,3.139,10000000
179.74,3.183,10000000
179.75,3.051,10000000
179.76,3.139,10000000
179.77,2.92,10000000
179.78,3.139,10000000
179.79,2.92,10000000
179.8,3.139,10000000
179.81,2.964,10000000
179.82,2.876,10000000
179.83,3.139,10000000
179.84,3.139,10000000
179.85,3.183,10000000
179.86,3.183,10000000
179.87,3.139,10000000
179.88,3.051,10000000
179.89,3.095,10000000
179.9,3.139,10000000
179.91,3.051,10000000
179.92,3.095,10000000
179.93,2.92,10000000
179.94,3.139,10000000
179.95,2.964,10000000
179.96,2.964,10000000
179.97,3.095,10000000
179.98,3.051,10000000
179.99,3.139,10000000
180,3.227,10000000
180.01,2.964,10000000
180.02,3.139,10000000
180.03,3.007,10000000
180.04,2.92,10000000
180.05,3.007,10000000
180.06,3.051,10000000
180.07,3.007,10000000
180.08,3.183,10000000
180.09,3.139,10000000
180.1,3.315,10000000
180.11,3.095,10000000
180.12,2.92,10000000
180.13,2.92,10000000
180.14,2.876,10000000
180.15,3.007,10000000
180.16,3.139,10000000
180.17,2.964,10000000
180.18,2.92,10000000
180.19,2.92,10000000
180.2,3.095,10000000
180.21,2.876,10000000
180.22,3.051,10000000
180.23,3.139,10000000
180.24,3.095,10000000
180.25,3.007,10000000
180.26,2.92,10000000
180.27,3.051,10000000
180.28,2.832,10000000
180.29,3.051,10000000
180.3,2.92,10000000
180.31,3.051,10000000
180.32,3.139,10000000
180.33,3.095,10000000
180.34,2.964,10000000
180.35,3.007,10000000
180.36,3.051,10000000
180.37,3.051,10000000
180.38,3.095,10000000
180.39,3.007,10000000
180.4,2.964,10000000
180.41,3.095,10000000
180.42,3.183,10000000
180.43,3.139,10000000
180.44,3.139,10000000
180.45,3.051,10000000
180.46,2.744,10000000
180.47,2.92,10000000
180.48,3.007,10000000
180.49,3.139,10000000
180.5,3.007,10000000
180.51,3.095,10000000
180.52,3.051,10000000
180.53,3.095,10000000
180.54,3.007,10000000
180.55,2.92,10000000
180.56,3.007,10000000
180.57,3.139,10000000
180.58,3.095,10000000
180.59,2.92,10000000
180.6,3.007,10000000
180.61,3.051,10000000
180.62,3.007,10000000
180.63,3.007,10000000
180.64,2.92,10000000
180.65,3.139,10000000
180.66,2.876,10000000
180.67,3.051,10000000
180.68,3.139,10000000
180.69,3.007,10000000
180.7,3.095,10000000
180.71,3.095,10000000
180.72,2.964,10000000
180.73,2.832,10000000
180.74,3.007,10000000
180.75,3.139,10000000
180.76,3.095,10000000
180.77,3.051,10000000
180.78,3.051,10000000
180.79,3.007,10000000
180.8,3.139,10000000
180.81,3.095,10000000
180.82,3.007,10000000
180.83,3.095,10000000
180.84,3.095,10000000
180.85,3.095,10000000
180.86,3.139,10000000
180.87,3.051,10000000
180.88,2.92,10000000
180.89,3.139,10000000
180.9,3.051,10000000
180.91,3.095,10000000
180.92,3.095,10000000
180.93,3.051,10000000
180.94,2.964,10000000
180.95,3.139,10000000
180.96,3.095,10000000
180.97,3.007,10000000
180.98,3.051,10000000
180.99,2.964,10000000
181,3.007,10000000
181.01,3.095,10000000
181.02,3.095,10000000
181.03,3.007,10000000
181.04,2.876,10000000
181.05,3.139,10000000
181.06,3.051,10000000
181.07,3.007,10000000
181.08,3.095,10000000
181.09,3.007,10000000
181.1,2.964,10000000
181.11,3.007,10000000
181.12,3.051,10000000
181.13,3.007,10000000
181.14,2.832,10000000
181.15,3.007,10000000
181.16,3.007,10000000
181.17,2.832,10000000
181.18,2.964,10000000
181.19,2.964,10000000
181.2,2.964,10000000
181.21,3.007,10000000
181.22,3.007,10000000
181.23,2.964,10000000
181.24,2.964,10000000
181.25,3.051,10000000
181.26,3.139,10000000
181.27,2.92,10000000
181.28,3.051,10000000
181.29,3.051,10000000
181.3,3.051,10000000
181.31,3.007,10000000
181.32,3.051,10000000
181.33,3.183,10000000
181.34,3.095,10000000
181.35,3.051,10000000
181.36,2.92,10000000
181.37,2.964,10000000
181.38,3.051,10000000
181.39,2.964,10000000
181.4,2.92,10000000
181.41,3.051,10000000
181.42,3.051,10000000
181.43,3.095,10000000
181.44,3.007,10000000
181.45,3.139,10000000
181.46,3.007,10000000
181.47,3.139,10000000
181.48,3.183,10000000
181.49,2.964,10000000
181.5,3.139,10000000
181.51,2.92,10000000
181.52,2.832,10000000
181.53,3.007,10000000
181.54,3.051,10000000
181.55,3.007,10000000
181.56,2.964,10000000
181.57,3.139,10000000
181.58,3.051,10000000
181.59,3.007,10000000
181.6,3.095,10000000
181.61,3.139,10000000
181.62,3.095,10000000
181.63,3.051,10000000
181.64,3.051,10000000
181.65,2.876,10000000
181.66,3.007,10000000
181.67,3.007,10000000
181.68,3.051,10000000
181.69,3.051,10000000
181.7,3.139,10000000
181.71,3.007,10000000
181.72,2.964,10000000
181.73,3.007,10000000
181.74,3.007,10000000
181.75,3.051,10000000
181.76,3.227,10000000
181.77,3.051,10000000
181.78,3.095,10000000
181.79,3.051,10000000
181.8,3.139,10000000
181.81,3.183,10000000
181.82,3.139,10000000
181.83,2.92,10000000
181.84,3.051,10000000
181.85,3.007,10000000
181.86,2.964,10000000
181.87,2.832,10000000
181.88,3.007,10000000
181.89,3.007,10000000
181.9,2.964,10000000
181.91,3.051,10000000
181.92,2.876,10000000
181.93,3.007,10000000
181.94,3.007,10000000
181.95,2.92,10000000
181.96,3.095,10000000
181.97,3.007,10000000
181.98,3.095,10000000
181.99,2.92,10000000
182,3.007,10000000
182.01,3.051,10000000
182.02,3.051,10000000
182.03,3.183,10000000
182.04,3.051,10000000
182.05,3.007,10000000
182.06,2.964,10000000
182.07,3.051,10000000
182.08,2.92,10000000
182.09,3.007,10000000
182.1,3.051,10000000
182.11,3.139,10000000
182.12,3.139,10000000
182.13,3.051,10000000
182.14,3.139,10000000
182.15,3.183,10000000
182.16,3.315,10000000
182.17,3.095,10000000
182.18,3.183,10000000
182.19,3.139,10000000
182.2,3.183,10000000
182.21,3.007,10000000
182.22,3.139,10000000
182.23,2.92,10000000
182.24,3.095,10000000
182.25,3.007,10000000
182.26,2.744,10000000
182.27,2.876,10000000
182.28,2.964,10000000
182.29,3.095,10000000
182.3,3.007,10000000
182.31,3.051,10000000
182.32,3.095,10000000
182.33,2.92,10000000
182.34,3.007,10000000
182.35,3.007,10000000
182.36,2.92,10000000
182.37,3.007,10000000
182.38,3.051,10000000
182.39,3.051,10000000
182.4,3.139,10000000
182.41,3.095,10000000
182.42,3.095,10000000
182.43,3.051,10000000
182.44,3.051,10000000
182.45,3.139,10000000
182.46,3.007,10000000
182.47,3.139,10000000
182.48,3.007,10000000
182.49,3.139,10000000
182.5,2.964,10000000
182.51,3.095,10000000
182.52,3.227,10000000
182.53,3.139,10000000
182.54,3.095,10000000
182.55,3.139,10000000
182.56,2.92,10000000
182.57,3.051,10000000
182.58,3.139,10000000
182.59,3.007,10000000
182.6,2.92,10000000
182.61,3.051,10000000
182.62,2.964,10000000
182.63,2.92,10000000
182.64,3.095,10000000
182.65,3.139,10000000
182.66,3.007,10000000
182.67,3.139,10000000
182.68,3.051,10000000
182.69,3.007,10000000
182.7,3.095,10000000
182.71,2.92,10000000
182.72,2.964,10000000
182.73,2.964,10000000
182.74,3.051,10000000
182.75,3.007,10000000
182.76,3.095,10000000
182.77,3.007,10000000
182.78,3.095,10000000
182.79,3.007,10000000
182.8,3.051,10000000
182.81,3.051,10000000
182.82,3.051,10000000
182.83,3.007,10000000
182.84,3.227,10000000
182.85,3.095,10000000
182.86,3.139,10000000
182.87,2.964,10000000
182.88,2.92,10000000
182.89,2.964,10000000
182.9,3.095,10000000
182.91,3.139,10000000
182.92,3.139,10000000
182.93,3.051,10000000
182.94,3.007,10000000
182.95,3.051,10000000
182.96,3.095,10000000
182.97,3.183,10000000
182.98,3.051,10000000
182.99,3.007,10000000
183,2.92,10000000
183.01,3.095,10000000
183.02,2.92,10000000
183.03,3.007,10000000
183.04,2.964,10000000
183.05,3.095,10000000
183.06,3.051,10000000
183.07,3.051,10000000
183.08,3.139,10000000
183.09,3.051,10000000
183.1,3.139,10000000
183.11,3.139,10000000
183.12,3.315,10000000
183.13,3.095,10000000
183.14,3.095,10000000
183.15,3.139,10000000
183.16,3.095,10000000
183.17,3.051,10000000
183.18,3.007,10000000
183.19,2.92,10000000
183.2,3.051,10000000
183.21,3.051,10000000
183.22,3.183,10000000
183.23,3.007,10000000
183.24,3.051,10000000
183.25,3.051,10000000
183.26,3.139,10000000
183.27,3.139,10000000
183.28,3.139,10000000
183.29,2.92,10000000
183.3,2.964,10000000
183.31,2.92,10000000
183.32,3.139,10000000
183.33,3.183,10000000
183.34,3.139,10000000
183.35,3.051,10000000
183.36,3.183,10000000
183.37,3.051,10000000
183.38,3.051,10000000
183.39,3.051,10000000
183.4,3.095,10000000
183.41,2.964,10000000
183.42,3.095,10000000
183.43,2.876,10000000
183.44,3.007,10000000
183.45,3.095,10000000
183.46,3.051,10000000
183.47,3.051,10000000
183.48,2.964,10000000
183.49,3.051,10000000
183.5,3.051,10000000
183.51,3.183,10000000
183.52,3.139,10000000
183.53,3.095,10000000
183.54,3.095,10000000
183.55,3.051,10000000
183.56,3.051,10000000
183.57,2.964,10000000
183.58,3.139,10000000
183.59,2.92,10000000
183.6,3.095,10000000
183.61,2.92,10000000
183.62,3.095,10000000
183.63,3.051,10000000
183.64,2.964,10000000
183.65,3.007,10000000
183.66,3.139,10000000
183.67,3.051,10000000
183.68,3.007,10000000
183.69,3.051,10000000
183.7,3.095,10000000
183.71,2.876,10000000
183.72,3.095,10000000
183.73,3.051,10000000
183.74,3.051,10000000
183.75,2.92,10000000
183.76,3.183,10000000
183.77,3.051,10000000
183.78,3.095,10000000
183.79,3.183,10000000
183.8,3.007,10000000
183.81,2.964,10000000
183.82,3.095,10000000
183.83,3.007,10000000
183.84,2.92,10000000
183.85,2.92,10000000
183.86,2.964,10000000
183.87,3.183,10000000
183.88,3.139,10000000
183.89,3.051,10000000
183.9,2.876,10000000
183.91,3.007,10000000
183.92,3.139,10000000
183.93,3.095,10000000
183.94,3.095,10000000
183.95,3.051,10000000
183.96,3.007,10000000
183.97,3.007,10000000
183.98,2.876,10000000
183.99,2.876,10000000
184,3.095,10000000
184.01,3.139,10000000
184.02,3.183,10000000
184.03,3.139,10000000
184.04,3.183,10000000
184.05,3.139,10000000
184.06,3.139,10000000
184.07,3.051,10000000
184.08,3.095,10000000
184.09,3.139,10000000
184.1,3.139,10000000
184.11,3.051,10000000
184.12,2.964,10000000
184.13,2.92,10000000
184.14,2.964,10000000
184.15,3.051,10000000
184.16,3.051,10000000
184.17,3.007,10000000
184.18,2.964,10000000
184.19,3.139,10000000
184.2,2.92,10000000
184.21,3.051,10000000
184.22,3.051,10000000
184.23,3.095,10000000
184.24,2.964,10000000
184.25,3.007,10000000
184.26,3.139,10000000
184.27,3.007,10000000
184.28,3.007,10000000
184.29,3.139,10000000
184.3,3.007,10000000
184.31,3.139,10000000
184.32,2.876,10000000
184.33,2.964,10000000
184.34,2.964,10000000
184.35,3.051,10000000
184.36,3.095,10000000
184.37,3.139,10000000
184.38,3.007,10000000
184.39,2.964,10000000
184.4,3.183,10000000
184.41,3.183,10000000
184.42,3.095,10000000
184.43,3.051,10000000
184.44,3.183,10000000
184.45,3.095,10000000
184.46,2.964,10000000
184.47,2.832,10000000
184.48,3.051,10000000
184.49,3.139,10000000
184.5,2.92,10000000
184.51,3.051,10000000
184.52,3.007,10000000
184.53,3.007,10000000
184.54,3.007,10000000
184.55,3.051,10000000
184.56,2.964,10000000
184.57,2.92,10000000
184.58,2.92,10000000
184.59,3.051,10000000
184.6,3.051,10000000
184.61,3.095,10000000
184.62,2.964,10000000
184.63,3.139,10000000
184.64,2.964,10000000
184.65,3.007,10000000
184.66,3.139,10000000
184.67,2.92,10000000
184.68,3.183,10000000
184.69,3.051,10000000
184.7,3.007,10000000
184.71,3.051,10000000
184.72,2.964,10000000
184.73,3.007,10000000
184.74,3.095,10000000
184.75,2.92,10000000
184.76,3.139,10000000
184.77,3.095,10000000
184.78,2.964,10000000
184.79,3.095,10000000
184.8,3.051,10000000
184.81,3.051,10000000
184.82,3.095,10000000
184.83,3.051,10000000
184.84,2.964,10000000
184.85,2.964,10000000
184.86,3.139,10000000
184.87,3.139,10000000
184.88,3.095,10000000
184.89,3.139,10000000
184.9,3.051,10000000
184.91,3.007,10000000
184.92,3.007,10000000
184.93,2.832,10000000
184.94,3.007,10000000
184.95,2.92,10000000
184.96,3.007,10000000
184.97,2.744,10000000
184.98,3.051,10000000
184.99,3.007,10000000
185,3.139,10000000
185.01,2.876,10000000
185.02,3.095,10000000
185.03,3.095,10000000
185.04,3.007,10000000
185.05,3.095,10000000
185.06,2.92,10000000
185.07,3.139,10000000
185.08,3.007,10000000
185.09,3.139,10000000
185.1,3.051,10000000
185.11,3.095,10000000
185.12,3.007,10000000
185.13,2.92,10000000
185.14,3.007,10000000
185.15,3.051,10000000
185.16,3.051,10000000
185.17,3.051,10000000
185.18,2.964,10000000
185.19,2.92,10000000
185.2,3.051,10000000
185.21,3.139,10000000
185.22,3.007,10000000
185.23,2.964,10000000
185.24,3.007,10000000
185.25,3.051,10000000
185.26,3.139,10000000
185.27,3.007,10000000
185.28,2.964,10000000
185.29,2.964,10000000
185.3,2.964,10000000
185.31,2.832,10000000
185.32,3.095,10000000
185.33,3.095,10000000
185.34,2.92,10000000
185.35,3.007,10000000
185.36,3.139,10000000
185.37,3.227,10000000
185.38,3.051,10000000
185.39,3.095,10000000
185.4,3.007,10000000
185.41,3.007,10000000
185.42,2.964,10000000
185.43,2.964,10000000
185.44,2.92,10000000
185.45,3.051,10000000
185.46,3.051,10000000
185.47,3.051,10000000
185.48,3.095,10000000
185.49,3.007,10000000
185.5,3.007,10000000
185.51,3.051,10000000
185.52,3.007,10000000
185.53,3.139,10000000
185.54,3.051,10000000
185.55,3.007,10000000
185.56,3.139,10000000
185.57,3.051,10000000
185.58,3.139,10000000
185.59,3.095,10000000
185.6,2.964,10000000
185.61,3.139,10000000
185.62,2.92,10000000
185.63,3.095,10000000
185.64,3.007,10000000
185.65,3.183,10000000
185.66,3.139,10000000
185.67,2.964,10000000
185.68,3.051,10000000
185.69,3.007,10000000
185.7,3.095,10000000
185.71,3.139,10000000
185.72,2.92,10000000
185.73,3.095,10000000
185.74,3.139,10000000
185.75,3.007,10000000
185.76,2.964,10000000
185.77,3.007,10000000
185.78,3.051,10000000
185.79,2.92,10000000
185.8,3.051,10000000
185.81,3.139,10000000
185.82,3.095,10000000
185.83,2.92,10000000
185.84,2.964,10000000
185.85,3.007,10000000
185.86,2.876,10000000
185.87,2.92,10000000
185.88,2.876,10000000
185.89,2.92,10000000
185.9,2.964,10000000
185.91,2.92,10000000
185.92,3.051,10000000
185.93,3.095,10000000
185.94,2.92,10000000
185.95,3.007,10000000
185.96,3.051,10000000
185.97,3.183,10000000
185.98,3.139,10000000
185.99,3.007,10000000
186,3.139,10000000
186.01,3.007,10000000
186.02,3.183,10000000
186.03,3.051,10000000
186.04,3.007,10000000
186.05,3.095,10000000
186.06,3.095,10000000
186.07,3.183,10000000
186.08,3.051,10000000
186.09,3.051,10000000
186.1,3.095,10000000
186.11,3.095,10000000
186.12,2.92,10000000
186.13,3.095,10000000
186.14,3.183,10000000
186.15,3.007,10000000
186.16,3.007,10000000
186.17,3.139,10000000
186.18,3.183,10000000
186.19,3.007,10000000
186.2,3.007,10000000
186.21,3.051,10000000
186.22,3.007,10000000
186.23,2.964,10000000
186.24,3.183,10000000
186.25,3.051,10000000
186.26,2.92,10000000
186.27,3.051,10000000
186.28,3.139,10000000
186.29,3.095,10000000
186.3,3.139,10000000
186.31,3.095,10000000
186.32,3.095,10000000
186.33,3.227,10000000
186.34,2.92,10000000
186.35,2.964,10000000
186.36,3.007,10000000
186.37,3.095,10000000
186.38,2.964,10000000
186.39,2.92,10000000
186.4,3.095,10000000
186.41,2.92,10000000
186.42,3.007,10000000
186.43,2.964,10000000
186.44,3.139,10000000
186.45,2.92,10000000
186.46,3.051,10000000
186.47,2.964,10000000
186.48,2.964,10000000
186.49,3.007,10000000
186.5,3.051,10000000
186.51,2.92,10000000
186.52,3.051,10000000
186.53,3.007,10000000
186.54,3.051,10000000
186.55,3.139,10000000
186.56,3.139,10000000
186.57,3.051,10000000
186.58,3.007,10000000
186.59,3.051,10000000
186.6,2.964,10000000
186.61,3.051,10000000
186.62,2.964,10000000
186.63,3.051,10000000
186.64,3.139,10000000
186.65,2.964,10000000
186.66,2.964,10000000
186.67,3.007,10000000
186.68,3.007,10000000
186.69,3.095,10000000
186.7,3.051,10000000
186.71,3.007,10000000
186.72,3.139,10000000
186.73,3.095,10000000
186.74,3.183,10000000
186.75,3.095,10000000
186.76,3.095,10000000
186.77,3.007,10000000
186.78,3.051,10000000
186.79,3.007,10000000
186.8,2.964,10000000
186.81,2.876,10000000
186.82,3.051,10000000
186.83,3.139,10000000
186.84,3.095,10000000
186.85,3.139,10000000
186.86,3.007,10000000
186.87,2.964,10000000
186.88,3.139,10000000
186.89,3.139,10000000
186.9,3.095,10000000
186.91,3.139,10000000
186.92,3.095,10000000
186.93,2.964,10000000
186.94,2.964,10000000
186.95,3.051,10000000
186.96,3.007,10000000
186.97,3.051,10000000
186.98,3.007,10000000
186.99,2.964,10000000
187,2.876,10000000
187.01,3.095,10000000
187.02,2.964,10000000
187.03,3.095,10000000
187.04,3.051,10000000
187.05,3.095,10000000
187.06,3.051,10000000
187.07,3.007,10000000
187.08,3.095,10000000
187.09,3.315,10000000
187.1,3.095,10000000
187.11,3.139,10000000
187.12,3.051,10000000
187.13,3.227,10000000
187.14,3.139,10000000
187.15,2.964,10000000
187.16,3.139,10000000
187.17,2.964,10000000
187.18,2.964,10000000
187.19,2.92,10000000
187.2,3.007,10000000
187.21,3.095,10000000
187.22,3.051,10000000
187.23,3.007,10000000
187.24,3.139,10000000
187.25,3.095,10000000
187.26,2.92,10000000
187.27,3.139,10000000
187.28,3.095,10000000
187.29,2.964,10000000
187.3,2.964,10000000
187.31,3.139,10000000
187.32,3.139,10000000
187.33,3.139,10000000
187.34,3.051,10000000
187.35,2.964,10000000
187.36,3.271,10000000
187.37,3.315,10000000
187.38,3.095,10000000
187.39,3.139,10000000
187.4,3.007,10000000
187.41,2.92,10000000
187.42,2.876,10000000
187.43,2.964,10000000
187.44,3.007,10000000
187.45,3.007,10000000
187.46,3.007,10000000
187.47,3.095,10000000
187.48,3.095,10000000
187.49,2.964,10000000
187.5,3.095,10000000
187.51,3.095,10000000
187.52,3.139,10000000
187.53,3.007,10000000
187.54,3.007,10000000
187.55,3.095,10000000
187.56,3.051,10000000
187.57,3.007,10000000
187.58,3.183,10000000
187.59,3.007,10000000
187.6,3.007,10000000
187.61,3.007,10000000
187.62,2.964,10000000
187.63,2.92,10000000
187.64,3.051,10000000
187.65,3.095,10000000
187.66,2.92,10000000
187.67,3.007,10000000
187.68,2.876,10000000
187.69,3.007,10000000
187.7,2.92,10000000
187.71,2.964,10000000
187.72,2.832,10000000
187.73,3.007,10000000
187.74,2.964,10000000
187.75,3.095,10000000
187.76,3.095,10000000
187.77,2.788,10000000
187.78,2.964,10000000
187.79,3.095,10000000
187.8,3.007,10000000
187.81,3.139,10000000
187.82,2.876,10000000
187.83,3.007,10000000
187.84,2.832,10000000
187.85,2.92,10000000
187.86,2.964,10000000
187.87,3.007,10000000
187.88,2.964,10000000
187.89,2.964,10000000
187.9,2.876,10000000
187.91,2.964,10000000
187.92,2.876,10000000
187.93,3.007,10000000
187.94,3.007,10000000
187.95,3.007,10000000
187.96,2.92,10000000
187.97,3.007,10000000
187.98,3.007,10000000
187.99,3.095,10000000
188,3.051,10000000
188.01,3.007,10000000
188.02,3.051,10000000
188.03,3.271,10000000
188.04,3.227,10000000
188.05,3.139,10000000
188.06,3.007,10000000
188.07,3.183,10000000
188.08,3.051,10000000
188.09,3.139,10000000
188.1,3.139,10000000
188.11,3.183,10000000
188.12,3.139,10000000
188.13,3.095,10000000
188.14,2.964,10000000
188.15,3.183,10000000
188.16,3.095,10000000
188.17,3.051,10000000
188.18,3.095,10000000
188.19,2.964,10000000
188.2,3.007,10000000
188.21,3.007,10000000
188.22,3.007,10000000
188.23,3.095,10000000
188.24,2.744,10000000
188.25,2.964,10000000
188.26,3.051,10000000
188.27,3.007,10000000
188.28,3.095,10000000
188.29,3.139,10000000
188.3,2.92,10000000
188.31,2.964,10000000
188.32,3.007,10000000
188.33,3.051,10000000
188.34,3.007,10000000
188.35,3.095,10000000
188.36,3.051,10000000
188.37,3.007,10000000
188.38,3.007,10000000
188.39,2.92,10000000
188.4,3.007,10000000
188.41,3.095,10000000
188.42,2.964,10000000
188.43,2.964,10000000
188.44,3.051,10000000
188.45,3.051,10000000
188.46,2.964,10000000
188.47,3.095,10000000
188.48,3.051,10000000
188.49,3.051,10000000
188.5,3.051,10000000
188.51,2.964,10000000
188.52,2.92,10000000
188.53,3.007,10000000
188.54,3.051,10000000
188.55,3.095,10000000
188.56,3.095,10000000
188.57,3.007,10000000
188.58,3.139,10000000
188.59,3.139,10000000
188.6,3.271,10000000
188.61,3.095,10000000
188.62,3.139,10000000
188.63,3.183,10000000
188.64,3.139,10000000
188.65,2.964,10000000
188.66,3.051,10000000
188.67,3.183,10000000
188.68,3.139,10000000
188.69,3.095,10000000
188.7,3.095,10000000
188.71,2.964,10000000
188.72,2.92,10000000
188.73,2.92,10000000
188.74,3.095,10000000
188.75,3.007,10000000
188.76,3.051,10000000
188.77,3.051,10000000
188.78,3.051,10000000
188.79,2.964,10000000
188.8,2.92,10000000
188.81,3.139,10000000
188.82,2.92,10000000
188.83,3.051,10000000
188.84,3.095,10000000
188.85,3.139,10000000
188.86,3.095,10000000
188.87,3.095,10000000
188.88,3.007,10000000
188.89,2.92,10000000
188.9,3.051,10000000
188.91,3.051,10000000
188.92,3.183,10000000
188.93,3.139,10000000
188.94,3.095,10000000
188.95,3.139,10000000
188.96,3.227,10000000
188.97,3.095,10000000
188.98,3.007,10000000
188.99,3.183,10000000
189,3.051,10000000
189.01,3.007,10000000
189.02,2.964,10000000
189.03,2.964,10000000
189.04,2.964,10000000
189.05,2.92,10000000
189.06,3.007,10000000
189.07,2.832,10000000
189.08,2.964,10000000
189.09,3.007,10000000
189.1,2.964,10000000
189.11,2.964,10000000
189.12,3.051,10000000
189.13,2.92,10000000
189.14,3.139,10000000
189.15,3.095,10000000
189.16,3.095,10000000
189.17,3.139,10000000
189.18,3.007,10000000
189.19,3.183,10000000
189.2,3.007,10000000
189.21,2.964,10000000
189.22,3.051,10000000
189.23,3.051,10000000
189.24,3.051,10000000
189.25,3.183,10000000
189.26,3.051,10000000
189.27,2.92,10000000
189.28,3.051,10000000
189.29,2.92,10000000
189.3,2.92,10000000
189.31,3.051,10000000
189.32,3.051,10000000
189.33,3.095,10000000
189.34,3.183,10000000
189.35,3.139,10000000
189.36,3.139,10000000
189.37,3.051,10000000
189.38,3.271,10000000
189.39,3.051,10000000
189.4,3.051,10000000
189.41,3.095,10000000
189.42,3.051,10000000
189.43,3.051,10000000
189.44,2.964,10000000
189.45,2.832,10000000
189.46,2.92,10000000
189.47,3.007,10000000
189.48,3.007,10000000
189.49,3.139,10000000
189.5,3.051,10000000
189.51,2.964,10000000
189.52,3.051,10000000
189.53,3.051,10000000
189.54,3.007,10000000
189.55,2.964,10000000
189.56,3.095,10000000
189.57,2.92,10000000
189.58,3.095,10000000
189.59,3.139,10000000
189.6,3.007,10000000
189.61,2.876,10000000
189.62,3.051,10000000
189.63,3.139,10000000
189.64,2.964,10000000
189.65,3.271,10000000
189.66,3.139,10000000
189.67,3.095,10000000
189.68,3.139,10000000
189.69,2.964,10000000
189.7,3.051,10000000
189.71,3.051,10000000
189.72,2.92,10000000
189.73,3.051,10000000
189.74,2.92,10000000
189.75,2.964,10000000
189.76,2.92,10000000
189.77,2.964,10000000
189.78,3.007,10000000
189.79,3.007,10000000
189.8,2.92,10000000
189.81,2.92,10000000
189.82,3.007,10000000
189.83,3.007,10000000
189.84,3.183,10000000
189.85,3.227,10000000
189.86,3.403,10000000
189.87,3.139,10000000
189.88,3.271,10000000
189.89,3.051,10000000
189.9,3.095,10000000
189.91,3.095,10000000
189.92,3.095,10000000
189.93,3.051,10000000
189.94,2.92,10000000
189.95,2.964,10000000
189.96,3.139,10000000
189.97,3.007,10000000
189.98,3.007,10000000
189.99,3.139,10000000
190,3.095,10000000
190.01,2.964,10000000
190.02,3.007,10000000
190.03,3.139,10000000
190.04,2.92,10000000
190.05,3.007,10000000
190.06,2.964,10000000
190.07,3.095,10000000
190.08,3.095,10000000
190.09,3.095,10000000
190.1,2.964,10000000
190.11,3.139,10000000
190.12,2.964,10000000
190.13,2.92,10000000
190.14,3.007,10000000
190.15,3.051,10000000
190.16,2.92,10000000
190.17,3.051,10000000
190.18,2.964,10000000
190.19,2.964,10000000
190.2,2.92,10000000
190.21,2.92,10000000
190.22,2.876,10000000
190.23,2.876,10000000
190.24,3.007,10000000
190.25,2.964,10000000
190.26,3.007,10000000
190.27,3.095,10000000
190.28,3.051,10000000
190.29,3.007,10000000
190.3,2.964,10000000
190.31,3.095,10000000
190.32,3.095,10000000
190.33,3.051,10000000
190.34,3.139,10000000
190.35,2.92,10000000
190.36,2.92,10000000
190.37,3.095,10000000
190.38,2.92,10000000
190.39,3.051,10000000
190.4,2.92,10000000
190.41,3.139,10000000
190.42,3.051,10000000
190.43,2.964,10000000
190.44,3.139,10000000
190.45,2.92,10000000
190.46,3.095,10000000
190.47,3.007,10000000
190.48,2.964,10000000
190.49,3.139,10000000
190.5,3.007,10000000
190.51,3.051,10000000
190.52,3.051,10000000
190.53,3.139,10000000
190.54,3.139,10000000
190.55,3.139,10000000
190.56,3.095,10000000
190.57,3.051,10000000
190.58,3.051,10000000
190.59,3.051,10000000
190.6,3.007,10000000
190.61,3.051,10000000
190.62,3.095,10000000
190.63,2.964,10000000
190.64,3.051,10000000
190.65,3.183,10000000
190.66,3.007,10000000
190.67,3.051,10000000
190.68,3.095,10000000
190.69,3.139,10000000
190.7,2.964,10000000
190.71,3.139,10000000
190.72,2.92,10000000
190.73,3.051,10000000
190.74,3.095,10000000
190.75,3.095,10000000
190.76,3.227,10000000
190.77,3.139,10000000
190.78,3.051,10000000
190.79,3.095,10000000
190.8,2.92,10000000
190.81,3.095,10000000
190.82,3.051,10000000
190.83,2.964,10000000
190.84,3.007,10000000
190.85,2.92,10000000
190.86,3.051,10000000
190.87,3.051,10000000
190.88,3.095,10000000
190.89,3.007,10000000
190.9,3.139,10000000
190.91,2.964,10000000
190.92,2.964,10000000
190.93,2.964,10000000
190.94,3.051,10000000
190.95,2.92,10000000
190.96,3.139,10000000
190.97,3.051,10000000
190.98,3.139,10000000
190.99,3.051,10000000
191,3.095,10000000
191.01,3.095,10000000
191.02,3.139,10000000
191.03,3.051,10000000
191.04,3.007,10000000
191.05,2.92,10000000
191.06,3.051,10000000
191.07,2.92,10000000
191.08,3.051,10000000
191.09,2.92,10000000
191.1,3.007,10000000
191.11,3.139,10000000
191.12,2.92,10000000
191.13,3.051,10000000
191.14,3.051,10000000
191.15,3.139,10000000
191.16,3.095,10000000
191.17,3.095,10000000
191.18,3.095,10000000
191.19,3.139,10000000
191.2,3.095,10000000
191.21,3.139,10000000
191.22,3.051,10000000
191.23,3.183,10000000
191.24,3.183,10000000
191.25,3.051,10000000
191.26,2.964,10000000
191.27,3.051,10000000
191.28,3.095,10000000
191.29,3.007,10000000
191.3,3.051,10000000
191.31,2.92,10000000
191.32,3.095,10000000
191.33,3.007,10000000
191.34,2.964,10000000
191.35,3.051,10000000
191.36,3.007,10000000
191.37,2.92,10000000
191.38,2.964,10000000
191.39,3.007,10000000
191.4,2.92,10000000
191.41,3.051,10000000
191.42,2.92,10000000
191.43,3.183,10000000
191.44,2.964,10000000
191.45,2.92,10000000
191.46,2.832,10000000
191.47,3.095,10000000
191.48,2.964,10000000
191.49,3.051,10000000
191.5,3.007,10000000
191.51,3.051,10000000
191.52,2.964,10000000
191.53,3.007,10000000
191.54,3.007,10000000
191.55,3.139,10000000
191.56,2.92,10000000
191.57,2.964,10000000
191.58,2.964,10000000
191.59,3.095,10000000
191.6,3.139,10000000
191.61,2.92,10000000
191.62,2.92,10000000
191.63,3.095,10000000
191.64,2.964,10000000
191.65,2.92,10000000
191.66,3.095,10000000
191.67,3.051,10000000
191.68,3.139,10000000
191.69,3.095,10000000
191.7,3.007,10000000
191.71,3.051,10000000
191.72,2.964,10000000
191.73,3.007,10000000
191.74,2.92,10000000
191.75,3.095,10000000
191.76,3.095,10000000
191.77,3.183,10000000
191.78,3.007,10000000
191.79,3.139,10000000
191.8,3.139,10000000
191.81,3.051,10000000
191.82,3.051,10000000
191.83,2.964,10000000
191.84,3.183,10000000
191.85,3.095,10000000
191.86,3.139,10000000
191.87,3.183,10000000
191.88,3.007,10000000
191.89,2.964,10000000
191.9,2.92,10000000
191.91,2.876,10000000
191.92,3.007,10000000
191.93,3.139,10000000
191.94,3.095,10000000
191.95,3.051,10000000
191.96,3.139,10000000
191.97,3.139,10000000
191.98,3.139,10000000
191.99,2.964,10000000
192,2.832,10000000
192.01,3.095,10000000
192.02,2.832,10000000
192.03,2.92,10000000
192.04,3.007,10000000
192.05,2.964,10000000
192.06,3.007,10000000
192.07,2.92,10000000
192.08,3.095,10000000
192.09,3.007,10000000
192.1,2.876,10000000
192.11,3.051,10000000
192.12,2.964,10000000
192.13,3.051,10000000
192.14,3.051,10000000
192.15,3.095,10000000
192.16,3.139,10000000
192.17,3.095,10000000
192.18,3.359,10000000
192.19,3.183,10000000
192.2,3.095,10000000
192.21,3.227,10000000
192.22,3.227,10000000
192.23,3.183,10000000
192.24,3.051,10000000
192.25,3.051,10000000
192.26,2.964,10000000
192.27,3.095,10000000
192.28,3.095,10000000
192.29,3.007,10000000
192.3,3.051,10000000
192.31,3.051,10000000
192.32,3.139,10000000
192.33,3.051,10000000
192.34,3.139,10000000
192.35,3.007,10000000
192.36,3.007,10000000
192.37,2.92,10000000
192.38,3.051,10000000
192.39,2.964,10000000
192.4,2.964,10000000
192.41,3.007,10000000
192.42,2.964,10000000
192.43,3.007,10000000
192.44,3.139,10000000
192.45,2.964,10000000
192.46,2.832,10000000
192.47,3.007,10000000
192.48,3.007,10000000
192.49,3.007,10000000
192.5,3.007,10000000
192.51,3.007,10000000
192.52,3.007,10000000
192.53,2.964,10000000
192.54,3.051,10000000
192.55,3.095,10000000
192.56,3.095,10000000
192.57,3.139,10000000
192.58,3.095,10000000
192.59,3.007,10000000
192.6,3.095,10000000
192.61,3.139,10000000
192.62,3.007,10000000
192.63,3.007,10000000
192.64,3.007,10000000
192.65,2.964,10000000
192.66,3.139,10000000
192.67,2.92,10000000
192.68,2.92,10000000
192.69,3.007,10000000
192.7,3.007,10000000
192.71,3.007,10000000
192.72,3.183,10000000
192.73,2.92,10000000
192.74,2.92,10000000
192.75,3.139,10000000
192.76,3.227,10000000
192.77,3.183,10000000
192.78,3.007,10000000
192.79,3.227,10000000
192.8,2.92,10000000
192.81,3.007,10000000
192.82,3.051,10000000
192.83,2.92,10000000
192.84,3.095,10000000
192.85,2.832,10000000
192.86,3.007,10000000
192.87,3.139,10000000
192.88,3.139,10000000
192.89,2.964,10000000
192.9,3.139,10000000
192.91,3.051,10000000
192.92,3.139,10000000
192.93,3.095,10000000
192.94,3.095,10000000
192.95,2.744,10000000
192.96,3.051,10000000
192.97,3.227,10000000
192.98,3.095,10000000
192.99,3.183,10000000
193,3.095,10000000
193.01,3.007,10000000
193.02,3.007,10000000
193.03,2.964,10000000
193.04,3.007,10000000
193.05,2.92,10000000
193.06,3.007,10000000
193.07,2.964,10000000
193.08,3.051,10000000
193.09,3.007,10000000
193.1,2.92,10000000
193.11,2.964,10000000
193.12,3.051,10000000
193.13,2.876,10000000
193.14,3.095,10000000
193.15,2.876,10000000
193.16,3.095,10000000
193.17,3.139,10000000
193.18,3.183,10000000
193.19,3.227,10000000
193.2,3.095,10000000
193.21,3.095,10000000
193.22,2.92,10000000
193.23,3.007,10000000
193.24,3.051,10000000
193.25,3.051,10000000
193.26,3.095,10000000
193.27,2.964,10000000
193.28,3.139,10000000
193.29,3.007,10000000
193.3,3.007,10000000
193.31,2.876,10000000
193.32,2.964,10000000
193.33,3.095,10000000
193.34,3.007,10000000
193.35,2.964,10000000
193.36,3.095,10000000
193.37,3.007,10000000
193.38,2.92,10000000
193.39,3.051,10000000
193.4,3.007,10000000
193.41,3.095,10000000
193.42,3.139,10000000
193.43,3.007,10000000
193.44,2.92,10000000
193.45,3.051,10000000
193.46,2.92,10000000
193.47,2.964,10000000
193.48,3.051,10000000
193.49,3.051,10000000
193.5,3.007,10000000
193.51,3.139,10000000
193.52,3.007,10000000
193.53,3.051,10000000
193.54,2.964,10000000
193.55,2.964,10000000
193.56,3.007,10000000
193.57,3.007,10000000
193.58,3.051,10000000
193.59,3.051,10000000
193.6,2.964,10000000
193.61,3.051,10000000
193.62,2.964,10000000
193.63,3.095,10000000
193.64,3.051,10000000
193.65,3.051,10000000
193.66,2.964,10000000
193.67,3.051,10000000
193.68,3.095,10000000
193.69,3.051,10000000
193.7,2.964,10000000
193.71,3.095,10000000
193.72,3.051,10000000
193.73,3.095,10000000
193.74,3.051,10000000
193.75,3.139,10000000
193.76,3.183,10000000
193.77,3.007,10000000
193.78,2.964,10000000
193.79,3.007,10000000
193.8,3.051,10000000
193.81,2.92,10000000
193.82,2.92,10000000
193.83,2.964,10000000
193.84,3.051,10000000
193.85,3.095,10000000
193.86,2.964,10000000
193.87,3.095,10000000
193.88,3.095,10000000
193.89,2.832,10000000
193.9,2.92,10000000
193.91,3.139,10000000
193.92,2.92,10000000
193.93,3.183,10000000
193.94,3.007,10000000
193.95,3.051,10000000
193.96,3.007,10000000
193.97,3.007,10000000
193.98,3.007,10000000
193.99,2.964,10000000
194,2.92,10000000
194.01,2.964,10000000
194.02,2.92,10000000
194.03,3.139,10000000
194.04,3.139,10000000
194.05,3.095,10000000
194.06,3.183,10000000
194.07,3.095,10000000
194.08,2.964,10000000
194.09,3.183,10000000
194.1,3.051,10000000
194.11,3.139,10000000
194.12,3.007,10000000
194.13,3.139,10000000
194.14,3.095,10000000
194.15,3.007,10000000
194.16,2.92,10000000
194.17,3.007,10000000
194.18,2.964,10000000
194.19,2.964,10000000
194.2,2.964,10000000
194.21,2.964,10000000
194.22,3.051,10000000
194.23,3.007,10000000
194.24,2.92,10000000
194.25,3.007,10000000
194.26,2.964,10000000
194.27,2.92,10000000
194.28,2.964,10000000
194.29,2.964,10000000
194.3,3.227,10000000
194.31,3.051,10000000
194.32,3.007,10000000
194.33,2.92,10000000
194.34,3.183,10000000
194.35,3.139,10000000
194.36,3.095,10000000
194.37,3.051,10000000
194.38,3.051,10000000
194.39,3.007,10000000
194.4,2.964,10000000
194.41,2.832,10000000
194.42,2.92,10000000
194.43,2.92,10000000
194.44,2.92,10000000
194.45,2.92,10000000
194.46,2.876,10000000
194.47,3.007,10000000
194.48,3.139,10000000
194.49,2.964,10000000
194.5,2.92,10000000
194.51,3.051,10000000
194.52,3.095,10000000
194.53,2.832,10000000
194.54,3.007,10000000
194.55,3.007,10000000
194.56,3.095,10000000
194.57,3.095,10000000
194.58,3.007,10000000
194.59,2.964,10000000
194.6,2.964,10000000
194.61,2.964,10000000
194.62,3.007,10000000
194.63,3.139,10000000
194.64,3.139,10000000
194.65,3.183,10000000
194.66,3.139,10000000
194.67,3.095,10000000
194.68,3.095,10000000
194.69,3.051,10000000
194.7,3.007,10000000
194.71,3.007,10000000
194.72,3.051,10000000
194.73,3.139,10000000
194.74,3.095,10000000
194.75,3.139,10000000
194.76,3.095,10000000
194.77,2.92,10000000
194.78,3.051,10000000
194.79,3.095,10000000
194.8,3.051,10000000
194.81,2.876,10000000
194.82,3.051,10000000
194.83,3.139,10000000
194.84,2.92,10000000
194.85,2.964,10000000
194.86,3.095,10000000
194.87,3.095,10000000
194.88,3.227,10000000
194.89,3.007,10000000
194.9,3.139,10000000
194.91,3.051,10000000
194.92,3.051,10000000
194.93,2.92,10000000
194.94,2.964,10000000
194.95,2.92,10000000
194.96,3.095,10000000
194.97,3.051,10000000
194.98,3.007,10000000
194.99,3.051,10000000
195,3.095,10000000
195.01,3.139,10000000
195.02,3.007,10000000
195.03,3.095,10000000
195.04,3.095,10000000
195.05,3.183,10000000
195.06,3.227,10000000
195.07,2.92,10000000
195.08,3.183,10000000
195.09,3.095,10000000
195.1,2.92,10000000
195.11,2.964,10000000
195.12,2.92,10000000
195.13,3.183,10000000
195.14,3.007,10000000
195.15,3.095,10000000
195.16,3.051,10000000
195.17,3.051,10000000
195.18,2.92,10000000
195.19,3.139,10000000
195.2,2.92,10000000
195.21,2.92,10000000
195.22,2.92,10000000
195.23,3.139,10000000
195.24,3.095,10000000
195.25,3.095,10000000
195.26,3.051,10000000
195.27,3.095,10000000
195.28,2.92,10000000
195.29,2.92,10000000
195.3,3.051,10000000
195.31,3.139,10000000
195.32,3.095,10000000
195.33,3.051,10000000
195.34,3.139,10000000
195.35,3.051,10000000
195.36,3.095,10000000
195.37,3.007,10000000
195.38,3.095,10000000
195.39,2.964,10000000
195.4,3.051,10000000
195.41,3.007,10000000
195.42,3.227,10000000
195.43,3.051,10000000
195.44,3.095,10000000
195.45,2.92,10000000
195.46,2.964,10000000
195.47,3.007,10000000
195.48,2.964,10000000
195.49,3.051,10000000
195.5,3.095,10000000
195.51,2.92,10000000
195.52,2.92,10000000
195.53,3.007,10000000
195.54,3.095,10000000
195.55,3.051,10000000
195.56,3.139,10000000
195.57,3.051,10000000
195.58,3.095,10000000
195.59,3.051,10000000
195.6,3.095,10000000
195.61,3.007,10000000
195.62,3.051,10000000
195.63,3.051,10000000
195.64,3.007,10000000
195.65,2.964,10000000
195.66,2.964,10000000
195.67,3.051,10000000
195.68,3.095,10000000
195.69,3.051,10000000
195.7,3.139,10000000
195.71,3.007,10000000
195.72,3.139,10000000
195.73,3.139,10000000
195.74,3.139,10000000
195.75,3.139,10000000
195.76,3.007,10000000
195.77,3.051,10000000
195.78,3.095,10000000
195.79,3.007,10000000
195.8,3.051,10000000
195.81,3.007,10000000
195.82,3.051,10000000
195.83,2.964,10000000
195.84,2.92,10000000
195.85,3.095,10000000
195.86,3.139,10000000
195.87,3.007,10000000
195.88,3.007,10000000
195.89,3.139,10000000
195.9,3.095,10000000
195.91,3.315,10000000
195.92,2.964,10000000
195.93,3.007,10000000
195.94,2.964,10000000
195.95,3.095,10000000
195.96,2.964,10000000
195.97,3.051,10000000
195.98,2.744,10000000
195.99,2.92,10000000
196,2.92,10000000
196.01,2.92,10000000
196.02,2.832,10000000
196.03,2.92,10000000
196.04,2.876,10000000
196.05,3.051,10000000
196.06,3.007,10000000
196.07,3.095,10000000
196.08,3.095,10000000
196.09,2.964,10000000
196.1,3.139,10000000
196.11,3.139,10000000
196.12,3.051,10000000
196.13,3.051,10000000
196.14,3.051,10000000
196.15,3.007,10000000
196.16,3.007,10000000
196.17,3.095,10000000
196.18,3.051,10000000
196.19,3.007,10000000
196.2,3.051,10000000
196.21,3.095,10000000
196.22,3.051,10000000
196.23,3.007,10000000
196.24,3.007,10000000
196.25,3.095,10000000
196.26,2.876,10000000
196.27,3.139,10000000
196.28,3.227,10000000
196.29,3.183,10000000
196.3,3.007,10000000
196.31,3.007,10000000
196.32,3.095,10000000
196.33,3.095,10000000
196.34,3.051,10000000
196.35,3.007,10000000
196.36,3.095,10000000
196.37,3.183,10000000
196.38,3.051,10000000
196.39,3.007,10000000
196.4,3.051,10000000
196.41,3.051,10000000
196.42,3.095,10000000
196.43,3.007,10000000
196.44,3.095,10000000
196.45,3.183,10000000
196.46,3.183,10000000
196.47,3.095,10000000
196.48,3.139,10000000
196.49,3.139,10000000
196.5,2.964,10000000
196.51,3.051,10000000
196.52,2.964,10000000
196.53,3.007,10000000
196.54,2.964,10000000
196.55,3.139,10000000
196.56,3.139,10000000
196.57,3.007,10000000
196.58,3.007,10000000
196.59,3.095,10000000
196.6,3.051,10000000
196.61,3.095,10000000
196.62,2.92,10000000
196.63,2.964,10000000
196.64,3.051,10000000
196.65,3.139,10000000
196.66,3.139,10000000
196.67,2.92,10000000
196.68,3.051,10000000
196.69,3.051,10000000
196.7,3.051,10000000
196.71,3.095,10000000
196.72,3.095,10000000
196.73,3.051,10000000
196.74,3.095,10000000
196.75,3.139,10000000
196.76,3.183,10000000
196.77,2.92,10000000
196.78,2.92,10000000
196.79,3.007,10000000
196.8,3.051,10000000
196.81,2.92,10000000
196.82,3.051,10000000
196.83,2.964,10000000
196.84,3.051,10000000
196.85,3.051,10000000
196.86,3.139,10000000
196.87,3.095,10000000
196.88,2.964,10000000
196.89,3.051,10000000
196.9,3.051,10000000
196.91,3.095,10000000
196.92,3.271,10000000
196.93,3.007,10000000
196.94,2.964,10000000
196.95,2.964,10000000
196.96,3.007,10000000
196.97,3.051,10000000
196.98,3.051,10000000
196.99,3.051,10000000
197,3.183,10000000
197.01,3.139,10000000
197.02,2.92,10000000
197.03,3.227,10000000
197.04,3.051,10000000
197.05,3.139,10000000
197.06,3.051,10000000
197.07,3.139,10000000
197.08,3.051,10000000
197.09,3.007,10000000
197.1,3.139,10000000
197.11,2.92,10000000
197.12,3.007,10000000
197.13,3.095,10000000
197.14,2.92,10000000
197.15,3.007,10000000
197.16,2.964,10000000
197.17,3.007,10000000
197.18,3.007,10000000
197.19,2.964,10000000
197.2,3.007,10000000
197.21,3.139,10000000
197.22,3.051,10000000
197.23,2.964,10000000
197.24,3.051,10000000
197.25,3.095,10000000
197.26,3.051,10000000
197.27,3.139,10000000
197.28,3.051,10000000
197.29,3.051,10000000
197.3,3.007,10000000
197.31,3.007,10000000
197.32,2.964,10000000
197.33,2.92,10000000
197.34,3.007,10000000
197.35,3.139,10000000
197.36,3.095,10000000
197.37,3.183,10000000
197.38,2.964,10000000
197.39,3.007,10000000
197.4,2.876,10000000
197.41,3.007,10000000
197.42,3.007,10000000
197.43,3.007,10000000
197.44,2.964,10000000
197.45,3.051,10000000
197.46,3.139,10000000
197.47,3.051,10000000
197.48,3.095,10000000
197.49,3.051,10000000
197.5,3.007,10000000
197.51,3.095,10000000
197.52,3.183,10000000
197.53,3.051,10000000
197.54,3.139,10000000
197.55,3.095,10000000
197.56,3.051,10000000
197.57,3.051,10000000
197.58,3.007,10000000
197.59,3.051,10000000
197.6,3.051,10000000
197.61,3.095,10000000
197.62,3.051,10000000
197.63,3.095,10000000
197.64,3.183,10000000
197.65,3.139,10000000
197.66,3.183,10000000
197.67,3.095,10000000
197.68,3.139,10000000
197.69,3.007,10000000
197.7,3.051,10000000
197.71,3.007,10000000
197.72,2.92,10000000
197.73,2.964,10000000
197.74,3.007,10000000
197.75,3.051,10000000
197.76,2.92,10000000
197.77,3.139,10000000
197.78,2.876,10000000
197.79,2.876,10000000
197.8,2.92,10000000
197.81,3.007,10000000
197.82,2.92,10000000
197.83,2.964,10000000
197.84,2.92,10000000
197.85,3.139,10000000
197.86,2.92,10000000
197.87,2.876,10000000
197.88,2.92,10000000
197.89,3.007,10000000
197.9,3.095,10000000
197.91,3.095,10000000
197.92,3.139,10000000
197.93,3.051,10000000
197.94,3.095,10000000
197.95,3.139,10000000
197.96,3.139,10000000
197.97,3.095,10000000
197.98,3.095,10000000
197.99,3.095,10000000
198,2.964,10000000
198.01,3.095,10000000
198.02,3.139,10000000
198.03,3.095,10000000
198.04,3.007,10000000
198.05,3.007,10000000
198.06,3.007,10000000
198.07,3.095,10000000
198.08,3.139,10000000
198.09,3.095,10000000
198.1,2.964,10000000
198.11,3.051,10000000
198.12,3.007,10000000
198.13,2.876,10000000
198.14,3.007,10000000
198.15,3.007,10000000
198.16,2.92,10000000
198.17,2.964,10000000
198.18,3.007,10000000
198.19,3.051,10000000
198.2,3.007,10000000
198.21,3.007,10000000
198.22,2.964,10000000
198.23,2.92,10000000
198.24,2.92,10000000
198.25,3.139,10000000
198.26,3.051,10000000
198.27,2.832,10000000
198.28,3.139,10000000
198.29,2.964,10000000
198.3,3.139,10000000
198.31,3.227,10000000
198.32,3.139,10000000
198.33,3.007,10000000
198.34,3.007,10000000
198.35,3.007,10000000
198.36,3.139,10000000
198.37,2.92,10000000
198.38,3.183,10000000
198.39,3.095,10000000
198.4,3.139,10000000
198.41,3.095,10000000
198.42,3.007,10000000
198.43,3.007,10000000
198.44,2.92,10000000
198.45,3.095,10000000
198.46,3.095,10000000
198.47,3.051,10000000
198.48,3.095,10000000
198.49,2.964,10000000
198.5,3.051,10000000
198.51,3.139,10000000
198.52,3.051,10000000
198.53,3.007,10000000
198.54,3.051,10000000
198.55,3.139,10000000
198.56,3.007,10000000
198.57,3.139,10000000
198.58,3.007,10000000
198.59,3.139,10000000
198.6,3.139,10000000
198.61,2.92,10000000
198.62,3.007,10000000
198.63,3.007,10000000
198.64,3.051,10000000
198.65,3.139,10000000
198.66,2.964,10000000
198.67,3.007,10000000
198.68,3.007,10000000
198.69,3.007,10000000
198.7,3.051,10000000
198.71,3.007,10000000
198.72,2.92,10000000
198.73,3.139,10000000
198.74,3.095,10000000
198.75,3.007,10000000
198.76,3.007,10000000
198.77,3.139,10000000
198.78,3.095,10000000
198.79,3.139,10000000
198.8,3.051,10000000
198.81,3.051,10000000
198.82,2.92,10000000
198.83,3.051,10000000
198.84,3.007,10000000
198.85,3.051,10000000
198.86,3.051,10000000
198.87,2.92,10000000
198.88,3.007,10000000
198.89,2.964,10000000
198.9,2.964,10000000
198.91,2.964,10000000
198.92,3.051,10000000
198.93,3.139,10000000
198.94,3.139,10000000
198.95,3.095,10000000
198.96,2.964,10000000
198.97,2.92,10000000
198.98,3.095,10000000
198.99,2.92,10000000
199,2.964,10000000
199.01,2.964,10000000
199.02,2.964,10000000
199.03,3.051,10000000
199.04,3.051,10000000
199.05,3.007,10000000
199.06,2.964,10000000
199.07,3.095,10000000
199.08,2.964,10000000
199.09,3.051,10000000
199.1,3.139,10000000
199.11,3.095,10000000
199.12,3.007,10000000
199.13,3.095,10000000
199.14,3.051,10000000
199.15,3.051,10000000
199.16,3.139,10000000
199.17,2.964,10000000
199.18,3.139,10000000
199.19,3.095,10000000
199.2,3.139,10000000
199.21,3.095,10000000
199.22,2.964,10000000
199.23,2.964,10000000
199.24,2.92,10000000
199.25,3.095,10000000
199.26,3.139,10000000
199.27,2.964,10000000
199.28,3.007,10000000
199.29,2.964,10000000
199.3,3.139,10000000
199.31,3.007,10000000
199.32,3.095,10000000
199.33,3.095,10000000
199.34,3.095,10000000
199.35,3.051,10000000
199.36,3.051,10000000
199.37,3.007,10000000
199.38,2.964,10000000
199.39,3.007,10000000
199.4,3.051,10000000
199.41,2.964,10000000
199.42,2.92,10000000
199.43,3.095,10000000
199.44,3.007,10000000
199.45,3.139,10000000
199.46,3.051,10000000
199.47,2.964,10000000
199.48,3.183,10000000
199.49,2.964,10000000
199.5,3.007,10000000
199.51,2.964,10000000
199.52,2.964,10000000
199.53,3.095,10000000
199.54,3.095,10000000
199.55,3.095,10000000
199.56,2.92,10000000
199.57,3.007,10000000
199.58,3.007,10000000
199.59,3.007,10000000
199.6,2.92,10000000
199.61,2.964,10000000
199.62,3.051,10000000
199.63,3.051,10000000
199.64,3.095,10000000
199.65,3.051,10000000
199.66,3.139,10000000
199.67,3.051,10000000
199.68,3.139,10000000
199.69,2.92,10000000
199.7,3.007,10000000
199.71,3.007,10000000
199.72,2.92,10000000
199.73,2.832,10000000
199.74,3.095,10000000
199.75,2.92,10000000
199.76,3.051,10000000
199.77,3.007,10000000
199.78,3.095,10000000
199.79,3.139,10000000
199.8,3.007,10000000
199.81,3.051,10000000
199.82,3.051,10000000
199.83,2.876,10000000
199.84,3.095,10000000
199.85,3.007,10000000
199.86,2.92,10000000
199.87,2.964,10000000
199.88,3.051,10000000
199.89,2.744,10000000
199.9,3.095,10000000
199.91,3.007,10000000
199.92,3.051,10000000
199.93,2.92,10000000
199.94,2.964,10000000
199.95,2.964,10000000
199.96,3.095,10000000
199.97,3.139,10000000
199.98,2.964,10000000
199.99,3.183,10000000
200,3.095,10000000
200.01,3.227,10000000
200.02,3.095,10000000
200.03,3.139,10000000
200.04,3.139,10000000
200.05,3.007,10000000
200.06,2.92,10000000
200.07,2.92,10000000
200.08,3.007,10000000
200.09,3.007,10000000
200.1,3.139,10000000
200.11,3.007,10000000
200.12,2.92,10000000
200.13,3.139,10000000
200.14,3.183,10000000
200.15,3.183,10000000
200.16,3.051,10000000
200.17,3.051,10000000
200.18,3.095,10000000
200.19,2.964,10000000
200.2,2.876,10000000
200.21,3.007,10000000
200.22,2.92,10000000
200.23,2.964,10000000
200.24,3.139,10000000
200.25,3.051,10000000
200.26,3.007,10000000
200.27,3.139,10000000
200.28,2.92,10000000
200.29,3.007,10000000
200.3,3.007,10000000
200.31,3.007,10000000
200.32,3.139,10000000
200.33,2.92,10000000
200.34,3.007,10000000
200.35,3.139,10000000
200.36,3.007,10000000
200.37,3.007,10000000
200.38,2.964,10000000
200.39,2.744,10000000
200.4,3.139,10000000
200.41,3.139,10000000
200.42,3.051,10000000
200.43,2.964,10000000
200.44,3.051,10000000
200.45,2.92,10000000
200.46,2.92,10000000
200.47,2.92,10000000
200.48,2.92,10000000
200.49,3.051,10000000
200.5,3.051,10000000
200.51,2.92,10000000
200.52,2.876,10000000
200.53,2.964,10000000
200.54,2.832,10000000
200.55,2.876,10000000
200.56,3.007,10000000
200.57,2.832,10000000
200.58,3.051,10000000
200.59,3.007,10000000
200.6,3.183,10000000
200.61,3.139,10000000
200.62,3.227,10000000
200.63,3.095,10000000
200.64,2.964,10000000
200.65,3.139,10000000
200.66,3.051,10000000
200.67,3.007,10000000
200.68,3.139,10000000
200.69,3.095,10000000
200.7,3.007,10000000
200.71,2.92,10000000
200.72,2.964,10000000
200.73,2.92,10000000
200.74,3.051,10000000
200.75,3.139,10000000
200.76,3.139,10000000
200.77,3.139,10000000
200.78,3.007,10000000
200.79,2.92,10000000
200.8,3.051,10000000
200.81,2.92,10000000
200.82,3.095,10000000
200.83,3.139,10000000
200.84,3.051,10000000
200.85,3.183,10000000
200.86,3.051,10000000
200.87,3.139,10000000
200.88,3.051,10000000
200.89,3.051,10000000
200.9,3.051,10000000
200.91,2.92,10000000
200.92,2.876,10000000
200.93,3.095,10000000
200.94,3.139,10000000
200.95,3.227,10000000
200.96,3.095,10000000
200.97,3.139,10000000
200.98,3.007,10000000
200.99,3.139,10000000
201,3.007,10000000
201.01,3.051,10000000
201.02,3.095,10000000
201.03,3.051,10000000
201.04,3.095,10000000
201.05,2.964,10000000
201.06,2.92,10000000
201.07,3.139,10000000
201.08,2.964,10000000
201.09,2.92,10000000
201.1,3.183,10000000
201.11,3.139,10000000
201.12,3.007,10000000
201.13,3.051,10000000
201.14,3.051,10000000
201.15,3.095,10000000
201.16,2.832,10000000
201.17,2.964,10000000
201.18,3.095,10000000
201.19,3.007,10000000
201.2,2.92,10000000
201.21,3.183,10000000
201.22,3.051,10000000
201.23,3.051,10000000
201.24,3.051,10000000
201.25,3.139,10000000
201.26,3.095,10000000
201.27,2.964,10000000
201.28,3.007,10000000
201.29,3.051,10000000
201.3,3.095,10000000
201.31,3.051,10000000
201.32,3.051,10000000
201.33,2.964,10000000
201.34,2.92,10000000
201.35,3.007,10000000
201.36,3.139,10000000
201.37,3.095,10000000
201.38,3.139,10000000
201.39,3.007,10000000
201.4,3.051,10000000
201.41,3.139,10000000
201.42,2.876,10000000
201.43,3.051,10000000
201.44,3.007,10000000
201.45,3.139,10000000
201.46,3.095,10000000
201.47,2.92,10000000
201.48,3.051,10000000
201.49,3.051,10000000
201.5,3.007,10000000
201.51,2.92,10000000
201.52,2.876,10000000
201.53,2.964,10000000
201.54,3.007,10000000
201.55,3.051,10000000
201.56,2.92,10000000
201.57,2.744,10000000
201.58,3.095,10000000
201.59,3.095,10000000
201.6,3.183,10000000
201.61,3.139,10000000
201.62,3.095,10000000
201.63,3.139,10000000
201.64,3.007,10000000
201.65,2.964,10000000
201.66,3.051,10000000
201.67,3.007,10000000
201.68,3.007,10000000
201.69,2.92,10000000
201.7,2.92,10000000
201.71,2.92,10000000
201.72,3.139,10000000
201.73,3.227,10000000
201.74,3.051,10000000
201.75,3.095,10000000
201.76,3.139,10000000
201.77,3.095,10000000
201.78,2.876,10000000
201.79,3.095,10000000
201.8,2.92,10000000
201.81,3.051,10000000
201.82,3.139,10000000
201.83,2.92,10000000
201.84,2.964,10000000
201.85,3.007,10000000
201.86,2.964,10000000
201.87,2.92,10000000
201.88,2.964,10000000
201.89,2.92,10000000
201.9,3.007,10000000
201.91,2.964,10000000
201.92,3.095,10000000
201.93,3.051,10000000
201.94,3.007,10000000
201.95,3.095,10000000
201.96,3.139,10000000
201.97,3.007,10000000
201.98,3.183,10000000
201.99,3.139,10000000
202,3.007,10000000
202.01,3.227,10000000
202.02,3.007,10000000
202.03,3.007,10000000
202.04,2.92,10000000
202.05,3.007,10000000
202.06,2.964,10000000
202.07,3.007,10000000
202.08,3.139,10000000
202.09,3.139,10000000
202.1,3.051,10000000
202.11,3.183,10000000
202.12,3.051,10000000
202.13,3.051,10000000
202.14,3.095,10000000
202.15,3.139,10000000
202.16,3.051,10000000
202.17,3.139,10000000
202.18,3.007,10000000
202.19,3.183,10000000
202.2,3.139,10000000
202.21,2.964,10000000
202.22,2.92,10000000
202.23,3.139,10000000
202.24,3.139,10000000
202.25,3.139,10000000
202.26,2.92,10000000
202.27,3.007,10000000
202.28,3.051,10000000
202.29,2.964,10000000
202.3,3.007,10000000
202.31,3.183,10000000
202.32,3.139,10000000
202.33,3.007,10000000
202.34,3.139,10000000
202.35,2.964,10000000
202.36,3.007,10000000
202.37,3.095,10000000
202.38,2.92,10000000
202.39,2.92,10000000
202.4,3.007,10000000
202.41,3.051,10000000
202.42,3.007,10000000
202.43,3.007,10000000
202.44,3.139,10000000
202.45,3.227,10000000
202.46,3.095,10000000
202.47,3.139,10000000
202.48,3.095,10000000
202.49,3.007,10000000
202.5,3.095,10000000
202.51,3.051,10000000
202.52,2.964,10000000
202.53,3.007,10000000
202.54,3.007,10000000
202.55,2.92,10000000
202.56,3.051,10000000
202.57,2.92,10000000
202.58,2.964,10000000
202.59,3.007,10000000
202.6,3.007,10000000
202.61,3.007,10000000
202.62,3.007,10000000
202.63,3.139,10000000
202.64,3.095,10000000
202.65,3.007,10000000
202.66,3.051,10000000
202.67,3.051,10000000
202.68,3.139,10000000
202.69,3.139,10000000
202.7,2.964,10000000
202.71,2.92,10000000
202.72,3.007,10000000
202.73,3.139,10000000
202.74,3.095,10000000
202.75,3.007,10000000
202.76,3.007,10000000
202.77,2.876,10000000
202.78,3.007,10000000
202.79,2.876,10000000
202.8,3.095,10000000
202.81,3.227,10000000
202.82,3.007,10000000
202.83,3.051,10000000
202.84,3.007,10000000
202.85,2.876,10000000
202.86,3.095,10000000
202.87,3.095,10000000
202.88,2.92,10000000
202.89,3.051,10000000
202.9,2.964,10000000
202.91,2.92,10000000
202.92,3.095,10000000
202.93,3.139,10000000
202.94,3.095,10000000
202.95,3.139,10000000
202.96,2.964,10000000
202.97,2.92,10000000
202.98,3.007,10000000
202.99,3.007,10000000
203,3.095,10000000
203.01,3.007,10000000
203.02,3.051,10000000
203.03,3.051,10000000
203.04,3.051,10000000
203.05,3.051,10000000
203.06,2.876,10000000
203.07,2.92,10000000
203.08,3.007,10000000
203.09,3.007,10000000
203.1,3.271,10000000
203.11,3.007,10000000
203.12,3.051,10000000
203.13,3.007,10000000
203.14,3.051,10000000
203.15,3.183,10000000
203.16,3.139,10000000
203.17,2.964,10000000
203.18,3.095,10000000
203.19,3.051,10000000
203.2,2.92,10000000
203.21,3.051,10000000
203.22,3.007,10000000
203.23,2.964,10000000
203.24,3.095,10000000
203.25,3.139,10000000
203.26,3.095,10000000
203.27,3.051,10000000
203.28,3.139,10000000
203.29,3.007,10000000
203.3,3.007,10000000
203.31,3.139,10000000
203.32,3.139,10000000
203.33,3.139,10000000
203.34,3.051,10000000
203.35,3.007,10000000
203.36,2.876,10000000
203.37,3.051,10000000
203.38,2.92,10000000
203.39,2.92,10000000
203.4,3.051,10000000
203.41,3.095,10000000
203.42,3.007,10000000
203.43,3.095,10000000
203.44,2.964,10000000
203.45,3.007,10000000
203.46,3.095,10000000
203.47,3.095,10000000
203.48,3.051,10000000
203.49,2.964,10000000
203.5,2.92,10000000
203.51,2.832,10000000
203.52,3.051,10000000
203.53,3.007,10000000
203.54,2.92,10000000
203.55,3.007,10000000
203.56,2.964,10000000
203.57,2.964,10000000
203.58,3.007,10000000
203.59,2.92,10000000
203.6,3.095,10000000
203.61,3.227,10000000
203.62,3.139,10000000
203.63,2.964,10000000
203.64,2.964,10000000
203.65,2.92,10000000
203.66,2.964,10000000
203.67,2.92,10000000
203.68,3.095,10000000
203.69,3.007,10000000
203.7,2.92,10000000
203.71,3.051,10000000
203.72,3.007,10000000
203.73,3.183,10000000
203.74,3.095,10000000
203.75,3.139,10000000
203.76,3.139,10000000
203.77,2.964,10000000
203.78,2.964,10000000
203.79,3.051,10000000
203.8,2.876,10000000
203.81,2.964,10000000
203.82,3.007,10000000
203.83,3.139,10000000
203.84,3.095,10000000
203.85,3.139,10000000
203.86,2.92,10000000
203.87,3.007,10000000
203.88,3.007,10000000
203.89,2.92,10000000
203.9,3.007,10000000
203.91,2.92,10000000
203.92,3.051,10000000
203.93,2.92,10000000
203.94,2.788,10000000
203.95,3.139,10000000
203.96,3.051,10000000
203.97,2.964,10000000
203.98,3.007,10000000
203.99,3.095,10000000
204,3.139,10000000
204.01,3.051,10000000
204.02,3.095,10000000
204.03,3.051,10000000
204.04,3.095,10000000
204.05,3.051,10000000
204.06,3.095,10000000
204.07,2.964,10000000
204.08,3.051,10000000
204.09,3.095,10000000
204.1,3.051,10000000
204.11,3.095,10000000
204.12,3.007,10000000
204.13,3.007,10000000
204.14,2.92,10000000
204.15,2.92,10000000
204.16,2.964,10000000
204.17,2.876,10000000
204.18,2.964,10000000
204.19,2.964,10000000
204.2,2.964,10000000
204.21,3.095,10000000
204.22,3.007,10000000
204.23,2.92,10000000
204.24,2.964,10000000
204.25,2.964,10000000
204.26,3.051,10000000
204.27,3.051,10000000
204.28,3.007,10000000
204.29,2.92,10000000
204.3,3.051,10000000
204.31,2.964,10000000
204.32,3.051,10000000
204.33,3.051,10000000
204.34,3.227,10000000
204.35,3.007,10000000
204.36,2.92,10000000
204.37,2.964,10000000
204.38,2.876,10000000
204.39,3.051,10000000
204.4,3.139,10000000
204.41,3.095,10000000
204.42,3.051,10000000
204.43,3.139,10000000
204.44,3.183,10000000
204.45,3.139,10000000
204.46,3.139,10000000
204.47,3.139,10000000
204.48,3.095,10000000
204.49,3.095,10000000
204.5,3.095,10000000
204.51,3.183,10000000
204.52,3.007,10000000
204.53,3.051,10000000
204.54,3.051,10000000
204.55,3.007,10000000
204.56,2.964,10000000
204.57,2.92,10000000
204.58,3.095,10000000
204.59,3.095,10000000
204.6,3.051,10000000
204.61,3.095,10000000
204.62,3.007,10000000
204.63,3.051,10000000
204.64,3.139,10000000
204.65,2.92,10000000
204.66,2.964,10000000
204.67,2.964,10000000
204.68,3.095,10000000
204.69,3.139,10000000
204.7,3.051,10000000
204.71,3.007,10000000
204.72,3.139,10000000
204.73,3.139,10000000
204.74,3.139,10000000
204.75,3.139,10000000
204.76,2.964,10000000
204.77,3.007,10000000
204.78,3.007,10000000
204.79,3.007,10000000
204.8,3.139,10000000
204.81,3.051,10000000
204.82,3.007,10000000
204.83,2.744,10000000
204.84,2.92,10000000
204.85,2.964,10000000
204.86,3.051,10000000
204.87,2.92,10000000
204.88,3.051,10000000
204.89,2.92,10000000
204.9,3.007,10000000
204.91,2.964,10000000
204.92,3.051,10000000
204.93,3.007,10000000
204.94,3.139,10000000
204.95,3.227,10000000
204.96,3.139,10000000
204.97,3.271,10000000
204.98,3.095,10000000
204.99,3.227,10000000
205,3.227,10000000
205.01,3.183,10000000
205.02,2.92,10000000
205.03,3.095,10000000
205.04,3.007,10000000
205.05,2.964,10000000
205.06,3.139,10000000
205.07,2.876,10000000
205.08,2.876,10000000
205.09,2.964,10000000
205.1,2.964,10000000
205.11,3.007,10000000
205.12,3.051,10000000
205.13,2.92,10000000
205.14,3.139,10000000
205.15,3.139,10000000
205.16,2.92,10000000
205.17,3.051,10000000
205.18,3.051,10000000
205.19,3.007,10000000
205.2,3.051,10000000
205.21,2.964,10000000
205.22,3.051,10000000
205.23,3.051,10000000
205.24,3.139,10000000
205.25,3.095,10000000
205.26,3.139,10000000
205.27,2.92,10000000
205.28,3.051,10000000
205.29,2.964,10000000
205.3,3.051,10000000
205.31,2.964,10000000
205.32,3.007,10000000
205.33,3.095,10000000
205.34,2.832,10000000
205.35,3.007,10000000
205.36,2.964,10000000
205.37,2.92,10000000
205.38,2.964,10000000
205.39,3.095,10000000
205.4,3.007,10000000
205.41,2.964,10000000
205.42,3.183,10000000
205.43,3.051,10000000
205.44,2.964,10000000
205.45,3.051,10000000
205.46,3.051,10000000
205.47,3.007,10000000
205.48,3.007,10000000
205.49,2.964,10000000
205.5,3.051,10000000
205.51,2.876,10000000
205.52,3.095,10000000
205.53,3.183,10000000
205.54,3.139,10000000
205.55,3.139,10000000
205.56,3.095,10000000
205.57,3.051,10000000
205.58,3.051,10000000
205.59,3.051,10000000
205.6,3.051,10000000
205.61,3.095,10000000
205.62,3.095,10000000
205.63,2.964,10000000
205.64,3.095,10000000
205.65,2.964,10000000
205.66,3.051,10000000
205.67,3.051,10000000
205.68,2.964,10000000
205.69,3.007,10000000
205.7,3.139,10000000
205.71,2.964,10000000
205.72,3.051,10000000
205.73,2.964,10000000
205.74,2.964,10000000
205.75,3.007,10000000
205.76,3.007,10000000
205.77,3.051,10000000
205.78,3.139,10000000
205.79,3.139,10000000
205.8,3.051,10000000
205.81,3.095,10000000
205.82,3.007,10000000
205.83,2.964,10000000
205.84,3.007,10000000
205.85,3.051,10000000
205.86,3.051,10000000
205.87,3.051,10000000
205.88,3.095,10000000
205.89,3.139,10000000
205.9,3.095,10000000
205.91,3.095,10000000
205.92,3.095,10000000
205.93,3.095,10000000
205.94,3.051,10000000
205.95,3.095,10000000
205.96,3.139,10000000
205.97,3.139,10000000
205.98,3.051,10000000
205.99,3.183,10000000
206,3.051,10000000
206.01,2.964,10000000
206.02,3.095,10000000
206.03,3.183,10000000
206.04,3.007,10000000
206.05,3.095,10000000
206.06,3.095,10000000
206.07,3.139,10000000
206.08,3.051,10000000
206.09,2.92,10000000
206.1,3.051,10000000
206.11,3.051,10000000
206.12,3.007,10000000
206.13,3.051,10000000
206.14,2.964,10000000
206.15,3.007,10000000
206.16,3.095,10000000
206.17,3.007,10000000
206.18,3.007,10000000
206.19,2.92,10000000
206.2,2.92,10000000
206.21,2.92,10000000
206.22,3.007,10000000
206.23,3.139,10000000
206.24,3.051,10000000
206.25,2.92,10000000
206.26,3.139,10000000
206.27,3.139,10000000
206.28,3.051,10000000
206.29,2.92,10000000
206.3,3.051,10000000
206.31,2.876,10000000
206.32,2.876,10000000
206.33,2.876,10000000
206.34,3.139,10000000
206.35,2.876,10000000
206.36,3.051,10000000
206.37,3.095,10000000
206.38,3.051,10000000
206.39,2.92,10000000
206.4,3.183,10000000
206.41,2.964,10000000
206.42,3.183,10000000
206.43,3.139,10000000
206.44,3.007,10000000
206.45,3.007,10000000
206.46,3.139,10000000
206.47,3.051,10000000
206.48,2.964,10000000
206.49,3.051,10000000
206.5,3.007,10000000
206.51,3.095,10000000
206.52,3.051,10000000
206.53,3.095,10000000
206.54,3.139,10000000
206.55,2.964,10000000
206.56,3.051,10000000
206.57,2.876,10000000
206.58,3.139,10000000
206.59,3.007,10000000
206.6,3.051,10000000
206.61,3.095,10000000
206.62,3.139,10000000
206.63,3.183,10000000
206.64,2.92,10000000
206.65,3.139,10000000
206.66,2.964,10000000
206.67,3.051,10000000
206.68,3.007,10000000
206.69,3.007,10000000
206.7,2.92,10000000
206.71,2.92,10000000
206.72,2.964,10000000
206.73,3.183,10000000
206.74,3.095,10000000
206.75,3.139,10000000
206.76,3.139,10000000
206.77,3.139,10000000
206.78,2.964,10000000
206.79,3.095,10000000
206.8,3.183,10000000
206.81,3.315,10000000
206.82,3.139,10000000
206.83,3.051,10000000
206.84,3.051,10000000
206.85,2.876,10000000
206.86,2.92,10000000
206.87,3.095,10000000
206.88,3.007,10000000
206.89,2.964,10000000
206.9,3.007,10000000
206.91,3.007,10000000
206.92,3.007,10000000
206.93,3.183,10000000
206.94,3.227,10000000
206.95,2.964,10000000
206.96,2.92,10000000
206.97,2.92,10000000
206.98,3.007,10000000
206.99,3.051,10000000
207,3.095,10000000
207.01,2.92,10000000
207.02,3.095,10000000
207.03,3.183,10000000
207.04,3.139,10000000
207.05,2.92,10000000
207.06,3.139,10000000
207.07,3.051,10000000
207.08,3.007,10000000
207.09,2.92,10000000
207.1,3.051,10000000
207.11,2.964,10000000
207.12,2.876,10000000
207.13,2.964,10000000
207.14,3.007,10000000
207.15,3.227,10000000
207.16,2.92,10000000
207.17,2.964,10000000
207.18,3.007,10000000
207.19,3.139,10000000
207.2,3.139,10000000
207.21,3.139,10000000
207.22,3.051,10000000
207.23,3.007,10000000
207.24,2.92,10000000
207.25,2.964,10000000
207.26,3.139,10000000
207.27,3.007,10000000
207.28,3.007,10000000
207.29,2.92,10000000
207.3,3.051,10000000
207.31,3.315,10000000
207.32,3.095,10000000
207.33,2.92,10000000
207.34,3.183,10000000
207.35,3.051,10000000
207.36,2.964,10000000
207.37,3.051,10000000
207.38,3.095,10000000
207.39,3.007,10000000
207.4,2.92,10000000
207.41,3.051,10000000
207.42,3.095,10000000
207.43,3.007,10000000
207.44,2.964,10000000
207.45,3.139,10000000
207.46,2.92,10000000
207.47,3.095,10000000
207.48,3.095,10000000
207.49,3.139,10000000
207.5,3.095,10000000
207.51,2.92,10000000
207.52,3.095,10000000
207.53,3.007,10000000
207.54,3.139,10000000
207.55,3.139,10000000
207.56,2.964,10000000
207.57,3.051,10000000
207.58,3.007,10000000
207.59,2.964,10000000
207.6,3.139,10000000
207.61,3.007,10000000
207.62,2.964,10000000
207.63,3.095,10000000
207.64,3.095,10000000
207.65,3.007,10000000
207.66,3.095,10000000
207.67,3.007,10000000
207.68,3.139,10000000
207.69,3.051,10000000
207.7,3.007,10000000
207.71,2.832,10000000
207.72,3.095,10000000
207.73,3.051,10000000
207.74,3.095,10000000
207.75,2.92,10000000
207.76,3.095,10000000
207.77,2.964,10000000
207.78,2.876,10000000
207.79,3.007,10000000
207.8,3.095,10000000
207.81,3.007,10000000
207.82,3.051,10000000
207.83,3.183,10000000
207.84,3.139,10000000
207.85,2.964,10000000
207.86,3.051,10000000
207.87,2.92,10000000
207.88,2.964,10000000
207.89,2.832,10000000
207.9,2.876,10000000
207.91,3.007,10000000
207.92,3.007,10000000
207.93,3.183,10000000
207.94,3.139,10000000
207.95,3.315,10000000
207.96,3.315,10000000
207.97,2.92,10000000
207.98,2.964,10000000
207.99,2.964,10000000
208,3.007,10000000
208.01,3.139,10000000
208.02,2.964,10000000
208.03,3.007,10000000
208.04,3.051,10000000
208.05,3.095,10000000
208.06,3.139,10000000
208.07,3.051,10000000
208.08,3.007,10000000
208.09,3.007,10000000
208.1,3.095,10000000
208.11,3.315,10000000
208.12,3.007,10000000
208.13,2.92,10000000
208.14,3.095,10000000
208.15,3.051,10000000
208.16,3.007,10000000
208.17,3.139,10000000
208.18,3.139,10000000
208.19,3.007,10000000
208.2,3.007,10000000
208.21,3.007,10000000
208.22,3.051,10000000
208.23,3.183,10000000
208.24,3.315,10000000
208.25,3.271,10000000
208.26,3.227,10000000
208.27,3.095,10000000
208.28,2.964,10000000
208.29,3.139,10000000
208.3,3.315,10000000
208.31,3.095,10000000
208.32,2.964,10000000
208.33,3.139,10000000
208.34,3.007,10000000
208.35,3.139,10000000
208.36,3.095,10000000
208.37,2.964,10000000
208.38,3.007,10000000
208.39,3.139,10000000
208.4,2.964,10000000
208.41,3.051,10000000
208.42,3.139,10000000
208.43,3.007,10000000
208.44,3.007,10000000
208.45,3.007,10000000
208.46,3.139,10000000
208.47,2.964,10000000
208.48,2.964,10000000
208.49,3.007,10000000
208.5,3.183,10000000
208.51,3.007,10000000
208.52,3.139,10000000
208.53,3.051,10000000
208.54,3.051,10000000
208.55,2.92,10000000
208.56,3.007,10000000
208.57,2.964,10000000
208.58,3.095,10000000
208.59,3.007,10000000
208.6,3.007,10000000
208.61,2.92,10000000
208.62,3.095,10000000
208.63,3.051,10000000
208.64,2.92,10000000
208.65,3.183,10000000
208.66,3.095,10000000
208.67,3.095,10000000
208.68,3.051,10000000
208.69,3.183,10000000
208.7,3.095,10000000
208.71,3.007,10000000
208.72,3.315,10000000
208.73,3.095,10000000
208.74,3.007,10000000
208.75,2.92,10000000
208.76,3.051,10000000
208.77,3.139,10000000
208.78,3.007,10000000
208.79,2.964,10000000
208.8,2.92,10000000
208.81,3.139,10000000
208.82,3.139,10000000
208.83,3.007,10000000
208.84,3.051,10000000
208.85,3.051,10000000
208.86,3.007,10000000
208.87,3.051,10000000
208.88,3.095,10000000
208.89,2.92,10000000
208.9,3.095,10000000
208.91,3.007,10000000
208.92,2.964,10000000
208.93,3.139,10000000
208.94,3.051,10000000
208.95,3.227,10000000
208.96,3.051,10000000
208.97,2.964,10000000
208.98,3.007,10000000
208.99,3.007,10000000
209,2.92,10000000
209.01,3.095,10000000
209.02,3.007,10000000
209.03,3.051,10000000
209.04,3.183,10000000
209.05,2.92,10000000
209.06,3.007,10000000
209.07,3.095,10000000
209.08,3.095,10000000
209.09,3.007,10000000
209.1,3.095,10000000
209.11,3.051,10000000
209.12,3.051,10000000
209.13,3.051,10000000
209.14,3.095,10000000
209.15,3.095,10000000
209.16,3.051,10000000
209.17,2.92,10000000
209.18,2.92,10000000
209.19,3.007,10000000
209.2,3.139,10000000
209.21,3.139,10000000
209.22,3.007,10000000
209.23,3.051,10000000
209.24,3.183,10000000
209.25,3.315,10000000
209.26,3.315,10000000
209.27,3.227,10000000
209.28,3.227,10000000
209.29,2.964,10000000
209.3,3.007,10000000
209.31,3.139,10000000
209.32,3.007,10000000
209.33,3.051,10000000
209.34,3.051,10000000
209.35,2.964,10000000
209.36,3.051,10000000
209.37,3.095,10000000
209.38,3.139,10000000
209.39,3.007,10000000
209.4,3.139,10000000
209.41,3.139,10000000
209.42,3.051,10000000
209.43,2.964,10000000
209.44,3.183,10000000
209.45,2.964,10000000
209.46,2.92,10000000
209.47,3.007,10000000
209.48,3.139,10000000
209.49,3.095,10000000
209.5,3.227,10000000
209.51,3.095,10000000
209.52,3.051,10000000
209.53,3.183,10000000
209.54,3.095,10000000
209.55,2.92,10000000
209.56,2.92,10000000
209.57,3.139,10000000
209.58,3.183,10000000
209.59,3.051,10000000
209.6,3.051,10000000
209.61,3.051,10000000
209.62,2.964,10000000
209.63,2.964,10000000
209.64,2.92,10000000
209.65,3.007,10000000
209.66,3.095,10000000
209.67,2.92,10000000
209.68,2.964,10000000
209.69,2.964,10000000
209.7,2.92,10000000
209.71,3.007,10000000
209.72,2.92,10000000
209.73,3.095,10000000
209.74,3.139,10000000
209.75,3.139,10000000
209.76,2.92,10000000
209.77,3.183,10000000
209.78,3.051,10000000
209.79,2.964,10000000
209.8,3.051,10000000
209.81,3.051,10000000
209.82,2.92,10000000
209.83,3.139,10000000
209.84,3.139,10000000
209.85,3.007,10000000
209.86,3.007,10000000
209.87,3.007,10000000
209.88,3.051,10000000
209.89,3.051,10000000
209.9,3.007,10000000
209.91,3.051,10000000
209.92,2.92,10000000
209.93,2.92,10000000
209.94,2.964,10000000
209.95,2.964,10000000
209.96,3.007,10000000
209.97,3.007,10000000
209.98,2.92,10000000
209.99,2.964,10000000
210,2.92,10000000
210.01,3.051,10000000
210.02,2.964,10000000
210.03,3.051,10000000
210.04,3.139,10000000
210.05,3.139,10000000
210.06,3.051,10000000
210.07,3.183,10000000
210.08,3.227,10000000
210.09,3.051,10000000
210.1,3.095,10000000
210.11,3.007,10000000
210.12,3.007,10000000
210.13,3.051,10000000
210.14,3.139,10000000
210.15,3.183,10000000
210.16,3.095,10000000
210.17,3.095,10000000
210.18,3.007,10000000
210.19,3.095,10000000
210.2,3.095,10000000
210.21,3.095,10000000
210.22,3.007,10000000
210.23,3.139,10000000
210.24,3.051,10000000
210.25,2.964,10000000
210.26,2.876,10000000
210.27,2.92,10000000
210.28,3.051,10000000
210.29,2.92,10000000
210.3,3.007,10000000
210.31,2.92,10000000
210.32,3.007,10000000
210.33,3.095,10000000
210.34,3.095,10000000
210.35,3.139,10000000
210.36,3.007,10000000
210.37,3.007,10000000
210.38,3.051,10000000
210.39,3.095,10000000
210.4,3.139,10000000
210.41,3.139,10000000
210.42,3.095,10000000
210.43,2.964,10000000
210.44,3.139,10000000
210.45,2.964,10000000
210.46,3.007,10000000
210.47,3.007,10000000
210.48,3.051,10000000
210.49,3.007,10000000
210.5,3.007,10000000
210.51,3.007,10000000
210.52,2.964,10000000
210.53,3.007,10000000
210.54,3.007,10000000
210.55,3.051,10000000
210.56,2.964,10000000
210.57,2.964,10000000
210.58,2.964,10000000
210.59,3.315,10000000
210.6,3.095,10000000
210.61,3.095,10000000
210.62,2.92,10000000
210.63,2.876,10000000
210.64,3.007,10000000
210.65,3.139,10000000
210.66,3.051,10000000
210.67,2.92,10000000
210.68,3.051,10000000
210.69,3.051,10000000
210.7,3.051,10000000
210.71,2.92,10000000
210.72,3.139,10000000
210.73,3.139,10000000
210.74,2.964,10000000
210.75,2.964,10000000
210.76,2.92,10000000
210.77,3.139,10000000
210.78,2.876,10000000
210.79,3.007,10000000
210.8,2.964,10000000
210.81,3.051,10000000
210.82,3.051,10000000
210.83,2.876,10000000
210.84,2.964,10000000
210.85,3.095,10000000
210.86,3.051,10000000
210.87,3.051,10000000
210.88,3.139,10000000
210.89,3.007,10000000
210.9,3.007,10000000
210.91,3.051,10000000
210.92,2.964,10000000
210.93,3.095,10000000
210.94,3.095,10000000
210.95,3.051,10000000
210.96,3.095,10000000
210.97,2.876,10000000
210.98,3.007,10000000
210.99,3.095,10000000
211,2.964,10000000
211.01,3.095,10000000
211.02,3.095,10000000
211.03,2.92,10000000
211.04,3.007,10000000
211.05,2.876,10000000
211.06,3.051,10000000
211.07,3.007,10000000
211.08,3.007,10000000
211.09,3.139,10000000
211.1,2.92,10000000
211.11,2.92,10000000
211.12,2.964,10000000
211.13,3.051,10000000
211.14,3.051,10000000
211.15,3.051,10000000
211.16,3.095,10000000
211.17,3.095,10000000
211.18,3.227,10000000
211.19,3.095,10000000
211.2,3.051,10000000
211.21,3.139,10000000
211.22,3.183,10000000
211.23,3.139,10000000
211.24,3.007,10000000
211.25,3.095,10000000
211.26,3.007,10000000
211.27,2.964,10000000
211.28,3.051,10000000
211.29,2.832,10000000
211.3,2.964,10000000
211.31,2.92,10000000
211.32,3.051,10000000
211.33,3.051,10000000
211.34,3.139,10000000
211.35,2.92,10000000
211.36,3.051,10000000
211.37,2.92,10000000
211.38,2.964,10000000
211.39,2.964,10000000
211.4,2.92,10000000
211.41,3.051,10000000
211.42,3.051,10000000
211.43,3.139,10000000
211.44,3.095,10000000
211.45,3.095,10000000
211.46,3.183,10000000
211.47,2.92,10000000
211.48,3.139,10000000
211.49,3.007,10000000
211.5,3.095,10000000
211.51,3.007,10000000
211.52,2.92,10000000
211.53,3.095,10000000
211.54,2.92,10000000
211.55,2.788,10000000
211.56,3.051,10000000
211.57,3.051,10000000
211.58,3.051,10000000
211.59,3.007,10000000
211.6,2.964,10000000
211.61,3.051,10000000
211.62,3.051,10000000
211.63,3.007,10000000
211.64,3.007,10000000
211.65,2.964,10000000
211.66,2.92,10000000
211.67,3.095,10000000
211.68,3.095,10000000
211.69,3.139,10000000
211.7,3.007,10000000
211.71,3.139,10000000
211.72,3.227,10000000
211.73,3.007,10000000
211.74,3.095,10000000
211.75,3.007,10000000
211.76,3.051,10000000
211.77,3.051,10000000
211.78,3.139,10000000
211.79,3.051,10000000
211.8,3.007,10000000
211.81,2.964,10000000
211.82,3.007,10000000
211.83,2.964,10000000
211.84,3.095,10000000
211.85,3.007,10000000
211.86,2.832,10000000
211.87,3.051,10000000
211.88,3.007,10000000
211.89,3.139,10000000
211.9,3.095,10000000
211.91,3.139,10000000
211.92,3.139,10000000
211.93,2.92,10000000
211.94,2.964,10000000
211.95,3.095,10000000
211.96,3.095,10000000
211.97,3.183,10000000
211.98,3.095,10000000
211.99,3.051,10000000
212,2.92,10000000
212.01,3.007,10000000
212.02,3.051,10000000
212.03,3.139,10000000
212.04,3.095,10000000
212.05,3.183,10000000
212.06,2.92,10000000
212.07,2.964,10000000
212.08,3.051,10000000
212.09,3.051,10000000
212.1,3.007,10000000
212.11,3.095,10000000
212.12,3.095,10000000
212.13,2.92,10000000
212.14,2.92,10000000
212.15,3.007,10000000
212.16,3.139,10000000
212.17,3.139,10000000
212.18,2.964,10000000
212.19,2.92,10000000
212.2,3.007,10000000
212.21,3.051,10000000
212.22,3.095,10000000
212.23,3.095,10000000
212.24,3.183,10000000
212.25,3.139,10000000
212.26,3.051,10000000
212.27,2.92,10000000
212.28,2.92,10000000
212.29,3.139,10000000
212.3,2.92,10000000
212.31,2.964,10000000
212.32,3.051,10000000
212.33,2.92,10000000
212.34,3.051,10000000
212.35,2.832,10000000
212.36,3.007,10000000
212.37,2.964,10000000
212.38,3.007,10000000
212.39,3.051,10000000
212.4,3.139,10000000
212.41,3.007,10000000
212.42,2.832,10000000
212.43,2.964,10000000
212.44,3.051,10000000
212.45,3.051,10000000
212.46,2.92,10000000
212.47,2.92,10000000
212.48,3.051,10000000
212.49,3.139,10000000
212.5,3.183,10000000
212.51,3.139,10000000
212.52,3.139,10000000
212.53,3.007,10000000
212.54,3.007,10000000
212.55,3.095,10000000
212.56,3.051,10000000
212.57,3.139,10000000
212.58,3.095,10000000
212.59,3.183,10000000
212.6,3.227,10000000
212.61,3.183,10000000
212.62,3.183,10000000
212.63,3.139,10000000
212.64,3.095,10000000
212.65,3.139,10000000
212.66,3.007,10000000
212.67,3.051,10000000
212.68,2.964,10000000
212.69,3.095,10000000
212.7,3.139,10000000
212.71,3.007,10000000
212.72,2.964,10000000
212.73,3.007,10000000
212.74,2.92,10000000
212.75,2.92,10000000
212.76,2.964,10000000
212.77,3.139,10000000
212.78,2.876,10000000
212.79,3.051,10000000
212.8,3.007,10000000
212.81,2.964,10000000
212.82,3.095,10000000
212.83,3.139,10000000
212.84,2.92,10000000
212.85,3.095,10000000
212.86,3.051,10000000
212.87,3.007,10000000
212.88,2.964,10000000
212.89,2.964,10000000
212.9,3.139,10000000
212.91,3.139,10000000
212.92,3.095,10000000
212.93,3.095,10000000
212.94,3.227,10000000
212.95,3.007,10000000
212.96,3.139,10000000
212.97,3.095,10000000
212.98,3.051,10000000
212.99,2.92,10000000
213,2.964,10000000
213.01,3.051,10000000
213.02,3.007,10000000
213.03,3.183,10000000
213.04,3.051,10000000
213.05,3.007,10000000
213.06,3.007,10000000
213.07,3.051,10000000
213.08,3.095,10000000
213.09,3.095,10000000
213.1,3.183,10000000
213.11,3.095,10000000
213.12,3.007,10000000
213.13,3.007,10000000
213.14,3.139,10000000
213.15,3.007,10000000
213.16,2.964,10000000
213.17,3.051,10000000
213.18,2.92,10000000
213.19,3.051,10000000
213.2,3.139,10000000
213.21,2.92,10000000
213.22,3.007,10000000
213.23,3.051,10000000
213.24,2.964,10000000
213.25,3.051,10000000
213.26,3.095,10000000
213.27,2.964,10000000
213.28,2.92,10000000
213.29,2.92,10000000
213.3,3.139,10000000
213.31,2.964,10000000
213.32,3.007,10000000
213.33,2.964,10000000
213.34,2.964,10000000
213.35,3.051,10000000
213.36,3.051,10000000
213.37,3.139,10000000
213.38,3.007,10000000
213.39,3.095,10000000
213.4,2.92,10000000
213.41,3.051,10000000
213.42,2.92,10000000
213.43,3.139,10000000
213.44,3.007,10000000
213.45,3.095,10000000
213.46,3.095,10000000
213.47,3.095,10000000
213.48,2.964,10000000
213.49,3.007,10000000
213.5,3.139,10000000
213.51,3.139,10000000
213.52,3.095,10000000
213.53,3.183,10000000
213.54,3.095,10000000
213.55,3.051,10000000
213.56,3.095,10000000
213.57,2.964,10000000
213.58,3.095,10000000
213.59,3.139,10000000
213.6,3.007,10000000
213.61,3.095,10000000
213.62,2.92,10000000
213.63,3.007,10000000
213.64,3.051,10000000
213.65,3.139,10000000
213.66,2.92,10000000
213.67,3.139,10000000
213.68,2.92,10000000
213.69,2.832,10000000
213.7,3.051,10000000
213.71,3.051,10000000
213.72,3.007,10000000
213.73,2.92,10000000
213.74,3.007,10000000
213.75,3.051,10000000
213.76,3.007,10000000
213.77,3.007,10000000
213.78,2.964,10000000
213.79,3.007,10000000
213.8,3.051,10000000
213.81,3.007,10000000
213.82,2.92,10000000
213.83,3.183,10000000
213.84,3.227,10000000
213.85,3.095,10000000
213.86,3.095,10000000
213.87,3.095,10000000
213.88,3.007,10000000
213.89,3.007,10000000
213.9,3.139,10000000
213.91,3.051,10000000
213.92,3.095,10000000
213.93,3.183,10000000
213.94,2.964,10000000
213.95,3.139,10000000
213.96,2.876,10000000
213.97,3.007,10000000
213.98,2.876,10000000
213.99,2.92,10000000
214,2.788,10000000
214.01,2.876,10000000
214.02,3.007,10000000
214.03,3.007,10000000
214.04,2.964,10000000
214.05,3.139,10000000
214.06,3.007,10000000
214.07,3.095,10000000
214.08,3.007,10000000
214.09,3.051,10000000
214.1,3.139,10000000
214.11,3.007,10000000
214.12,3.051,10000000
214.13,3.095,10000000
214.14,3.007,10000000
214.15,2.964,10000000
214.16,2.92,10000000
214.17,3.051,10000000
214.18,3.051,10000000
214.19,3.095,10000000
214.2,3.095,10000000
214.21,3.051,10000000
214.22,3.139,10000000
214.23,3.139,10000000
214.24,3.139,10000000
214.25,2.964,10000000
214.26,2.964,10000000
214.27,3.007,10000000
214.28,3.007,10000000
214.29,2.92,10000000
214.3,2.92,10000000
214.31,2.92,10000000
214.32,3.051,10000000
214.33,3.051,10000000
214.34,3.051,10000000
214.35,2.832,10000000
214.36,3.051,10000000
214.37,3.007,10000000
214.38,3.007,10000000
214.39,2.964,10000000
214.4,3.007,10000000
214.41,3.095,10000000
214.42,3.095,10000000
214.43,3.007,10000000
214.44,3.095,10000000
214.45,2.92,10000000
214.46,3.051,10000000
214.47,2.92,10000000
214.48,3.051,10000000
214.49,3.007,10000000
214.5,3.007,10000000
214.51,3.051,10000000
214.52,3.051,10000000
214.53,2.92,10000000
214.54,2.964,10000000
214.55,3.051,10000000
214.56,2.92,10000000
214.57,2.92,10000000
214.58,2.964,10000000
214.59,2.964,10000000
214.6,2.876,10000000
214.61,2.876,10000000
214.62,2.964,10000000
214.63,2.964,10000000
214.64,3.051,10000000
214.65,3.095,10000000
214.66,3.051,10000000
214.67,2.964,10000000
214.68,3.139,10000000
214.69,3.139,10000000
214.7,3.051,10000000
214.71,3.095,10000000
214.72,3.139,10000000
214.73,2.964,10000000
214.74,3.007,10000000
214.75,2.876,10000000
214.76,3.095,10000000
214.77,3.139,10000000
214.78,2.964,10000000
214.79,3.095,10000000
214.8,3.095,10000000
214.81,3.007,10000000
214.82,3.095,10000000
214.83,2.964,10000000
214.84,3.183,10000000
214.85,3.051,10000000
214.86,2.964,10000000
214.87,3.051,10000000
214.88,3.139,10000000
214.89,3.139,10000000
214.9,3.051,10000000
214.91,3.139,10000000
214.92,3.007,10000000
214.93,2.964,10000000
214.94,2.964,10000000
214.95,3.095,10000000
214.96,3.095,10000000
214.97,3.095,10000000
214.98,3.051,10000000
214.99,2.876,10000000
215,3.007,10000000
215.01,3.051,10000000
215.02,3.051,10000000
215.03,3.051,10000000
215.04,3.095,10000000
215.05,3.007,10000000
215.06,3.139,10000000
215.07,2.876,10000000
215.08,3.051,10000000
215.09,3.139,10000000
215.1,2.92,10000000
215.11,3.051,10000000
215.12,3.051,10000000
215.13,3.095,10000000
215.14,3.051,10000000
215.15,3.183,10000000
215.16,3.095,10000000
215.17,3.095,10000000
215.18,3.051,10000000
215.19,3.095,10000000
215.2,2.92,10000000
215.21,3.139,10000000
215.22,3.007,10000000
215.23,3.007,10000000
215.24,2.964,10000000
215.25,2.964,10000000
215.26,2.92,10000000
215.27,2.964,10000000
215.28,2.92,10000000
215.29,2.964,10000000
215.3,3.051,10000000
215.31,2.964,10000000
215.32,2.92,10000000
215.33,3.183,10000000
215.34,2.92,10000000
215.35,3.139,10000000
215.36,3.051,10000000
215.37,2.92,10000000
215.38,3.007,10000000
215.39,2.964,10000000
215.4,2.964,10000000
215.41,3.095,10000000
215.42,2.92,10000000
215.43,3.051,10000000
215.44,3.095,10000000
215.45,3.095,10000000
215.46,2.92,10000000
215.47,3.227,10000000
215.48,3.139,10000000
215.49,3.139,10000000
215.5,2.876,10000000
215.51,3.095,10000000
215.52,3.139,10000000
215.53,3.007,10000000
215.54,2.92,10000000
215.55,3.051,10000000
215.56,3.051,10000000
215.57,3.007,10000000
215.58,3.095,10000000
215.59,3.051,10000000
215.6,3.095,10000000
215.61,3.051,10000000
215.62,3.051,10000000
215.63,3.051,10000000
215.64,2.876,10000000
215.65,2.964,10000000
215.66,3.139,10000000
215.67,3.051,10000000
215.68,3.095,10000000
215.69,3.139,10000000
215.7,3.051,10000000
215.71,2.92,10000000
215.72,3.051,10000000
215.73,3.139,10000000
215.74,3.095,10000000
215.75,2.964,10000000
215.76,3.227,10000000
215.77,3.095,10000000
215.78,3.051,10000000
215.79,3.183,10000000
215.8,3.051,10000000
215.81,3.139,10000000
215.82,3.007,10000000
215.83,2.964,10000000
215.84,3.051,10000000
215.85,3.051,10000000
215.86,3.007,10000000
215.87,2.964,10000000
215.88,2.964,10000000
215.89,2.832,10000000
215.9,3.051,10000000
215.91,2.964,10000000
215.92,2.964,10000000
215.93,3.051,10000000
215.94,3.139,10000000
215.95,3.051,10000000
215.96,3.051,10000000
215.97,2.964,10000000
215.98,2.964,10000000
215.99,3.007,10000000
216,2.92,10000000
216.01,3.095,10000000
216.02,3.007,10000000
216.03,3.051,10000000
216.04,3.007,10000000
216.05,2.964,10000000
216.06,2.92,10000000
216.07,3.139,10000000
216.08,2.876,10000000
216.09,3.007,10000000
216.1,3.095,10000000
216.11,3.051,10000000
216.12,3.051,10000000
216.13,3.007,10000000
216.14,2.876,10000000
216.15,3.139,10000000
216.16,3.139,10000000
216.17,3.095,10000000
216.18,3.139,10000000
216.19,3.139,10000000
216.2,3.183,10000000
216.21,3.095,10000000
216.22,3.007,10000000
216.23,3.095,10000000
216.24,3.051,10000000
216.25,3.051,10000000
216.26,3.007,10000000
216.27,3.095,10000000
216.28,2.92,10000000
216.29,3.007,10000000
216.3,3.139,10000000
216.31,3.051,10000000
216.32,2.964,10000000
216.33,3.183,10000000
216.34,3.095,10000000
216.35,3.095,10000000
216.36,3.051,10000000
216.37,3.139,10000000
216.38,2.964,10000000
216.39,3.007,10000000
216.4,3.007,10000000
216.41,2.964,10000000
216.42,2.92,10000000
216.43,2.964,10000000
216.44,2.92,10000000
216.45,2.876,10000000
216.46,3.139,10000000
216.47,3.007,10000000
216.48,2.876,10000000
216.49,3.139,10000000
216.5,3.007,10000000
216.51,3.051,10000000
216.52,3.051,10000000
216.53,3.051,10000000
216.54,3.095,10000000
216.55,3.095,10000000
216.56,3.051,10000000
216.57,3.095,10000000
216.58,3.139,10000000
216.59,3.139,10000000
216.6,3.227,10000000
216.61,3.227,10000000
216.62,3.139,10000000
216.63,3.095,10000000
216.64,3.227,10000000
216.65,3.007,10000000
216.66,3.051,10000000
216.67,2.964,10000000
216.68,3.007,10000000
216.69,3.051,10000000
216.7,3.051,10000000
216.71,3.139,10000000
216.72,3.095,10000000
216.73,2.92,10000000
216.74,2.964,10000000
216.75,3.007,10000000
216.76,2.964,10000000
216.77,3.183,10000000
216.78,3.007,10000000
216.79,3.007,10000000
216.8,3.051,10000000
216.81,3.007,10000000
216.82,2.92,10000000
216.83,3.139,10000000
216.84,2.92,10000000
216.85,3.007,10000000
216.86,2.92,10000000
216.87,3.183,10000000
216.88,3.051,10000000
216.89,3.051,10000000
216.9,3.095,10000000
216.91,3.095,10000000
216.92,3.007,10000000
216.93,2.964,10000000
216.94,2.964,10000000
216.95,2.92,10000000
216.96,3.051,10000000
216.97,3.139,10000000
216.98,3.007,10000000
216.99,2.92,10000000
217,2.964,10000000
217.01,3.007,10000000
217.02,2.92,10000000
217.03,3.095,10000000
217.04,3.095,10000000
217.05,3.051,10000000
217.06,2.92,10000000
217.07,3.007,10000000
217.08,3.095,10000000
217.09,3.051,10000000
217.1,3.095,10000000
217.11,3.007,10000000
217.12,3.095,10000000
217.13,3.051,10000000
217.14,3.095,10000000
217.15,3.051,10000000
217.16,2.92,10000000
217.17,2.964,10000000
217.18,3.051,10000000
217.19,2.964,10000000
217.2,3.095,10000000
217.21,3.095,10000000
217.22,3.139,10000000
217.23,3.095,10000000
217.24,3.095,10000000
217.25,3.095,10000000
217.26,3.095,10000000
217.27,3.095,10000000
217.28,2.92,10000000
217.29,3.183,10000000
217.3,3.139,10000000
217.31,2.964,10000000
217.32,2.92,10000000
217.33,3.139,10000000
217.34,3.007,10000000
217.35,3.051,10000000
217.36,3.051,10000000
217.37,3.007,10000000
217.38,2.92,10000000
217.39,3.095,10000000
217.4,2.964,10000000
217.41,3.007,10000000
217.42,2.832,10000000
217.43,3.007,10000000
217.44,3.051,10000000
217.45,3.095,10000000
217.46,3.007,10000000
217.47,3.007,10000000
217.48,2.92,10000000
217.49,3.139,10000000
217.5,2.92,10000000
217.51,3.139,10000000
217.52,3.007,10000000
217.53,3.139,10000000
217.54,3.139,10000000
217.55,2.964,10000000
217.56,3.095,10000000
217.57,2.92,10000000
217.58,3.007,10000000
217.59,2.92,10000000
217.6,3.007,10000000
217.61,3.007,10000000
217.62,3.051,10000000
217.63,3.007,10000000
217.64,3.007,10000000
217.65,3.007,10000000
217.66,3.051,10000000
217.67,3.007,10000000
217.68,3.007,10000000
217.69,2.92,10000000
217.7,3.095,10000000
217.71,2.964,10000000
217.72,3.139,10000000
217.73,3.051,10000000
217.74,3.139,10000000
217.75,2.964,10000000
217.76,3.227,10000000
217.77,2.964,10000000
217.78,3.139,10000000
217.79,3.007,10000000
217.8,3.139,10000000
217.81,3.007,10000000
217.82,3.183,10000000
217.83,3.007,10000000
217.84,3.051,10000000
217.85,3.007,10000000
217.86,2.964,10000000
217.87,3.139,10000000
217.88,3.095,10000000
217.89,3.051,10000000
217.9,3.139,10000000
217.91,3.051,10000000
217.92,3.051,10000000
217.93,3.095,10000000
217.94,2.92,10000000
217.95,3.051,10000000
217.96,3.139,10000000
217.97,3.183,10000000
217.98,3.227,10000000
217.99,3.007,10000000
218,3.095,10000000
218.01,2.964,10000000
218.02,3.095,10000000
218.03,3.007,10000000
218.04,3.051,10000000
218.05,2.92,10000000
218.06,2.92,10000000
218.07,2.92,10000000
218.08,3.007,10000000
218.09,3.007,10000000
218.1,3.007,10000000
218.11,2.964,10000000
218.12,2.92,10000000
218.13,2.832,10000000
218.14,3.051,10000000
218.15,3.095,10000000
218.16,3.051,10000000
218.17,3.095,10000000
218.18,3.139,10000000
218.19,3.051,10000000
218.2,3.095,10000000
218.21,2.92,10000000
218.22,2.964,10000000
218.23,2.92,10000000
218.24,2.964,10000000
218.25,2.92,10000000
218.26,3.051,10000000
218.27,3.007,10000000
218.28,3.095,10000000
218.29,3.183,10000000
218.3,3.095,10000000
218.31,3.315,10000000
218.32,2.92,10000000
218.33,3.007,10000000
218.34,3.095,10000000
218.35,3.139,10000000
218.36,3.051,10000000
218.37,3.095,10000000
218.38,3.095,10000000
218.39,3.139,10000000
218.4,3.051,10000000
218.41,3.007,10000000
218.42,3.139,10000000
218.43,2.832,10000000
218.44,3.051,10000000
218.45,2.964,10000000
218.46,2.876,10000000
218.47,3.007,10000000
218.48,3.007,10000000
218.49,3.007,10000000
218.5,3.007,10000000
218.51,3.095,10000000
218.52,3.095,10000000
218.53,3.007,10000000
218.54,3.095,10000000
218.55,2.964,10000000
218.56,2.964,10000000
218.57,3.139,10000000
218.58,3.007,10000000
218.59,3.051,10000000
218.6,3.095,10000000
218.61,3.051,10000000
218.62,3.051,10000000
218.63,3.095,10000000
218.64,3.095,10000000
218.65,3.051,10000000
218.66,3.095,10000000
218.67,3.139,10000000
218.68,3.139,10000000
218.69,3.095,10000000
218.7,3.051,10000000
218.71,2.964,10000000
218.72,2.92,10000000
218.73,2.964,10000000
218.74,2.92,10000000
218.75,3.051,10000000
218.76,2.964,10000000
218.77,2.964,10000000
218.78,2.92,10000000
218.79,3.051,10000000
218.8,3.007,10000000
218.81,3.051,10000000
218.82,2.964,10000000
218.83,2.92,10000000
218.84,3.139,10000000
218.85,2.876,10000000
218.86,2.964,10000000
218.87,3.007,10000000
218.88,3.139,10000000
218.89,3.095,10000000
218.9,2.964,10000000
218.91,3.095,10000000
218.92,3.007,10000000
218.93,3.051,10000000
218.94,3.139,10000000
218.95,3.051,10000000
218.96,2.964,10000000
218.97,3.007,10000000
218.98,2.92,10000000
218.99,3.051,10000000
219,3.051,10000000
219.01,3.095,10000000
219.02,3.051,10000000
219.03,3.007,10000000
219.04,3.007,10000000
219.05,2.964,10000000
219.06,2.876,10000000
219.07,3.007,10000000
219.08,3.007,10000000
219.09,3.051,10000000
219.1,2.92,10000000
219.11,3.095,10000000
219.12,3.139,10000000
219.13,3.095,10000000
219.14,3.051,10000000
219.15,3.183,10000000
219.16,3.051,10000000
219.17,3.095,10000000
219.18,2.92,10000000
219.19,3.007,10000000
219.2,3.227,10000000
219.21,3.227,10000000
219.22,3.095,10000000
219.23,2.92,10000000
219.24,3.095,10000000
219.25,3.007,10000000
219.26,3.007,10000000
219.27,2.92,10000000
219.28,3.095,10000000
219.29,3.051,10000000
219.3,2.92,10000000
219.31,3.051,10000000
219.32,3.007,10000000
219.33,3.007,10000000
219.34,2.92,10000000
219.35,2.876,10000000
219.36,2.964,10000000
219.37,2.744,10000000
219.38,3.051,10000000
219.39,3.051,10000000
219.4,3.139,10000000
219.41,2.876,10000000
219.42,3.183,10000000
219.43,3.095,10000000
219.44,3.095,10000000
219.45,2.92,10000000
219.46,3.095,10000000
219.47,3.183,10000000
219.48,2.92,10000000
219.49,2.964,10000000
219.5,2.92,10000000
219.51,2.92,10000000
219.52,3.139,10000000
219.53,2.92,10000000
219.54,2.876,10000000
219.55,3.051,10000000
219.56,2.92,10000000
219.57,3.051,10000000
219.58,3.139,10000000
219.59,3.051,10000000
219.6,3.007,10000000
219.61,3.095,10000000
219.62,2.92,10000000
219.63,2.964,10000000
219.64,3.139,10000000
219.65,3.051,10000000
219.66,3.139,10000000
219.67,3.139,10000000
219.68,3.183,10000000
219.69,3.139,10000000
219.7,3.007,10000000
219.71,3.051,10000000
219.72,2.964,10000000
219.73,3.007,10000000
219.74,3.139,10000000
219.75,3.051,10000000
219.76,3.007,10000000
219.77,3.051,10000000
219.78,3.007,10000000
219.79,3.051,10000000
219.8,3.051,10000000
219.81,3.095,10000000
219.82,3.139,10000000
219.83,3.139,10000000
219.84,3.051,10000000
219.85,3.051,10000000
219.86,3.007,10000000
219.87,2.964,10000000
219.88,3.095,10000000
219.89,3.007,10000000
219.9,3.051,10000000
219.91,3.007,10000000
219.92,3.051,10000000
219.93,3.007,10000000
219.94,3.007,10000000
219.95,3.051,10000000
219.96,3.007,10000000
219.97,3.007,10000000
219.98,3.007,10000000
219.99,3.095,10000000
220,3.139,10000000
220.01,3.183,10000000
220.02,3.095,10000000
220.03,2.964,10000000
220.04,3.007,10000000
220.05,2.964,10000000
220.06,3.051,10000000
220.07,3.095,10000000
220.08,3.007,10000000
220.09,3.095,10000000
220.1,2.92,10000000
220.11,3.139,10000000
220.12,2.964,10000000
220.13,3.095,10000000
220.14,3.139,10000000
220.15,2.964,10000000
220.16,3.095,10000000
220.17,3.139,10000000
220.18,3.007,10000000
220.19,3.139,10000000
220.2,3.095,10000000
220.21,3.007,10000000
220.22,2.92,10000000
220.23,3.051,10000000
220.24,3.095,10000000
220.25,3.139,10000000
220.26,2.92,10000000
220.27,2.92,10000000
220.28,2.964,10000000
220.29,2.964,10000000
220.3,2.964,10000000
220.31,3.051,10000000
220.32,2.92,10000000
220.33,3.051,10000000
220.34,3.139,10000000
220.35,3.051,10000000
220.36,3.051,10000000
220.37,3.051,10000000
220.38,3.051,10000000
220.39,3.051,10000000
220.4,3.095,10000000
220.41,3.139,10000000
220.42,3.095,10000000
220.43,3.051,10000000
220.44,3.183,10000000
220.45,2.832,10000000
220.46,2.876,10000000
220.47,3.051,10000000
220.48,3.051,10000000
220.49,3.007,10000000
220.5,3.051,10000000
220.51,3.139,10000000
220.52,2.964,10000000
220.53,2.92,10000000
220.54,2.788,10000000
220.55,3.051,10000000
220.56,2.964,10000000
220.57,3.051,10000000
220.58,3.139,10000000
220.59,2.92,10000000
220.6,3.095,10000000
220.61,3.051,10000000
220.62,3.051,10000000
220.63,3.007,10000000
220.64,2.92,10000000
220.65,3.007,10000000
220.66,3.051,10000000
220.67,2.964,10000000
220.68,3.095,10000000
220.69,2.964,10000000
220.7,3.095,10000000
220.71,3.051,10000000
220.72,2.876,10000000
220.73,2.832,10000000
220.74,3.139,10000000
220.75,2.964,10000000
220.76,2.92,10000000
220.77,3.007,10000000
220.78,2.876,10000000
220.79,3.095,10000000
220.8,3.051,10000000
220.81,2.964,10000000
220.82,3.139,10000000
220.83,3.007,10000000
220.84,3.051,10000000
220.85,3.007,10000000
220.86,3.051,10000000
220.87,3.095,10000000
220.88,3.051,10000000
220.89,2.964,10000000
220.9,3.139,10000000
220.91,3.051,10000000
220.92,3.007,10000000
220.93,3.007,10000000
220.94,3.139,10000000
220.95,3.007,10000000
220.96,3.051,10000000
220.97,3.139,10000000
220.98,3.095,10000000
220.99,3.007,10000000
221,3.007,10000000
221.01,2.964,10000000
221.02,3.007,10000000
221.03,3.051,10000000
221.04,3.051,10000000
221.05,3.051,10000000
221.06,3.095,10000000
221.07,3.139,10000000
221.08,3.007,10000000
221.09,3.051,10000000
221.1,3.227,10000000
221.11,3.095,10000000
221.12,3.139,10000000
221.13,2.964,10000000
221.14,3.007,10000000
221.15,3.007,10000000
221.16,2.92,10000000
221.17,3.007,10000000
221.18,3.007,10000000
221.19,2.92,10000000
221.2,2.964,10000000
221.21,2.876,10000000
221.22,3.139,10000000
221.23,3.007,10000000
221.24,3.095,10000000
221.25,3.051,10000000
221.26,3.139,10000000
221.27,2.92,10000000
221.28,3.183,10000000
221.29,2.92,10000000
221.3,3.007,10000000
221.31,2.92,10000000
221.32,3.007,10000000
221.33,3.051,10000000
221.34,3.139,10000000
221.35,3.095,10000000
221.36,2.832,10000000
221.37,3.051,10000000
221.38,3.007,10000000
221.39,2.832,10000000
221.4,3.051,10000000
221.41,3.139,10000000
221.42,3.139,10000000
221.43,3.051,10000000
221.44,3.051,10000000
221.45,3.051,10000000
221.46,3.095,10000000
221.47,3.051,10000000
221.48,2.964,10000000
221.49,3.051,10000000
221.5,3.051,10000000
221.51,3.051,10000000
221.52,3.139,10000000
221.53,3.007,10000000
221.54,3.051,10000000
221.55,3.095,10000000
221.56,3.227,10000000
221.57,3.007,10000000
221.58,2.964,10000000
221.59,3.051,10000000
221.6,3.139,10000000
221.61,3.051,10000000
221.62,3.007,10000000
221.63,3.051,10000000
221.64,2.92,10000000
221.65,2.964,10000000
221.66,3.007,10000000
221.67,2.92,10000000
221.68,3.051,10000000
221.69,3.095,10000000
221.7,2.92,10000000
221.71,2.92,10000000
221.72,3.007,10000000
221.73,3.007,10000000
221.74,2.876,10000000
221.75,3.007,10000000
221.76,2.832,10000000
221.77,2.92,10000000
221.78,3.139,10000000
221.79,3.051,10000000
221.8,3.051,10000000
221.81,2.964,10000000
221.82,3.051,10000000
221.83,2.964,10000000
221.84,2.92,10000000
221.85,3.183,10000000
221.86,2.964,10000000
221.87,3.183,10000000
221.88,3.007,10000000
221.89,3.139,10000000
221.9,2.92,10000000
221.91,3.095,10000000
221.92,2.92,10000000
221.93,2.964,10000000
221.94,2.92,10000000
221.95,3.051,10000000
221.96,2.964,10000000
221.97,3.051,10000000
221.98,3.183,10000000
221.99,3.227,10000000
222,3.183,10000000
222.01,3.051,10000000
222.02,3.183,10000000
222.03,3.139,10000000
222.04,3.051,10000000
222.05,3.139,10000000
222.06,3.095,10000000
222.07,3.095,10000000
222.08,2.876,10000000
222.09,3.007,10000000
222.1,3.051,10000000
222.11,2.964,10000000
222.12,2.964,10000000
222.13,2.92,10000000
222.14,3.051,10000000
222.15,3.095,10000000
222.16,2.92,10000000
222.17,2.832,10000000
222.18,2.964,10000000
222.19,3.051,10000000
222.2,3.007,10000000
222.21,3.051,10000000
222.22,2.92,10000000
222.23,2.92,10000000
222.24,3.051,10000000
222.25,3.095,10000000
222.26,2.964,10000000
222.27,3.051,10000000
222.28,3.051,10000000
222.29,3.139,10000000
222.3,3.051,10000000
222.31,3.007,10000000
222.32,2.964,10000000
222.33,3.007,10000000
222.34,2.92,10000000
222.35,2.964,10000000
222.36,3.007,10000000
222.37,3.095,10000000
222.38,3.051,10000000
222.39,3.051,10000000
222.4,3.051,10000000
222.41,3.095,10000000
222.42,3.007,10000000
222.43,3.007,10000000
222.44,3.095,10000000
222.45,3.139,10000000
222.46,3.095,10000000
222.47,3.095,10000000
222.48,2.964,10000000
222.49,3.051,10000000
222.5,3.051,10000000
222.51,3.051,10000000
222.52,3.095,10000000
222.53,3.139,10000000
222.54,3.095,10000000
222.55,3.095,10000000
222.56,3.051,10000000
222.57,3.139,10000000
222.58,3.051,10000000
222.59,3.095,10000000
222.6,3.051,10000000
222.61,2.876,10000000
222.62,3.007,10000000
222.63,2.964,10000000
222.64,3.051,10000000
222.65,2.92,10000000
222.66,2.964,10000000
222.67,3.051,10000000
222.68,3.095,10000000
222.69,3.007,10000000
222.7,3.051,10000000
222.71,3.183,10000000
222.72,3.183,10000000
222.73,2.92,10000000
222.74,3.051,10000000
222.75,2.964,10000000
222.76,2.964,10000000
222.77,3.051,10000000
222.78,3.007,10000000
222.79,3.007,10000000
222.8,2.92,10000000
222.81,3.095,10000000
222.82,3.183,10000000
222.83,3.051,10000000
222.84,3.183,10000000
222.85,3.095,10000000
222.86,2.964,10000000
222.87,2.92,10000000
222.88,3.139,10000000
222.89,2.876,10000000
222.9,3.051,10000000
222.91,2.964,10000000
222.92,3.007,10000000
222.93,3.095,10000000
222.94,3.183,10000000
222.95,3.007,10000000
222.96,3.051,10000000
222.97,3.007,10000000
222.98,3.007,10000000
222.99,3.051,10000000
223,3.051,10000000
223.01,3.139,10000000
223.02,3.095,10000000
223.03,3.095,10000000
223.04,3.139,10000000
223.05,3.095,10000000
223.06,3.051,10000000
223.07,2.92,10000000
223.08,3.007,10000000
223.09,2.964,10000000
223.1,3.139,10000000
223.11,2.92,10000000
223.12,3.051,10000000
223.13,3.007,10000000
223.14,3.007,10000000
223.15,2.876,10000000
223.16,3.007,10000000
223.17,3.007,10000000
223.18,2.92,10000000
223.19,3.007,10000000
223.2,3.139,10000000
223.21,3.007,10000000
223.22,3.051,10000000
223.23,3.007,10000000
223.24,2.964,10000000
223.25,3.227,10000000
223.26,2.964,10000000
223.27,2.92,10000000
223.28,2.964,10000000
223.29,3.051,10000000
223.3,2.92,10000000
223.31,3.051,10000000
223.32,2.92,10000000
223.33,2.92,10000000
223.34,3.007,10000000
223.35,2.92,10000000
223.36,3.139,10000000
223.37,3.139,10000000
223.38,2.964,10000000
223.39,3.007,10000000
223.4,3.007,10000000
223.41,3.051,10000000
223.42,3.183,10000000
223.43,3.139,10000000
223.44,3.051,10000000
223.45,3.095,10000000
223.46,3.007,10000000
223.47,2.964,10000000
223.48,3.007,10000000
223.49,3.007,10000000
223.5,3.007,10000000
223.51,3.051,10000000
223.52,3.051,10000000
223.53,3.051,10000000
223.54,3.051,10000000
223.55,3.007,10000000
223.56,3.051,10000000
223.57,3.095,10000000
223.58,2.964,10000000
223.59,2.92,10000000
223.6,3.051,10000000
223.61,2.964,10000000
223.62,3.095,10000000
223.63,3.007,10000000
223.64,3.051,10000000
223.65,3.095,10000000
223.66,3.007,10000000
223.67,3.095,10000000
223.68,3.051,10000000
223.69,3.095,10000000
223.7,3.139,10000000
223.71,3.051,10000000
223.72,2.964,10000000
223.73,3.095,10000000
223.74,3.095,10000000
223.75,3.051,10000000
223.76,3.007,10000000
223.77,3.139,10000000
223.78,3.139,10000000
223.79,3.183,10000000
223.8,3.139,10000000
223.81,3.227,10000000
223.82,3.183,10000000
223.83,3.139,10000000
223.84,3.051,10000000
223.85,3.007,10000000
223.86,3.007,10000000
223.87,3.139,10000000
223.88,3.095,10000000
223.89,2.964,10000000
223.9,3.183,10000000
223.91,3.095,10000000
223.92,2.964,10000000
223.93,3.007,10000000
223.94,2.964,10000000
223.95,3.007,10000000
223.96,3.007,10000000
223.97,3.007,10000000
223.98,3.051,10000000
223.99,2.92,10000000
224,3.007,10000000
224.01,2.92,10000000
224.02,3.051,10000000
224.03,3.007,10000000
224.04,2.92,10000000
224.05,3.051,10000000
224.06,3.007,10000000
224.07,3.007,10000000
224.08,2.964,10000000
224.09,3.139,10000000
224.1,3.007,10000000
224.11,3.139,10000000
224.12,3.139,10000000
224.13,2.964,10000000
224.14,3.051,10000000
224.15,2.964,10000000
224.16,3.095,10000000
224.17,3.139,10000000
224.18,2.964,10000000
224.19,2.876,10000000
224.2,3.007,10000000
224.21,3.007,10000000
224.22,3.051,10000000
224.23,3.007,10000000
224.24,2.964,10000000
224.25,3.095,10000000
224.26,3.051,10000000
224.27,3.139,10000000
224.28,3.271,10000000
224.29,3.095,10000000
224.3,3.007,10000000
224.31,3.007,10000000
224.32,3.051,10000000
224.33,3.051,10000000
224.34,3.051,10000000
224.35,2.92,10000000
224.36,3.051,10000000
224.37,3.095,10000000
224.38,3.139,10000000
224.39,2.876,10000000
224.4,3.007,10000000
224.41,3.051,10000000
224.42,2.964,10000000
224.43,3.051,10000000
224.44,2.964,10000000
224.45,2.92,10000000
224.46,3.051,10000000
224.47,3.051,10000000
224.48,2.92,10000000
224.49,3.095,10000000
224.5,3.051,10000000
224.51,3.007,10000000
224.52,3.051,10000000
224.53,2.92,10000000
224.54,3.095,10000000
224.55,3.095,10000000
224.56,3.095,10000000
224.57,3.051,10000000
224.58,3.183,10000000
224.59,3.051,10000000
224.6,3.095,10000000
224.61,3.139,10000000
224.62,3.095,10000000
224.63,3.139,10000000
224.64,3.095,10000000
224.65,3.183,10000000
224.66,3.095,10000000
224.67,3.007,10000000
224.68,3.007,10000000
224.69,3.007,10000000
224.7,2.964,10000000
224.71,2.964,10000000
224.72,3.051,10000000
224.73,3.007,10000000
224.74,2.92,10000000
224.75,2.964,10000000
224.76,3.051,10000000
224.77,3.139,10000000
224.78,3.007,10000000
224.79,3.007,10000000
224.8,3.095,10000000
224.81,3.007,10000000
224.82,3.139,10000000
224.83,3.095,10000000
224.84,3.095,10000000
224.85,3.007,10000000
224.86,3.095,10000000
224.87,3.051,10000000
224.88,3.051,10000000
224.89,3.051,10000000
224.9,3.051,10000000
224.91,3.139,10000000
224.92,3.007,10000000
224.93,3.051,10000000
224.94,3.095,10000000
224.95,3.139,10000000
224.96,3.051,10000000
224.97,3.095,10000000
224.98,3.095,10000000
224.99,3.007,10000000
225,3.007,10000000
225.01,3.051,10000000
225.02,3.095,10000000
225.03,3.051,10000000
225.04,3.183,10000000
225.05,3.095,10000000
225.06,3.051,10000000
225.07,3.095,10000000
225.08,3.007,10000000
225.09,2.964,10000000
225.1,2.92,10000000
225.11,3.007,10000000
225.12,3.007,10000000
225.13,3.051,10000000
225.14,3.007,10000000
225.15,3.051,10000000
225.16,3.139,10000000
225.17,2.964,10000000
225.18,2.832,10000000
225.19,3.051,10000000
225.2,3.095,10000000
225.21,2.876,10000000
225.22,3.227,10000000
225.23,3.051,10000000
225.24,2.92,10000000
225.25,3.227,10000000
225.26,3.095,10000000
225.27,3.007,10000000
225.28,2.92,10000000
225.29,3.007,10000000
225.3,2.92,10000000
225.31,2.964,10000000
225.32,3.007,10000000
225.33,3.095,10000000
225.34,2.876,10000000
225.35,3.007,10000000
225.36,2.964,10000000
225.37,3.139,10000000
225.38,3.007,10000000
225.39,3.007,10000000
225.4,3.095,10000000
225.41,2.92,10000000
225.42,2.964,10000000
225.43,3.007,10000000
225.44,3.007,10000000
225.45,3.007,10000000
225.46,2.92,10000000
225.47,3.007,10000000
225.48,3.095,10000000
225.49,3.139,10000000
225.5,2.964,10000000
225.51,3.007,10000000
225.52,2.964,10000000
225.53,3.139,10000000
225.54,3.139,10000000
225.55,3.315,10000000
225.56,3.007,10000000
225.57,3.007,10000000
225.58,3.051,10000000
225.59,3.007,10000000
225.6,3.051,10000000
225.61,3.139,10000000
225.62,3.007,10000000
225.63,2.92,10000000
225.64,2.92,10000000
225.65,3.007,10000000
225.66,2.964,10000000
225.67,3.007,10000000
225.68,3.139,10000000
225.69,2.92,10000000
225.7,3.051,10000000
225.71,3.095,10000000
225.72,2.964,10000000
225.73,3.139,10000000
225.74,3.139,10000000
225.75,2.964,10000000
225.76,3.007,10000000
225.77,3.051,10000000
225.78,3.051,10000000
225.79,3.139,10000000
225.8,3.051,10000000
225.81,2.964,10000000
225.82,2.964,10000000
225.83,3.051,10000000
225.84,3.095,10000000
225.85,3.139,10000000
225.86,3.139,10000000
225.87,3.051,10000000
225.88,2.964,10000000
225.89,3.095,10000000
225.9,2.964,10000000
225.91,3.051,10000000
225.92,3.051,10000000
225.93,2.964,10000000
225.94,2.964,10000000
225.95,3.095,10000000
225.96,2.964,10000000
225.97,3.007,10000000
225.98,3.095,10000000
225.99,3.051,10000000
226,3.139,10000000
226.01,3.139,10000000
226.02,3.139,10000000
226.03,2.92,10000000
226.04,3.007,10000000
226.05,3.095,10000000
226.06,3.007,10000000
226.07,2.964,10000000
226.08,2.92,10000000
226.09,3.139,10000000
226.1,3.139,10000000
226.11,2.876,10000000
226.12,3.007,10000000
226.13,3.227,10000000
226.14,3.139,10000000
226.15,2.964,10000000
226.16,3.227,10000000
226.17,3.095,10000000
226.18,3.007,10000000
226.19,3.051,10000000
226.2,3.051,10000000
226.21,3.051,10000000
226.22,3.095,10000000
226.23,3.095,10000000
226.24,3.183,10000000
226.25,3.095,10000000
226.26,2.876,10000000
226.27,2.92,10000000
226.28,3.007,10000000
226.29,3.007,10000000
226.3,3.095,10000000
226.31,3.183,10000000
226.32,3.051,10000000
226.33,3.095,10000000
226.34,3.051,10000000
226.35,3.183,10000000
226.36,3.095,10000000
226.37,3.183,10000000
226.38,3.051,10000000
226.39,3.095,10000000
226.4,2.964,10000000
226.41,3.051,10000000
226.42,3.007,10000000
226.43,2.832,10000000
226.44,3.007,10000000
226.45,3.051,10000000
226.46,3.051,10000000
226.47,2.832,10000000
226.48,2.876,10000000
226.49,2.964,10000000
226.5,3.051,10000000
226.51,2.832,10000000
226.52,2.964,10000000
226.53,3.095,10000000
226.54,2.964,10000000
226.55,3.007,10000000
226.56,3.139,10000000
226.57,3.139,10000000
226.58,3.095,10000000
226.59,3.051,10000000
226.6,2.92,10000000
226.61,2.876,10000000
226.62,2.964,10000000
226.63,2.964,10000000
226.64,3.051,10000000
226.65,2.964,10000000
226.66,3.139,10000000
226.67,3.051,10000000
226.68,3.183,10000000
226.69,3.095,10000000
226.7,3.051,10000000
226.71,3.139,10000000
226.72,3.051,10000000
226.73,3.095,10000000
226.74,3.139,10000000
226.75,3.139,10000000
226.76,3.139,10000000
226.77,3.095,10000000
226.78,3.139,10000000
226.79,3.139,10000000
226.8,3.095,10000000
226.81,3.051,10000000
226.82,3.139,10000000
226.83,2.92,10000000
226.84,3.051,10000000
226.85,2.964,10000000
226.86,2.964,10000000
226.87,3.139,10000000
226.88,3.051,10000000
226.89,3.271,10000000
226.9,3.051,10000000
226.91,3.139,10000000
226.92,3.139,10000000
226.93,3.095,10000000
226.94,3.139,10000000
226.95,3.139,10000000
226.96,3.051,10000000
226.97,3.007,10000000
226.98,3.095,10000000
226.99,3.051,10000000
227,2.92,10000000
227.01,3.007,10000000
227.02,3.007,10000000
227.03,2.964,10000000
227.04,2.964,10000000
227.05,3.139,10000000
227.06,3.139,10000000
227.07,2.964,10000000
227.08,3.051,10000000
227.09,3.051,10000000
227.1,2.92,10000000
227.11,2.92,10000000
227.12,2.92,10000000
227.13,2.964,10000000
227.14,3.007,10000000
227.15,3.051,10000000
227.16,3.051,10000000
227.17,3.139,10000000
227.18,3.095,10000000
227.19,3.227,10000000
227.2,3.007,10000000
227.21,3.007,10000000
227.22,3.139,10000000
227.23,3.095,10000000
227.24,3.051,10000000
227.25,2.964,10000000
227.26,3.139,10000000
227.27,3.051,10000000
227.28,3.051,10000000
227.29,3.051,10000000
227.3,3.051,10000000
227.31,3.051,10000000
227.32,2.92,10000000
227.33,3.051,10000000
227.34,3.007,10000000
227.35,2.964,10000000
227.36,3.051,10000000
227.37,2.964,10000000
227.38,3.007,10000000
227.39,3.139,10000000
227.4,2.92,10000000
227.41,3.095,10000000
227.42,3.007,10000000
227.43,2.92,10000000
227.44,3.051,10000000
227.45,3.051,10000000
227.46,3.183,10000000
227.47,2.964,10000000
227.48,3.051,10000000
227.49,3.139,10000000
227.5,3.095,10000000
227.51,2.964,10000000
227.52,2.964,10000000
227.53,3.095,10000000
227.54,2.92,10000000
227.55,2.832,10000000
227.56,3.007,10000000
227.57,3.007,10000000
227.58,3.007,10000000
227.59,3.139,10000000
227.6,3.095,10000000
227.61,2.964,10000000
227.62,2.964,10000000
227.63,3.183,10000000
227.64,3.051,10000000
227.65,3.051,10000000
227.66,3.007,10000000
227.67,3.051,10000000
227.68,3.095,10000000
227.69,2.964,10000000
227.7,3.007,10000000
227.71,3.183,10000000
227.72,3.007,10000000
227.73,2.832,10000000
227.74,3.095,10000000
227.75,2.964,10000000
227.76,2.92,10000000
227.77,2.92,10000000
227.78,2.964,10000000
227.79,2.92,10000000
227.8,3.007,10000000
227.81,3.051,10000000
227.82,3.051,10000000
227.83,2.92,10000000
227.84,2.92,10000000
227.85,2.832,10000000
227.86,3.095,10000000
227.87,3.139,10000000
227.88,3.271,10000000
227.89,3.183,10000000
227.9,3.139,10000000
227.91,3.095,10000000
227.92,3.095,10000000
227.93,3.183,10000000
227.94,3.139,10000000
227.95,3.139,10000000
227.96,3.051,10000000
227.97,3.051,10000000
227.98,3.051,10000000
227.99,3.051,10000000
228,3.139,10000000
228.01,3.007,10000000
228.02,3.139,10000000
228.03,3.051,10000000
228.04,2.832,10000000
228.05,3.051,10000000
228.06,3.051,10000000
228.07,2.964,10000000
228.08,3.007,10000000
228.09,3.007,10000000
228.1,3.139,10000000
228.11,3.139,10000000
228.12,3.139,10000000
228.13,2.964,10000000
228.14,3.095,10000000
228.15,2.92,10000000
228.16,3.051,10000000
228.17,2.92,10000000
228.18,3.007,10000000
228.19,3.095,10000000
228.2,2.964,10000000
228.21,2.876,10000000
228.22,3.007,10000000
228.23,3.007,10000000
228.24,3.051,10000000
228.25,3.007,10000000
228.26,3.051,10000000
228.27,2.964,10000000
228.28,3.051,10000000
228.29,3.139,10000000
228.3,3.007,10000000
228.31,3.139,10000000
228.32,3.007,10000000
228.33,3.095,10000000
228.34,3.139,10000000
228.35,2.964,10000000
228.36,3.139,10000000
228.37,3.139,10000000
228.38,3.007,10000000
228.39,3.095,10000000
228.4,3.139,10000000
228.41,3.095,10000000
228.42,3.095,10000000
228.43,3.007,10000000
228.44,3.139,10000000
228.45,2.92,10000000
228.46,2.964,10000000
228.47,3.095,10000000
228.48,3.051,10000000
228.49,3.051,10000000
228.5,3.007,10000000
228.51,2.832,10000000
228.52,2.876,10000000
228.53,2.92,10000000
228.54,3.007,10000000
228.55,3.007,10000000
228.56,3.051,10000000
228.57,3.007,10000000
228.58,3.139,10000000
228.59,3.051,10000000
228.6,3.139,10000000
228.61,3.007,10000000
228.62,3.051,10000000
228.63,3.007,10000000
228.64,3.095,10000000
228.65,3.051,10000000
228.66,3.051,10000000
228.67,3.095,10000000
228.68,3.139,10000000
228.69,2.92,10000000
228.7,2.92,10000000
228.71,3.139,10000000
228.72,3.095,10000000
228.73,3.139,10000000
228.74,3.007,10000000
228.75,3.183,10000000
228.76,3.095,10000000
228.77,2.964,10000000
228.78,3.095,10000000
228.79,3.139,10000000
228.8,3.007,10000000
228.81,3.051,10000000
228.82,3.095,10000000
228.83,3.095,10000000
228.84,2.964,10000000
228.85,2.92,10000000
228.86,2.964,10000000
228.87,2.964,10000000
228.88,3.007,10000000
228.89,3.007,10000000
228.9,3.051,10000000
228.91,3.095,10000000
228.92,3.095,10000000
228.93,3.139,10000000
228.94,3.227,10000000
228.95,3.139,10000000
228.96,3.139,10000000
228.97,3.095,10000000
228.98,3.007,10000000
228.99,3.227,10000000
229,3.139,10000000
229.01,3.007,10000000
229.02,3.139,10000000
229.03,2.92,10000000
229.04,3.007,10000000
229.05,3.007,10000000
229.06,2.92,10000000
229.07,2.964,10000000
229.08,3.007,10000000
229.09,3.095,10000000
229.1,3.139,10000000
229.11,3.139,10000000
229.12,3.007,10000000
229.13,3.095,10000000
229.14,3.183,10000000
229.15,3.007,10000000
229.16,3.051,10000000
229.17,3.095,10000000
229.18,3.227,10000000
229.19,3.183,10000000
229.2,3.051,10000000
229.21,3.139,10000000
229.22,2.964,10000000
229.23,3.139,10000000
229.24,3.007,10000000
229.25,3.007,10000000
229.26,2.964,10000000
229.27,2.92,10000000
229.28,3.139,10000000
229.29,3.139,10000000
229.3,3.095,10000000
229.31,3.051,10000000
229.32,3.051,10000000
229.33,3.183,10000000
229.34,3.051,10000000
229.35,3.007,10000000
229.36,3.007,10000000
229.37,3.095,10000000
229.38,2.964,10000000
229.39,3.051,10000000
229.4,3.007,10000000
229.41,3.183,10000000
229.42,2.964,10000000
229.43,3.051,10000000
229.44,3.007,10000000
229.45,3.095,10000000
229.46,3.139,10000000
229.47,3.007,10000000
229.48,3.007,10000000
229.49,3.007,10000000
229.5,2.964,10000000
229.51,2.964,10000000
229.52,3.183,10000000
229.53,3.095,10000000
229.54,3.007,10000000
229.55,3.051,10000000
229.56,3.139,10000000
229.57,3.095,10000000
229.58,3.051,10000000
229.59,3.095,10000000
229.6,3.139,10000000
229.61,3.095,10000000
229.62,3.139,10000000
229.63,3.095,10000000
229.64,3.271,10000000
229.65,3.095,10000000
229.66,3.183,10000000
229.67,3.271,10000000
229.68,3.051,10000000
229.69,3.095,10000000
229.7,3.095,10000000
229.71,3.051,10000000
229.72,3.007,10000000
229.73,2.832,10000000
229.74,2.92,10000000
229.75,3.139,10000000
229.76,3.007,10000000
229.77,2.964,10000000
229.78,3.095,10000000
229.79,3.051,10000000
229.8,3.007,10000000
229.81,3.051,10000000
229.82,3.007,10000000
229.83,3.095,10000000
229.84,2.92,10000000
229.85,2.92,10000000
229.86,2.92,10000000
229.87,2.964,10000000
229.88,3.095,10000000
229.89,2.964,10000000
229.9,3.007,10000000
229.91,3.139,10000000
229.92,3.095,10000000
229.93,3.139,10000000
229.94,3.183,10000000
229.95,3.007,10000000
229.96,3.007,10000000
229.97,2.964,10000000
229.98,3.095,10000000
229.99,3.095,10000000
230,3.007,10000000
230.01,2.876,10000000
230.02,3.007,10000000
230.03,2.92,10000000
230.04,3.051,10000000
230.05,3.007,10000000
230.06,3.007,10000000
230.07,3.051,10000000
230.08,3.051,10000000
230.09,3.139,10000000
230.1,3.007,10000000
230.11,3.139,10000000
230.12,3.095,10000000
230.13,3.095,10000000
230.14,2.92,10000000
230.15,2.92,10000000
230.16,2.92,10000000
230.17,3.051,10000000
230.18,3.051,10000000
230.19,3.095,10000000
230.2,2.964,10000000
230.21,3.007,10000000
230.22,2.92,10000000
230.23,2.964,10000000
230.24,3.007,10000000
230.25,2.876,10000000
230.26,2.964,10000000
230.27,3.095,10000000
230.28,3.007,10000000
230.29,2.92,10000000
230.3,3.183,10000000
230.31,2.964,10000000
230.32,2.92,10000000
230.33,3.139,10000000
230.34,3.139,10000000
230.35,3.183,10000000
230.36,3.095,10000000
230.37,3.139,10000000
230.38,3.095,10000000
230.39,3.315,10000000
230.4,3.359,10000000
230.41,3.139,10000000
230.42,3.007,10000000
230.43,3.095,10000000
230.44,3.095,10000000
230.45,3.139,10000000
230.46,2.92,10000000
230.47,3.007,10000000
230.48,2.964,10000000
230.49,3.007,10000000
230.5,2.876,10000000
230.51,2.964,10000000
230.52,2.788,10000000
230.53,3.139,10000000
230.54,3.139,10000000
230.55,3.139,10000000
230.56,3.095,10000000
230.57,3.007,10000000
230.58,3.139,10000000
230.59,3.007,10000000
230.6,2.964,10000000
230.61,3.139,10000000
230.62,3.007,10000000
230.63,2.92,10000000
230.64,2.92,10000000
230.65,3.051,10000000
230.66,3.007,10000000
230.67,3.007,10000000
230.68,3.139,10000000
230.69,2.92,10000000
230.7,3.051,10000000
230.71,3.183,10000000
230.72,3.007,10000000
230.73,3.051,10000000
230.74,3.139,10000000
230.75,3.139,10000000
230.76,3.227,10000000
230.77,2.92,10000000
230.78,3.095,10000000
230.79,3.095,10000000
230.8,3.051,10000000
230.81,3.139,10000000
230.82,3.139,10000000
230.83,3.095,10000000
230.84,3.007,10000000
230.85,3.051,10000000
230.86,3.051,10000000
230.87,3.007,10000000
230.88,3.007,10000000
230.89,3.007,10000000
230.9,2.788,10000000
230.91,2.92,10000000
230.92,2.964,10000000
230.93,2.832,10000000
230.94,2.92,10000000
230.95,3.007,10000000
230.96,3.095,10000000
230.97,3.139,10000000
230.98,3.139,10000000
230.99,2.964,10000000
231,3.007,10000000
231.01,3.007,10000000
231.02,2.92,10000000
231.03,3.139,10000000
231.04,3.051,10000000
231.05,3.007,10000000
231.06,2.92,10000000
231.07,3.095,10000000
231.08,3.095,10000000
231.09,3.227,10000000
231.1,3.139,10000000
231.11,3.095,10000000
231.12,3.051,10000000
231.13,3.139,10000000
231.14,3.007,10000000
231.15,3.007,10000000
231.16,2.964,10000000
231.17,3.095,10000000
231.18,3.139,10000000
231.19,3.095,10000000
231.2,2.876,10000000
231.21,3.095,10000000
231.22,3.139,10000000
231.23,3.139,10000000
231.24,3.007,10000000
231.25,3.051,10000000
231.26,3.227,10000000
231.27,3.051,10000000
231.28,2.92,10000000
231.29,3.095,10000000
231.3,3.051,10000000
231.31,2.964,10000000
231.32,3.007,10000000
231.33,2.832,10000000
231.34,2.832,10000000
231.35,2.92,10000000
231.36,2.92,10000000
231.37,3.051,10000000
231.38,3.051,10000000
231.39,2.876,10000000
231.4,3.139,10000000
231.41,3.007,10000000
231.42,3.095,10000000
231.43,3.051,10000000
231.44,2.964,10000000
231.45,3.227,10000000
231.46,3.051,10000000
231.47,2.964,10000000
231.48,2.964,10000000
231.49,3.051,10000000
231.5,3.095,10000000
231.51,2.832,10000000
231.52,2.92,10000000
231.53,2.832,10000000
231.54,3.051,10000000
231.55,2.92,10000000
231.56,2.876,10000000
231.57,3.051,10000000
231.58,3.051,10000000
231.59,2.92,10000000
231.6,2.964,10000000
231.61,3.007,10000000
231.62,3.095,10000000
231.63,3.139,10000000
231.64,3.139,10000000
231.65,3.051,10000000
231.66,3.183,10000000
231.67,3.051,10000000
231.68,3.139,10000000
231.69,3.051,10000000
231.7,2.964,10000000
231.71,3.007,10000000
231.72,3.007,10000000
231.73,3.051,10000000
231.74,3.139,10000000
231.75,3.139,10000000
231.76,3.051,10000000
231.77,3.095,10000000
231.78,2.964,10000000
231.79,3.183,10000000
231.8,2.92,10000000
231.81,3.051,10000000
231.82,2.92,10000000
231.83,3.095,10000000
231.84,3.095,10000000
231.85,3.007,10000000
231.86,3.139,10000000
231.87,3.095,10000000
231.88,3.095,10000000
231.89,3.095,10000000
231.9,3.007,10000000
231.91,3.007,10000000
231.92,3.139,10000000
231.93,3.095,10000000
231.94,3.007,10000000
231.95,3.051,10000000
231.96,3.051,10000000
231.97,3.095,10000000
231.98,2.92,10000000
231.99,2.876,10000000
232,3.139,10000000
232.01,3.095,10000000
232.02,3.095,10000000
232.03,3.139,10000000
232.04,3.007,10000000
232.05,3.051,10000000
232.06,3.139,10000000
232.07,2.964,10000000
232.08,3.139,10000000
232.09,2.788,10000000
232.1,2.964,10000000
232.11,2.964,10000000
232.12,2.92,10000000
232.13,2.92,10000000
232.14,3.007,10000000
232.15,2.92,10000000
232.16,2.832,10000000
232.17,2.92,10000000
232.18,2.964,10000000
232.19,2.92,10000000
232.2,3.051,10000000
232.21,3.007,10000000
232.22,2.92,10000000
232.23,3.139,10000000
232.24,2.92,10000000
232.25,3.051,10000000
232.26,2.92,10000000
232.27,2.964,10000000
232.28,3.051,10000000
232.29,3.139,10000000
232.3,3.007,10000000
232.31,3.095,10000000
232.32,3.051,10000000
232.33,2.92,10000000
232.34,2.744,10000000
232.35,3.007,10000000
232.36,2.92,10000000
232.37,3.095,10000000
232.38,3.095,10000000
232.39,3.183,10000000
232.4,3.183,10000000
232.41,3.271,10000000
232.42,3.095,10000000
232.43,3.051,10000000
232.44,3.095,10000000
232.45,3.007,10000000
232.46,2.964,10000000
232.47,3.095,10000000
232.48,3.007,10000000
232.49,3.051,10000000
232.5,2.788,10000000
232.51,3.007,10000000
232.52,2.876,10000000
232.53,3.139,10000000
232.54,3.139,10000000
232.55,3.051,10000000
232.56,3.227,10000000
232.57,2.964,10000000
232.58,2.92,10000000
232.59,2.92,10000000
232.6,3.007,10000000
232.61,3.051,10000000
232.62,3.007,10000000
232.63,3.095,10000000
232.64,3.095,10000000
232.65,3.095,10000000
232.66,3.139,10000000
232.67,3.095,10000000
232.68,3.139,10000000
232.69,3.051,10000000
232.7,3.051,10000000
232.71,3.095,10000000
232.72,2.964,10000000
232.73,3.139,10000000
232.74,3.007,10000000
232.75,3.007,10000000
232.76,3.183,10000000
232.77,3.007,10000000
232.78,2.964,10000000
232.79,2.92,10000000
232.8,3.139,10000000
232.81,3.007,10000000
232.82,3.139,10000000
232.83,3.139,10000000
232.84,3.139,10000000
232.85,3.183,10000000
232.86,3.095,10000000
232.87,3.051,10000000
232.88,3.095,10000000
232.89,3.007,10000000
232.9,2.964,10000000
232.91,2.92,10000000
232.92,3.095,10000000
232.93,3.095,10000000
232.94,3.095,10000000
232.95,3.227,10000000
232.96,2.964,10000000
232.97,3.139,10000000
232.98,3.139,10000000
232.99,3.051,10000000
233,2.964,10000000
233.01,3.139,10000000
233.02,3.095,10000000
233.03,3.139,10000000
233.04,3.007,10000000
233.05,3.051,10000000
233.06,3.095,10000000
233.07,3.007,10000000
233.08,2.92,10000000
233.09,3.007,10000000
233.1,2.964,10000000
233.11,3.007,10000000
233.12,3.007,10000000
233.13,3.139,10000000
233.14,3.051,10000000
233.15,3.095,10000000
233.16,3.095,10000000
233.17,3.271,10000000
233.18,3.095,10000000
233.19,3.227,10000000
233.2,3.139,10000000
233.21,2.964,10000000
233.22,3.007,10000000
233.23,3.007,10000000
233.24,2.964,10000000
233.25,3.007,10000000
233.26,3.007,10000000
233.27,3.227,10000000
233.28,3.139,10000000
233.29,3.051,10000000
233.3,3.051,10000000
233.31,2.964,10000000
233.32,2.964,10000000
233.33,3.007,10000000
233.34,3.007,10000000
233.35,3.139,10000000
233.36,3.007,10000000
233.37,2.964,10000000
233.38,3.051,10000000
233.39,3.139,10000000
233.4,2.964,10000000
233.41,2.964,10000000
233.42,3.007,10000000
233.43,3.007,10000000
233.44,3.051,10000000
233.45,3.007,10000000
233.46,3.139,10000000
233.47,2.876,10000000
233.48,2.964,10000000
233.49,2.964,10000000
233.5,3.007,10000000
233.51,3.051,10000000
233.52,3.139,10000000
233.53,2.964,10000000
233.54,3.007,10000000
233.55,3.051,10000000
233.56,2.92,10000000
233.57,3.183,10000000
233.58,3.051,10000000
233.59,3.051,10000000
233.6,2.92,10000000
233.61,3.007,10000000
233.62,3.007,10000000
233.63,3.139,10000000
233.64,3.095,10000000
233.65,3.139,10000000
233.66,2.92,10000000
233.67,3.007,10000000
233.68,3.095,10000000
233.69,3.095,10000000
233.7,3.139,10000000
233.71,3.051,10000000
233.72,2.744,10000000
233.73,2.964,10000000
233.74,2.832,10000000
233.75,2.964,10000000
233.76,2.964,10000000
233.77,2.92,10000000
233.78,3.051,10000000
233.79,2.92,10000000
233.8,3.183,10000000
233.81,2.964,10000000
233.82,3.007,10000000
233.83,3.007,10000000
233.84,3.095,10000000
233.85,3.007,10000000
233.86,3.183,10000000
233.87,3.227,10000000
233.88,3.139,10000000
233.89,3.095,10000000
233.9,2.964,10000000
233.91,3.007,10000000
233.92,2.964,10000000
233.93,2.964,10000000
233.94,3.095,10000000
233.95,3.139,10000000
233.96,3.007,10000000
233.97,3.139,10000000
233.98,3.051,10000000
233.99,3.139,10000000
234,3.139,10000000
234.01,3.095,10000000
234.02,3.051,10000000
234.03,3.139,10000000
234.04,3.139,10000000
234.05,3.051,10000000
234.06,3.095,10000000
234.07,3.007,10000000
234.08,2.964,10000000
234.09,3.007,10000000
234.1,2.92,10000000
234.11,3.095,10000000
234.12,3.051,10000000
234.13,2.92,10000000
234.14,3.007,10000000
234.15,2.964,10000000
234.16,3.007,10000000
234.17,3.139,10000000
234.18,2.92,10000000
234.19,3.095,10000000
234.2,3.183,10000000
234.21,3.051,10000000
234.22,3.139,10000000
234.23,3.007,10000000
234.24,3.095,10000000
234.25,3.007,10000000
234.26,3.007,10000000
234.27,3.007,10000000
234.28,2.92,10000000
234.29,3.007,10000000
234.3,2.964,10000000
234.31,3.095,10000000
234.32,3.007,10000000
234.33,3.007,10000000
234.34,3.095,10000000
234.35,3.139,10000000
234.36,3.051,10000000
234.37,3.095,10000000
234.38,3.007,10000000
234.39,3.007,10000000
234.4,3.139,10000000
234.41,3.095,10000000
234.42,2.964,10000000
234.43,3.007,10000000
234.44,3.139,10000000
234.45,3.183,10000000
234.46,2.92,10000000
234.47,2.92,10000000
234.48,2.92,10000000
234.49,2.964,10000000
234.5,3.007,10000000
234.51,2.92,10000000
234.52,3.007,10000000
234.53,2.876,10000000
234.54,2.876,10000000
234.55,3.007,10000000
234.56,3.139,10000000
234.57,3.007,10000000
234.58,3.095,10000000
234.59,2.964,10000000
234.6,3.007,10000000
234.61,3.007,10000000
234.62,3.051,10000000
234.63,3.139,10000000
234.64,3.139,10000000
234.65,3.139,10000000
234.66,3.007,10000000
234.67,3.183,10000000
234.68,3.051,10000000
234.69,3.095,10000000
234.7,3.183,10000000
234.71,3.051,10000000
234.72,3.095,10000000
234.73,3.007,10000000
234.74,3.051,10000000
234.75,2.964,10000000
234.76,2.92,10000000
234.77,2.964,10000000
234.78,3.007,10000000
234.79,2.92,10000000
234.8,3.139,10000000
234.81,3.095,10000000
234.82,3.051,10000000
234.83,2.92,10000000
234.84,2.92,10000000
234.85,2.92,10000000
234.86,2.964,10000000
234.87,2.92,10000000
234.88,3.139,10000000
234.89,3.095,10000000
234.9,3.051,10000000
234.91,3.139,10000000
234.92,3.095,10000000
234.93,3.051,10000000
234.94,3.139,10000000
234.95,2.964,10000000
234.96,3.051,10000000
234.97,3.095,10000000
234.98,3.139,10000000
234.99,2.92,10000000
235,3.051,10000000
235.01,3.139,10000000
235.02,3.315,10000000
235.03,3.051,10000000
235.04,3.095,10000000
235.05,3.139,10000000
235.06,3.139,10000000
235.07,2.92,10000000
235.08,3.095,10000000
235.09,3.051,10000000
235.1,2.832,10000000
235.11,3.095,10000000
235.12,2.964,10000000
235.13,2.92,10000000
235.14,2.92,10000000
235.15,3.007,10000000
235.16,3.051,10000000
235.17,2.876,10000000
235.18,3.095,10000000
235.19,2.964,10000000
235.2,3.095,10000000
235.21,3.139,10000000
235.22,3.095,10000000
235.23,3.007,10000000
235.24,3.183,10000000
235.25,3.095,10000000
235.26,3.095,10000000
235.27,3.139,10000000
235.28,2.964,10000000
235.29,3.051,10000000
235.3,3.183,10000000
235.31,3.139,10000000
235.32,3.095,10000000
235.33,3.007,10000000
235.34,2.92,10000000
235.35,3.139,10000000
235.36,3.007,10000000
235.37,2.92,10000000
235.38,3.007,10000000
235.39,3.007,10000000
235.4,2.964,10000000
235.41,2.92,10000000
235.42,2.964,10000000
235.43,3.139,10000000
235.44,3.139,10000000
235.45,2.964,10000000
235.46,2.832,10000000
235.47,2.92,10000000
235.48,2.92,10000000
235.49,2.92,10000000
235.5,3.007,10000000
235.51,2.92,10000000
235.52,3.051,10000000
235.53,2.92,10000000
235.54,2.832,10000000
235.55,2.964,10000000
235.56,3.095,10000000
235.57,3.095,10000000
235.58,3.051,10000000
235.59,3.007,10000000
235.6,3.139,10000000
235.61,2.92,10000000
235.62,3.051,10000000
235.63,3.007,10000000
235.64,3.051,10000000
235.65,3.007,10000000
235.66,3.095,10000000
235.67,2.964,10000000
235.68,3.227,10000000
235.69,3.095,10000000
235.7,3.139,10000000
235.71,2.964,10000000
235.72,3.007,10000000
235.73,3.139,10000000
235.74,3.095,10000000
235.75,3.227,10000000
235.76,3.183,10000000
235.77,3.139,10000000
235.78,3.007,10000000
235.79,3.227,10000000
235.8,3.051,10000000
235.81,3.139,10000000
235.82,3.007,10000000
235.83,2.92,10000000
235.84,3.095,10000000
235.85,3.051,10000000
235.86,2.92,10000000
235.87,2.92,10000000
235.88,2.964,10000000
235.89,2.964,10000000
235.9,2.964,10000000
235.91,2.964,10000000
235.92,2.964,10000000
235.93,3.007,10000000
235.94,3.095,10000000
235.95,3.051,10000000
235.96,3.051,10000000
235.97,3.139,10000000
235.98,3.007,10000000
235.99,3.139,10000000
236,2.964,10000000
236.01,2.92,10000000
236.02,2.92,10000000
236.03,3.139,10000000
236.04,3.139,10000000
236.05,3.139,10000000
236.06,3.139,10000000
236.07,3.139,10000000
236.08,3.051,10000000
236.09,2.964,10000000
236.1,2.964,10000000
236.11,3.095,10000000
236.12,3.227,10000000
236.13,3.051,10000000
236.14,3.007,10000000
236.15,3.051,10000000
236.16,3.051,10000000
236.17,2.744,10000000
236.18,2.964,10000000
236.19,3.007,10000000
236.2,3.051,10000000
236.21,3.051,10000000
236.22,3.007,10000000
236.23,3.139,10000000
236.24,3.007,10000000
236.25,3.051,10000000
236.26,2.92,10000000
236.27,3.007,10000000
236.28,3.007,10000000
236.29,3.007,10000000
236.3,3.007,10000000
236.31,3.007,10000000
236.32,3.139,10000000
236.33,2.832,10000000
236.34,2.964,10000000
236.35,2.964,10000000
236.36,3.051,10000000
236.37,3.139,10000000
236.38,3.051,10000000
236.39,2.92,10000000
236.4,3.139,10000000
236.41,3.051,10000000
236.42,2.964,10000000
236.43,3.007,10000000
236.44,3.007,10000000
236.45,2.92,10000000
236.46,3.139,10000000
236.47,3.051,10000000
236.48,3.007,10000000
236.49,3.051,10000000
236.5,3.007,10000000
236.51,3.051,10000000
236.52,2.964,10000000
236.53,2.964,10000000
236.54,3.051,10000000
236.55,2.964,10000000
236.56,3.095,10000000
236.57,3.139,10000000
236.58,3.139,10000000
236.59,3.051,10000000
236.6,3.139,10000000
236.61,3.051,10000000
236.62,3.007,10000000
236.63,3.051,10000000
236.64,3.139,10000000
236.65,3.139,10000000
236.66,2.92,10000000
236.67,3.095,10000000
236.68,3.007,10000000
236.69,3.007,10000000
236.7,2.92,10000000
236.71,3.007,10000000
236.72,3.095,10000000
236.73,3.007,10000000
236.74,3.051,10000000
236.75,2.876,10000000
236.76,3.051,10000000
236.77,3.051,10000000
236.78,2.964,10000000
236.79,3.051,10000000
236.8,3.007,10000000
236.81,3.007,10000000
236.82,3.139,10000000
236.83,2.964,10000000
236.84,3.051,10000000
236.85,3.095,10000000
236.86,3.095,10000000
236.87,2.876,10000000
236.88,3.051,10000000
236.89,3.139,10000000
236.9,3.051,10000000
236.91,3.227,10000000
236.92,3.183,10000000
236.93,2.964,10000000
236.94,2.964,10000000
236.95,3.051,10000000
236.96,3.007,10000000
236.97,3.095,10000000
236.98,3.051,10000000
236.99,3.051,10000000
237,3.051,10000000
237.01,3.095,10000000
237.02,3.095,10000000
237.03,2.964,10000000
237.04,3.139,10000000
237.05,3.051,10000000
237.06,3.139,10000000
237.07,3.051,10000000
237.08,3.051,10000000
237.09,2.92,10000000
237.1,3.139,10000000
237.11,3.095,10000000
237.12,3.139,10000000
237.13,3.051,10000000
237.14,3.007,10000000
237.15,3.183,10000000
237.16,2.92,10000000
237.17,2.92,10000000
237.18,3.051,10000000
237.19,3.051,10000000
237.2,3.007,10000000
237.21,3.051,10000000
237.22,2.832,10000000
237.23,3.007,10000000
237.24,2.876,10000000
237.25,3.051,10000000
237.26,3.007,10000000
237.27,2.964,10000000
237.28,3.007,10000000
237.29,2.964,10000000
237.3,3.139,10000000
237.31,3.095,10000000
237.32,3.095,10000000
237.33,3.095,10000000
237.34,2.92,10000000
237.35,2.92,10000000
237.36,3.095,10000000
237.37,3.095,10000000
237.38,3.095,10000000
237.39,3.051,10000000
237.4,3.007,10000000
237.41,3.007,10000000
237.42,2.92,10000000
237.43,3.007,10000000
237.44,3.007,10000000
237.45,3.139,10000000
237.46,3.183,10000000
237.47,3.095,10000000
237.48,3.007,10000000
237.49,3.095,10000000
237.5,3.095,10000000
237.51,3.051,10000000
237.52,2.964,10000000
237.53,3.051,10000000
237.54,2.876,10000000
237.55,3.007,10000000
237.56,2.964,10000000
237.57,2.92,10000000
237.58,3.007,10000000
237.59,3.095,10000000
237.6,2.964,10000000
237.61,3.095,10000000
237.62,3.139,10000000
237.63,2.92,10000000
237.64,2.92,10000000
237.65,3.139,10000000
237.66,2.92,10000000
237.67,2.92,10000000
237.68,3.051,10000000
237.69,2.832,10000000
237.7,2.964,10000000
237.71,3.139,10000000
237.72,3.051,10000000
237.73,3.227,10000000
237.74,3.095,10000000
237.75,3.051,10000000
237.76,3.095,10000000
237.77,3.095,10000000
237.78,3.227,10000000
237.79,3.183,10000000
237.8,3.007,10000000
237.81,3.095,10000000
237.82,2.964,10000000
237.83,3.139,10000000
237.84,3.139,10000000
237.85,3.007,10000000
237.86,3.227,10000000
237.87,3.095,10000000
237.88,3.051,10000000
237.89,2.964,10000000
237.9,3.095,10000000
237.91,2.964,10000000
237.92,2.92,10000000
237.93,2.92,10000000
237.94,3.139,10000000
237.95,3.051,10000000
237.96,2.964,10000000
237.97,3.051,10000000
237.98,2.964,10000000
237.99,3.007,10000000
238,2.92,10000000
238.01,3.139,10000000
238.02,2.92,10000000
238.03,3.051,10000000
238.04,2.832,10000000
238.05,3.095,10000000
238.06,2.92,10000000
238.07,3.227,10000000
238.08,3.095,10000000
238.09,2.964,10000000
238.1,3.139,10000000
238.11,3.095,10000000
238.12,3.139,10000000
238.13,3.139,10000000
238.14,3.139,10000000
238.15,3.007,10000000
238.16,3.183,10000000
238.17,3.007,10000000
238.18,2.964,10000000
238.19,2.964,10000000
238.2,2.964,10000000
238.21,3.007,10000000
238.22,3.007,10000000
238.23,3.095,10000000
238.24,3.139,10000000
238.25,2.964,10000000
238.26,3.051,10000000
238.27,3.139,10000000
238.28,3.051,10000000
238.29,3.051,10000000
238.3,3.051,10000000
238.31,3.007,10000000
238.32,3.007,10000000
238.33,3.139,10000000
238.34,3.139,10000000
238.35,3.183,10000000
238.36,3.007,10000000
238.37,3.183,10000000
238.38,3.183,10000000
238.39,3.095,10000000
238.4,3.139,10000000
238.41,3.007,10000000
238.42,2.964,10000000
238.43,3.051,10000000
238.44,3.007,10000000
238.45,3.139,10000000
238.46,3.139,10000000
238.47,3.139,10000000
238.48,3.139,10000000
238.49,3.183,10000000
238.5,3.139,10000000
238.51,3.095,10000000
238.52,3.139,10000000
238.53,3.095,10000000
238.54,3.095,10000000
238.55,3.139,10000000
238.56,2.964,10000000
238.57,3.095,10000000
238.58,3.139,10000000
238.59,3.051,10000000
238.6,2.832,10000000
238.61,2.92,10000000
238.62,2.92,10000000
238.63,2.92,10000000
238.64,3.051,10000000
238.65,3.051,10000000
238.66,3.095,10000000
238.67,3.051,10000000
238.68,3.051,10000000
238.69,3.051,10000000
238.7,3.227,10000000
238.71,2.964,10000000
238.72,3.139,10000000
238.73,3.007,10000000
238.74,3.095,10000000
238.75,2.92,10000000
238.76,2.92,10000000
238.77,3.095,10000000
238.78,3.051,10000000
238.79,3.227,10000000
238.8,2.92,10000000
238.81,3.007,10000000
238.82,3.007,10000000
238.83,3.007,10000000
238.84,3.007,10000000
238.85,3.007,10000000
238.86,3.139,10000000
238.87,3.007,10000000
238.88,3.095,10000000
238.89,3.095,10000000
238.9,3.139,10000000
238.91,3.051,10000000
238.92,2.92,10000000
238.93,2.964,10000000
238.94,3.095,10000000
238.95,3.007,10000000
238.96,2.964,10000000
238.97,3.007,10000000
238.98,3.139,10000000
238.99,2.92,10000000
239,3.007,10000000
239.01,3.139,10000000
239.02,3.139,10000000
239.03,3.051,10000000
239.04,3.183,10000000
239.05,3.139,10000000
239.06,3.095,10000000
239.07,2.964,10000000
239.08,2.964,10000000
239.09,3.007,10000000
239.1,3.051,10000000
239.11,3.007,10000000
239.12,3.051,10000000
239.13,3.051,10000000
239.14,3.139,10000000
239.15,2.964,10000000
239.16,3.051,10000000
239.17,2.964,10000000
239.18,3.051,10000000
239.19,3.139,10000000
239.2,2.964,10000000
239.21,3.051,10000000
239.22,3.051,10000000
239.23,3.139,10000000
239.24,2.964,10000000
239.25,3.183,10000000
239.26,3.095,10000000
239.27,3.139,10000000
239.28,3.095,10000000
239.29,3.183,10000000
239.3,3.139,10000000
239.31,3.007,10000000
239.32,3.007,10000000
239.33,3.051,10000000
239.34,3.051,10000000
239.35,2.92,10000000
239.36,2.92,10000000
239.37,2.964,10000000
239.38,3.139,10000000
239.39,3.183,10000000
239.4,3.139,10000000
239.41,2.92,10000000
239.42,3.051,10000000
239.43,3.051,10000000
239.44,3.051,10000000
239.45,2.832,10000000
239.46,2.92,10000000
239.47,3.007,10000000
239.48,3.051,10000000
239.49,3.051,10000000
239.5,3.095,10000000
239.51,3.139,10000000
239.52,3.007,10000000
239.53,3.051,10000000
239.54,3.007,10000000
239.55,2.876,10000000
239.56,3.007,10000000
239.57,3.095,10000000
239.58,3.007,10000000
239.59,3.095,10000000
239.6,3.227,10000000
239.61,3.183,10000000
239.62,3.183,10000000
239.63,3.183,10000000
239.64,3.183,10000000
239.65,3.007,10000000
239.66,3.051,10000000
239.67,3.095,10000000
239.68,3.183,10000000
239.69,3.095,10000000
239.7,3.007,10000000
239.71,3.007,10000000
239.72,3.051,10000000
239.73,3.051,10000000
239.74,3.007,10000000
239.75,3.007,10000000
239.76,3.051,10000000
239.77,3.007,10000000
239.78,3.007,10000000
239.79,3.139,10000000
239.8,2.92,10000000
239.81,3.007,10000000
239.82,3.139,10000000
239.83,3.227,10000000
239.84,3.183,10000000
239.85,3.051,10000000
239.86,2.964,10000000
239.87,3.139,10000000
239.88,3.051,10000000
239.89,2.92,10000000
239.9,3.051,10000000
239.91,3.095,10000000
239.92,3.051,10000000
239.93,3.007,10000000
239.94,3.051,10000000
239.95,3.007,10000000
239.96,3.051,10000000
239.97,3.051,10000000
239.98,3.139,10000000
239.99,3.139,10000000
240,3.095,10000000
240.01,3.051,10000000
240.02,3.007,10000000
240.03,3.007,10000000
240.04,3.139,10000000
240.05,3.051,10000000
240.06,3.095,10000000
240.07,3.051,10000000
240.08,3.051,10000000
240.09,3.051,10000000
240.1,3.183,10000000
240.11,3.095,10000000
240.12,3.139,10000000
240.13,2.964,10000000
240.14,3.095,10000000
240.15,2.92,10000000
240.16,3.051,10000000
240.17,3.051,10000000
240.18,3.007,10000000
240.19,3.051,10000000
240.2,3.007,10000000
240.21,3.139,10000000
240.22,2.92,10000000
240.23,3.007,10000000
240.24,3.007,10000000
240.25,2.92,10000000
240.26,3.007,10000000
240.27,2.964,10000000
240.28,2.92,10000000
240.29,3.139,10000000
240.3,3.007,10000000
240.31,3.007,10000000
240.32,3.051,10000000
240.33,2.964,10000000
240.34,2.92,10000000
240.35,3.051,10000000
240.36,3.007,10000000
240.37,3.007,10000000
240.38,3.007,10000000
240.39,3.051,10000000
240.4,3.139,10000000
240.41,3.139,10000000
240.42,3.051,10000000
240.43,3.095,10000000
240.44,2.876,10000000
240.45,3.007,10000000
240.46,3.183,10000000
240.47,3.051,10000000
240.48,3.051,10000000
240.49,3.051,10000000
240.5,3.007,10000000
240.51,3.095,10000000
240.52,3.183,10000000
240.53,3.007,10000000
240.54,3.139,10000000
240.55,3.139,10000000
240.56,3.139,10000000
240.57,3.007,10000000
240.58,2.92,10000000
240.59,3.007,10000000
240.6,2.964,10000000
240.61,3.051,10000000
240.62,2.964,10000000
240.63,3.139,10000000
240.64,3.139,10000000
240.65,3.051,10000000
240.66,2.92,10000000
240.67,2.964,10000000
240.68,3.051,10000000
240.69,2.964,10000000
240.7,3.007,10000000
240.71,3.007,10000000
240.72,3.007,10000000
240.73,3.139,10000000
240.74,3.095,10000000
240.75,3.139,10000000
240.76,3.095,10000000
240.77,3.095,10000000
240.78,3.095,10000000
240.79,2.92,10000000
240.8,3.095,10000000
240.81,3.139,10000000
240.82,3.139,10000000
240.83,3.139,10000000
240.84,3.007,10000000
240.85,3.095,10000000
240.86,3.095,10000000
240.87,3.139,10000000
240.88,2.92,10000000
240.89,3.051,10000000
240.9,3.007,10000000
240.91,3.227,10000000
240.92,3.051,10000000
240.93,2.964,10000000
240.94,3.007,10000000
240.95,3.051,10000000
240.96,3.051,10000000
240.97,3.139,10000000
240.98,3.139,10000000
240.99,2.92,10000000
241,2.964,10000000
241.01,3.051,10000000
241.02,2.832,10000000
241.03,3.007,10000000
241.04,3.007,10000000
241.05,2.92,10000000
241.06,3.051,10000000
241.07,2.964,10000000
241.08,3.095,10000000
241.09,2.92,10000000
241.1,3.007,10000000
241.11,2.92,10000000
241.12,2.964,10000000
241.13,3.007,10000000
241.14,3.051,10000000
241.15,3.051,10000000
241.16,3.051,10000000
241.17,3.007,10000000
241.18,2.964,10000000
241.19,3.051,10000000
241.2,3.139,10000000
241.21,3.007,10000000
241.22,3.095,10000000
241.23,3.095,10000000
241.24,3.007,10000000
241.25,3.139,10000000
241.26,3.007,10000000
241.27,3.095,10000000
241.28,3.007,10000000
241.29,3.095,10000000
241.3,3.007,10000000
241.31,3.095,10000000
241.32,3.007,10000000
241.33,2.92,10000000
241.34,2.876,10000000
241.35,3.007,10000000
241.36,2.964,10000000
241.37,3.139,10000000
241.38,2.964,10000000
241.39,3.051,10000000
241.4,3.095,10000000
241.41,3.183,10000000
241.42,3.139,10000000
241.43,2.964,10000000
241.44,3.139,10000000
241.45,3.051,10000000
241.46,2.964,10000000
241.47,3.007,10000000
241.48,3.051,10000000
241.49,2.92,10000000
241.5,3.139,10000000
241.51,3.007,10000000
241.52,3.007,10000000
241.53,3.227,10000000
241.54,2.964,10000000
241.55,3.051,10000000
241.56,3.007,10000000
241.57,3.007,10000000
241.58,3.315,10000000
241.59,3.007,10000000
241.6,3.095,10000000
241.61,3.095,10000000
241.62,3.095,10000000
241.63,2.92,10000000
241.64,2.964,10000000
241.65,2.964,10000000
241.66,3.139,10000000
241.67,3.183,10000000
241.68,3.095,10000000
241.69,3.051,10000000
241.7,3.051,10000000
241.71,2.964,10000000
241.72,3.007,10000000
241.73,2.92,10000000
241.74,3.095,10000000
241.75,2.92,10000000
241.76,3.095,10000000
241.77,2.92,10000000
241.78,2.964,10000000
241.79,2.92,10000000
241.8,2.92,10000000
241.81,3.095,10000000
241.82,2.964,10000000
241.83,2.832,10000000
241.84,3.095,10000000
241.85,2.92,10000000
241.86,3.007,10000000
241.87,3.095,10000000
241.88,2.964,10000000
241.89,3.095,10000000
241.9,3.095,10000000
241.91,2.92,10000000
241.92,2.92,10000000
241.93,2.92,10000000
241.94,3.095,10000000
241.95,3.095,10000000
241.96,3.051,10000000
241.97,2.876,10000000
241.98,3.095,10000000
241.99,2.964,10000000
242,3.051,10000000
242.01,3.139,10000000
242.02,3.007,10000000
242.03,3.095,10000000
242.04,3.051,10000000
242.05,3.051,10000000
242.06,3.007,10000000
242.07,2.876,10000000
242.08,3.007,10000000
242.09,3.007,10000000
242.1,3.007,10000000
242.11,3.315,10000000
242.12,3.007,10000000
242.13,3.139,10000000
242.14,3.007,10000000
242.15,3.051,10000000
242.16,3.007,10000000
242.17,3.007,10000000
242.18,3.095,10000000
242.19,2.964,10000000
242.2,3.007,10000000
242.21,3.095,10000000
242.22,3.139,10000000
242.23,3.139,10000000
242.24,3.051,10000000
242.25,3.095,10000000
242.26,3.007,10000000
242.27,3.183,10000000
242.28,3.183,10000000
242.29,3.095,10000000
242.3,3.139,10000000
242.31,3.007,10000000
242.32,2.92,10000000
242.33,3.051,10000000
242.34,2.964,10000000
242.35,3.139,10000000
242.36,3.051,10000000
242.37,3.007,10000000
242.38,3.227,10000000
242.39,3.007,10000000
242.4,3.051,10000000
242.41,3.095,10000000
242.42,2.964,10000000
242.43,3.007,10000000
242.44,3.139,10000000
242.45,3.007,10000000
242.46,3.007,10000000
242.47,2.92,10000000
242.48,3.139,10000000
242.49,3.007,10000000
242.5,2.964,10000000
242.51,3.007,10000000
242.52,3.051,10000000
242.53,3.007,10000000
242.54,3.095,10000000
242.55,2.964,10000000
242.56,3.139,10000000
242.57,3.095,10000000
242.58,3.051,10000000
242.59,3.095,10000000
242.6,3.007,10000000
242.61,3.139,10000000
242.62,3.051,10000000
242.63,3.139,10000000
242.64,3.051,10000000
242.65,2.92,10000000
242.66,2.832,10000000
242.67,2.92,10000000
242.68,3.095,10000000
242.69,3.271,10000000
242.7,3.227,10000000
242.71,3.183,10000000
242.72,3.051,10000000
242.73,3.051,10000000
242.74,3.139,10000000
242.75,3.051,10000000
242.76,3.007,10000000
242.77,3.051,10000000
242.78,2.92,10000000
242.79,3.051,10000000
242.8,2.92,10000000
242.81,2.92,10000000
242.82,3.139,10000000
242.83,3.183,10000000
242.84,3.051,10000000
242.85,2.92,10000000
242.86,2.92,10000000
242.87,2.964,10000000
242.88,2.832,10000000
242.89,2.832,10000000
242.9,2.876,10000000
242.91,3.007,10000000
242.92,3.139,10000000
242.93,3.139,10000000
242.94,3.095,10000000
242.95,3.095,10000000
242.96,3.051,10000000
242.97,3.051,10000000
242.98,3.051,10000000
242.99,3.095,10000000
243,3.095,10000000
243.01,3.007,10000000
243.02,2.964,10000000
243.03,3.007,10000000
243.04,3.007,10000000
243.05,3.051,10000000
243.06,3.007,10000000
243.07,3.051,10000000
243.08,3.139,10000000
243.09,3.007,10000000
243.1,2.876,10000000
243.11,3.095,10000000
243.12,3.007,10000000
243.13,2.92,10000000
243.14,2.964,10000000
243.15,3.051,10000000
243.16,3.007,10000000
243.17,3.051,10000000
243.18,3.139,10000000
243.19,2.92,10000000
243.2,2.92,10000000
243.21,3.051,10000000
243.22,3.227,10000000
243.23,3.095,10000000
243.24,3.007,10000000
243.25,3.139,10000000
243.26,3.095,10000000
243.27,3.007,10000000
243.28,3.139,10000000
243.29,3.139,10000000
243.3,3.007,10000000
243.31,2.964,10000000
243.32,3.007,10000000
243.33,3.051,10000000
243.34,3.051,10000000
243.35,2.964,10000000
243.36,3.051,10000000
243.37,3.051,10000000
243.38,3.051,10000000
243.39,2.92,10000000
243.4,2.964,10000000
243.41,3.007,10000000
243.42,3.007,10000000
243.43,3.139,10000000
243.44,3.183,10000000
243.45,3.095,10000000
243.46,3.139,10000000
243.47,2.92,10000000
243.48,3.095,10000000
243.49,3.139,10000000
243.5,3.183,10000000
243.51,3.051,10000000
243.52,3.139,10000000
243.53,3.007,10000000
243.54,3.051,10000000
243.55,3.007,10000000
243.56,2.92,10000000
243.57,3.095,10000000
243.58,3.007,10000000
243.59,3.007,10000000
243.6,3.095,10000000
243.61,3.051,10000000
243.62,3.139,10000000
243.63,3.007,10000000
243.64,3.007,10000000
243.65,3.007,10000000
243.66,3.051,10000000
243.67,3.007,10000000
243.68,3.007,10000000
243.69,3.139,10000000
243.7,3.139,10000000
243.71,3.183,10000000
243.72,3.095,10000000
243.73,3.139,10000000
243.74,3.051,10000000
243.75,3.183,10000000
243.76,3.007,10000000
243.77,3.007,10000000
243.78,3.051,10000000
243.79,2.964,10000000
243.8,2.964,10000000
243.81,3.051,10000000
243.82,2.964,10000000
243.83,2.876,10000000
243.84,3.051,10000000
243.85,2.92,10000000
243.86,3.095,10000000
243.87,2.964,10000000
243.88,3.007,10000000
243.89,3.007,10000000
243.9,3.095,10000000
243.91,3.227,10000000
243.92,3.007,10000000
243.93,3.007,10000000
243.94,2.964,10000000
243.95,3.051,10000000
243.96,3.007,10000000
243.97,3.095,10000000
243.98,3.139,10000000
243.99,2.876,10000000
244,3.227,10000000
244.01,3.095,10000000
244.02,3.095,10000000
244.03,3.095,10000000
244.04,3.051,10000000
244.05,3.007,10000000
244.06,3.095,10000000
244.07,3.183,10000000
244.08,3.139,10000000
244.09,3.139,10000000
244.1,3.139,10000000
244.11,3.095,10000000
244.12,3.007,10000000
244.13,3.007,10000000
244.14,3.139,10000000
244.15,2.964,10000000
244.16,3.139,10000000
244.17,3.139,10000000
244.18,3.095,10000000
244.19,3.051,10000000
244.2,3.095,10000000
244.21,3.139,10000000
244.22,3.007,10000000
244.23,2.964,10000000
244.24,3.051,10000000
244.25,3.139,10000000
244.26,3.051,10000000
244.27,3.051,10000000
244.28,2.964,10000000
244.29,3.007,10000000
244.3,3.051,10000000
244.31,3.095,10000000
244.32,3.139,10000000
244.33,3.139,10000000
244.34,3.139,10000000
244.35,3.183,10000000
244.36,3.007,10000000
244.37,3.051,10000000
244.38,3.139,10000000
244.39,3.007,10000000
244.4,3.051,10000000
244.41,3.007,10000000
244.42,3.007,10000000
244.43,3.051,10000000
244.44,3.051,10000000
244.45,2.92,10000000
244.46,3.007,10000000
244.47,3.139,10000000
244.48,3.139,10000000
244.49,2.92,10000000
244.5,3.051,10000000
244.51,3.051,10000000
244.52,3.007,10000000
244.53,2.964,10000000
244.54,3.007,10000000
244.55,3.051,10000000
244.56,3.007,10000000
244.57,2.92,10000000
244.58,3.051,10000000
244.59,3.183,10000000
244.6,3.183,10000000
244.61,3.007,10000000
244.62,3.095,10000000
244.63,3.095,10000000
244.64,2.92,10000000
244.65,3.139,10000000
244.66,3.051,10000000
244.67,3.051,10000000
244.68,2.964,10000000
244.69,3.095,10000000
244.7,3.095,10000000
244.71,3.095,10000000
244.72,3.007,10000000
244.73,2.92,10000000
244.74,3.139,10000000
244.75,3.139,10000000
244.76,3.183,10000000
244.77,3.139,10000000
244.78,3.139,10000000
244.79,3.007,10000000
244.8,3.183,10000000
244.81,3.095,10000000
244.82,3.095,10000000
244.83,3.183,10000000
244.84,3.139,10000000
244.85,3.051,10000000
244.86,3.139,10000000
244.87,2.92,10000000
244.88,2.92,10000000
244.89,3.007,10000000
244.9,2.964,10000000
244.91,3.051,10000000
244.92,3.051,10000000
244.93,3.051,10000000
244.94,3.183,10000000
244.95,3.139,10000000
244.96,3.007,10000000
244.97,3.139,10000000
244.98,3.007,10000000
244.99,3.051,10000000
245,3.095,10000000
245.01,2.92,10000000
245.02,2.92,10000000
245.03,2.832,10000000
245.04,3.051,10000000
245.05,3.007,10000000
245.06,2.964,10000000
245.07,3.139,10000000
245.08,2.92,10000000
245.09,3.139,10000000
245.1,3.051,10000000
245.11,3.051,10000000
245.12,3.051,10000000
245.13,3.139,10000000
245.14,3.051,10000000
245.15,3.095,10000000
245.16,3.227,10000000
245.17,2.964,10000000
245.18,3.007,10000000
245.19,3.051,10000000
245.2,3.007,10000000
245.21,3.007,10000000
245.22,3.051,10000000
245.23,2.876,10000000
245.24,3.051,10000000
245.25,3.095,10000000
245.26,3.095,10000000
245.27,3.139,10000000
245.28,2.964,10000000
245.29,3.051,10000000
245.3,3.139,10000000
245.31,3.095,10000000
245.32,3.051,10000000
245.33,3.051,10000000
245.34,2.832,10000000
245.35,3.007,10000000
245.36,3.095,10000000
245.37,2.92,10000000
245.38,3.051,10000000
245.39,3.095,10000000
245.4,3.007,10000000
245.41,3.139,10000000
245.42,3.095,10000000
245.43,2.876,10000000
245.44,3.051,10000000
245.45,3.051,10000000
245.46,3.139,10000000
245.47,3.051,10000000
245.48,3.051,10000000
245.49,2.964,10000000
245.5,3.007,10000000
245.51,3.095,10000000
245.52,3.095,10000000
245.53,3.095,10000000
245.54,3.183,10000000
245.55,3.139,10000000
245.56,3.095,10000000
245.57,3.051,10000000
245.58,3.051,10000000
245.59,3.095,10000000
245.6,3.007,10000000
245.61,2.964,10000000
245.62,2.92,10000000
245.63,3.227,10000000
245.64,3.007,10000000
245.65,3.051,10000000
245.66,3.139,10000000
245.67,3.095,10000000
245.68,3.007,10000000
245.69,3.183,10000000
245.7,3.139,10000000
245.71,2.964,10000000
245.72,2.964,10000000
245.73,2.964,10000000
245.74,3.095,10000000
245.75,2.964,10000000
245.76,2.964,10000000
245.77,3.007,10000000
245.78,3.051,10000000
245.79,3.139,10000000
245.8,3.051,10000000
245.81,3.051,10000000
245.82,3.139,10000000
245.83,3.139,10000000
245.84,3.007,10000000
245.85,2.876,10000000
245.86,3.095,10000000
245.87,3.007,10000000
245.88,3.051,10000000
245.89,3.051,10000000
245.9,3.095,10000000
245.91,3.139,10000000
245.92,3.139,10000000
245.93,2.92,10000000
245.94,3.007,10000000
245.95,2.964,10000000
245.96,3.051,10000000
245.97,3.139,10000000
245.98,3.139,10000000
245.99,3.007,10000000
246,3.227,10000000
246.01,3.139,10000000
246.02,2.92,10000000
246.03,3.139,10000000
246.04,3.007,10000000
246.05,3.051,10000000
246.06,3.139,10000000
246.07,3.139,10000000
246.08,3.051,10000000
246.09,2.876,10000000
246.1,3.183,10000000
246.11,2.92,10000000
246.12,3.139,10000000
246.13,3.051,10000000
246.14,3.051,10000000
246.15,2.92,10000000
246.16,2.876,10000000
246.17,3.051,10000000
246.18,3.095,10000000
246.19,3.139,10000000
246.2,3.051,10000000
246.21,3.095,10000000
246.22,3.095,10000000
246.23,3.051,10000000
246.24,3.095,10000000
246.25,3.007,10000000
246.26,2.832,10000000
246.27,3.095,10000000
246.28,3.095,10000000
246.29,3.183,10000000
246.3,3.095,10000000
246.31,3.095,10000000
246.32,3.183,10000000
246.33,3.051,10000000
246.34,2.92,10000000
246.35,3.007,10000000
246.36,3.051,10000000
246.37,3.051,10000000
246.38,3.095,10000000
246.39,3.227,10000000
246.4,3.227,10000000
246.41,3.095,10000000
246.42,3.007,10000000
246.43,3.051,10000000
246.44,3.139,10000000
246.45,3.183,10000000
246.46,3.007,10000000
246.47,3.139,10000000
246.48,3.139,10000000
246.49,3.139,10000000
246.5,3.007,10000000
246.51,3.051,10000000
246.52,2.876,10000000
246.53,3.139,10000000
246.54,3.007,10000000
246.55,2.92,10000000
246.56,3.007,10000000
246.57,3.095,10000000
246.58,3.007,10000000
246.59,2.92,10000000
246.6,3.051,10000000
246.61,3.007,10000000
246.62,3.095,10000000
246.63,2.92,10000000
246.64,3.139,10000000
246.65,3.007,10000000
246.66,3.007,10000000
246.67,3.007,10000000
246.68,3.271,10000000
246.69,3.007,10000000
246.7,2.964,10000000
246.71,3.139,10000000
246.72,3.183,10000000
246.73,3.095,10000000
246.74,3.007,10000000
246.75,3.139,10000000
246.76,3.051,10000000
246.77,2.92,10000000
246.78,2.92,10000000
246.79,3.007,10000000
246.8,3.007,10000000
246.81,3.007,10000000
246.82,2.92,10000000
246.83,3.007,10000000
246.84,3.095,10000000
246.85,3.051,10000000
246.86,3.007,10000000
246.87,3.095,10000000
246.88,3.007,10000000
246.89,3.051,10000000
246.9,3.139,10000000
246.91,3.007,10000000
246.92,2.964,10000000
246.93,3.007,10000000
246.94,3.007,10000000
246.95,3.095,10000000
246.96,3.139,10000000
246.97,3.095,10000000
246.98,3.051,10000000
246.99,3.095,10000000
247,2.832,10000000
247.01,3.095,10000000
247.02,3.095,10000000
247.03,3.095,10000000
247.04,3.051,10000000
247.05,3.183,10000000
247.06,3.139,10000000
247.07,3.095,10000000
247.08,2.964,10000000
247.09,3.139,10000000
247.1,3.139,10000000
247.11,3.007,10000000
247.12,3.051,10000000
247.13,3.007,10000000
247.14,3.139,10000000
247.15,3.051,10000000
247.16,3.051,10000000
247.17,3.139,10000000
247.18,3.051,10000000
247.19,3.183,10000000
247.2,3.051,10000000
247.21,3.007,10000000
247.22,3.095,10000000
247.23,3.183,10000000
247.24,3.051,10000000
247.25,3.007,10000000
247.26,2.964,10000000
247.27,3.051,10000000
247.28,3.139,10000000
247.29,3.183,10000000
247.3,3.183,10000000
247.31,3.051,10000000
247.32,3.139,10000000
247.33,3.183,10000000
247.34,2.964,10000000
247.35,3.051,10000000
247.36,3.095,10000000
247.37,3.051,10000000
247.38,3.051,10000000
247.39,3.007,10000000
247.4,3.007,10000000
247.41,2.92,10000000
247.42,3.051,10000000
247.43,3.095,10000000
247.44,3.095,10000000
247.45,3.139,10000000
247.46,2.964,10000000
247.47,3.007,10000000
247.48,3.095,10000000
247.49,3.139,10000000
247.5,3.139,10000000
247.51,3.007,10000000
247.52,3.051,10000000
247.53,2.964,10000000
247.54,2.92,10000000
247.55,3.139,10000000
247.56,3.139,10000000
247.57,3.007,10000000
247.58,3.095,10000000
247.59,2.964,10000000
247.6,3.051,10000000
247.61,3.183,10000000
247.62,3.007,10000000
247.63,2.876,10000000
247.64,3.007,10000000
247.65,3.183,10000000
247.66,3.095,10000000
247.67,3.139,10000000
247.68,3.007,10000000
247.69,3.139,10000000
247.7,2.964,10000000
247.71,3.051,10000000
247.72,3.051,10000000
247.73,3.051,10000000
247.74,3.139,10000000
247.75,2.92,10000000
247.76,3.139,10000000
247.77,3.095,10000000
247.78,2.964,10000000
247.79,3.007,10000000
247.8,3.139,10000000
247.81,3.095,10000000
247.82,3.095,10000000
247.83,3.183,10000000
247.84,3.139,10000000
247.85,3.183,10000000
247.86,3.051,10000000
247.87,3.007,10000000
247.88,3.139,10000000
247.89,3.095,10000000
247.9,3.051,10000000
247.91,3.095,10000000
247.92,3.183,10000000
247.93,3.007,10000000
247.94,3.051,10000000
247.95,3.139,10000000
247.96,3.139,10000000
247.97,3.139,10000000
247.98,3.051,10000000
247.99,3.051,10000000
248,3.007,10000000
248.01,3.095,10000000
248.02,3.007,10000000
248.03,3.051,10000000
248.04,3.139,10000000
248.05,3.095,10000000
248.06,3.095,10000000
248.07,3.051,10000000
248.08,3.007,10000000
248.09,3.007,10000000
248.1,3.095,10000000
248.11,3.051,10000000
248.12,3.007,10000000
248.13,3.139,10000000
248.14,3.095,10000000
248.15,3.007,10000000
248.16,3.139,10000000
248.17,3.139,10000000
248.18,3.183,10000000
248.19,3.051,10000000
248.2,3.051,10000000
248.21,3.007,10000000
248.22,3.271,10000000
248.23,3.183,10000000
248.24,3.007,10000000
248.25,3.051,10000000
248.26,3.139,10000000
248.27,3.051,10000000
248.28,3.095,10000000
248.29,3.139,10000000
248.3,3.007,10000000
248.31,3.139,10000000
248.32,3.139,10000000
248.33,2.92,10000000
248.34,2.964,10000000
248.35,3.051,10000000
248.36,3.007,10000000
248.37,3.051,10000000
248.38,2.964,10000000
248.39,3.095,10000000
248.4,2.964,10000000
248.41,3.095,10000000
248.42,3.095,10000000
248.43,3.051,10000000
248.44,3.139,10000000
248.45,3.139,10000000
248.46,3.007,10000000
248.47,3.051,10000000
248.48,3.139,10000000
248.49,3.139,10000000
248.5,3.183,10000000
248.51,2.92,10000000
248.52,3.007,10000000
248.53,3.095,10000000
248.54,3.051,10000000
248.55,3.139,10000000
248.56,3.095,10000000
248.57,2.876,10000000
248.58,3.007,10000000
248.59,3.139,10000000
248.6,2.92,10000000
248.61,3.051,10000000
248.62,3.051,10000000
248.63,3.139,10000000
248.64,3.007,10000000
248.65,3.139,10000000
248.66,2.964,10000000
248.67,3.139,10000000
248.68,3.183,10000000
248.69,3.271,10000000
248.7,3.007,10000000
248.71,3.051,10000000
248.72,3.139,10000000
248.73,3.095,10000000
248.74,3.095,10000000
248.75,3.183,10000000
248.76,3.095,10000000
248.77,3.051,10000000
248.78,3.139,10000000
248.79,2.964,10000000
248.8,3.007,10000000
248.81,3.051,10000000
248.82,3.007,10000000
248.83,3.139,10000000
248.84,3.051,10000000
248.85,3.051,10000000
248.86,3.007,10000000
248.87,2.964,10000000
248.88,3.139,10000000
248.89,3.051,10000000
248.9,3.183,10000000
248.91,2.92,10000000
248.92,2.964,10000000
248.93,3.139,10000000
248.94,3.007,10000000
248.95,3.095,10000000
248.96,3.007,10000000
248.97,3.051,10000000
248.98,3.139,10000000
248.99,3.051,10000000
249,2.964,10000000
249.01,3.095,10000000
249.02,3.007,10000000
249.03,3.051,10000000
249.04,2.964,10000000
249.05,3.051,10000000
249.06,3.007,10000000
249.07,3.007,10000000
249.08,3.007,10000000
249.09,3.095,10000000
249.1,3.007,10000000
249.11,2.964,10000000
249.12,3.007,10000000
249.13,2.964,10000000
249.14,2.876,10000000
249.15,3.007,10000000
249.16,2.92,10000000
249.17,2.964,10000000
249.18,2.964,10000000
249.19,3.139,10000000
249.2,3.051,10000000
249.21,3.051,10000000
249.22,3.095,10000000
249.23,3.139,10000000
249.24,3.007,10000000
249.25,3.007,10000000
249.26,3.139,10000000
249.27,2.92,10000000
249.28,3.227,10000000
249.29,3.139,10000000
249.3,3.007,10000000
249.31,3.139,10000000
249.32,3.095,10000000
249.33,3.227,10000000
249.34,3.095,10000000
249.35,2.92,10000000
249.36,3.007,10000000
249.37,3.007,10000000
249.38,3.183,10000000
249.39,2.964,10000000
249.4,2.964,10000000
249.41,3.007,10000000
249.42,3.007,10000000
249.43,3.007,10000000
249.44,3.007,10000000
249.45,2.876,10000000
249.46,2.964,10000000
249.47,2.92,10000000
249.48,2.964,10000000
249.49,3.007,10000000
249.5,3.139,10000000
249.51,3.007,10000000
249.52,3.007,10000000
249.53,3.051,10000000
249.54,2.92,10000000
249.55,3.095,10000000
249.56,3.051,10000000
249.57,2.92,10000000
249.58,3.051,10000000
249.59,3.007,10000000
249.6,3.139,10000000
249.61,2.964,10000000
249.62,2.964,10000000
249.63,3.007,10000000
249.64,3.139,10000000
249.65,3.007,10000000
249.66,3.007,10000000
249.67,3.051,10000000
249.68,3.183,10000000
249.69,3.051,10000000
249.7,3.007,10000000
249.71,3.095,10000000
249.72,3.007,10000000
249.73,2.964,10000000
249.74,3.139,10000000
249.75,3.095,10000000
249.76,3.007,10000000
249.77,2.964,10000000
249.78,3.007,10000000
249.79,3.139,10000000
249.8,3.007,10000000
249.81,3.051,10000000
249.82,3.007,10000000
249.83,2.92,10000000
249.84,2.964,10000000
249.85,2.964,10000000
249.86,3.007,10000000
249.87,3.183,10000000
249.88,3.095,10000000
249.89,3.051,10000000
249.9,3.183,10000000
249.91,3.051,10000000
249.92,3.227,10000000
249.93,3.051,10000000
249.94,3.051,10000000
249.95,2.92,10000000
249.96,3.095,10000000
249.97,3.183,10000000
249.98,3.051,10000000
249.99,3.007,10000000
250,3.139,10000000
250.01,3.051,10000000
250.02,3.051,10000000
250.03,3.095,10000000
250.04,3.007,10000000
250.05,3.139,10000000
250.06,3.139,10000000
250.07,3.095,10000000
250.08,3.139,10000000
250.09,3.051,10000000
250.1,3.051,10000000
250.11,3.051,10000000
250.12,3.051,10000000
250.13,3.007,10000000
250.14,3.007,10000000
250.15,3.051,10000000
250.16,3.007,10000000
250.17,3.139,10000000
250.18,2.964,10000000
250.19,3.139,10000000
250.2,3.007,10000000
250.21,3.007,10000000
250.22,3.051,10000000
250.23,2.92,10000000
250.24,3.139,10000000
250.25,2.832,10000000
250.26,3.095,10000000
250.27,3.095,10000000
250.28,3.051,10000000
250.29,3.139,10000000
250.3,3.007,10000000
250.31,3.139,10000000
250.32,3.139,10000000
250.33,3.095,10000000
250.34,3.139,10000000
250.35,3.007,10000000
250.36,2.92,10000000
250.37,3.007,10000000
250.38,3.051,10000000
250.39,3.227,10000000
250.4,2.92,10000000
250.41,2.964,10000000
250.42,3.007,10000000
250.43,3.051,10000000
250.44,3.051,10000000
250.45,2.964,10000000
250.46,3.051,10000000
250.47,3.139,10000000
250.48,2.92,10000000
250.49,3.271,10000000
250.5,3.139,10000000
250.51,2.832,10000000
250.52,3.139,10000000
250.53,3.007,10000000
250.54,3.095,10000000
250.55,3.139,10000000
250.56,2.92,10000000
250.57,3.051,10000000
250.58,3.007,10000000
250.59,2.832,10000000
250.6,3.051,10000000
250.61,2.964,10000000
250.62,2.92,10000000
250.63,3.051,10000000
250.64,3.007,10000000
250.65,3.007,10000000
250.66,3.139,10000000
250.67,2.92,10000000
250.68,3.139,10000000
250.69,3.095,10000000
250.7,3.051,10000000
250.71,3.095,10000000
250.72,3.051,10000000
250.73,2.92,10000000
250.74,3.007,10000000
250.75,3.271,10000000
250.76,3.183,10000000
250.77,3.139,10000000
250.78,3.227,10000000
250.79,3.139,10000000
250.8,3.051,10000000
250.81,3.095,10000000
250.82,2.964,10000000
250.83,3.007,10000000
250.84,3.051,10000000
250.85,2.92,10000000
250.86,3.051,10000000
250.87,3.139,10000000
250.88,3.095,10000000
250.89,3.095,10000000
250.9,3.095,10000000
250.91,3.095,10000000
250.92,3.051,10000000
250.93,2.92,10000000
250.94,3.139,10000000
250.95,3.051,10000000
250.96,3.139,10000000
250.97,2.92,10000000
250.98,2.964,10000000
250.99,2.92,10000000
251,2.92,10000000
251.01,3.095,10000000
251.02,3.139,10000000
251.03,2.92,10000000
251.04,2.92,10000000
251.05,2.964,10000000
251.06,3.007,10000000
251.07,3.051,10000000
251.08,2.964,10000000
251.09,2.964,10000000
251.1,3.139,10000000
251.11,3.051,10000000
251.12,3.095,10000000
251.13,3.007,10000000
251.14,2.92,10000000
251.15,3.095,10000000
251.16,3.007,10000000
251.17,3.007,10000000
251.18,3.139,10000000
251.19,3.007,10000000
251.2,2.92,10000000
251.21,3.007,10000000
251.22,3.007,10000000
251.23,3.007,10000000
251.24,3.095,10000000
251.25,3.051,10000000
251.26,3.183,10000000
251.27,3.139,10000000
251.28,3.051,10000000
251.29,3.139,10000000
251.3,3.051,10000000
251.31,3.095,10000000
251.32,3.227,10000000
251.33,3.051,10000000
251.34,3.051,10000000
251.35,3.007,10000000
251.36,2.964,10000000
251.37,3.095,10000000
251.38,3.095,10000000
251.39,2.832,10000000
251.4,3.139,10000000
251.41,3.007,10000000
251.42,3.007,10000000
251.43,3.051,10000000
251.44,3.095,10000000
251.45,3.051,10000000
251.46,2.92,10000000
251.47,2.92,10000000
251.48,3.095,10000000
251.49,2.876,10000000
251.5,2.92,10000000
251.51,3.051,10000000
251.52,3.139,10000000
251.53,3.139,10000000
251.54,3.051,10000000
251.55,3.051,10000000
251.56,3.007,10000000
251.57,3.095,10000000
251.58,2.92,10000000
251.59,2.964,10000000
251.6,2.92,10000000
251.61,3.139,10000000
251.62,3.139,10000000
251.63,3.095,10000000
251.64,3.007,10000000
251.65,3.007,10000000
251.66,3.051,10000000
251.67,2.92,10000000
251.68,3.007,10000000
251.69,2.964,10000000
251.7,3.007,10000000
251.71,3.227,10000000
251.72,3.051,10000000
251.73,3.095,10000000
251.74,3.227,10000000
251.75,3.139,10000000
251.76,3.095,10000000
251.77,3.095,10000000
251.78,3.183,10000000
251.79,3.051,10000000
251.8,2.964,10000000
251.81,3.183,10000000
251.82,3.139,10000000
251.83,3.051,10000000
251.84,3.095,10000000
251.85,3.051,10000000
251.86,3.007,10000000
251.87,2.92,10000000
251.88,2.92,10000000
251.89,3.095,10000000
251.9,3.095,10000000
251.91,3.007,10000000
251.92,3.051,10000000
251.93,2.964,10000000
251.94,3.139,10000000
251.95,3.139,10000000
251.96,2.92,10000000
251.97,3.051,10000000
251.98,3.007,10000000
251.99,3.139,10000000
252,2.964,10000000
252.01,3.095,10000000
252.02,2.92,10000000
252.03,2.92,10000000
252.04,3.095,10000000
252.05,3.095,10000000
252.06,3.183,10000000
252.07,3.095,10000000
252.08,3.095,10000000
252.09,3.051,10000000
252.1,3.139,10000000
252.11,3.095,10000000
252.12,3.051,10000000
252.13,2.92,10000000
252.14,2.964,10000000
252.15,3.007,10000000
252.16,3.051,10000000
252.17,2.964,10000000
252.18,2.92,10000000
252.19,3.095,10000000
252.2,2.964,10000000
252.21,3.007,10000000
252.22,3.139,10000000
252.23,3.007,10000000
252.24,3.183,10000000
252.25,3.051,10000000
252.26,2.964,10000000
252.27,3.095,10000000
252.28,3.139,10000000
252.29,2.964,10000000
252.3,3.051,10000000
252.31,3.051,10000000
252.32,2.92,10000000
252.33,3.051,10000000
252.34,2.92,10000000
252.35,2.964,10000000
252.36,3.007,10000000
252.37,3.007,10000000
252.38,3.095,10000000
252.39,3.007,10000000
252.4,3.139,10000000
252.41,3.139,10000000
252.42,3.139,10000000
252.43,2.832,10000000
252.44,3.139,10000000
252.45,3.139,10000000
252.46,3.095,10000000
252.47,2.92,10000000
252.48,2.964,10000000
252.49,3.051,10000000
252.5,3.095,10000000
252.51,3.007,10000000
252.52,2.964,10000000
252.53,2.964,10000000
252.54,3.051,10000000
252.55,2.964,10000000
252.56,3.095,10000000
252.57,2.964,10000000
252.58,3.007,10000000
252.59,3.007,10000000
252.6,3.227,10000000
252.61,2.92,10000000
252.62,3.051,10000000
252.63,3.139,10000000
252.64,3.051,10000000
252.65,3.183,10000000
252.66,3.095,10000000
252.67,3.095,10000000
252.68,3.139,10000000
252.69,3.007,10000000
252.7,3.139,10000000
252.71,3.139,10000000
252.72,3.139,10000000
252.73,3.095,10000000
252.74,3.139,10000000
252.75,2.92,10000000
252.76,2.92,10000000
252.77,3.139,10000000
252.78,2.92,10000000
252.79,2.92,10000000
252.8,3.095,10000000
252.81,3.007,10000000
252.82,3.095,10000000
252.83,3.139,10000000
252.84,3.095,10000000
252.85,3.139,10000000
252.86,3.095,10000000
252.87,2.92,10000000
252.88,2.92,10000000
252.89,3.007,10000000
252.9,3.095,10000000
252.91,3.139,10000000
252.92,3.095,10000000
252.93,2.832,10000000
252.94,3.051,10000000
252.95,3.095,10000000
252.96,3.051,10000000
252.97,2.964,10000000
252.98,3.095,10000000
252.99,3.095,10000000
253,3.007,10000000
253.01,3.139,10000000
253.02,3.139,10000000
253.03,3.139,10000000
253.04,3.095,10000000
253.05,3.095,10000000
253.06,3.183,10000000
253.07,3.051,10000000
253.08,3.051,10000000
253.09,3.139,10000000
253.1,3.095,10000000
253.11,2.964,10000000
253.12,3.139,10000000
253.13,3.051,10000000
253.14,3.007,10000000
253.15,3.183,10000000
253.16,2.92,10000000
253.17,3.007,10000000
253.18,2.964,10000000
253.19,3.051,10000000
253.2,3.095,10000000
253.21,3.051,10000000
253.22,3.051,10000000
253.23,3.051,10000000
253.24,3.139,10000000
253.25,3.139,10000000
253.26,3.139,10000000
253.27,3.183,10000000
253.28,3.183,10000000
253.29,3.007,10000000
253.3,3.007,10000000
253.31,3.051,10000000
253.32,3.007,10000000
253.33,3.095,10000000
253.34,3.139,10000000
253.35,3.095,10000000
253.36,3.007,10000000
253.37,3.139,10000000
253.38,2.964,10000000
253.39,3.095,10000000
253.4,2.92,10000000
253.41,3.051,10000000
253.42,3.051,10000000
253.43,2.92,10000000
253.44,3.051,10000000
253.45,3.051,10000000
253.46,3.095,10000000
253.47,2.964,10000000
253.48,3.007,10000000
253.49,3.051,10000000
253.5,3.139,10000000
253.51,2.92,10000000
253.52,3.095,10000000
253.53,3.007,10000000
253.54,3.095,10000000
253.55,3.139,10000000
253.56,3.139,10000000
253.57,3.095,10000000
253.58,3.139,10000000
253.59,3.095,10000000
253.6,3.051,10000000
253.61,3.139,10000000
253.62,3.183,10000000
253.63,3.139,10000000
253.64,3.095,10000000
253.65,3.007,10000000
253.66,2.92,10000000
253.67,2.964,10000000
253.68,2.876,10000000
253.69,3.139,10000000
253.7,3.007,10000000
253.71,3.139,10000000
253.72,3.139,10000000
253.73,3.139,10000000
253.74,3.139,10000000
253.75,3.007,10000000
253.76,3.139,10000000
253.77,3.007,10000000
253.78,3.051,10000000
253.79,3.095,10000000
253.8,2.92,10000000
253.81,3.095,10000000
253.82,3.139,10000000
253.83,3.139,10000000
253.84,3.183,10000000
253.85,3.051,10000000
253.86,3.183,10000000
253.87,3.183,10000000
253.88,3.051,10000000
253.89,3.183,10000000
253.9,3.095,10000000
253.91,2.92,10000000
253.92,3.139,10000000
253.93,2.92,10000000
253.94,3.095,10000000
253.95,3.051,10000000
253.96,3.183,10000000
253.97,3.007,10000000
253.98,3.051,10000000
253.99,3.007,10000000
254,3.007,10000000
254.01,3.007,10000000
254.02,3.007,10000000
254.03,3.051,10000000
254.04,2.964,10000000
254.05,2.92,10000000
254.06,2.964,10000000
254.07,2.92,10000000
254.08,2.92,10000000
254.09,3.051,10000000
254.1,2.964,10000000
254.11,3.095,10000000
254.12,3.095,10000000
254.13,2.964,10000000
254.14,3.095,10000000
254.15,3.007,10000000
254.16,3.139,10000000
254.17,3.051,10000000
254.18,3.095,10000000
254.19,3.007,10000000
254.2,3.139,10000000
254.21,3.095,10000000
254.22,2.92,10000000
254.23,2.964,10000000
254.24,3.139,10000000
254.25,2.92,10000000
254.26,3.051,10000000
254.27,3.095,10000000
254.28,2.964,10000000
254.29,2.964,10000000
254.3,2.92,10000000
254.31,2.92,10000000
254.32,3.095,10000000
254.33,3.051,10000000
254.34,3.051,10000000
254.35,3.095,10000000
254.36,3.183,10000000
254.37,3.007,10000000
254.38,3.051,10000000
254.39,3.007,10000000
254.4,2.964,10000000
254.41,2.964,10000000
254.42,2.92,10000000
254.43,3.139,10000000
254.44,2.92,10000000
254.45,3.007,10000000
254.46,2.964,10000000
254.47,2.832,10000000
254.48,2.964,10000000
254.49,3.007,10000000
254.5,3.051,10000000
254.51,3.007,10000000
254.52,2.92,10000000
254.53,3.139,10000000
254.54,3.139,10000000
254.55,3.139,10000000
254.56,3.095,10000000
254.57,3.007,10000000
254.58,3.095,10000000
254.59,3.139,10000000
254.6,3.051,10000000
254.61,3.095,10000000
254.62,3.227,10000000
254.63,3.183,10000000
254.64,3.183,10000000
254.65,3.139,10000000
254.66,3.183,10000000
254.67,3.139,10000000
254.68,3.051,10000000
254.69,3.095,10000000
254.7,2.876,10000000
254.71,3.051,10000000
254.72,3.095,10000000
254.73,3.139,10000000
254.74,2.964,10000000
254.75,3.139,10000000
254.76,3.007,10000000
254.77,3.227,10000000
254.78,3.007,10000000
254.79,3.007,10000000
254.8,3.139,10000000
254.81,3.051,10000000
254.82,3.095,10000000
254.83,3.095,10000000
254.84,2.964,10000000
254.85,2.92,10000000
254.86,3.007,10000000
254.87,2.92,10000000
254.88,3.095,10000000
254.89,3.051,10000000
254.9,2.92,10000000
254.91,2.964,10000000
254.92,3.051,10000000
254.93,3.051,10000000
254.94,2.832,10000000
254.95,3.051,10000000
254.96,3.139,10000000
254.97,3.095,10000000
254.98,2.964,10000000
254.99,3.095,10000000
255,3.007,10000000
255.01,3.007,10000000
255.02,2.92,10000000
255.03,2.964,10000000
255.04,3.139,10000000
255.05,3.183,10000000
255.06,3.051,10000000
255.07,3.095,10000000
255.08,3.095,10000000
255.09,3.139,10000000
255.1,3.051,10000000
255.11,3.095,10000000
255.12,3.007,10000000
255.13,3.139,10000000
255.14,3.051,10000000
255.15,2.92,10000000
255.16,3.051,10000000
255.17,3.139,10000000
255.18,2.92,10000000
255.19,3.095,10000000
255.2,3.183,10000000
255.21,3.139,10000000
255.22,3.183,10000000
255.23,3.183,10000000
255.24,3.227,10000000
255.25,2.964,10000000
255.26,3.051,10000000
255.27,3.051,10000000
255.28,3.051,10000000
255.29,3.051,10000000
255.3,3.007,10000000
255.31,2.964,10000000
255.32,3.007,10000000
255.33,2.964,10000000
255.34,3.095,10000000
255.35,3.051,10000000
255.36,2.964,10000000
255.37,3.051,10000000
255.38,3.095,10000000
255.39,3.315,10000000
255.4,3.007,10000000
255.41,3.095,10000000
255.42,3.139,10000000
255.43,3.139,10000000
255.44,2.964,10000000
255.45,3.051,10000000
255.46,3.051,10000000
255.47,2.964,10000000
255.48,3.095,10000000
255.49,3.095,10000000
255.5,3.139,10000000
255.51,3.139,10000000
255.52,2.964,10000000
255.53,3.139,10000000
255.54,3.051,10000000
255.55,3.095,10000000
255.56,3.007,10000000
255.57,3.051,10000000
255.58,3.139,10000000
255.59,3.051,10000000
255.6,3.139,10000000
255.61,3.139,10000000
255.62,3.183,10000000
255.63,2.964,10000000
255.64,2.964,10000000
255.65,3.095,10000000
255.66,3.095,10000000
255.67,3.183,10000000
255.68,3.007,10000000
255.69,3.095,10000000
255.7,3.095,10000000
255.71,3.051,10000000
255.72,3.051,10000000
255.73,3.051,10000000
255.74,3.095,10000000
255.75,3.095,10000000
255.76,2.92,10000000
255.77,3.051,10000000
255.78,3.007,10000000
255.79,3.051,10000000
255.8,2.92,10000000
255.81,3.139,10000000
255.82,2.964,10000000
255.83,3.095,10000000
255.84,2.92,10000000
255.85,3.139,10000000
255.86,3.095,10000000
255.87,3.007,10000000
255.88,3.051,10000000
255.89,3.051,10000000
255.9,3.007,10000000
255.91,3.007,10000000
255.92,3.095,10000000
255.93,2.92,10000000
255.94,3.051,10000000
255.95,3.051,10000000
255.96,3.095,10000000
255.97,3.051,10000000
255.98,3.007,10000000
255.99,3.095,10000000
256,3.095,10000000
256.01,3.051,10000000
256.02,3.095,10000000
256.03,3.139,10000000
256.04,3.007,10000000
256.05,2.92,10000000
256.06,3.051,10000000
256.07,3.139,10000000
256.08,3.051,10000000
256.09,3.007,10000000
256.1,3.051,10000000
256.11,3.051,10000000
256.12,3.139,10000000
256.13,3.051,10000000
256.14,3.139,10000000
256.15,3.007,10000000
256.16,3.095,10000000
256.17,3.051,10000000
256.18,3.139,10000000
256.19,3.139,10000000
256.2,3.007,10000000
256.21,2.964,10000000
256.22,3.051,10000000
256.23,3.007,10000000
256.24,3.007,10000000
256.25,2.964,10000000
256.26,2.964,10000000
256.27,2.92,10000000
256.28,2.92,10000000
256.29,2.964,10000000
256.3,3.051,10000000
256.31,3.095,10000000
256.32,3.095,10000000
256.33,3.007,10000000
256.34,3.051,10000000
256.35,2.964,10000000
256.36,3.051,10000000
256.37,3.095,10000000
256.38,3.051,10000000
256.39,3.007,10000000
256.4,3.007,10000000
256.41,3.051,10000000
256.42,3.007,10000000
256.43,3.139,10000000
256.44,3.095,10000000
256.45,3.095,10000000
256.46,3.007,10000000
256.47,3.095,10000000
256.48,2.92,10000000
256.49,3.095,10000000
256.5,2.876,10000000
256.51,3.095,10000000
256.52,3.051,10000000
256.53,3.183,10000000
256.54,3.139,10000000
256.55,3.007,10000000
256.56,2.964,10000000
256.57,3.051,10000000
256.58,3.051,10000000
256.59,3.139,10000000
256.6,3.139,10000000
256.61,3.095,10000000
256.62,3.095,10000000
256.63,2.964,10000000
256.64,2.964,10000000
256.65,3.095,10000000
256.66,3.139,10000000
256.67,3.095,10000000
256.68,3.095,10000000
256.69,2.92,10000000
256.7,3.007,10000000
256.71,3.095,10000000
256.72,3.007,10000000
256.73,3.051,10000000
256.74,3.007,10000000
256.75,3.007,10000000
256.76,3.007,10000000
256.77,3.051,10000000
256.78,2.92,10000000
256.79,3.007,10000000
256.8,3.139,10000000
256.81,2.964,10000000
256.82,2.92,10000000
256.83,2.876,10000000
256.84,2.964,10000000
256.85,3.051,10000000
256.86,3.095,10000000
256.87,2.964,10000000
256.88,3.051,10000000
256.89,3.007,10000000
256.9,2.964,10000000
256.91,3.007,10000000
256.92,2.964,10000000
256.93,2.964,10000000
256.94,2.964,10000000
256.95,3.095,10000000
256.96,3.095,10000000
256.97,3.007,10000000
256.98,3.095,10000000
256.99,3.095,10000000
257,2.92,10000000
257.01,2.92,10000000
257.02,2.92,10000000
257.03,3.139,10000000
257.04,3.095,10000000
257.05,2.92,10000000
257.06,3.007,10000000
257.07,3.139,10000000
257.08,3.007,10000000
257.09,3.139,10000000
257.1,3.051,10000000
257.11,2.964,10000000
257.12,2.92,10000000
257.13,2.876,10000000
257.14,3.051,10000000
257.15,2.92,10000000
257.16,3.007,10000000
257.17,3.051,10000000
257.18,3.007,10000000
257.19,2.964,10000000
257.2,2.92,10000000
257.21,2.964,10000000
257.22,2.964,10000000
257.23,2.876,10000000
257.24,3.051,10000000
257.25,3.051,10000000
257.26,3.051,10000000
257.27,3.095,10000000
257.28,3.051,10000000
257.29,2.964,10000000
257.3,2.964,10000000
257.31,2.964,10000000
257.32,3.051,10000000
257.33,2.92,10000000
257.34,3.007,10000000
257.35,3.095,10000000
257.36,3.051,10000000
257.37,3.007,10000000
257.38,2.964,10000000
257.39,3.051,10000000
257.4,3.007,10000000
257.41,3.139,10000000
257.42,3.139,10000000
257.43,3.051,10000000
257.44,3.095,10000000
257.45,3.139,10000000
257.46,3.139,10000000
257.47,3.227,10000000
257.48,3.051,10000000
257.49,3.183,10000000
257.5,3.007,10000000
257.51,3.139,10000000
257.52,3.227,10000000
257.53,3.227,10000000
257.54,3.007,10000000
257.55,3.139,10000000
257.56,3.007,10000000
257.57,3.007,10000000
257.58,3.007,10000000
257.59,2.964,10000000
257.6,3.139,10000000
257.61,2.876,10000000
257.62,2.964,10000000
257.63,3.095,10000000
257.64,2.964,10000000
257.65,3.051,10000000
257.66,2.92,10000000
257.67,2.964,10000000
257.68,2.832,10000000
257.69,2.92,10000000
257.7,3.051,10000000
257.71,3.183,10000000
257.72,3.007,10000000
257.73,3.051,10000000
257.74,3.139,10000000
257.75,3.007,10000000
257.76,3.007,10000000
257.77,3.051,10000000
257.78,3.007,10000000
257.79,3.183,10000000
257.8,3.139,10000000
257.81,2.92,10000000
257.82,2.964,10000000
257.83,3.007,10000000
257.84,3.051,10000000
257.85,2.964,10000000
257.86,3.095,10000000
257.87,3.051,10000000
257.88,3.095,10000000
257.89,3.139,10000000
257.9,3.051,10000000
257.91,3.051,10000000
257.92,3.051,10000000
257.93,2.788,10000000
257.94,2.964,10000000
257.95,3.051,10000000
257.96,2.964,10000000
257.97,3.007,10000000
257.98,3.007,10000000
257.99,2.92,10000000
258,3.007,10000000
258.01,3.095,10000000
258.02,3.139,10000000
258.03,3.095,10000000
258.04,3.227,10000000
258.05,3.051,10000000
258.06,3.139,10000000
258.07,3.139,10000000
258.08,3.051,10000000
258.09,2.92,10000000
258.1,3.139,10000000
258.11,3.051,10000000
258.12,3.051,10000000
258.13,3.095,10000000
258.14,3.051,10000000
258.15,3.095,10000000
258.16,2.92,10000000
258.17,3.139,10000000
258.18,3.095,10000000
258.19,3.139,10000000
258.2,3.051,10000000
258.21,3.051,10000000
258.22,3.051,10000000
258.23,2.964,10000000
258.24,2.92,10000000
258.25,3.139,10000000
258.26,2.964,10000000
258.27,2.964,10000000
258.28,3.051,10000000
258.29,2.964,10000000
258.3,2.92,10000000
258.31,3.007,10000000
258.32,3.051,10000000
258.33,3.051,10000000
258.34,2.876,10000000
258.35,3.139,10000000
258.36,3.051,10000000
258.37,3.095,10000000
258.38,2.92,10000000
258.39,3.095,10000000
258.4,3.051,10000000
258.41,2.964,10000000
258.42,3.007,10000000
258.43,2.964,10000000
258.44,3.139,10000000
258.45,3.007,10000000
258.46,2.964,10000000
258.47,3.007,10000000
258.48,2.92,10000000
258.49,3.095,10000000
258.5,3.051,10000000
258.51,2.964,10000000
258.52,3.007,10000000
258.53,2.92,10000000
258.54,3.095,10000000
258.55,3.051,10000000
258.56,3.139,10000000
258.57,3.139,10000000
258.58,2.964,10000000
258.59,3.139,10000000
258.6,3.051,10000000
258.61,2.92,10000000
258.62,2.964,10000000
258.63,3.139,10000000
258.64,2.964,10000000
258.65,2.92,10000000
258.66,3.007,10000000
258.67,2.876,10000000
258.68,2.964,10000000
258.69,3.095,10000000
258.7,3.051,10000000
258.71,2.92,10000000
258.72,3.095,10000000
258.73,2.964,10000000
258.74,2.964,10000000
258.75,3.095,10000000
258.76,2.92,10000000
258.77,3.007,10000000
258.78,3.007,10000000
258.79,3.139,10000000
258.8,3.095,10000000
258.81,3.007,10000000
258.82,3.095,10000000
258.83,3.051,10000000
258.84,2.964,10000000
258.85,2.92,10000000
258.86,3.007,10000000
258.87,2.92,10000000
258.88,3.007,10000000
258.89,3.007,10000000
258.9,3.095,10000000
258.91,3.095,10000000
258.92,3.051,10000000
258.93,2.92,10000000
258.94,3.183,10000000
258.95,2.92,10000000
258.96,2.876,10000000
258.97,3.139,10000000
258.98,3.051,10000000
258.99,3.007,10000000
259,3.007,10000000
259.01,2.92,10000000
259.02,2.92,10000000
259.03,3.007,10000000
259.04,3.007,10000000
259.05,2.964,10000000
259.06,2.92,10000000
259.07,3.007,10000000
259.08,2.92,10000000
259.09,2.964,10000000
259.1,2.92,10000000
259.11,3.139,10000000
259.12,2.92,10000000
259.13,3.095,10000000
259.14,3.007,10000000
259.15,2.964,10000000
259.16,3.051,10000000
259.17,2.964,10000000
259.18,2.788,10000000
259.19,2.92,10000000
259.2,3.007,10000000
259.21,2.744,10000000
259.22,2.92,10000000
259.23,3.051,10000000
259.24,3.007,10000000
259.25,3.139,10000000
259.26,3.139,10000000
259.27,3.095,10000000
259.28,3.139,10000000
259.29,3.095,10000000
259.3,3.007,10000000
259.31,3.139,10000000
259.32,3.007,10000000
259.33,3.007,10000000
259.34,3.315,10000000
259.35,3.139,10000000
259.36,3.007,10000000
259.37,3.051,10000000
259.38,3.095,10000000
259.39,3.007,10000000
259.4,3.051,10000000
259.41,3.007,10000000
259.42,2.832,10000000
259.43,3.051,10000000
259.44,3.007,10000000
259.45,3.007,10000000
259.46,2.92,10000000
259.47,3.139,10000000
259.48,2.964,10000000
259.49,3.007,10000000
259.5,3.139,10000000
259.51,3.051,10000000
259.52,3.007,10000000
259.53,3.007,10000000
259.54,3.051,10000000
259.55,3.095,10000000
259.56,3.139,10000000
259.57,3.139,10000000
259.58,3.051,10000000
259.59,3.051,10000000
259.6,3.183,10000000
259.61,3.095,10000000
259.62,3.139,10000000
259.63,3.007,10000000
259.64,3.007,10000000
259.65,3.095,10000000
259.66,2.964,10000000
259.67,3.007,10000000
259.68,3.139,10000000
259.69,3.139,10000000
259.7,2.964,10000000
259.71,3.051,10000000
259.72,3.007,10000000
259.73,2.964,10000000
259.74,3.139,10000000
259.75,3.183,10000000
259.76,3.139,10000000
259.77,3.051,10000000
259.78,2.92,10000000
259.79,3.007,10000000
259.8,3.139,10000000
259.81,3.007,10000000
259.82,3.051,10000000
259.83,3.051,10000000
259.84,2.92,10000000
259.85,3.007,10000000
259.86,2.92,10000000
259.87,3.095,10000000
259.88,3.139,10000000
259.89,3.139,10000000
259.9,3.139,10000000
259.91,3.051,10000000
259.92,3.051,10000000
259.93,3.007,10000000
259.94,3.095,10000000
259.95,3.139,10000000
259.96,3.271,10000000
259.97,3.139,10000000
259.98,3.227,10000000
259.99,3.139,10000000
260,3.007,10000000
260.01,3.007,10000000
260.02,2.964,10000000
260.03,3.007,10000000
260.04,2.964,10000000
260.05,3.139,10000000
260.06,2.92,10000000
260.07,3.139,10000000
260.08,2.964,10000000
260.09,2.964,10000000
260.1,2.964,10000000
260.11,3.139,10000000
260.12,3.139,10000000
260.13,3.095,10000000
260.14,2.964,10000000
260.15,2.92,10000000
260.16,3.139,10000000
260.17,3.007,10000000
260.18,2.964,10000000
260.19,3.139,10000000
260.2,3.007,10000000
260.21,3.139,10000000
260.22,3.007,10000000
260.23,3.095,10000000
260.24,3.139,10000000
260.25,3.183,10000000
260.26,3.139,10000000
260.27,3.271,10000000
260.28,3.183,10000000
260.29,3.095,10000000
260.3,3.007,10000000
260.31,3.051,10000000
260.32,3.007,10000000
260.33,3.007,10000000
260.34,3.007,10000000
260.35,3.139,10000000
260.36,3.051,10000000
260.37,2.964,10000000
260.38,3.051,10000000
260.39,3.051,10000000
260.4,2.876,10000000
260.41,2.92,10000000
260.42,2.876,10000000
260.43,3.139,10000000
260.44,2.964,10000000
260.45,3.007,10000000
260.46,2.92,10000000
260.47,2.92,10000000
260.48,3.139,10000000
260.49,2.92,10000000
260.5,3.051,10000000
260.51,3.139,10000000
260.52,3.095,10000000
260.53,3.095,10000000
260.54,3.051,10000000
260.55,2.92,10000000
260.56,3.095,10000000
260.57,3.095,10000000
260.58,3.139,10000000
260.59,3.227,10000000
260.6,3.183,10000000
260.61,3.051,10000000
260.62,3.139,10000000
260.63,3.007,10000000
260.64,3.095,10000000
260.65,3.051,10000000
260.66,2.832,10000000
260.67,3.139,10000000
260.68,3.051,10000000
260.69,3.007,10000000
260.7,3.007,10000000
260.71,2.92,10000000
260.72,3.139,10000000
260.73,3.051,10000000
260.74,3.007,10000000
260.75,3.051,10000000
260.76,2.964,10000000
260.77,3.051,10000000
260.78,3.095,10000000
260.79,3.051,10000000
260.8,2.92,10000000
260.81,3.051,10000000
260.82,3.051,10000000
260.83,3.139,10000000
260.84,2.92,10000000
260.85,3.139,10000000
260.86,3.095,10000000
260.87,2.92,10000000
260.88,2.832,10000000
260.89,3.051,10000000
260.9,3.007,10000000
260.91,2.964,10000000
260.92,2.832,10000000
260.93,2.92,10000000
260.94,3.139,10000000
260.95,3.095,10000000
260.96,3.095,10000000
260.97,2.964,10000000
260.98,2.964,10000000
260.99,2.964,10000000
261,3.051,10000000
261.01,3.007,10000000
261.02,3.051,10000000
261.03,3.139,10000000
261.04,3.139,10000000
261.05,3.139,10000000
261.06,3.051,10000000
261.07,2.788,10000000
261.08,3.183,10000000
261.09,3.139,10000000
261.1,3.139,10000000
261.11,3.051,10000000
261.12,2.92,10000000
261.13,2.964,10000000
261.14,3.095,10000000
261.15,3.007,10000000
261.16,2.964,10000000
261.17,3.139,10000000
261.18,2.964,10000000
261.19,3.095,10000000
261.2,3.007,10000000
261.21,2.964,10000000
261.22,2.876,10000000
261.23,3.095,10000000
261.24,3.051,10000000
261.25,2.92,10000000
261.26,3.095,10000000
261.27,2.92,10000000
261.28,3.095,10000000
261.29,2.964,10000000
261.3,3.095,10000000
261.31,3.051,10000000
261.32,3.139,10000000
261.33,3.139,10000000
261.34,3.051,10000000
261.35,3.183,10000000
261.36,3.095,10000000
261.37,3.315,10000000
261.38,3.051,10000000
261.39,2.964,10000000
261.4,2.876,10000000
261.41,3.051,10000000
261.42,3.051,10000000
261.43,3.051,10000000
261.44,3.007,10000000
261.45,3.095,10000000
261.46,2.92,10000000
261.47,3.051,10000000
261.48,3.139,10000000
261.49,3.139,10000000
261.5,3.051,10000000
261.51,3.095,10000000
261.52,3.051,10000000
261.53,3.095,10000000
261.54,2.92,10000000
261.55,3.139,10000000
261.56,2.92,10000000
261.57,3.139,10000000
261.58,2.964,10000000
261.59,3.139,10000000
261.6,3.007,10000000
261.61,3.095,10000000
261.62,3.139,10000000
261.63,3.139,10000000
261.64,2.964,10000000
261.65,2.92,10000000
261.66,2.964,10000000
261.67,3.007,10000000
261.68,2.964,10000000
261.69,2.92,10000000
261.7,2.876,10000000
261.71,2.92,10000000
261.72,3.007,10000000
261.73,3.051,10000000
261.74,3.139,10000000
261.75,3.095,10000000
261.76,3.227,10000000
261.77,3.271,10000000
261.78,3.007,10000000
261.79,3.051,10000000
261.8,3.095,10000000
261.81,3.095,10000000
261.82,3.227,10000000
261.83,2.92,10000000
261.84,3.007,10000000
261.85,2.964,10000000
261.86,2.964,10000000
261.87,3.007,10000000
261.88,2.964,10000000
261.89,2.92,10000000
261.9,3.007,10000000
261.91,2.964,10000000
261.92,3.051,10000000
261.93,3.095,10000000
261.94,3.183,10000000
261.95,3.007,10000000
261.96,3.051,10000000
261.97,3.095,10000000
261.98,3.139,10000000
261.99,2.964,10000000
262,3.007,10000000
262.01,2.964,10000000
262.02,3.139,10000000
262.03,3.183,10000000
262.04,3.051,10000000
262.05,3.183,10000000
262.06,3.139,10000000
262.07,3.095,10000000
262.08,3.095,10000000
262.09,3.139,10000000
262.1,2.92,10000000
262.11,3.007,10000000
262.12,3.051,10000000
262.13,3.007,10000000
262.14,3.051,10000000
262.15,3.095,10000000
262.16,3.051,10000000
262.17,2.964,10000000
262.18,2.964,10000000
262.19,3.007,10000000
262.2,2.92,10000000
262.21,2.92,10000000
262.22,3.007,10000000
262.23,3.183,10000000
262.24,3.007,10000000
262.25,3.007,10000000
262.26,3.139,10000000
262.27,3.139,10000000
262.28,3.007,10000000
262.29,3.139,10000000
262.3,3.139,10000000
262.31,2.92,10000000
262.32,3.315,10000000
262.33,3.095,10000000
262.34,3.051,10000000
262.35,3.051,10000000
262.36,3.095,10000000
262.37,3.051,10000000
262.38,3.095,10000000
262.39,2.876,10000000
262.4,3.095,10000000
262.41,3.095,10000000
262.42,3.051,10000000
262.43,3.007,10000000
262.44,3.095,10000000
262.45,3.051,10000000
262.46,3.095,10000000
262.47,3.139,10000000
262.48,3.051,10000000
262.49,3.095,10000000
262.5,3.095,10000000
262.51,3.051,10000000
262.52,3.139,10000000
262.53,3.139,10000000
262.54,3.095,10000000
262.55,3.139,10000000
262.56,3.051,10000000
262.57,3.051,10000000
262.58,3.139,10000000
262.59,3.007,10000000
262.6,2.964,10000000
262.61,3.007,10000000
262.62,3.095,10000000
262.63,3.095,10000000
262.64,3.007,10000000
262.65,3.051,10000000
262.66,2.964,10000000
262.67,2.964,10000000
262.68,2.832,10000000
262.69,3.051,10000000
262.7,2.964,10000000
262.71,2.964,10000000
262.72,2.964,10000000
262.73,2.964,10000000
262.74,2.832,10000000
262.75,3.007,10000000
262.76,3.051,10000000
262.77,3.095,10000000
262.78,3.095,10000000
262.79,3.139,10000000
262.8,3.007,10000000
262.81,3.139,10000000
262.82,3.007,10000000
262.83,2.964,10000000
262.84,3.183,10000000
262.85,2.92,10000000
262.86,3.139,10000000
262.87,3.139,10000000
262.88,3.051,10000000
262.89,3.095,10000000
262.9,3.095,10000000
262.91,2.964,10000000
262.92,3.095,10000000
262.93,3.007,10000000
262.94,3.095,10000000
262.95,3.007,10000000
262.96,3.095,10000000
262.97,3.095,10000000
262.98,3.051,10000000
262.99,2.92,10000000
263,3.051,10000000
263.01,3.007,10000000
263.02,3.007,10000000
263.03,3.095,10000000
263.04,2.92,10000000
263.05,2.92,10000000
263.06,3.007,10000000
263.07,3.095,10000000
263.08,3.183,10000000
263.09,3.007,10000000
263.1,3.007,10000000
263.11,3.139,10000000
263.12,3.051,10000000
263.13,3.007,10000000
263.14,3.051,10000000
263.15,3.095,10000000
263.16,2.964,10000000
263.17,3.007,10000000
263.18,2.92,10000000
263.19,2.876,10000000
263.2,3.051,10000000
263.21,2.92,10000000
263.22,3.007,10000000
263.23,2.964,10000000
263.24,3.051,10000000
263.25,3.095,10000000
263.26,3.139,10000000
263.27,3.051,10000000
263.28,3.007,10000000
263.29,3.007,10000000
263.3,2.964,10000000
263.31,3.095,10000000
263.32,3.051,10000000
263.33,3.095,10000000
263.34,3.139,10000000
263.35,3.007,10000000
263.36,3.051,10000000
263.37,3.095,10000000
263.38,3.051,10000000
263.39,3.051,10000000
263.4,3.095,10000000
263.41,3.095,10000000
263.42,3.139,10000000
263.43,3.139,10000000
263.44,3.051,10000000
263.45,3.051,10000000
263.46,3.315,10000000
263.47,3.051,10000000
263.48,3.095,10000000
263.49,3.007,10000000
263.5,3.095,10000000
263.51,3.051,10000000
263.52,3.051,10000000
263.53,2.92,10000000
263.54,3.139,10000000
263.55,3.051,10000000
263.56,3.095,10000000
263.57,3.139,10000000
263.58,3.139,10000000
263.59,3.139,10000000
263.6,3.007,10000000
263.61,3.051,10000000
263.62,3.007,10000000
263.63,3.051,10000000
263.64,3.095,10000000
263.65,3.007,10000000
263.66,3.095,10000000
263.67,3.051,10000000
263.68,3.051,10000000
263.69,2.876,10000000
263.7,2.964,10000000
263.71,3.051,10000000
263.72,3.051,10000000
263.73,3.007,10000000
263.74,3.007,10000000
263.75,3.051,10000000
263.76,3.139,10000000
263.77,3.095,10000000
263.78,2.92,10000000
263.79,2.964,10000000
263.8,3.051,10000000
263.81,2.92,10000000
263.82,3.007,10000000
263.83,3.315,10000000
263.84,3.095,10000000
263.85,3.051,10000000
263.86,3.139,10000000
263.87,3.007,10000000
263.88,2.964,10000000
263.89,2.92,10000000
263.9,3.007,10000000
263.91,3.007,10000000
263.92,3.007,10000000
263.93,3.007,10000000
263.94,3.095,10000000
263.95,3.051,10000000
263.96,3.051,10000000
263.97,3.183,10000000
263.98,3.095,10000000
263.99,3.007,10000000
264,2.964,10000000
264.01,3.139,10000000
264.02,2.92,10000000
264.03,3.095,10000000
264.04,3.007,10000000
264.05,3.007,10000000
264.06,3.007,10000000
264.07,3.139,10000000
264.08,3.095,10000000
264.09,3.139,10000000
264.1,3.051,10000000
264.11,3.007,10000000
264.12,3.183,10000000
264.13,3.095,10000000
264.14,2.92,10000000
264.15,3.051,10000000
264.16,3.007,10000000
264.17,3.007,10000000
264.18,3.095,10000000
264.19,3.227,10000000
264.2,3.007,10000000
264.21,3.051,10000000
264.22,3.095,10000000
264.23,3.007,10000000
264.24,3.051,10000000
264.25,3.007,10000000
264.26,3.051,10000000
264.27,2.964,10000000
264.28,3.007,10000000
264.29,2.964,10000000
264.3,3.007,10000000
264.31,3.139,10000000
264.32,3.139,10000000
264.33,3.051,10000000
264.34,3.051,10000000
264.35,3.139,10000000
264.36,3.095,10000000
264.37,2.964,10000000
264.38,3.139,10000000
264.39,3.139,10000000
264.4,3.007,10000000
264.41,3.007,10000000
264.42,3.095,10000000
264.43,2.964,10000000
264.44,2.964,10000000
264.45,3.095,10000000
264.46,3.183,10000000
264.47,3.095,10000000
264.48,3.095,10000000
264.49,3.183,10000000
264.5,3.007,10000000
264.51,3.051,10000000
264.52,3.095,10000000
264.53,3.007,10000000
264.54,3.095,10000000
264.55,3.139,10000000
264.56,2.964,10000000
264.57,3.051,10000000
264.58,2.92,10000000
264.59,2.92,10000000
264.6,3.007,10000000
264.61,3.095,10000000
264.62,3.139,10000000
264.63,3.051,10000000
264.64,3.095,10000000
264.65,3.095,10000000
264.66,2.92,10000000
264.67,3.183,10000000
264.68,2.92,10000000
264.69,2.92,10000000
264.7,2.92,10000000
264.71,3.139,10000000
264.72,2.92,10000000
264.73,3.007,10000000
264.74,3.007,10000000
264.75,3.095,10000000
264.76,3.051,10000000
264.77,3.095,10000000
264.78,3.139,10000000
264.79,3.007,10000000
264.8,3.095,10000000
264.81,3.007,10000000
264.82,3.051,10000000
264.83,3.051,10000000
264.84,3.051,10000000
264.85,3.139,10000000
264.86,2.92,10000000
264.87,3.007,10000000
264.88,3.007,10000000
264.89,2.964,10000000
264.9,2.964,10000000
264.91,3.007,10000000
264.92,2.964,10000000
264.93,2.92,10000000
264.94,2.832,10000000
264.95,3.139,10000000
264.96,3.007,10000000
264.97,3.095,10000000
264.98,2.92,10000000
264.99,2.964,10000000
265,3.051,10000000
265.01,3.183,10000000
265.02,3.051,10000000
265.03,3.095,10000000
265.04,3.139,10000000
265.05,3.051,10000000
265.06,3.007,10000000
265.07,2.92,10000000
265.08,3.007,10000000
265.09,2.92,10000000
265.1,2.964,10000000
265.11,2.964,10000000
265.12,3.007,10000000
265.13,2.964,10000000
265.14,3.007,10000000
265.15,3.095,10000000
265.16,3.051,10000000
265.17,3.051,10000000
265.18,3.095,10000000
265.19,3.095,10000000
265.2,3.007,10000000
265.21,3.095,10000000
265.22,2.92,10000000
265.23,3.051,10000000
265.24,3.051,10000000
265.25,3.051,10000000
265.26,3.051,10000000
265.27,3.095,10000000
265.28,3.139,10000000
265.29,3.095,10000000
265.3,3.227,10000000
265.31,3.095,10000000
265.32,3.095,10000000
265.33,3.051,10000000
265.34,3.051,10000000
265.35,2.92,10000000
265.36,2.92,10000000
265.37,2.964,10000000
265.38,3.051,10000000
265.39,2.964,10000000
265.4,3.095,10000000
265.41,3.051,10000000
265.42,2.964,10000000
265.43,2.964,10000000
265.44,2.92,10000000
265.45,2.876,10000000
265.46,3.051,10000000
265.47,2.964,10000000
265.48,2.964,10000000
265.49,3.007,10000000
265.5,3.007,10000000
265.51,3.095,10000000
265.52,2.92,10000000
265.53,3.139,10000000
265.54,3.007,10000000
265.55,3.051,10000000
265.56,2.964,10000000
265.57,2.964,10000000
265.58,3.051,10000000
265.59,2.876,10000000
265.6,3.007,10000000
265.61,3.051,10000000
265.62,3.051,10000000
265.63,3.095,10000000
265.64,3.007,10000000
265.65,3.095,10000000
265.66,3.051,10000000
265.67,3.095,10000000
265.68,3.007,10000000
265.69,3.139,10000000
265.7,3.315,10000000
265.71,3.095,10000000
265.72,3.095,10000000
265.73,3.051,10000000
265.74,3.007,10000000
265.75,2.876,10000000
265.76,3.007,10000000
265.77,3.051,10000000
265.78,3.007,10000000
265.79,2.964,10000000
265.8,3.051,10000000
265.81,3.007,10000000
265.82,2.92,10000000
265.83,2.964,10000000
265.84,2.92,10000000
265.85,3.183,10000000
265.86,3.095,10000000
265.87,3.139,10000000
265.88,3.139,10000000
265.89,3.095,10000000
265.9,3.007,10000000
265.91,3.183,10000000
265.92,3.139,10000000
265.93,3.051,10000000
265.94,3.051,10000000
265.95,2.964,10000000
265.96,3.007,10000000
265.97,3.007,10000000
265.98,3.007,10000000
265.99,3.051,10000000
266,2.964,10000000
266.01,2.92,10000000
266.02,3.139,10000000
266.03,3.051,10000000
266.04,3.007,10000000
266.05,3.095,10000000
266.06,3.095,10000000
266.07,3.051,10000000
266.08,3.095,10000000
266.09,2.964,10000000
266.1,3.139,10000000
266.11,3.139,10000000
266.12,3.007,10000000
266.13,3.139,10000000
266.14,3.095,10000000
266.15,3.095,10000000
266.16,3.051,10000000
266.17,3.051,10000000
266.18,3.139,10000000
266.19,3.139,10000000
266.2,3.139,10000000
266.21,2.964,10000000
266.22,3.007,10000000
266.23,3.007,10000000
266.24,3.051,10000000
266.25,2.92,10000000
266.26,3.007,10000000
266.27,2.964,10000000
266.28,2.964,10000000
266.29,2.92,10000000
266.3,3.007,10000000
266.31,3.051,10000000
266.32,3.007,10000000
266.33,3.139,10000000
266.34,3.227,10000000
266.35,3.227,10000000
266.36,3.095,10000000
266.37,3.139,10000000
266.38,2.964,10000000
266.39,3.139,10000000
266.4,3.183,10000000
266.41,3.095,10000000
266.42,3.095,10000000
266.43,3.095,10000000
266.44,2.92,10000000
266.45,2.964,10000000
266.46,2.832,10000000
266.47,3.007,10000000
266.48,3.007,10000000
266.49,3.007,10000000
266.5,3.139,10000000
266.51,3.051,10000000
266.52,2.92,10000000
266.53,2.964,10000000
266.54,3.051,10000000
266.55,3.007,10000000
266.56,3.051,10000000
266.57,3.007,10000000
266.58,3.095,10000000
266.59,3.007,10000000
266.6,2.92,10000000
266.61,3.051,10000000
266.62,2.964,10000000
266.63,2.92,10000000
266.64,3.095,10000000
266.65,3.139,10000000
266.66,3.227,10000000
266.67,3.051,10000000
266.68,3.007,10000000
266.69,2.92,10000000
266.7,3.051,10000000
266.71,3.051,10000000
266.72,2.744,10000000
266.73,2.92,10000000
266.74,3.095,10000000
266.75,3.051,10000000
266.76,3.139,10000000
266.77,2.92,10000000
266.78,3.007,10000000
266.79,3.051,10000000
266.8,3.139,10000000
266.81,3.139,10000000
266.82,3.007,10000000
266.83,2.964,10000000
266.84,3.007,10000000
266.85,2.964,10000000
266.86,3.007,10000000
266.87,3.139,10000000
266.88,3.007,10000000
266.89,3.051,10000000
266.9,3.007,10000000
266.91,2.92,10000000
266.92,3.139,10000000
266.93,3.007,10000000
266.94,3.007,10000000
266.95,3.051,10000000
266.96,3.007,10000000
266.97,3.051,10000000
266.98,3.095,10000000
266.99,2.964,10000000
267,3.051,10000000
267.01,3.139,10000000
267.02,3.139,10000000
267.03,3.051,10000000
267.04,3.095,10000000
267.05,3.095,10000000
267.06,3.051,10000000
267.07,2.964,10000000
267.08,3.051,10000000
267.09,3.007,10000000
267.1,3.051,10000000
267.11,3.051,10000000
267.12,2.92,10000000
267.13,3.095,10000000
267.14,3.051,10000000
267.15,3.007,10000000
267.16,3.007,10000000
267.17,3.183,10000000
267.18,3.139,10000000
267.19,3.007,10000000
267.2,3.007,10000000
267.21,3.095,10000000
267.22,3.051,10000000
267.23,3.095,10000000
267.24,2.92,10000000
267.25,2.92,10000000
267.26,3.007,10000000
267.27,3.007,10000000
267.28,3.007,10000000
267.29,3.139,10000000
267.3,3.227,10000000
267.31,3.007,10000000
267.32,3.139,10000000
267.33,3.139,10000000
267.34,3.095,10000000
267.35,3.095,10000000
267.36,3.007,10000000
267.37,3.051,10000000
267.38,3.227,10000000
267.39,3.095,10000000
267.4,2.92,10000000
267.41,2.964,10000000
267.42,3.095,10000000
267.43,3.095,10000000
267.44,3.095,10000000
267.45,3.271,10000000
267.46,3.139,10000000
267.47,3.051,10000000
267.48,3.051,10000000
267.49,3.007,10000000
267.5,3.051,10000000
267.51,3.007,10000000
267.52,3.007,10000000
267.53,3.007,10000000
267.54,2.92,10000000
267.55,3.051,10000000
267.56,3.007,10000000
267.57,2.964,10000000
267.58,3.183,10000000
267.59,3.227,10000000
267.6,3.051,10000000
267.61,3.139,10000000
267.62,3.139,10000000
267.63,3.007,10000000
267.64,2.92,10000000
267.65,3.095,10000000
267.66,3.007,10000000
267.67,3.007,10000000
267.68,3.095,10000000
267.69,3.051,10000000
267.7,3.139,10000000
267.71,3.007,10000000
267.72,3.095,10000000
267.73,3.051,10000000
267.74,3.095,10000000
267.75,3.007,10000000
267.76,3.051,10000000
267.77,3.007,10000000
267.78,3.007,10000000
267.79,2.92,10000000
267.8,3.139,10000000
267.81,3.139,10000000
267.82,2.964,10000000
267.83,2.964,10000000
267.84,3.095,10000000
267.85,3.139,10000000
267.86,3.095,10000000
267.87,2.964,10000000
267.88,2.876,10000000
267.89,3.007,10000000
267.9,3.051,10000000
267.91,3.095,10000000
267.92,3.007,10000000
267.93,3.139,10000000
267.94,3.095,10000000
267.95,3.095,10000000
267.96,3.007,10000000
267.97,3.139,10000000
267.98,3.183,10000000
267.99,2.92,10000000
268,2.964,10000000
268.01,2.964,10000000
268.02,2.92,10000000
268.03,3.051,10000000
268.04,2.964,10000000
268.05,2.92,10000000
268.06,3.051,10000000
268.07,3.051,10000000
268.08,3.051,10000000
268.09,3.139,10000000
268.1,3.095,10000000
268.11,3.183,10000000
268.12,3.051,10000000
268.13,3.007,10000000
268.14,3.051,10000000
268.15,3.007,10000000
268.16,2.876,10000000
268.17,3.095,10000000
268.18,3.095,10000000
268.19,3.139,10000000
268.2,2.964,10000000
268.21,3.051,10000000
268.22,3.007,10000000
268.23,3.051,10000000
268.24,2.92,10000000
268.25,3.051,10000000
268.26,3.051,10000000
268.27,3.139,10000000
268.28,2.964,10000000
268.29,3.139,10000000
268.3,3.007,10000000
268.31,2.92,10000000
268.32,3.183,10000000
268.33,3.183,10000000
268.34,3.007,10000000
268.35,3.095,10000000
268.36,3.007,10000000
268.37,2.964,10000000
268.38,3.051,10000000
268.39,3.007,10000000
268.4,3.095,10000000
268.41,2.964,10000000
268.42,3.095,10000000
268.43,2.964,10000000
268.44,3.139,10000000
268.45,3.183,10000000
268.46,3.051,10000000
268.47,3.051,10000000
268.48,3.139,10000000
268.49,2.92,10000000
268.5,3.095,10000000
268.51,2.964,10000000
268.52,3.007,10000000
268.53,3.007,10000000
268.54,3.095,10000000
268.55,3.051,10000000
268.56,3.051,10000000
268.57,3.007,10000000
268.58,3.007,10000000
268.59,3.007,10000000
268.6,3.183,10000000
268.61,3.183,10000000
268.62,3.007,10000000
268.63,3.139,10000000
268.64,2.964,10000000
268.65,3.007,10000000
268.66,2.92,10000000
268.67,3.139,10000000
268.68,2.964,10000000
268.69,3.139,10000000
268.7,3.007,10000000
268.71,2.92,10000000
268.72,2.964,10000000
268.73,3.051,10000000
268.74,3.139,10000000
268.75,3.095,10000000
268.76,3.095,10000000
268.77,3.007,10000000
268.78,3.095,10000000
268.79,3.007,10000000
268.8,3.315,10000000
268.81,3.139,10000000
268.82,3.007,10000000
268.83,3.139,10000000
268.84,3.051,10000000
268.85,2.876,10000000
268.86,3.139,10000000
268.87,3.095,10000000
268.88,2.92,10000000
268.89,3.051,10000000
268.9,2.92,10000000
268.91,3.007,10000000
268.92,2.876,10000000
268.93,3.139,10000000
268.94,3.007,10000000
268.95,2.92,10000000
268.96,3.007,10000000
268.97,2.964,10000000
268.98,3.007,10000000
268.99,2.92,10000000
269,3.051,10000000
269.01,3.095,10000000
269.02,3.139,10000000
269.03,3.007,10000000
269.04,3.007,10000000
269.05,3.051,10000000
269.06,3.007,10000000
269.07,2.92,10000000
269.08,3.095,10000000
269.09,3.095,10000000
269.1,3.007,10000000
269.11,3.007,10000000
269.12,3.007,10000000
269.13,3.095,10000000
269.14,3.095,10000000
269.15,3.007,10000000
269.16,3.051,10000000
269.17,3.007,10000000
269.18,3.095,10000000
269.19,3.139,10000000
269.2,3.051,10000000
269.21,3.051,10000000
269.22,3.007,10000000
269.23,2.964,10000000
269.24,3.007,10000000
269.25,3.183,10000000
269.26,2.964,10000000
269.27,2.964,10000000
269.28,3.095,10000000
269.29,3.183,10000000
269.3,3.183,10000000
269.31,3.007,10000000
269.32,3.095,10000000
269.33,3.007,10000000
269.34,3.139,10000000
269.35,3.095,10000000
269.36,3.007,10000000
269.37,3.051,10000000
269.38,3.051,10000000
269.39,3.139,10000000
269.4,3.227,10000000
269.41,2.964,10000000
269.42,3.007,10000000
269.43,3.051,10000000
269.44,3.139,10000000
269.45,3.007,10000000
269.46,3.051,10000000
269.47,3.007,10000000
269.48,3.095,10000000
269.49,3.139,10000000
269.5,3.227,10000000
269.51,3.007,10000000
269.52,3.139,10000000
269.53,3.139,10000000
269.54,3.095,10000000
269.55,3.139,10000000
269.56,3.095,10000000
269.57,3.051,10000000
269.58,3.095,10000000
269.59,3.051,10000000
269.6,2.964,10000000
269.61,2.876,10000000
269.62,3.051,10000000
269.63,3.095,10000000
269.64,3.139,10000000
269.65,2.92,10000000
269.66,3.007,10000000
269.67,3.139,10000000
269.68,3.051,10000000
269.69,3.095,10000000
269.7,3.051,10000000
269.71,3.095,10000000
269.72,3.007,10000000
269.73,2.964,10000000
269.74,3.095,10000000
269.75,3.051,10000000
269.76,2.832,10000000
269.77,3.183,10000000
269.78,3.051,10000000
269.79,3.139,10000000
269.8,3.183,10000000
269.81,3.007,10000000
269.82,3.007,10000000
269.83,3.183,10000000
269.84,3.051,10000000
269.85,2.964,10000000
269.86,2.964,10000000
269.87,2.964,10000000
269.88,3.051,10000000
269.89,3.051,10000000
269.9,3.139,10000000
269.91,2.964,10000000
269.92,3.007,10000000
269.93,3.007,10000000
269.94,3.271,10000000
269.95,3.095,10000000
269.96,2.964,10000000
269.97,3.139,10000000
269.98,3.095,10000000
269.99,3.007,10000000
270,3.139,10000000
270.01,3.095,10000000
270.02,3.051,10000000
270.03,3.139,10000000
270.04,2.92,10000000
270.05,2.92,10000000
270.06,2.964,10000000
270.07,3.007,10000000
270.08,2.876,10000000
270.09,2.876,10000000
270.1,2.964,10000000
270.11,2.92,10000000
270.12,2.964,10000000
270.13,3.095,10000000
270.14,3.007,10000000
270.15,3.051,10000000
270.16,3.227,10000000
270.17,3.007,10000000
270.18,2.964,10000000
270.19,3.007,10000000
270.2,3.139,10000000
270.21,3.139,10000000
270.22,3.139,10000000
270.23,3.139,10000000
270.24,3.051,10000000
270.25,3.139,10000000
270.26,3.007,10000000
270.27,3.007,10000000
270.28,2.964,10000000
270.29,2.92,10000000
270.3,2.876,10000000
270.31,2.964,10000000
270.32,3.007,10000000
270.33,3.007,10000000
270.34,3.007,10000000
270.35,3.007,10000000
270.36,3.007,10000000
270.37,3.139,10000000
270.38,3.095,10000000
270.39,3.007,10000000
270.4,3.007,10000000
270.41,3.007,10000000
270.42,2.964,10000000
270.43,3.183,10000000
270.44,3.051,10000000
270.45,2.92,10000000
270.46,2.964,10000000
270.47,3.051,10000000
270.48,2.964,10000000
270.49,3.051,10000000
270.5,3.007,10000000
270.51,2.964,10000000
270.52,3.051,10000000
270.53,3.051,10000000
270.54,3.007,10000000
270.55,3.051,10000000
270.56,3.007,10000000
270.57,2.92,10000000
270.58,3.139,10000000
270.59,3.095,10000000
270.6,2.964,10000000
270.61,2.92,10000000
270.62,3.007,10000000
270.63,2.92,10000000
270.64,2.92,10000000
270.65,3.051,10000000
270.66,3.007,10000000
270.67,2.964,10000000
270.68,3.007,10000000
270.69,3.139,10000000
270.7,3.095,10000000
270.71,3.095,10000000
270.72,3.095,10000000
270.73,3.095,10000000
270.74,3.007,10000000
270.75,3.051,10000000
270.76,3.139,10000000
270.77,3.051,10000000
270.78,3.095,10000000
270.79,3.051,10000000
270.8,3.095,10000000
270.81,3.007,10000000
270.82,3.051,10000000
270.83,3.007,10000000
270.84,3.007,10000000
270.85,2.92,10000000
270.86,3.051,10000000
270.87,3.007,10000000
270.88,3.095,10000000
270.89,3.051,10000000
270.9,2.964,10000000
270.91,2.964,10000000
270.92,3.051,10000000
270.93,2.92,10000000
270.94,2.964,10000000
270.95,3.139,10000000
270.96,2.92,10000000
270.97,2.832,10000000
270.98,3.095,10000000
270.99,2.92,10000000
271,2.92,10000000
271.01,3.007,10000000
271.02,3.007,10000000
271.03,3.007,10000000
271.04,3.139,10000000
271.05,3.007,10000000
271.06,2.964,10000000
271.07,2.876,10000000
271.08,3.139,10000000
271.09,2.964,10000000
271.1,3.007,10000000
271.11,3.183,10000000
271.12,3.051,10000000
271.13,3.095,10000000
271.14,3.095,10000000
271.15,3.051,10000000
271.16,3.139,10000000
271.17,3.095,10000000
271.18,3.139,10000000
271.19,3.095,10000000
271.2,3.051,10000000
271.21,2.964,10000000
271.22,2.964,10000000
271.23,3.095,10000000
271.24,3.051,10000000
271.25,2.964,10000000
271.26,3.051,10000000
271.27,3.007,10000000
271.28,3.007,10000000
271.29,2.964,10000000
271.3,2.964,10000000
271.31,3.139,10000000
271.32,3.051,10000000
271.33,3.139,10000000
271.34,3.139,10000000
271.35,3.007,10000000
271.36,3.227,10000000
271.37,3.007,10000000
271.38,3.139,10000000
271.39,3.139,10000000
271.4,3.139,10000000
271.41,3.095,10000000
271.42,3.139,10000000
271.43,3.051,10000000
271.44,3.007,10000000
271.45,3.007,10000000
271.46,3.007,10000000
271.47,3.051,10000000
271.48,3.051,10000000
271.49,3.051,10000000
271.5,3.051,10000000
271.51,2.92,10000000
271.52,3.095,10000000
271.53,3.271,10000000
271.54,3.227,10000000
271.55,2.876,10000000
271.56,2.964,10000000
271.57,2.92,10000000
271.58,2.964,10000000
271.59,3.139,10000000
271.6,3.007,10000000
271.61,2.92,10000000
271.62,3.007,10000000
271.63,2.92,10000000
271.64,2.92,10000000
271.65,3.007,10000000
271.66,3.095,10000000
271.67,2.964,10000000
271.68,2.964,10000000
271.69,2.876,10000000
271.7,3.051,10000000
271.71,3.051,10000000
271.72,2.876,10000000
271.73,3.007,10000000
271.74,3.095,10000000
271.75,2.964,10000000
271.76,3.051,10000000
271.77,3.139,10000000
271.78,3.051,10000000
271.79,3.095,10000000
271.8,3.139,10000000
271.81,3.315,10000000
271.82,3.095,10000000
271.83,2.832,10000000
271.84,3.095,10000000
271.85,2.964,10000000
271.86,2.964,10000000
271.87,3.051,10000000
271.88,2.964,10000000
271.89,3.007,10000000
271.9,2.964,10000000
271.91,3.007,10000000
271.92,2.964,10000000
271.93,3.051,10000000
271.94,3.051,10000000
271.95,3.007,10000000
271.96,3.095,10000000
271.97,3.139,10000000
271.98,3.183,10000000
271.99,3.139,10000000
272,3.139,10000000
272.01,2.964,10000000
272.02,3.095,10000000
272.03,3.139,10000000
272.04,3.051,10000000
272.05,2.964,10000000
272.06,3.007,10000000
272.07,3.139,10000000
272.08,2.964,10000000
272.09,2.964,10000000
272.1,3.051,10000000
272.11,2.92,10000000
272.12,3.007,10000000
272.13,2.92,10000000
272.14,3.051,10000000
272.15,3.095,10000000
272.16,3.051,10000000
272.17,3.095,10000000
272.18,3.183,10000000
272.19,3.139,10000000
272.2,3.051,10000000
272.21,3.139,10000000
272.22,2.964,10000000
272.23,3.007,10000000
272.24,3.095,10000000
272.25,2.964,10000000
272.26,2.964,10000000
272.27,3.051,10000000
272.28,2.92,10000000
272.29,3.007,10000000
272.3,2.964,10000000
272.31,2.964,10000000
272.32,2.964,10000000
272.33,3.051,10000000
272.34,2.92,10000000
272.35,3.139,10000000
272.36,2.964,10000000
272.37,3.051,10000000
272.38,3.051,10000000
272.39,3.007,10000000
272.4,2.876,10000000
272.41,3.007,10000000
272.42,3.095,10000000
272.43,3.007,10000000
272.44,3.139,10000000
272.45,2.92,10000000
272.46,3.095,10000000
272.47,2.964,10000000
272.48,3.007,10000000
272.49,3.139,10000000
272.5,3.051,10000000
272.51,3.139,10000000
272.52,3.051,10000000
272.53,3.095,10000000
272.54,3.271,10000000
272.55,3.139,10000000
272.56,3.183,10000000
272.57,3.139,10000000
272.58,3.139,10000000
272.59,3.051,10000000
272.6,3.183,10000000
272.61,3.007,10000000
272.62,3.095,10000000
272.63,3.051,10000000
272.64,3.095,10000000
272.65,2.92,10000000
272.66,2.876,10000000
272.67,2.964,10000000
272.68,3.007,10000000
272.69,2.92,10000000
272.7,3.051,10000000
272.71,2.964,10000000
272.72,3.007,10000000
272.73,2.92,10000000
272.74,3.007,10000000
272.75,3.007,10000000
272.76,2.964,10000000
272.77,2.964,10000000
272.78,3.139,10000000
272.79,3.139,10000000
272.8,3.095,10000000
272.81,3.183,10000000
272.82,3.095,10000000
272.83,3.095,10000000
272.84,3.007,10000000
272.85,3.007,10000000
272.86,3.007,10000000
272.87,3.007,10000000
272.88,3.051,10000000
272.89,3.183,10000000
272.9,3.183,10000000
272.91,3.007,10000000
272.92,2.92,10000000
272.93,2.964,10000000
272.94,2.964,10000000
272.95,3.051,10000000
272.96,3.007,10000000
272.97,3.007,10000000
272.98,3.051,10000000
272.99,3.007,10000000
273,3.007,10000000
273.01,3.007,10000000
273.02,3.051,10000000
273.03,3.095,10000000
273.04,3.007,10000000
273.05,3.051,10000000
273.06,3.095,10000000
273.07,3.095,10000000
273.08,3.095,10000000
273.09,3.007,10000000
273.1,2.876,10000000
273.11,3.139,10000000
273.12,3.007,10000000
273.13,3.007,10000000
273.14,3.007,10000000
273.15,3.007,10000000
273.16,2.92,10000000
273.17,3.007,10000000
273.18,2.92,10000000
273.19,3.095,10000000
273.2,3.051,10000000
273.21,3.051,10000000
273.22,3.095,10000000
273.23,3.139,10000000
273.24,3.139,10000000
273.25,3.007,10000000
273.26,2.92,10000000
273.27,2.964,10000000
273.28,3.095,10000000
273.29,3.095,10000000
273.3,2.92,10000000
273.31,2.964,10000000
273.32,2.92,10000000
273.33,2.92,10000000
273.34,2.876,10000000
273.35,3.139,10000000
273.36,3.051,10000000
273.37,2.964,10000000
273.38,2.92,10000000
273.39,3.095,10000000
273.4,2.964,10000000
273.41,2.964,10000000
273.42,2.92,10000000
273.43,3.007,10000000
273.44,2.832,10000000
273.45,3.095,10000000
273.46,2.92,10000000
273.47,3.007,10000000
273.48,3.095,10000000
273.49,3.051,10000000
273.5,3.139,10000000
273.51,2.964,10000000
273.52,3.139,10000000
273.53,2.964,10000000
273.54,3.051,10000000
273.55,3.095,10000000
273.56,3.051,10000000
273.57,3.007,10000000
273.58,3.051,10000000
273.59,3.007,10000000
273.6,3.139,10000000
273.61,3.315,10000000
273.62,3.095,10000000
273.63,3.095,10000000
273.64,3.139,10000000
273.65,3.051,10000000
273.66,3.183,10000000
273.67,3.095,10000000
273.68,2.964,10000000
273.69,2.876,10000000
273.7,3.051,10000000
273.71,2.92,10000000
273.72,3.007,10000000
273.73,3.007,10000000
273.74,3.007,10000000
273.75,3.095,10000000
273.76,2.964,10000000
273.77,3.007,10000000
273.78,2.876,10000000
273.79,3.007,10000000
273.8,3.139,10000000
273.81,3.139,10000000
273.82,3.139,10000000
273.83,2.964,10000000
273.84,3.007,10000000
273.85,3.051,10000000
273.86,3.095,10000000
273.87,3.051,10000000
273.88,3.095,10000000
273.89,3.007,10000000
273.9,3.139,10000000
273.91,3.051,10000000
273.92,3.095,10000000
273.93,3.051,10000000
273.94,3.139,10000000
273.95,3.095,10000000
273.96,3.051,10000000
273.97,3.139,10000000
273.98,3.227,10000000
273.99,3.051,10000000
274,2.92,10000000
274.01,3.095,10000000
274.02,3.051,10000000
274.03,3.095,10000000
274.04,3.007,10000000
274.05,3.139,10000000
274.06,3.051,10000000
274.07,3.183,10000000
274.08,3.139,10000000
274.09,3.007,10000000
274.1,3.051,10000000
274.11,3.139,10000000
274.12,3.095,10000000
274.13,2.964,10000000
274.14,2.92,10000000
274.15,2.92,10000000
274.16,3.095,10000000
274.17,3.007,10000000
274.18,3.051,10000000
274.19,3.007,10000000
274.2,3.007,10000000
274.21,3.051,10000000
274.22,3.007,10000000
274.23,2.964,10000000
274.24,2.92,10000000
274.25,3.183,10000000
274.26,2.876,10000000
274.27,3.095,10000000
274.28,3.051,10000000
274.29,3.095,10000000
274.3,2.92,10000000
274.31,3.051,10000000
274.32,3.139,10000000
274.33,3.139,10000000
274.34,3.007,10000000
274.35,3.183,10000000
274.36,3.095,10000000
274.37,3.007,10000000
274.38,3.139,10000000
274.39,3.007,10000000
274.4,3.051,10000000
274.41,2.832,10000000
274.42,3.139,10000000
274.43,2.964,10000000
274.44,2.92,10000000
274.45,3.139,10000000
274.46,3.183,10000000
274.47,3.051,10000000
274.48,3.095,10000000
274.49,3.051,10000000
274.5,2.964,10000000
274.51,3.139,10000000
274.52,2.92,10000000
274.53,3.095,10000000
274.54,3.051,10000000
274.55,3.051,10000000
274.56,3.095,10000000
274.57,2.964,10000000
274.58,3.007,10000000
274.59,3.139,10000000
274.6,3.007,10000000
274.61,3.139,10000000
274.62,2.964,10000000
274.63,2.964,10000000
274.64,2.964,10000000
274.65,3.007,10000000
274.66,3.139,10000000
274.67,3.095,10000000
274.68,3.139,10000000
274.69,3.139,10000000
274.7,3.095,10000000
274.71,3.051,10000000
274.72,3.095,10000000
274.73,3.007,10000000
274.74,3.007,10000000
274.75,2.92,10000000
274.76,2.876,10000000
274.77,3.051,10000000
274.78,3.051,10000000
274.79,3.051,10000000
274.8,3.051,10000000
274.81,2.92,10000000
274.82,2.832,10000000
274.83,3.007,10000000
274.84,3.007,10000000
274.85,3.007,10000000
274.86,3.051,10000000
274.87,3.051,10000000
274.88,3.007,10000000
274.89,3.095,10000000
274.9,3.139,10000000
274.91,3.095,10000000
274.92,3.095,10000000
274.93,3.139,10000000
274.94,3.095,10000000
274.95,3.139,10000000
274.96,3.007,10000000
274.97,3.139,10000000
274.98,3.051,10000000
274.99,3.139,10000000
275,3.051,10000000
275.01,2.964,10000000
275.02,3.007,10000000
275.03,2.92,10000000
275.04,3.095,10000000
275.05,2.964,10000000
275.06,2.964,10000000
275.07,3.051,10000000
275.08,3.139,10000000
275.09,3.095,10000000
275.1,2.964,10000000
275.11,3.007,10000000
275.12,2.964,10000000
275.13,2.964,10000000
275.14,3.051,10000000
275.15,3.007,10000000
275.16,3.051,10000000
275.17,3.095,10000000
275.18,3.051,10000000
275.19,3.007,10000000
275.2,3.139,10000000
275.21,2.92,10000000
275.22,3.139,10000000
275.23,2.876,10000000
275.24,3.139,10000000
275.25,2.92,10000000
275.26,2.964,10000000
275.27,2.832,10000000
275.28,3.183,10000000
275.29,3.139,10000000
275.3,3.139,10000000
275.31,2.876,10000000
275.32,3.007,10000000
275.33,3.007,10000000
275.34,3.007,10000000
275.35,3.139,10000000
275.36,3.051,10000000
275.37,3.095,10000000
275.38,3.095,10000000
275.39,3.007,10000000
275.4,3.095,10000000
275.41,3.095,10000000
275.42,3.095,10000000
275.43,2.92,10000000
275.44,3.139,10000000
275.45,2.876,10000000
275.46,3.007,10000000
275.47,3.139,10000000
275.48,3.095,10000000
275.49,2.832,10000000
275.5,3.007,10000000
275.51,2.92,10000000
275.52,3.095,10000000
275.53,3.183,10000000
275.54,3.139,10000000
275.55,3.007,10000000
275.56,3.139,10000000
275.57,3.095,10000000
275.58,3.007,10000000
275.59,3.007,10000000
275.6,3.007,10000000
275.61,2.92,10000000
275.62,2.964,10000000
275.63,2.876,10000000
275.64,2.92,10000000
275.65,3.095,10000000
275.66,3.095,10000000
275.67,3.139,10000000
275.68,3.139,10000000
275.69,3.051,10000000
275.7,3.051,10000000
275.71,3.139,10000000
275.72,3.095,10000000
275.73,3.139,10000000
275.74,3.139,10000000
275.75,3.051,10000000
275.76,3.227,10000000
275.77,3.139,10000000
275.78,2.92,10000000
275.79,3.139,10000000
275.8,3.051,10000000
275.81,2.92,10000000
275.82,2.964,10000000
275.83,3.139,10000000
275.84,3.095,10000000
275.85,3.095,10000000
275.86,3.139,10000000
275.87,3.007,10000000
275.88,3.095,10000000
275.89,3.095,10000000
275.9,2.92,10000000
275.91,3.007,10000000
275.92,3.051,10000000
275.93,3.095,10000000
275.94,3.095,10000000
275.95,3.007,10000000
275.96,3.183,10000000
275.97,3.007,10000000
275.98,3.051,10000000
275.99,3.139,10000000
276,3.095,10000000
276.01,3.095,10000000
276.02,3.051,10000000
276.03,3.095,10000000
276.04,3.139,10000000
276.05,2.92,10000000
276.06,3.227,10000000
276.07,3.007,10000000
276.08,2.92,10000000
276.09,3.007,10000000
276.1,2.964,10000000
276.11,3.051,10000000
276.12,2.964,10000000
276.13,2.964,10000000
276.14,2.92,10000000
276.15,3.139,10000000
276.16,3.095,10000000
276.17,3.051,10000000
276.18,3.051,10000000
276.19,2.964,10000000
276.2,3.007,10000000
276.21,2.964,10000000
276.22,2.964,10000000
276.23,3.051,10000000
276.24,3.095,10000000
276.25,2.92,10000000
276.26,3.007,10000000
276.27,2.964,10000000
276.28,2.964,10000000
276.29,3.007,10000000
276.3,3.007,10000000
276.31,3.007,10000000
276.32,2.92,10000000
276.33,2.876,10000000
276.34,3.007,10000000
276.35,2.964,10000000
276.36,3.007,10000000
276.37,3.007,10000000
276.38,3.095,10000000
276.39,3.139,10000000
276.4,3.051,10000000
276.41,3.007,10000000
276.42,2.92,10000000
276.43,2.92,10000000
276.44,2.964,10000000
276.45,3.007,10000000
276.46,2.92,10000000
276.47,3.139,10000000
276.48,3.227,10000000
276.49,3.139,10000000
276.5,3.095,10000000
276.51,3.051,10000000
276.52,3.095,10000000
276.53,2.964,10000000
276.54,3.007,10000000
276.55,2.964,10000000
276.56,3.007,10000000
276.57,3.139,10000000
276.58,2.92,10000000
276.59,2.876,10000000
276.6,2.964,10000000
276.61,3.051,10000000
276.62,2.92,10000000
276.63,3.095,10000000
276.64,2.964,10000000
276.65,3.007,10000000
276.66,3.139,10000000
276.67,2.964,10000000
276.68,3.095,10000000
276.69,3.095,10000000
276.7,3.139,10000000
276.71,3.007,10000000
276.72,2.92,10000000
276.73,2.92,10000000
276.74,2.964,10000000
276.75,3.139,10000000
276.76,3.227,10000000
276.77,3.139,10000000
276.78,3.007,10000000
276.79,3.139,10000000
276.8,3.051,10000000
276.81,2.964,10000000
276.82,3.095,10000000
276.83,3.051,10000000
276.84,3.095,10000000
276.85,3.095,10000000
276.86,2.92,10000000
276.87,2.92,10000000
276.88,2.92,10000000
276.89,2.964,10000000
276.9,2.876,10000000
276.91,3.007,10000000
276.92,3.095,10000000
276.93,2.92,10000000
276.94,2.92,10000000
276.95,3.051,10000000
276.96,3.051,10000000
276.97,3.007,10000000
276.98,3.007,10000000
276.99,2.832,10000000
277,3.007,10000000
277.01,3.051,10000000
277.02,2.964,10000000
277.03,3.051,10000000
277.04,3.095,10000000
277.05,2.92,10000000
277.06,3.007,10000000
277.07,3.095,10000000
277.08,3.139,10000000
277.09,2.964,10000000
277.1,3.095,10000000
277.11,2.92,10000000
277.12,3.007,10000000
277.13,3.139,10000000
277.14,3.007,10000000
277.15,3.095,10000000
277.16,3.183,10000000
277.17,3.007,10000000
277.18,3.139,10000000
277.19,3.051,10000000
277.2,3.227,10000000
277.21,3.007,10000000
277.22,3.007,10000000
277.23,2.92,10000000
277.24,2.964,10000000
277.25,3.007,10000000
277.26,2.964,10000000
277.27,3.051,10000000
277.28,3.007,10000000
277.29,3.007,10000000
277.3,3.007,10000000
277.31,3.051,10000000
277.32,3.139,10000000
277.33,3.007,10000000
277.34,2.92,10000000
277.35,3.051,10000000
277.36,3.007,10000000
277.37,3.051,10000000
277.38,2.92,10000000
277.39,2.876,10000000
277.4,3.007,10000000
277.41,3.095,10000000
277.42,2.964,10000000
277.43,3.007,10000000
277.44,3.007,10000000
277.45,2.964,10000000
277.46,3.007,10000000
277.47,3.051,10000000
277.48,3.095,10000000
277.49,3.051,10000000
277.5,3.051,10000000
277.51,2.92,10000000
277.52,3.007,10000000
277.53,3.007,10000000
277.54,3.051,10000000
277.55,3.051,10000000
277.56,3.095,10000000
277.57,3.095,10000000
277.58,3.051,10000000
277.59,3.051,10000000
277.6,3.139,10000000
277.61,3.139,10000000
277.62,3.051,10000000
277.63,3.095,10000000
277.64,2.92,10000000
277.65,3.007,10000000
277.66,3.007,10000000
277.67,2.964,10000000
277.68,2.92,10000000
277.69,2.92,10000000
277.7,2.92,10000000
277.71,3.007,10000000
277.72,3.051,10000000
277.73,2.832,10000000
277.74,3.095,10000000
277.75,3.139,10000000
277.76,3.095,10000000
277.77,3.095,10000000
277.78,2.92,10000000
277.79,3.051,10000000
277.8,2.964,10000000
277.81,2.876,10000000
277.82,3.051,10000000
277.83,3.007,10000000
277.84,2.876,10000000
277.85,3.051,10000000
277.86,3.007,10000000
277.87,3.051,10000000
277.88,3.051,10000000
277.89,3.183,10000000
277.9,3.051,10000000
277.91,3.095,10000000
277.92,2.964,10000000
277.93,3.007,10000000
277.94,3.051,10000000
277.95,3.051,10000000
277.96,3.007,10000000
277.97,3.095,10000000
277.98,3.095,10000000
277.99,3.007,10000000
278,2.964,10000000
278.01,3.051,10000000
278.02,2.92,10000000
278.03,3.095,10000000
278.04,3.007,10000000
278.05,3.139,10000000
278.06,3.051,10000000
278.07,2.92,10000000
278.08,3.051,10000000
278.09,3.095,10000000
278.1,3.007,10000000
278.11,3.007,10000000
278.12,3.007,10000000
278.13,3.051,10000000
278.14,3.051,10000000
278.15,2.964,10000000
278.16,3.007,10000000
278.17,3.139,10000000
278.18,3.007,10000000
278.19,3.007,10000000
278.2,3.095,10000000
278.21,3.051,10000000
278.22,3.139,10000000
278.23,3.051,10000000
278.24,3.139,10000000
278.25,3.051,10000000
278.26,2.92,10000000
278.27,2.832,10000000
278.28,2.832,10000000
278.29,3.007,10000000
278.3,3.007,10000000
278.31,2.964,10000000
278.32,3.007,10000000
278.33,3.095,10000000
278.34,3.051,10000000
278.35,3.095,10000000
278.36,3.051,10000000
278.37,3.183,10000000
278.38,3.095,10000000
278.39,3.139,10000000
278.4,3.139,10000000
278.41,3.007,10000000
278.42,2.964,10000000
278.43,3.095,10000000
278.44,3.095,10000000
278.45,2.964,10000000
278.46,3.007,10000000
278.47,2.92,10000000
278.48,3.051,10000000
278.49,3.095,10000000
278.5,3.183,10000000
278.51,2.964,10000000
278.52,2.92,10000000
278.53,3.139,10000000
278.54,3.051,10000000
278.55,3.007,10000000
278.56,3.051,10000000
278.57,2.92,10000000
278.58,3.007,10000000
278.59,2.964,10000000
278.6,2.964,10000000
278.61,3.139,10000000
278.62,3.051,10000000
278.63,2.964,10000000
278.64,3.095,10000000
278.65,3.051,10000000
278.66,3.051,10000000
278.67,3.051,10000000
278.68,3.007,10000000
278.69,2.92,10000000
278.7,3.051,10000000
278.71,3.139,10000000
278.72,3.183,10000000
278.73,3.095,10000000
278.74,3.051,10000000
278.75,3.139,10000000
278.76,3.007,10000000
278.77,3.051,10000000
278.78,3.139,10000000
278.79,3.007,10000000
278.8,2.964,10000000
278.81,3.227,10000000
278.82,2.964,10000000
278.83,2.964,10000000
278.84,2.964,10000000
278.85,2.92,10000000
278.86,2.92,10000000
278.87,2.92,10000000
278.88,3.051,10000000
278.89,3.007,10000000
278.9,3.095,10000000
278.91,3.095,10000000
278.92,3.051,10000000
278.93,3.007,10000000
278.94,3.139,10000000
278.95,3.051,10000000
278.96,3.139,10000000
278.97,3.095,10000000
278.98,3.139,10000000
278.99,3.051,10000000
279,3.051,10000000
279.01,3.139,10000000
279.02,3.139,10000000
279.03,3.007,10000000
279.04,2.964,10000000
279.05,2.92,10000000
279.06,2.964,10000000
279.07,3.051,10000000
279.08,3.095,10000000
279.09,2.876,10000000
279.1,3.095,10000000
279.11,3.007,10000000
279.12,3.095,10000000
279.13,3.095,10000000
279.14,2.964,10000000
279.15,3.051,10000000
279.16,3.007,10000000
279.17,3.051,10000000
279.18,2.964,10000000
279.19,2.92,10000000
279.2,3.183,10000000
279.21,2.92,10000000
279.22,3.007,10000000
279.23,3.051,10000000
279.24,3.007,10000000
279.25,3.007,10000000
279.26,3.095,10000000
279.27,3.007,10000000
279.28,3.051,10000000
279.29,3.051,10000000
279.3,3.007,10000000
279.31,3.095,10000000
279.32,3.139,10000000
279.33,3.007,10000000
279.34,3.007,10000000
279.35,3.095,10000000
279.36,3.095,10000000
279.37,3.139,10000000
279.38,3.095,10000000
279.39,3.139,10000000
279.4,3.051,10000000
279.41,3.007,10000000
279.42,2.964,10000000
279.43,3.139,10000000
279.44,3.139,10000000
279.45,3.139,10000000
279.46,3.007,10000000
279.47,3.139,10000000
279.48,2.964,10000000
279.49,3.051,10000000
279.5,2.832,10000000
279.51,3.007,10000000
279.52,2.92,10000000
279.53,2.964,10000000
279.54,3.007,10000000
279.55,3.007,10000000
279.56,2.92,10000000
279.57,2.964,10000000
279.58,3.007,10000000
279.59,3.007,10000000
279.6,2.964,10000000
279.61,2.964,10000000
279.62,3.095,10000000
279.63,3.051,10000000
279.64,2.964,10000000
279.65,3.007,10000000
279.66,3.139,10000000
279.67,3.139,10000000
279.68,3.139,10000000
279.69,3.007,10000000
279.7,3.007,10000000
279.71,2.92,10000000
279.72,3.007,10000000
279.73,2.92,10000000
279.74,3.007,10000000
279.75,3.007,10000000
279.76,3.007,10000000
279.77,2.92,10000000
279.78,2.964,10000000
279.79,3.007,10000000
279.8,3.183,10000000
279.81,3.183,10000000
279.82,3.095,10000000
279.83,3.051,10000000
279.84,3.095,10000000
279.85,2.92,10000000
279.86,3.095,10000000
279.87,3.139,10000000
279.88,3.183,10000000
279.89,3.139,10000000
279.9,3.051,10000000
279.91,3.095,10000000
279.92,3.007,10000000
279.93,2.964,10000000
279.94,3.139,10000000
279.95,2.964,10000000
279.96,3.051,10000000
279.97,3.051,10000000
279.98,2.92,10000000
279.99,3.051,10000000
280,3.007,10000000
280.01,2.964,10000000
280.02,3.095,10000000
280.03,3.095,10000000
280.04,3.095,10000000
280.05,2.92,10000000
280.06,3.007,10000000
280.07,2.92,10000000
280.08,2.92,10000000
280.09,2.92,10000000
280.1,3.051,10000000
280.11,2.92,10000000
280.12,3.051,10000000
280.13,3.095,10000000
280.14,3.007,10000000
280.15,3.051,10000000
280.16,3.095,10000000
280.17,3.095,10000000
280.18,3.007,10000000
280.19,2.92,10000000
280.2,3.007,10000000
280.21,2.964,10000000
280.22,3.095,10000000
280.23,2.964,10000000
280.24,3.095,10000000
280.25,3.139,10000000
280.26,3.139,10000000
280.27,3.183,10000000
280.28,3.051,10000000
280.29,3.051,10000000
280.3,2.92,10000000
280.31,3.095,10000000
280.32,3.139,10000000
280.33,3.051,10000000
280.34,3.139,10000000
280.35,3.007,10000000
280.36,3.007,10000000
280.37,3.051,10000000
280.38,3.051,10000000
280.39,2.964,10000000
280.4,2.964,10000000
280.41,2.92,10000000
280.42,3.007,10000000
280.43,3.007,10000000
280.44,2.964,10000000
280.45,3.007,10000000
280.46,3.139,10000000
280.47,3.095,10000000
280.48,3.095,10000000
280.49,3.007,10000000
280.5,3.315,10000000
280.51,3.051,10000000
280.52,3.051,10000000
280.53,2.964,10000000
280.54,3.051,10000000
280.55,2.832,10000000
280.56,3.051,10000000
280.57,3.007,10000000
280.58,2.964,10000000
280.59,3.007,10000000
280.6,3.007,10000000
280.61,3.095,10000000
280.62,2.964,10000000
280.63,2.92,10000000
280.64,2.964,10000000
280.65,2.964,10000000
280.66,3.007,10000000
280.67,2.92,10000000
280.68,2.92,10000000
280.69,3.095,10000000
280.7,2.964,10000000
280.71,3.007,10000000
280.72,3.007,10000000
280.73,3.051,10000000
280.74,2.876,10000000
280.75,2.92,10000000
280.76,2.964,10000000
280.77,3.095,10000000
280.78,3.007,10000000
280.79,3.051,10000000
280.8,3.139,10000000
280.81,3.007,10000000
280.82,3.051,10000000
280.83,2.964,10000000
280.84,3.095,10000000
280.85,3.051,10000000
280.86,2.964,10000000
280.87,3.007,10000000
280.88,2.964,10000000
280.89,2.964,10000000
280.9,3.007,10000000
280.91,2.964,10000000
280.92,3.051,10000000
280.93,3.051,10000000
280.94,3.007,10000000
280.95,3.095,10000000
280.96,3.139,10000000
280.97,2.964,10000000
280.98,3.095,10000000
280.99,3.007,10000000
281,2.92,10000000
281.01,3.095,10000000
281.02,3.095,10000000
281.03,3.007,10000000
281.04,3.139,10000000
281.05,3.095,10000000
281.06,3.095,10000000
281.07,2.964,10000000
281.08,2.92,10000000
281.09,3.095,10000000
281.1,3.139,10000000
281.11,3.227,10000000
281.12,3.227,10000000
281.13,3.139,10000000
281.14,3.095,10000000
281.15,3.007,10000000
281.16,3.139,10000000
281.17,3.051,10000000
281.18,3.007,10000000
281.19,3.051,10000000
281.2,2.964,10000000
281.21,2.964,10000000
281.22,2.92,10000000
281.23,2.964,10000000
281.24,3.007,10000000
281.25,3.051,10000000
281.26,2.876,10000000
281.27,3.095,10000000
281.28,3.139,10000000
281.29,3.139,10000000
281.3,3.051,10000000
281.31,3.051,10000000
281.32,3.095,10000000
281.33,3.095,10000000
281.34,3.139,10000000
281.35,2.92,10000000
281.36,2.92,10000000
281.37,3.139,10000000
281.38,3.007,10000000
281.39,3.051,10000000
281.4,3.007,10000000
281.41,3.139,10000000
281.42,3.095,10000000
281.43,3.051,10000000
281.44,3.007,10000000
281.45,3.007,10000000
281.46,2.92,10000000
281.47,3.007,10000000
281.48,3.139,10000000
281.49,3.095,10000000
281.5,3.095,10000000
281.51,3.051,10000000
281.52,3.051,10000000
281.53,2.92,10000000
281.54,3.007,10000000
281.55,3.051,10000000
281.56,3.139,10000000
281.57,3.139,10000000
281.58,3.095,10000000
281.59,3.051,10000000
281.6,3.183,10000000
281.61,3.007,10000000
281.62,2.832,10000000
281.63,2.92,10000000
281.64,2.92,10000000
281.65,2.964,10000000
281.66,2.964,10000000
281.67,2.876,10000000
281.68,2.876,10000000
281.69,2.92,10000000
281.7,2.964,10000000
281.71,3.095,10000000
281.72,3.183,10000000
281.73,2.92,10000000
281.74,2.92,10000000
281.75,3.007,10000000
281.76,3.183,10000000
281.77,3.051,10000000
281.78,3.051,10000000
281.79,3.051,10000000
281.8,3.007,10000000
281.81,3.007,10000000
281.82,3.051,10000000
281.83,2.964,10000000
281.84,2.92,10000000
281.85,3.007,10000000
281.86,2.964,10000000
281.87,2.832,10000000
281.88,3.051,10000000
281.89,3.139,10000000
281.9,2.92,10000000
281.91,3.051,10000000
281.92,2.876,10000000
281.93,3.051,10000000
281.94,2.92,10000000
281.95,3.095,10000000
281.96,2.92,10000000
281.97,3.139,10000000
281.98,2.92,10000000
281.99,3.095,10000000
282,3.095,10000000
282.01,2.92,10000000
282.02,3.007,10000000
282.03,3.051,10000000
282.04,3.007,10000000
282.05,3.095,10000000
282.06,3.007,10000000
282.07,3.095,10000000
282.08,3.051,10000000
282.09,3.051,10000000
282.1,3.051,10000000
282.11,3.051,10000000
282.12,3.139,10000000
282.13,2.92,10000000
282.14,3.007,10000000
282.15,3.007,10000000
282.16,2.92,10000000
282.17,3.007,10000000
282.18,2.964,10000000
282.19,3.007,10000000
282.2,2.964,10000000
282.21,2.964,10000000
282.22,3.095,10000000
282.23,2.964,10000000
282.24,3.007,10000000
282.25,3.051,10000000
282.26,2.92,10000000
282.27,3.095,10000000
282.28,3.051,10000000
282.29,3.095,10000000
282.3,3.095,10000000
282.31,3.007,10000000
282.32,2.964,10000000
282.33,2.92,10000000
282.34,3.007,10000000
282.35,3.007,10000000
282.36,3.139,10000000
282.37,3.139,10000000
282.38,2.92,10000000
282.39,3.095,10000000
282.4,3.051,10000000
282.41,2.92,10000000
282.42,3.095,10000000
282.43,2.964,10000000
282.44,3.051,10000000
282.45,3.007,10000000
282.46,3.095,10000000
282.47,3.007,10000000
282.48,3.139,10000000
282.49,3.007,10000000
282.5,3.007,10000000
282.51,2.92,10000000
282.52,3.051,10000000
282.53,2.92,10000000
282.54,3.095,10000000
282.55,3.051,10000000
282.56,2.964,10000000
282.57,3.095,10000000
282.58,2.964,10000000
282.59,2.964,10000000
282.6,2.964,10000000
282.61,3.095,10000000
282.62,3.007,10000000
282.63,2.92,10000000
282.64,3.007,10000000
282.65,3.007,10000000
282.66,3.007,10000000
282.67,2.964,10000000
282.68,3.183,10000000
282.69,2.92,10000000
282.7,3.095,10000000
282.71,3.139,10000000
282.72,3.095,10000000
282.73,3.007,10000000
282.74,3.139,10000000
282.75,2.964,10000000
282.76,3.051,10000000
282.77,3.051,10000000
282.78,3.007,10000000
282.79,3.095,10000000
282.8,3.007,10000000
282.81,3.139,10000000
282.82,3.095,10000000
282.83,3.139,10000000
282.84,3.007,10000000
282.85,2.964,10000000
282.86,2.964,10000000
282.87,3.095,10000000
282.88,2.876,10000000
282.89,3.139,10000000
282.9,3.051,10000000
282.91,3.007,10000000
282.92,3.007,10000000
282.93,3.139,10000000
282.94,2.92,10000000
282.95,3.139,10000000
282.96,3.139,10000000
282.97,2.964,10000000
282.98,3.095,10000000
282.99,3.051,10000000
283,3.051,10000000
283.01,3.007,10000000
283.02,3.051,10000000
283.03,3.051,10000000
283.04,3.139,10000000
283.05,3.095,10000000
283.06,2.964,10000000
283.07,3.007,10000000
283.08,3.007,10000000
283.09,3.051,10000000
283.1,3.007,10000000
283.11,3.051,10000000
283.12,3.007,10000000
283.13,3.051,10000000
283.14,3.051,10000000
283.15,2.964,10000000
283.16,2.964,10000000
283.17,3.095,10000000
283.18,3.183,10000000
283.19,3.095,10000000
283.2,2.832,10000000
283.21,2.964,10000000
283.22,3.095,10000000
283.23,3.051,10000000
283.24,3.007,10000000
283.25,2.92,10000000
283.26,3.051,10000000
283.27,2.876,10000000
283.28,3.007,10000000
283.29,2.964,10000000
283.3,3.095,10000000
283.31,3.139,10000000
283.32,3.007,10000000
283.33,3.095,10000000
283.34,3.227,10000000
283.35,3.227,10000000
283.36,3.139,10000000
283.37,3.139,10000000
283.38,3.095,10000000
283.39,3.183,10000000
283.4,3.007,10000000
283.41,3.051,10000000
283.42,2.92,10000000
283.43,2.832,10000000
283.44,2.964,10000000
283.45,3.051,10000000
283.46,3.051,10000000
283.47,3.051,10000000
283.48,2.7,10000000
283.49,2.964,10000000
283.5,2.92,10000000
283.51,3.007,10000000
283.52,2.832,10000000
283.53,2.92,10000000
283.54,3.139,10000000
283.55,3.051,10000000
283.56,3.007,10000000
283.57,3.051,10000000
283.58,3.007,10000000
283.59,2.92,10000000
283.6,3.095,10000000
283.61,3.051,10000000
283.62,3.139,10000000
283.63,3.051,10000000
283.64,3.051,10000000
283.65,2.92,10000000
283.66,2.964,10000000
283.67,3.095,10000000
283.68,3.007,10000000
283.69,3.007,10000000
283.7,3.051,10000000
283.71,3.095,10000000
283.72,3.095,10000000
283.73,3.051,10000000
283.74,3.095,10000000
283.75,3.051,10000000
283.76,3.051,10000000
283.77,3.139,10000000
283.78,3.095,10000000
283.79,3.095,10000000
283.8,3.051,10000000
283.81,3.095,10000000
283.82,2.92,10000000
283.83,3.007,10000000
283.84,3.139,10000000
283.85,3.095,10000000
283.86,3.007,10000000
283.87,2.964,10000000
283.88,2.92,10000000
283.89,3.139,10000000
283.9,3.007,10000000
283.91,2.832,10000000
283.92,2.92,10000000
283.93,3.139,10000000
283.94,3.139,10000000
283.95,3.095,10000000
283.96,2.964,10000000
283.97,3.051,10000000
283.98,3.007,10000000
283.99,2.92,10000000
284,2.92,10000000
284.01,3.095,10000000
284.02,2.876,10000000
284.03,3.139,10000000
284.04,3.051,10000000
284.05,3.051,10000000
284.06,3.007,10000000
284.07,2.964,10000000
284.08,3.007,10000000
284.09,3.051,10000000
284.1,3.007,10000000
284.11,3.095,10000000
284.12,3.139,10000000
284.13,3.095,10000000
284.14,3.051,10000000
284.15,3.095,10000000
284.16,2.964,10000000
284.17,3.051,10000000
284.18,3.007,10000000
284.19,3.007,10000000
284.2,2.876,10000000
284.21,2.964,10000000
284.22,3.051,10000000
284.23,3.051,10000000
284.24,3.007,10000000
284.25,2.832,10000000
284.26,2.92,10000000
284.27,3.051,10000000
284.28,3.183,10000000
284.29,3.007,10000000
284.3,3.139,10000000
284.31,3.095,10000000
284.32,3.051,10000000
284.33,2.964,10000000
284.34,3.007,10000000
284.35,3.095,10000000
284.36,3.139,10000000
284.37,3.095,10000000
284.38,3.007,10000000
284.39,3.051,10000000
284.4,3.007,10000000
284.41,2.92,10000000
284.42,2.964,10000000
284.43,3.095,10000000
284.44,2.92,10000000
284.45,3.007,10000000
284.46,2.964,10000000
284.47,3.007,10000000
284.48,3.007,10000000
284.49,3.095,10000000
284.5,3.095,10000000
284.51,3.095,10000000
284.52,3.007,10000000
284.53,3.007,10000000
284.54,3.051,10000000
284.55,3.007,10000000
284.56,3.095,10000000
284.57,3.007,10000000
284.58,3.051,10000000
284.59,3.139,10000000
284.6,3.139,10000000
284.61,3.139,10000000
284.62,3.007,10000000
284.63,2.964,10000000
284.64,2.964,10000000
284.65,3.095,10000000
284.66,3.051,10000000
284.67,2.92,10000000
284.68,3.139,10000000
284.69,3.051,10000000
284.7,2.964,10000000
284.71,3.007,10000000
284.72,2.964,10000000
284.73,2.964,10000000
284.74,2.964,10000000
284.75,2.832,10000000
284.76,2.876,10000000
284.77,2.92,10000000
284.78,2.876,10000000
284.79,2.964,10000000
284.8,3.007,10000000
284.81,3.007,10000000
284.82,3.007,10000000
284.83,2.964,10000000
284.84,2.92,10000000
284.85,3.095,10000000
284.86,2.92,10000000
284.87,3.007,10000000
284.88,2.92,10000000
284.89,3.095,10000000
284.9,3.095,10000000
284.91,2.964,10000000
284.92,3.139,10000000
284.93,3.139,10000000
284.94,3.183,10000000
284.95,3.051,10000000
284.96,3.007,10000000
284.97,3.007,10000000
284.98,2.832,10000000
284.99,3.051,10000000
285,3.095,10000000
285.01,3.007,10000000
285.02,3.007,10000000
285.03,3.007,10000000
285.04,3.095,10000000
285.05,3.051,10000000
285.06,3.051,10000000
285.07,3.007,10000000
285.08,3.007,10000000
285.09,2.964,10000000
285.1,2.964,10000000
285.11,3.051,10000000
285.12,3.095,10000000
285.13,3.139,10000000
285.14,3.051,10000000
285.15,3.139,10000000
285.16,3.051,10000000
285.17,3.095,10000000
285.18,3.007,10000000
285.19,2.92,10000000
285.2,3.007,10000000
285.21,3.051,10000000
285.22,3.095,10000000
285.23,3.007,10000000
285.24,3.007,10000000
285.25,3.051,10000000
285.26,3.051,10000000
285.27,3.095,10000000
285.28,3.139,10000000
285.29,3.095,10000000
285.3,2.964,10000000
285.31,3.051,10000000
285.32,2.832,10000000
285.33,3.007,10000000
285.34,2.964,10000000
285.35,3.051,10000000
285.36,3.139,10000000
285.37,3.095,10000000
285.38,3.095,10000000
285.39,3.183,10000000
285.4,3.095,10000000
285.41,2.92,10000000
285.42,3.095,10000000
285.43,3.139,10000000
285.44,2.964,10000000
285.45,2.964,10000000
285.46,3.051,10000000
285.47,3.051,10000000
285.48,3.051,10000000
285.49,3.139,10000000
285.5,3.139,10000000
285.51,3.139,10000000
285.52,2.832,10000000
285.53,3.051,10000000
285.54,2.964,10000000
285.55,3.095,10000000
285.56,3.007,10000000
285.57,3.139,10000000
285.58,3.007,10000000
285.59,3.139,10000000
285.6,3.183,10000000
285.61,3.051,10000000
285.62,3.051,10000000
285.63,3.007,10000000
285.64,3.051,10000000
285.65,3.183,10000000
285.66,3.095,10000000
285.67,3.227,10000000
285.68,3.007,10000000
285.69,3.095,10000000
285.7,3.139,10000000
285.71,3.183,10000000
285.72,3.095,10000000
285.73,3.139,10000000
285.74,3.139,10000000
285.75,3.095,10000000
285.76,3.139,10000000
285.77,3.183,10000000
285.78,2.92,10000000
285.79,3.007,10000000
285.8,2.964,10000000
285.81,2.964,10000000
285.82,3.007,10000000
285.83,3.051,10000000
285.84,3.051,10000000
285.85,3.051,10000000
285.86,3.007,10000000
285.87,2.92,10000000
285.88,2.964,10000000
285.89,3.007,10000000
285.9,2.832,10000000
285.91,2.964,10000000
285.92,2.964,10000000
285.93,2.744,10000000
285.94,2.964,10000000
285.95,3.139,10000000
285.96,3.095,10000000
285.97,2.964,10000000
285.98,2.92,10000000
285.99,2.964,10000000
286,3.051,10000000
286.01,3.007,10000000
286.02,3.095,10000000
286.03,3.139,10000000
286.04,3.095,10000000
286.05,3.139,10000000
286.06,3.007,10000000
286.07,2.92,10000000
286.08,2.964,10000000
286.09,2.92,10000000
286.1,3.051,10000000
286.11,3.095,10000000
286.12,2.964,10000000
286.13,3.095,10000000
286.14,3.095,10000000
286.15,3.007,10000000
286.16,2.964,10000000
286.17,3.007,10000000
286.18,3.007,10000000
286.19,2.964,10000000
286.2,2.92,10000000
286.21,3.095,10000000
286.22,3.051,10000000
286.23,3.007,10000000
286.24,3.139,10000000
286.25,3.051,10000000
286.26,3.139,10000000
286.27,3.007,10000000
286.28,3.095,10000000
286.29,3.139,10000000
286.3,3.007,10000000
286.31,3.139,10000000
286.32,3.095,10000000
286.33,3.139,10000000
286.34,3.051,10000000
286.35,3.227,10000000
286.36,3.139,10000000
286.37,2.92,10000000
286.38,3.051,10000000
286.39,3.007,10000000
286.4,3.007,10000000
286.41,2.964,10000000
286.42,3.095,10000000
286.43,3.139,10000000
286.44,2.92,10000000
286.45,3.139,10000000
286.46,3.007,10000000
286.47,3.007,10000000
286.48,2.92,10000000
286.49,3.139,10000000
286.5,3.007,10000000
286.51,3.183,10000000
286.52,3.139,10000000
286.53,3.139,10000000
286.54,3.051,10000000
286.55,2.92,10000000
286.56,3.007,10000000
286.57,3.007,10000000
286.58,3.139,10000000
286.59,2.92,10000000
286.6,2.876,10000000
286.61,3.051,10000000
286.62,2.876,10000000
286.63,2.92,10000000
286.64,3.095,10000000
286.65,2.876,10000000
286.66,3.095,10000000
286.67,3.095,10000000
286.68,3.051,10000000
286.69,3.007,10000000
286.7,2.964,10000000
286.71,3.139,10000000
286.72,2.92,10000000
286.73,3.183,10000000
286.74,3.183,10000000
286.75,3.095,10000000
286.76,3.139,10000000
286.77,3.051,10000000
286.78,3.139,10000000
286.79,3.051,10000000
286.8,3.007,10000000
286.81,3.139,10000000
286.82,3.095,10000000
286.83,3.095,10000000
286.84,3.183,10000000
286.85,3.139,10000000
286.86,3.007,10000000
286.87,3.051,10000000
286.88,3.139,10000000
286.89,3.183,10000000
286.9,3.051,10000000
286.91,3.007,10000000
286.92,3.095,10000000
286.93,3.007,10000000
286.94,3.007,10000000
286.95,3.095,10000000
286.96,3.139,10000000
286.97,3.095,10000000
286.98,3.051,10000000
286.99,3.051,10000000
287,3.051,10000000
287.01,2.92,10000000
287.02,3.007,10000000
287.03,2.964,10000000
287.04,3.051,10000000
287.05,2.92,10000000
287.06,3.051,10000000
287.07,3.095,10000000
287.08,2.92,10000000
287.09,3.139,10000000
287.1,3.007,10000000
287.11,3.183,10000000
287.12,3.095,10000000
287.13,3.095,10000000
287.14,3.095,10000000
287.15,2.92,10000000
287.16,3.051,10000000
287.17,2.788,10000000
287.18,3.139,10000000
287.19,3.007,10000000
287.2,3.051,10000000
287.21,2.92,10000000
287.22,3.095,10000000
287.23,3.095,10000000
287.24,3.139,10000000
287.25,3.095,10000000
287.26,3.139,10000000
287.27,3.095,10000000
287.28,3.007,10000000
287.29,3.007,10000000
287.3,3.051,10000000
287.31,3.139,10000000
287.32,3.139,10000000
287.33,3.051,10000000
287.34,2.964,10000000
287.35,2.92,10000000
287.36,3.139,10000000
287.37,3.007,10000000
287.38,3.007,10000000
287.39,2.92,10000000
287.4,3.051,10000000
287.41,3.007,10000000
287.42,3.183,10000000
287.43,2.964,10000000
287.44,3.315,10000000
287.45,3.095,10000000
287.46,3.271,10000000
287.47,3.095,10000000
287.48,3.095,10000000
287.49,3.051,10000000
287.5,3.095,10000000
287.51,2.92,10000000
287.52,2.876,10000000
287.53,2.92,10000000
287.54,3.007,10000000
287.55,2.832,10000000
287.56,2.964,10000000
287.57,2.832,10000000
287.58,2.964,10000000
287.59,3.139,10000000
287.6,3.139,10000000
287.61,3.139,10000000
287.62,3.139,10000000
287.63,2.964,10000000
287.64,2.964,10000000
287.65,3.007,10000000
287.66,2.876,10000000
287.67,2.92,10000000
287.68,2.964,10000000
287.69,2.92,10000000
287.7,3.139,10000000
287.71,2.964,10000000
287.72,3.095,10000000
287.73,3.095,10000000
287.74,2.964,10000000
287.75,3.139,10000000
287.76,3.139,10000000
287.77,3.139,10000000
287.78,3.139,10000000
287.79,3.095,10000000
287.8,3.007,10000000
287.81,2.964,10000000
287.82,3.183,10000000
287.83,3.051,10000000
287.84,3.051,10000000
287.85,3.051,10000000
287.86,3.139,10000000
287.87,3.007,10000000
287.88,3.051,10000000
287.89,3.007,10000000
287.9,3.139,10000000
287.91,3.139,10000000
287.92,3.183,10000000
287.93,3.095,10000000
287.94,3.139,10000000
287.95,3.227,10000000
287.96,3.095,10000000
287.97,3.139,10000000
287.98,2.92,10000000
287.99,3.051,10000000
288,3.007,10000000
288.01,2.92,10000000
288.02,3.007,10000000
288.03,2.964,10000000
288.04,3.051,10000000
288.05,3.139,10000000
288.06,3.051,10000000
288.07,2.876,10000000
288.08,3.007,10000000
288.09,3.051,10000000
288.1,3.051,10000000
288.11,2.92,10000000
288.12,3.051,10000000
288.13,2.964,10000000
288.14,3.007,10000000
288.15,2.964,10000000
288.16,2.92,10000000
288.17,3.007,10000000
288.18,3.139,10000000
288.19,3.095,10000000
288.2,2.876,10000000
288.21,2.964,10000000
288.22,2.964,10000000
288.23,3.007,10000000
288.24,3.007,10000000
288.25,2.92,10000000
288.26,3.007,10000000
288.27,3.007,10000000
288.28,3.095,10000000
288.29,3.007,10000000
288.3,2.92,10000000
288.31,2.964,10000000
288.32,3.183,10000000
288.33,3.051,10000000
288.34,2.964,10000000
288.35,3.007,10000000
288.36,2.92,10000000
288.37,3.139,10000000
288.38,3.139,10000000
288.39,3.139,10000000
288.4,3.007,10000000
288.41,2.92,10000000
288.42,3.051,10000000
288.43,3.051,10000000
288.44,3.007,10000000
288.45,3.051,10000000
288.46,3.007,10000000
288.47,3.095,10000000
288.48,2.964,10000000
288.49,3.139,10000000
288.5,3.183,10000000
288.51,2.964,10000000
288.52,3.051,10000000
288.53,3.139,10000000
288.54,3.007,10000000
288.55,2.832,10000000
288.56,2.964,10000000
288.57,3.051,10000000
288.58,3.095,10000000
288.59,3.007,10000000
288.6,2.964,10000000
288.61,2.964,10000000
288.62,3.139,10000000
288.63,3.051,10000000
288.64,3.007,10000000
288.65,3.139,10000000
288.66,3.095,10000000
288.67,3.183,10000000
288.68,3.051,10000000
288.69,2.92,10000000
288.7,3.007,10000000
288.71,3.139,10000000
288.72,3.051,10000000
288.73,3.139,10000000
288.74,3.095,10000000
288.75,3.139,10000000
288.76,3.227,10000000
288.77,3.095,10000000
288.78,3.051,10000000
288.79,3.051,10000000
288.8,3.095,10000000
288.81,2.964,10000000
288.82,3.051,10000000
288.83,3.051,10000000
288.84,3.139,10000000
288.85,3.051,10000000
288.86,2.964,10000000
288.87,3.095,10000000
288.88,3.095,10000000
288.89,3.051,10000000
288.9,3.139,10000000
288.91,3.007,10000000
288.92,3.051,10000000
288.93,3.051,10000000
288.94,2.964,10000000
288.95,3.095,10000000
288.96,3.183,10000000
288.97,3.095,10000000
288.98,3.139,10000000
288.99,3.139,10000000
289,3.095,10000000
289.01,3.139,10000000
289.02,3.095,10000000
289.03,3.051,10000000
289.04,3.139,10000000
289.05,3.095,10000000
289.06,3.139,10000000
289.07,3.183,10000000
289.08,3.139,10000000
289.09,3.007,10000000
289.1,3.315,10000000
289.11,3.051,10000000
289.12,3.007,10000000
289.13,3.007,10000000
289.14,3.095,10000000
289.15,3.007,10000000
289.16,3.051,10000000
289.17,3.007,10000000
289.18,3.007,10000000
289.19,2.964,10000000
289.2,3.139,10000000
289.21,3.095,10000000
289.22,3.007,10000000
289.23,3.007,10000000
289.24,3.139,10000000
289.25,3.051,10000000
289.26,2.92,10000000
289.27,3.007,10000000
289.28,2.92,10000000
289.29,2.964,10000000
289.3,2.876,10000000
289.31,2.964,10000000
289.32,2.964,10000000
289.33,2.92,10000000
289.34,3.051,10000000
289.35,3.183,10000000
289.36,2.876,10000000
289.37,3.007,10000000
289.38,2.832,10000000
289.39,3.007,10000000
289.4,2.92,10000000
289.41,2.964,10000000
289.42,3.095,10000000
289.43,3.139,10000000
289.44,3.095,10000000
289.45,3.051,10000000
289.46,3.139,10000000
289.47,3.139,10000000
289.48,3.095,10000000
289.49,3.095,10000000
289.5,3.051,10000000
289.51,3.007,10000000
289.52,3.007,10000000
289.53,3.007,10000000
289.54,2.964,10000000
289.55,2.92,10000000
289.56,2.964,10000000
289.57,2.964,10000000
289.58,3.139,10000000
289.59,2.964,10000000
289.6,2.92,10000000
289.61,3.007,10000000
289.62,2.92,10000000
289.63,3.095,10000000
289.64,3.007,10000000
289.65,3.007,10000000
289.66,3.007,10000000
289.67,3.007,10000000
289.68,3.139,10000000
289.69,3.051,10000000
289.7,3.051,10000000
289.71,2.964,10000000
289.72,3.051,10000000
289.73,2.964,10000000
289.74,3.051,10000000
289.75,3.139,10000000
289.76,3.139,10000000
289.77,3.183,10000000
289.78,3.095,10000000
289.79,2.92,10000000
289.8,3.095,10000000
289.81,3.007,10000000
289.82,3.095,10000000
289.83,3.095,10000000
289.84,3.095,10000000
289.85,3.007,10000000
289.86,3.095,10000000
289.87,3.007,10000000
289.88,3.227,10000000
289.89,3.007,10000000
289.9,3.051,10000000
289.91,3.183,10000000
289.92,2.964,10000000
289.93,3.051,10000000
289.94,3.007,10000000
289.95,3.139,10000000
289.96,3.007,10000000
289.97,3.095,10000000
289.98,3.051,10000000
289.99,3.007,10000000
290,3.007,10000000
290.01,3.007,10000000
290.02,3.007,10000000
290.03,3.095,10000000
290.04,3.139,10000000
290.05,3.095,10000000
290.06,3.139,10000000
290.07,3.051,10000000
290.08,2.964,10000000
290.09,3.139,10000000
290.1,3.095,10000000
290.11,3.227,10000000
290.12,3.139,10000000
290.13,3.051,10000000
290.14,3.183,10000000
290.15,3.227,10000000
290.16,3.051,10000000
290.17,2.964,10000000
290.18,2.964,10000000
290.19,3.007,10000000
290.2,2.92,10000000
290.21,2.964,10000000
290.22,3.007,10000000
290.23,3.095,10000000
290.24,3.051,10000000
290.25,3.007,10000000
290.26,2.964,10000000
290.27,3.095,10000000
290.28,3.051,10000000
290.29,3.095,10000000
290.3,3.007,10000000
290.31,3.007,10000000
290.32,3.007,10000000
290.33,3.139,10000000
290.34,2.92,10000000
290.35,3.007,10000000
290.36,3.007,10000000
290.37,3.007,10000000
290.38,2.964,10000000
290.39,3.007,10000000
290.4,3.095,10000000
290.41,2.964,10000000
290.42,3.227,10000000
290.43,3.139,10000000
290.44,3.183,10000000
290.45,3.183,10000000
290.46,3.139,10000000
290.47,3.095,10000000
290.48,3.007,10000000
290.49,3.051,10000000
290.5,3.139,10000000
290.51,3.051,10000000
290.52,3.095,10000000
290.53,3.007,10000000
290.54,2.832,10000000
290.55,2.964,10000000
290.56,2.92,10000000
290.57,2.964,10000000
290.58,3.095,10000000
290.59,3.095,10000000
290.6,3.095,10000000
290.61,2.92,10000000
290.62,2.964,10000000
290.63,3.007,10000000
290.64,3.007,10000000
290.65,3.095,10000000
290.66,2.92,10000000
290.67,2.964,10000000
290.68,2.92,10000000
290.69,3.139,10000000
290.7,3.007,10000000
290.71,3.007,10000000
290.72,3.095,10000000
290.73,2.92,10000000
290.74,3.139,10000000
290.75,3.051,10000000
290.76,3.051,10000000
290.77,3.051,10000000
290.78,3.139,10000000
290.79,3.095,10000000
290.8,3.139,10000000
290.81,3.139,10000000
290.82,3.007,10000000
290.83,3.007,10000000
290.84,3.139,10000000
290.85,3.051,10000000
290.86,3.007,10000000
290.87,3.095,10000000
290.88,3.139,10000000
290.89,3.007,10000000
290.9,3.095,10000000
290.91,3.051,10000000
290.92,3.007,10000000
290.93,2.832,10000000
290.94,2.92,10000000
290.95,2.876,10000000
290.96,2.92,10000000
290.97,2.964,10000000
290.98,3.007,10000000
290.99,2.92,10000000
291,2.876,10000000
291.01,2.964,10000000
291.02,3.007,10000000
291.03,2.744,10000000
291.04,2.92,10000000
291.05,3.051,10000000
291.06,2.964,10000000
291.07,2.92,10000000
291.08,3.139,10000000
291.09,2.964,10000000
291.1,3.095,10000000
291.11,2.964,10000000
291.12,2.964,10000000
291.13,3.051,10000000
291.14,3.007,10000000
291.15,3.139,10000000
291.16,3.139,10000000
291.17,3.227,10000000
291.18,3.095,10000000
291.19,3.139,10000000
291.2,3.095,10000000
291.21,3.183,10000000
291.22,2.964,10000000
291.23,3.095,10000000
291.24,3.007,10000000
291.25,3.051,10000000
291.26,3.095,10000000
291.27,3.007,10000000
291.28,3.051,10000000
291.29,3.007,10000000
291.3,3.095,10000000
291.31,3.007,10000000
291.32,3.051,10000000
291.33,2.964,10000000
291.34,3.051,10000000
291.35,3.051,10000000
291.36,3.051,10000000
291.37,2.964,10000000
291.38,3.095,10000000
291.39,3.007,10000000
291.4,3.095,10000000
291.41,3.007,10000000
291.42,3.051,10000000
291.43,3.095,10000000
291.44,2.964,10000000
291.45,3.051,10000000
291.46,3.051,10000000
291.47,2.832,10000000
291.48,3.051,10000000
291.49,3.007,10000000
291.5,2.964,10000000
291.51,3.139,10000000
291.52,3.051,10000000
291.53,3.183,10000000
291.54,3.095,10000000
291.55,3.007,10000000
291.56,3.095,10000000
291.57,2.92,10000000
291.58,2.876,10000000
291.59,3.051,10000000
291.6,3.051,10000000
291.61,3.051,10000000
291.62,3.139,10000000
291.63,3.007,10000000
291.64,2.92,10000000
291.65,3.051,10000000
291.66,3.183,10000000
291.67,2.92,10000000
291.68,3.183,10000000
291.69,3.139,10000000
291.7,2.92,10000000
291.71,2.964,10000000
291.72,2.964,10000000
291.73,3.007,10000000
291.74,2.876,10000000
291.75,2.92,10000000
291.76,3.139,10000000
291.77,3.051,10000000
291.78,3.051,10000000
291.79,3.139,10000000
291.8,3.227,10000000
291.81,3.007,10000000
291.82,2.964,10000000
291.83,3.095,10000000
291.84,3.095,10000000
291.85,3.095,10000000
291.86,2.92,10000000
291.87,3.007,10000000
291.88,3.051,10000000
291.89,2.964,10000000
291.9,3.095,10000000
291.91,3.051,10000000
291.92,3.007,10000000
291.93,3.095,10000000
291.94,3.183,10000000
291.95,3.095,10000000
291.96,3.183,10000000
291.97,3.139,10000000
291.98,3.183,10000000
291.99,2.92,10000000
292,3.139,10000000
292.01,2.964,10000000
292.02,3.051,10000000
292.03,3.007,10000000
292.04,2.964,10000000
292.05,3.007,10000000
292.06,3.095,10000000
292.07,2.92,10000000
292.08,3.095,10000000
292.09,3.139,10000000
292.1,2.964,10000000
292.11,3.007,10000000
292.12,2.964,10000000
292.13,3.051,10000000
292.14,3.007,10000000
292.15,2.92,10000000
292.16,3.051,10000000
292.17,3.007,10000000
292.18,3.051,10000000
292.19,3.095,10000000
292.2,3.183,10000000
292.21,3.183,10000000
292.22,3.051,10000000
292.23,3.051,10000000
292.24,2.832,10000000
292.25,3.007,10000000
292.26,2.964,10000000
292.27,2.876,10000000
292.28,3.051,10000000
292.29,3.095,10000000
292.3,2.964,10000000
292.31,3.051,10000000
292.32,3.139,10000000
292.33,3.051,10000000
292.34,2.832,10000000
292.35,3.095,10000000
292.36,3.183,10000000
292.37,3.139,10000000
292.38,3.051,10000000
292.39,3.227,10000000
292.4,2.964,10000000
292.41,3.007,10000000
292.42,3.139,10000000
292.43,2.92,10000000
292.44,2.92,10000000
292.45,3.139,10000000
292.46,3.139,10000000
292.47,3.095,10000000
292.48,3.051,10000000
292.49,3.227,10000000
292.5,3.051,10000000
292.51,2.92,10000000
292.52,3.095,10000000
292.53,3.183,10000000
292.54,2.876,10000000
292.55,3.139,10000000
292.56,3.227,10000000
292.57,3.139,10000000
292.58,3.139,10000000
292.59,3.095,10000000
292.6,3.139,10000000
292.61,3.051,10000000
292.62,2.964,10000000
292.63,3.051,10000000
292.64,2.92,10000000
292.65,2.92,10000000
292.66,2.964,10000000
292.67,3.051,10000000
292.68,2.964,10000000
292.69,2.964,10000000
292.7,3.095,10000000
292.71,2.7,10000000
292.72,3.051,10000000
292.73,3.051,10000000
292.74,3.139,10000000
292.75,3.007,10000000
292.76,2.92,10000000
292.77,2.92,10000000
292.78,2.876,10000000
292.79,3.051,10000000
292.8,3.183,10000000
292.81,3.183,10000000
292.82,3.315,10000000
292.83,3.095,10000000
292.84,3.007,10000000
292.85,3.183,10000000
292.86,3.139,10000000
292.87,3.007,10000000
292.88,3.051,10000000
292.89,3.051,10000000
292.9,3.051,10000000
292.91,3.095,10000000
292.92,3.095,10000000
292.93,3.139,10000000
292.94,3.051,10000000
292.95,3.051,10000000
292.96,2.964,10000000
292.97,2.92,10000000
292.98,2.92,10000000
292.99,3.007,10000000
293,3.095,10000000
293.01,3.051,10000000
293.02,3.095,10000000
293.03,3.227,10000000
293.04,3.095,10000000
293.05,3.183,10000000
293.06,3.051,10000000
293.07,2.876,10000000
293.08,3.007,10000000
293.09,2.876,10000000
293.1,2.92,10000000
293.11,3.183,10000000
293.12,2.92,10000000
293.13,2.964,10000000
293.14,3.051,10000000
293.15,2.92,10000000
293.16,3.007,10000000
293.17,3.095,10000000
293.18,2.92,10000000
293.19,3.007,10000000
293.2,3.007,10000000
293.21,3.139,10000000
293.22,3.139,10000000
293.23,2.964,10000000
293.24,3.051,10000000
293.25,3.095,10000000
293.26,3.007,10000000
293.27,3.183,10000000
293.28,3.051,10000000
293.29,3.095,10000000
293.3,3.007,10000000
293.31,3.227,10000000
293.32,3.095,10000000
293.33,3.051,10000000
293.34,2.876,10000000
293.35,2.964,10000000
293.36,3.095,10000000
293.37,3.139,10000000
293.38,3.139,10000000
293.39,3.051,10000000
293.4,3.051,10000000
293.41,2.92,10000000
293.42,2.92,10000000
293.43,3.051,10000000
293.44,3.007,10000000
293.45,3.183,10000000
293.46,3.007,10000000
293.47,3.007,10000000
293.48,3.139,10000000
293.49,3.095,10000000
293.5,3.095,10000000
293.51,3.095,10000000
293.52,3.095,10000000
293.53,3.183,10000000
293.54,3.007,10000000
293.55,3.095,10000000
293.56,3.095,10000000
293.57,2.964,10000000
293.58,3.051,10000000
293.59,3.007,10000000
293.6,2.92,10000000
293.61,3.095,10000000
293.62,2.964,10000000
293.63,3.139,10000000
293.64,3.227,10000000
293.65,3.051,10000000
293.66,3.007,10000000
293.67,2.92,10000000
293.68,3.051,10000000
293.69,3.139,10000000
293.7,3.007,10000000
293.71,3.139,10000000
293.72,3.051,10000000
293.73,3.007,10000000
293.74,3.051,10000000
293.75,3.051,10000000
293.76,2.964,10000000
293.77,2.876,10000000
293.78,3.139,10000000
293.79,2.876,10000000
293.8,3.139,10000000
293.81,3.051,10000000
293.82,3.007,10000000
293.83,2.92,10000000
293.84,3.139,10000000
293.85,3.007,10000000
293.86,3.051,10000000
293.87,3.139,10000000
293.88,3.007,10000000
293.89,3.007,10000000
293.9,3.007,10000000
293.91,2.92,10000000
293.92,2.92,10000000
293.93,2.964,10000000
293.94,2.964,10000000
293.95,3.007,10000000
293.96,3.007,10000000
293.97,3.007,10000000
293.98,3.051,10000000
293.99,3.139,10000000
294,3.051,10000000
294.01,3.051,10000000
294.02,3.183,10000000
294.03,3.007,10000000
294.04,3.139,10000000
294.05,3.183,10000000
294.06,3.007,10000000
294.07,2.92,10000000
294.08,3.139,10000000
294.09,3.139,10000000
294.1,3.051,10000000
294.11,2.876,10000000
294.12,3.007,10000000
294.13,3.095,10000000
294.14,2.92,10000000
294.15,3.051,10000000
294.16,3.051,10000000
294.17,3.051,10000000
294.18,3.051,10000000
294.19,3.051,10000000
294.2,3.315,10000000
294.21,3.095,10000000
294.22,3.139,10000000
294.23,3.139,10000000
294.24,3.007,10000000
294.25,3.051,10000000
294.26,3.095,10000000
294.27,2.964,10000000
294.28,2.92,10000000
294.29,3.007,10000000
294.3,2.92,10000000
294.31,3.051,10000000
294.32,3.051,10000000
294.33,3.051,10000000
294.34,2.876,10000000
294.35,3.007,10000000
294.36,3.051,10000000
294.37,3.051,10000000
294.38,2.92,10000000
294.39,3.139,10000000
294.4,3.139,10000000
294.41,3.051,10000000
294.42,3.051,10000000
294.43,3.007,10000000
294.44,2.964,10000000
294.45,3.139,10000000
294.46,3.007,10000000
294.47,3.007,10000000
294.48,2.964,10000000
294.49,3.051,10000000
294.5,3.007,10000000
294.51,2.964,10000000
294.52,3.095,10000000
294.53,3.051,10000000
294.54,3.139,10000000
294.55,3.183,10000000
294.56,3.051,10000000
294.57,3.007,10000000
294.58,3.139,10000000
294.59,3.007,10000000
294.6,3.007,10000000
294.61,3.139,10000000
294.62,3.007,10000000
294.63,3.007,10000000
294.64,2.92,10000000
294.65,3.007,10000000
294.66,2.92,10000000
294.67,3.095,10000000
294.68,2.92,10000000
294.69,2.964,10000000
294.7,3.007,10000000
294.71,3.007,10000000
294.72,3.007,10000000
294.73,2.92,10000000
294.74,3.139,10000000
294.75,3.139,10000000
294.76,3.139,10000000
294.77,3.007,10000000
294.78,3.139,10000000
294.79,3.139,10000000
294.8,3.051,10000000
294.81,3.051,10000000
294.82,3.007,10000000
294.83,3.095,10000000
294.84,3.095,10000000
294.85,3.095,10000000
294.86,3.051,10000000
294.87,3.007,10000000
294.88,2.92,10000000
294.89,3.007,10000000
294.9,3.183,10000000
294.91,3.139,10000000
294.92,3.139,10000000
294.93,3.139,10000000
294.94,3.095,10000000
294.95,3.007,10000000
294.96,2.832,10000000
294.97,2.964,10000000
294.98,2.964,10000000
294.99,3.095,10000000
295,2.964,10000000
295.01,3.051,10000000
295.02,3.183,10000000
295.03,3.139,10000000
295.04,3.007,10000000
295.05,3.007,10000000
295.06,3.095,10000000
295.07,3.139,10000000
295.08,3.095,10000000
295.09,3.007,10000000
295.1,2.876,10000000
295.11,3.007,10000000
295.12,2.92,10000000
295.13,2.964,10000000
295.14,3.051,10000000
295.15,2.92,10000000
295.16,2.876,10000000
295.17,2.964,10000000
295.18,2.92,10000000
295.19,2.876,10000000
295.2,3.007,10000000
295.21,2.92,10000000
295.22,2.92,10000000
295.23,2.964,10000000
295.24,2.92,10000000
295.25,3.139,10000000
295.26,3.095,10000000
295.27,2.92,10000000
295.28,3.007,10000000
295.29,3.007,10000000
295.3,3.051,10000000
295.31,2.964,10000000
295.32,3.007,10000000
295.33,3.007,10000000
295.34,3.139,10000000
295.35,3.007,10000000
295.36,2.92,10000000
295.37,2.964,10000000
295.38,3.095,10000000
295.39,3.007,10000000
295.4,2.832,10000000
295.41,3.007,10000000
295.42,2.964,10000000
295.43,3.051,10000000
295.44,3.095,10000000
295.45,3.139,10000000
295.46,3.095,10000000
295.47,3.183,10000000
295.48,3.007,10000000
295.49,3.051,10000000
295.5,3.007,10000000
295.51,3.095,10000000
295.52,3.139,10000000
295.53,2.832,10000000
295.54,3.007,10000000
295.55,2.964,10000000
295.56,3.139,10000000
295.57,3.139,10000000
295.58,2.964,10000000
295.59,2.92,10000000
295.6,2.92,10000000
295.61,3.051,10000000
295.62,2.92,10000000
295.63,3.051,10000000
295.64,3.007,10000000
295.65,2.964,10000000
295.66,2.876,10000000
295.67,2.92,10000000
295.68,3.007,10000000
295.69,2.964,10000000
295.7,2.92,10000000
295.71,2.92,10000000
295.72,3.139,10000000
295.73,3.007,10000000
295.74,3.139,10000000
295.75,3.139,10000000
295.76,3.095,10000000
295.77,3.315,10000000
295.78,3.139,10000000
295.79,3.007,10000000
295.8,3.051,10000000
295.81,3.095,10000000
295.82,3.007,10000000
295.83,3.007,10000000
295.84,3.139,10000000
295.85,3.095,10000000
295.86,3.095,10000000
295.87,3.051,10000000
295.88,3.139,10000000
295.89,2.964,10000000
295.9,3.051,10000000
295.91,3.007,10000000
295.92,2.964,10000000
295.93,2.92,10000000
295.94,3.095,10000000
295.95,3.051,10000000
295.96,3.007,10000000
295.97,3.051,10000000
295.98,3.051,10000000
295.99,3.051,10000000
296,3.051,10000000
296.01,3.051,10000000
296.02,3.095,10000000
296.03,3.007,10000000
296.04,3.051,10000000
296.05,3.051,10000000
296.06,2.92,10000000
296.07,3.051,10000000
296.08,3.051,10000000
296.09,3.007,10000000
296.1,2.964,10000000
296.11,3.051,10000000
296.12,2.876,10000000
296.13,3.051,10000000
296.14,3.139,10000000
296.15,2.964,10000000
296.16,3.051,10000000
296.17,3.139,10000000
296.18,2.92,10000000
296.19,2.92,10000000
296.2,3.051,10000000
296.21,2.832,10000000
296.22,3.051,10000000
296.23,3.139,10000000
296.24,3.007,10000000
296.25,3.007,10000000
296.26,3.007,10000000
296.27,3.051,10000000
296.28,2.92,10000000
296.29,3.051,10000000
296.3,3.007,10000000
296.31,2.964,10000000
296.32,3.095,10000000
296.33,2.92,10000000
296.34,3.139,10000000
296.35,3.051,10000000
296.36,2.964,10000000
296.37,3.007,10000000
296.38,3.007,10000000
296.39,3.007,10000000
296.4,3.095,10000000
296.41,3.051,10000000
296.42,3.051,10000000
296.43,2.964,10000000
296.44,3.095,10000000
296.45,2.92,10000000
296.46,2.964,10000000
296.47,2.92,10000000
296.48,2.964,10000000
296.49,2.92,10000000
296.5,2.964,10000000
296.51,3.007,10000000
296.52,3.007,10000000
296.53,3.095,10000000
296.54,3.139,10000000
296.55,3.051,10000000
296.56,3.271,10000000
296.57,2.964,10000000
296.58,3.007,10000000
296.59,3.095,10000000
296.6,3.139,10000000
296.61,3.227,10000000
296.62,3.095,10000000
296.63,3.139,10000000
296.64,3.095,10000000
296.65,2.964,10000000
296.66,3.139,10000000
296.67,3.007,10000000
296.68,3.183,10000000
296.69,3.007,10000000
296.7,3.139,10000000
296.71,3.139,10000000
296.72,3.095,10000000
296.73,3.095,10000000
296.74,3.051,10000000
296.75,2.92,10000000
296.76,3.007,10000000
296.77,2.964,10000000
296.78,3.051,10000000
296.79,3.051,10000000
296.8,2.964,10000000
296.81,2.876,10000000
296.82,2.92,10000000
296.83,3.051,10000000
296.84,3.051,10000000
296.85,2.832,10000000
296.86,2.92,10000000
296.87,3.007,10000000
296.88,3.139,10000000
296.89,3.007,10000000
296.9,3.095,10000000
296.91,2.92,10000000
296.92,3.007,10000000
296.93,3.051,10000000
296.94,3.007,10000000
296.95,3.051,10000000
296.96,3.051,10000000
296.97,3.139,10000000
296.98,2.964,10000000
296.99,3.051,10000000
297,3.007,10000000
297.01,2.964,10000000
297.02,2.92,10000000
297.03,3.051,10000000
297.04,2.92,10000000
297.05,3.051,10000000
297.06,3.007,10000000
297.07,3.227,10000000
297.08,3.051,10000000
297.09,3.051,10000000
297.1,3.095,10000000
297.11,3.095,10000000
297.12,2.876,10000000
297.13,3.095,10000000
297.14,2.92,10000000
297.15,2.92,10000000
297.16,2.92,10000000
297.17,2.92,10000000
297.18,2.92,10000000
297.19,2.92,10000000
297.2,2.964,10000000
297.21,3.007,10000000
297.22,2.964,10000000
297.23,3.007,10000000
297.24,2.964,10000000
297.25,2.964,10000000
297.26,3.051,10000000
297.27,3.139,10000000
297.28,2.832,10000000
297.29,3.007,10000000
297.3,2.92,10000000
297.31,3.051,10000000
297.32,3.051,10000000
297.33,3.051,10000000
297.34,2.964,10000000
297.35,3.139,10000000
297.36,3.183,10000000
297.37,3.139,10000000
297.38,3.051,10000000
297.39,3.051,10000000
297.4,3.095,10000000
297.41,2.964,10000000
297.42,3.051,10000000
297.43,3.051,10000000
297.44,3.139,10000000
297.45,3.007,10000000
297.46,3.051,10000000
297.47,3.139,10000000
297.48,3.051,10000000
297.49,3.139,10000000
297.5,3.051,10000000
297.51,3.051,10000000
297.52,2.92,10000000
297.53,3.139,10000000
297.54,3.095,10000000
297.55,3.139,10000000
297.56,2.92,10000000
297.57,2.92,10000000
297.58,3.095,10000000
297.59,3.095,10000000
297.6,3.051,10000000
297.61,3.051,10000000
297.62,3.139,10000000
297.63,3.183,10000000
297.64,3.139,10000000
297.65,2.92,10000000
297.66,3.007,10000000
297.67,2.964,10000000
297.68,2.92,10000000
297.69,2.92,10000000
297.7,2.964,10000000
297.71,3.051,10000000
297.72,3.051,10000000
297.73,2.964,10000000
297.74,3.007,10000000
297.75,3.139,10000000
297.76,3.139,10000000
297.77,2.964,10000000
297.78,2.92,10000000
297.79,3.095,10000000
297.8,2.964,10000000
297.81,3.139,10000000
297.82,2.92,10000000
297.83,2.92,10000000
297.84,3.007,10000000
297.85,3.227,10000000
297.86,3.095,10000000
297.87,2.876,10000000
297.88,3.007,10000000
297.89,3.095,10000000
297.9,3.139,10000000
297.91,3.007,10000000
297.92,3.095,10000000
297.93,2.964,10000000
297.94,3.051,10000000
297.95,3.007,10000000
297.96,2.964,10000000
297.97,3.007,10000000
297.98,3.007,10000000
297.99,2.832,10000000
298,3.007,10000000
298.01,3.007,10000000
298.02,3.007,10000000
298.03,3.139,10000000
298.04,2.964,10000000
298.05,3.139,10000000
298.06,3.051,10000000
298.07,3.095,10000000
298.08,3.227,10000000
298.09,3.051,10000000
298.1,3.051,10000000
298.11,2.964,10000000
298.12,3.007,10000000
298.13,3.051,10000000
298.14,3.139,10000000
298.15,2.964,10000000
298.16,2.92,10000000
298.17,3.139,10000000
298.18,3.139,10000000
298.19,3.007,10000000
298.2,3.139,10000000
298.21,3.007,10000000
298.22,3.051,10000000
298.23,3.139,10000000
298.24,3.051,10000000
298.25,3.007,10000000
298.26,3.095,10000000
298.27,2.832,10000000
298.28,2.92,10000000
298.29,3.007,10000000
298.3,3.095,10000000
298.31,2.964,10000000
298.32,3.007,10000000
298.33,3.139,10000000
298.34,2.964,10000000
298.35,3.007,10000000
298.36,3.007,10000000
298.37,3.095,10000000
298.38,3.051,10000000
298.39,3.051,10000000
298.4,3.139,10000000
298.41,3.007,10000000
298.42,3.007,10000000
298.43,2.876,10000000
298.44,3.051,10000000
298.45,3.007,10000000
298.46,3.051,10000000
298.47,3.051,10000000
298.48,3.007,10000000
298.49,2.92,10000000
298.5,2.964,10000000
298.51,3.139,10000000
298.52,2.964,10000000
298.53,3.183,10000000
298.54,3.095,10000000
298.55,3.139,10000000
298.56,3.007,10000000
298.57,2.964,10000000
298.58,3.051,10000000
298.59,3.095,10000000
298.6,3.095,10000000
298.61,2.964,10000000
298.62,3.051,10000000
298.63,2.964,10000000
298.64,3.095,10000000
298.65,2.92,10000000
298.66,2.92,10000000
298.67,3.007,10000000
298.68,3.139,10000000
298.69,3.139,10000000
298.7,3.051,10000000
298.71,2.964,10000000
298.72,3.007,10000000
298.73,3.139,10000000
298.74,3.007,10000000
298.75,3.139,10000000
298.76,3.051,10000000
298.77,3.007,10000000
298.78,2.832,10000000
298.79,2.876,10000000
298.8,2.832,10000000
298.81,3.051,10000000
298.82,3.007,10000000
298.83,2.964,10000000
298.84,3.007,10000000
298.85,2.92,10000000
298.86,2.92,10000000
298.87,2.92,10000000
298.88,2.832,10000000
298.89,2.964,10000000
298.9,3.007,10000000
298.91,3.051,10000000
298.92,3.183,10000000
298.93,3.139,10000000
298.94,3.051,10000000
298.95,3.139,10000000
298.96,3.051,10000000
298.97,3.095,10000000
298.98,3.139,10000000
298.99,3.095,10000000
299,3.007,10000000
299.01,3.051,10000000
299.02,3.051,10000000
299.03,2.964,10000000
299.04,3.007,10000000
299.05,2.92,10000000
299.06,3.007,10000000
299.07,2.964,10000000
299.08,3.051,10000000
299.09,3.139,10000000
299.1,3.183,10000000
299.11,3.051,10000000
299.12,3.315,10000000
299.13,2.832,10000000
299.14,2.876,10000000
299.15,3.051,10000000
299.16,3.139,10000000
299.17,2.964,10000000
299.18,3.139,10000000
299.19,3.051,10000000
299.2,2.876,10000000
299.21,2.964,10000000
299.22,3.007,10000000
299.23,3.007,10000000
299.24,3.183,10000000
299.25,3.051,10000000
299.26,3.095,10000000
299.27,3.139,10000000
299.28,3.007,10000000
299.29,2.876,10000000
299.3,2.92,10000000
299.31,3.007,10000000
299.32,3.139,10000000
299.33,2.92,10000000
299.34,2.876,10000000
299.35,2.92,10000000
299.36,2.964,10000000
299.37,3.051,10000000
299.38,2.92,10000000
299.39,2.92,10000000
299.4,2.964,10000000
299.41,3.139,10000000
299.42,3.007,10000000
299.43,3.095,10000000
299.44,3.095,10000000
299.45,3.227,10000000
299.46,3.227,10000000
299.47,3.051,10000000
299.48,3.139,10000000
299.49,3.007,10000000
299.5,2.964,10000000
299.51,3.051,10000000
299.52,2.92,10000000
299.53,3.051,10000000
299.54,2.964,10000000
299.55,2.964,10000000
299.56,3.051,10000000
299.57,3.095,10000000
299.58,3.051,10000000
299.59,3.051,10000000
299.6,3.051,10000000
299.61,3.139,10000000
299.62,3.095,10000000
299.63,2.964,10000000
299.64,2.964,10000000
299.65,2.92,10000000
299.66,2.876,10000000
299.67,3.051,10000000
299.68,2.92,10000000
299.69,3.051,10000000
299.7,3.051,10000000
299.71,2.964,10000000
299.72,3.139,10000000
299.73,3.007,10000000
299.74,3.051,10000000
299.75,3.139,10000000
299.76,3.095,10000000
299.77,3.183,10000000
299.78,3.183,10000000
299.79,3.095,10000000
299.8,3.095,10000000
299.81,3.139,10000000
299.82,2.964,10000000
299.83,3.051,10000000
299.84,3.139,10000000
299.85,3.007,10000000
299.86,3.139,10000000
299.87,3.095,10000000
299.88,3.051,10000000
299.89,2.744,10000000
299.9,3.007,10000000
299.91,2.964,10000000
299.92,3.095,10000000
299.93,3.227,10000000
299.94,3.095,10000000
299.95,3.051,10000000
299.96,3.051,10000000
299.97,3.095,10000000
299.98,3.007,10000000
299.99,3.183,10000000
300,3.051,10000000
300.01,3.095,10000000
300.02,3.007,10000000
300.03,3.007,10000000
300.04,3.007,10000000
300.05,3.139,10000000
300.06,2.964,10000000
300.07,2.964,10000000
300.08,2.964,10000000
300.09,2.92,10000000
300.1,2.92,10000000
300.11,2.964,10000000
300.12,2.964,10000000
300.13,2.964,10000000
300.14,3.095,10000000
300.15,3.007,10000000
300.16,3.051,10000000
300.17,2.964,10000000
300.18,3.007,10000000
300.19,2.964,10000000
300.2,3.007,10000000
300.21,3.095,10000000
300.22,3.051,10000000
300.23,2.92,10000000
300.24,3.007,10000000
300.25,3.007,10000000
300.26,3.139,10000000
300.27,3.183,10000000
300.28,3.139,10000000
300.29,3.051,10000000
300.3,3.183,10000000
300.31,3.183,10000000
300.32,3.007,10000000
300.33,3.051,10000000
300.34,3.051,10000000
300.35,2.964,10000000
300.36,2.964,10000000
300.37,2.92,10000000
300.38,2.832,10000000
300.39,2.964,10000000
300.4,3.139,10000000
300.41,3.183,10000000
300.42,3.007,10000000
300.43,3.139,10000000
300.44,3.007,10000000
300.45,3.007,10000000
300.46,3.051,10000000
300.47,3.007,10000000
300.48,3.007,10000000
300.49,2.92,10000000
300.5,3.007,10000000
300.51,2.92,10000000
300.52,3.007,10000000
300.53,3.007,10000000
300.54,3.007,10000000
300.55,2.92,10000000
300.56,2.92,10000000
300.57,3.051,10000000
300.58,2.964,10000000
300.59,3.007,10000000
300.6,3.051,10000000
300.61,3.139,10000000
300.62,3.271,10000000
300.63,3.183,10000000
300.64,3.007,10000000
300.65,3.095,10000000
300.66,2.964,10000000
300.67,3.007,10000000
300.68,2.964,10000000
300.69,3.007,10000000
300.7,3.095,10000000
300.71,2.964,10000000
300.72,3.051,10000000
300.73,2.92,10000000
300.74,3.007,10000000
300.75,3.007,10000000
300.76,3.095,10000000
300.77,3.139,10000000
300.78,3.139,10000000
300.79,3.183,10000000
300.8,3.271,10000000
300.81,3.095,10000000
300.82,3.183,10000000
300.83,3.183,10000000
300.84,2.92,10000000
300.85,3.007,10000000
300.86,2.964,10000000
300.87,3.007,10000000
300.88,3.051,10000000
300.89,3.051,10000000
300.9,2.832,10000000
300.91,2.964,10000000
300.92,2.92,10000000
300.93,3.007,10000000
300.94,3.051,10000000
300.95,3.007,10000000
300.96,3.139,10000000
300.97,3.095,10000000
300.98,3.007,10000000
300.99,3.139,10000000
301,3.007,10000000
301.01,2.92,10000000
301.02,3.051,10000000
301.03,3.007,10000000
301.04,2.964,10000000
301.05,2.964,10000000
301.06,3.139,10000000
301.07,3.051,10000000
301.08,3.095,10000000
301.09,3.139,10000000
301.1,3.183,10000000
301.11,3.007,10000000
301.12,3.095,10000000
301.13,3.271,10000000
301.14,3.139,10000000
301.15,3.095,10000000
301.16,3.007,10000000
301.17,3.139,10000000
301.18,3.095,10000000
301.19,3.095,10000000
301.2,3.051,10000000
301.21,3.051,10000000
301.22,2.964,10000000
301.23,3.007,10000000
301.24,2.92,10000000
301.25,2.92,10000000
301.26,3.007,10000000
301.27,3.095,10000000
301.28,3.007,10000000
301.29,3.051,10000000
301.3,3.095,10000000
301.31,2.92,10000000
301.32,3.051,10000000
301.33,2.964,10000000
301.34,2.964,10000000
301.35,3.007,10000000
301.36,3.051,10000000
301.37,3.095,10000000
301.38,3.139,10000000
301.39,2.964,10000000
301.4,3.095,10000000
301.41,3.051,10000000
301.42,3.095,10000000
301.43,3.095,10000000
301.44,3.095,10000000
301.45,2.92,10000000
301.46,2.964,10000000
301.47,3.007,10000000
301.48,3.139,10000000
301.49,3.095,10000000
301.5,3.139,10000000
301.51,3.095,10000000
301.52,3.007,10000000
301.53,3.095,10000000
301.54,3.051,10000000
301.55,2.92,10000000
301.56,3.095,10000000
301.57,3.139,10000000
301.58,3.051,10000000
301.59,2.964,10000000
301.6,3.007,10000000
301.61,2.964,10000000
301.62,2.964,10000000
301.63,3.007,10000000
301.64,3.007,10000000
301.65,3.095,10000000
301.66,3.007,10000000
301.67,3.095,10000000
301.68,2.92,10000000
301.69,3.095,10000000
301.7,3.051,10000000
301.71,3.051,10000000
301.72,3.007,10000000
301.73,3.007,10000000
301.74,2.964,10000000
301.75,2.788,10000000
301.76,2.964,10000000
301.77,3.095,10000000
301.78,3.007,10000000
301.79,3.007,10000000
301.8,2.92,10000000
301.81,3.051,10000000
301.82,3.007,10000000
301.83,3.095,10000000
301.84,3.095,10000000
301.85,2.92,10000000
301.86,3.139,10000000
301.87,3.271,10000000
301.88,3.007,10000000
301.89,3.139,10000000
301.9,3.139,10000000
301.91,3.051,10000000
301.92,2.832,10000000
301.93,2.964,10000000
301.94,3.007,10000000
301.95,2.92,10000000
301.96,3.139,10000000
301.97,3.007,10000000
301.98,3.007,10000000
301.99,3.051,10000000
302,2.92,10000000
302.01,2.964,10000000
302.02,2.876,10000000
302.03,2.964,10000000
302.04,2.964,10000000
302.05,3.095,10000000
302.06,3.007,10000000
302.07,3.051,10000000
302.08,2.964,10000000
302.09,3.007,10000000
302.1,3.007,10000000
302.11,3.007,10000000
302.12,3.095,10000000
302.13,3.007,10000000
302.14,3.139,10000000
302.15,3.139,10000000
302.16,3.183,10000000
302.17,3.007,10000000
302.18,3.139,10000000
302.19,3.007,10000000
302.2,2.964,10000000
302.21,3.007,10000000
302.22,2.964,10000000
302.23,2.876,10000000
302.24,3.095,10000000
302.25,3.051,10000000
302.26,3.095,10000000
302.27,3.139,10000000
302.28,3.095,10000000
302.29,3.095,10000000
302.3,3.051,10000000
302.31,3.183,10000000
302.32,3.095,10000000
302.33,3.007,10000000
302.34,3.095,10000000
302.35,2.876,10000000
302.36,3.051,10000000
302.37,3.183,10000000
302.38,3.051,10000000
302.39,3.095,10000000
302.4,3.051,10000000
302.41,3.095,10000000
302.42,2.964,10000000
302.43,3.007,10000000
302.44,3.007,10000000
302.45,3.051,10000000
302.46,2.92,10000000
302.47,3.051,10000000
302.48,3.051,10000000
302.49,3.007,10000000
302.5,3.051,10000000
302.51,3.183,10000000
302.52,3.139,10000000
302.53,3.007,10000000
302.54,3.095,10000000
302.55,2.964,10000000
302.56,3.183,10000000
302.57,3.051,10000000
302.58,2.964,10000000
302.59,3.095,10000000
302.6,2.964,10000000
302.61,3.051,10000000
302.62,3.007,10000000
302.63,2.964,10000000
302.64,2.964,10000000
302.65,2.876,10000000
302.66,2.92,10000000
302.67,2.964,10000000
302.68,3.139,10000000
302.69,2.92,10000000
302.7,3.139,10000000
302.71,3.139,10000000
302.72,3.095,10000000
302.73,3.139,10000000
302.74,3.095,10000000
302.75,3.139,10000000
302.76,2.92,10000000
302.77,3.051,10000000
302.78,2.876,10000000
302.79,2.964,10000000
302.8,2.964,10000000
302.81,3.227,10000000
302.82,3.139,10000000
302.83,3.139,10000000
302.84,3.095,10000000
302.85,2.92,10000000
302.86,3.051,10000000
302.87,2.964,10000000
302.88,3.095,10000000
302.89,2.92,10000000
302.9,2.92,10000000
302.91,2.92,10000000
302.92,2.832,10000000
302.93,2.92,10000000
302.94,3.051,10000000
302.95,3.095,10000000
302.96,3.007,10000000
302.97,3.315,10000000
302.98,3.227,10000000
302.99,3.007,10000000
303,3.095,10000000
303.01,3.007,10000000
303.02,3.315,10000000
303.03,3.139,10000000
303.04,3.139,10000000
303.05,3.139,10000000
303.06,3.139,10000000
303.07,3.139,10000000
303.08,3.139,10000000
303.09,2.964,10000000
303.1,2.92,10000000
303.11,3.095,10000000
303.12,3.007,10000000
303.13,3.051,10000000
303.14,3.051,10000000
303.15,3.051,10000000
303.16,2.832,10000000
303.17,2.92,10000000
303.18,3.051,10000000
303.19,3.095,10000000
303.2,3.051,10000000
303.21,2.832,10000000
303.22,3.007,10000000
303.23,2.964,10000000
303.24,3.007,10000000
303.25,2.92,10000000
303.26,3.051,10000000
303.27,3.051,10000000
303.28,3.051,10000000
303.29,3.007,10000000
303.3,2.964,10000000
303.31,3.139,10000000
303.32,3.227,10000000
303.33,3.007,10000000
303.34,3.007,10000000
303.35,3.007,10000000
303.36,3.007,10000000
303.37,3.051,10000000
303.38,2.92,10000000
303.39,2.832,10000000
303.4,3.051,10000000
303.41,3.051,10000000
303.42,3.007,10000000
303.43,3.227,10000000
303.44,3.227,10000000
303.45,3.051,10000000
303.46,2.964,10000000
303.47,2.964,10000000
303.48,3.007,10000000
303.49,3.139,10000000
303.5,3.095,10000000
303.51,3.095,10000000
303.52,3.007,10000000
303.53,3.139,10000000
303.54,3.007,10000000
303.55,3.007,10000000
303.56,3.095,10000000
303.57,3.051,10000000
303.58,3.051,10000000
303.59,3.007,10000000
303.6,2.964,10000000
303.61,3.051,10000000
303.62,3.095,10000000
303.63,3.051,10000000
303.64,3.095,10000000
303.65,2.92,10000000
303.66,3.139,10000000
303.67,2.92,10000000
303.68,3.139,10000000
303.69,3.051,10000000
303.7,3.139,10000000
303.71,3.139,10000000
303.72,2.92,10000000
303.73,3.139,10000000
303.74,3.051,10000000
303.75,3.139,10000000
303.76,3.183,10000000
303.77,2.964,10000000
303.78,3.095,10000000
303.79,3.139,10000000
303.8,3.139,10000000
303.81,2.964,10000000
303.82,3.007,10000000
303.83,2.964,10000000
303.84,3.139,10000000
303.85,2.92,10000000
303.86,2.964,10000000
303.87,3.051,10000000
303.88,2.876,10000000
303.89,2.964,10000000
303.9,2.964,10000000
303.91,3.007,10000000
303.92,3.095,10000000
303.93,3.139,10000000
303.94,3.007,10000000
303.95,3.051,10000000
303.96,3.139,10000000
303.97,3.051,10000000
303.98,3.051,10000000
303.99,3.051,10000000
304,3.183,10000000
304.01,3.095,10000000
304.02,3.007,10000000
304.03,2.92,10000000
304.04,3.007,10000000
304.05,3.051,10000000
304.06,3.007,10000000
304.07,3.139,10000000
304.08,2.92,10000000
304.09,2.92,10000000
304.1,2.964,10000000
304.11,3.051,10000000
304.12,3.007,10000000
304.13,2.92,10000000
304.14,2.964,10000000
304.15,3.051,10000000
304.16,3.095,10000000
304.17,3.095,10000000
304.18,3.051,10000000
304.19,3.139,10000000
304.2,3.051,10000000
304.21,3.007,10000000
304.22,2.964,10000000
304.23,2.92,10000000
304.24,3.051,10000000
304.25,3.051,10000000
304.26,3.051,10000000
304.27,3.183,10000000
304.28,3.183,10000000
304.29,3.095,10000000
304.3,3.051,10000000
304.31,3.007,10000000
304.32,3.007,10000000
304.33,3.095,10000000
304.34,3.007,10000000
304.35,2.964,10000000
304.36,3.139,10000000
304.37,3.051,10000000
304.38,3.139,10000000
304.39,3.139,10000000
304.4,2.964,10000000
304.41,2.92,10000000
304.42,2.92,10000000
304.43,3.051,10000000
304.44,3.139,10000000
304.45,2.964,10000000
304.46,3.051,10000000
304.47,3.051,10000000
304.48,2.964,10000000
304.49,3.007,10000000
304.5,3.095,10000000
304.51,3.095,10000000
304.52,3.139,10000000
304.53,3.139,10000000
304.54,2.964,10000000
304.55,3.139,10000000
304.56,2.964,10000000
304.57,3.007,10000000
304.58,2.92,10000000
304.59,3.051,10000000
304.6,3.007,10000000
304.61,2.964,10000000
304.62,3.007,10000000
304.63,3.051,10000000
304.64,3.007,10000000
304.65,3.051,10000000
304.66,2.964,10000000
304.67,3.095,10000000
304.68,3.227,10000000
304.69,3.139,10000000
304.7,3.051,10000000
304.71,3.227,10000000
304.72,3.051,10000000
304.73,2.92,10000000
304.74,3.051,10000000
304.75,3.183,10000000
304.76,3.095,10000000
304.77,3.227,10000000
304.78,3.095,10000000
304.79,3.007,10000000
304.8,3.007,10000000
304.81,2.876,10000000
304.82,3.139,10000000
304.83,2.92,10000000
304.84,3.051,10000000
304.85,3.095,10000000
304.86,3.007,10000000
304.87,2.832,10000000
304.88,3.051,10000000
304.89,3.095,10000000
304.9,3.007,10000000
304.91,3.007,10000000
304.92,3.139,10000000
304.93,3.095,10000000
304.94,3.051,10000000
304.95,3.139,10000000
304.96,3.139,10000000
304.97,3.051,10000000
304.98,3.183,10000000
304.99,3.095,10000000
305,3.051,10000000
305.01,3.007,10000000
305.02,3.007,10000000
305.03,3.007,10000000
305.04,3.007,10000000
305.05,3.051,10000000
305.06,3.007,10000000
305.07,3.139,10000000
305.08,2.964,10000000
305.09,2.964,10000000
305.1,3.051,10000000
305.11,2.92,10000000
305.12,2.92,10000000
305.13,3.007,10000000
305.14,2.964,10000000
305.15,3.007,10000000
305.16,3.007,10000000
305.17,3.051,10000000
305.18,3.139,10000000
305.19,3.183,10000000
305.2,3.139,10000000
305.21,3.007,10000000
305.22,3.051,10000000
305.23,3.139,10000000
305.24,3.007,10000000
305.25,3.007,10000000
305.26,3.051,10000000
305.27,3.051,10000000
305.28,2.92,10000000
305.29,3.095,10000000
305.3,3.007,10000000
305.31,3.095,10000000
305.32,3.007,10000000
305.33,3.139,10000000
305.34,3.051,10000000
305.35,3.007,10000000
305.36,2.964,10000000
305.37,2.832,10000000
305.38,2.92,10000000
305.39,3.007,10000000
305.4,3.007,10000000
305.41,2.92,10000000
305.42,3.139,10000000
305.43,3.095,10000000
305.44,3.051,10000000
305.45,2.92,10000000
305.46,3.139,10000000
305.47,3.271,10000000
305.48,3.183,10000000
305.49,3.139,10000000
305.5,3.139,10000000
305.51,3.227,10000000
305.52,2.92,10000000
305.53,3.051,10000000
305.54,3.051,10000000
305.55,3.095,10000000
305.56,3.095,10000000
305.57,3.139,10000000
305.58,3.095,10000000
305.59,2.92,10000000
305.6,2.92,10000000
305.61,3.007,10000000
305.62,3.095,10000000
305.63,3.095,10000000
305.64,3.183,10000000
305.65,3.007,10000000
305.66,3.051,10000000
305.67,3.007,10000000
305.68,3.095,10000000
305.69,2.964,10000000
305.7,3.139,10000000
305.71,3.139,10000000
305.72,2.92,10000000
305.73,3.095,10000000
305.74,3.183,10000000
305.75,3.051,10000000
305.76,3.139,10000000
305.77,3.007,10000000
305.78,3.051,10000000
305.79,2.964,10000000
305.8,3.007,10000000
305.81,3.139,10000000
305.82,3.139,10000000
305.83,2.964,10000000
305.84,2.92,10000000
305.85,3.051,10000000
305.86,2.92,10000000
305.87,2.92,10000000
305.88,2.964,10000000
305.89,2.964,10000000
305.9,3.139,10000000
305.91,3.007,10000000
305.92,2.964,10000000
305.93,3.007,10000000
305.94,2.964,10000000
305.95,3.007,10000000
305.96,3.007,10000000
305.97,3.139,10000000
305.98,3.051,10000000
305.99,3.051,10000000
306,2.964,10000000
306.01,3.183,10000000
306.02,3.139,10000000
306.03,3.095,10000000
306.04,3.095,10000000
306.05,3.007,10000000
306.06,3.095,10000000
306.07,3.183,10000000
306.08,3.007,10000000
306.09,3.139,10000000
306.1,3.051,10000000
306.11,3.051,10000000
306.12,3.095,10000000
306.13,3.051,10000000
306.14,3.139,10000000
306.15,3.051,10000000
306.16,3.007,10000000
306.17,3.007,10000000
306.18,3.051,10000000
306.19,3.007,10000000
306.2,3.007,10000000
306.21,3.139,10000000
306.22,3.051,10000000
306.23,3.139,10000000
306.24,3.227,10000000
306.25,3.139,10000000
306.26,3.183,10000000
306.27,3.095,10000000
306.28,3.095,10000000
306.29,3.227,10000000
306.3,3.095,10000000
306.31,3.139,10000000
306.32,3.183,10000000
306.33,3.095,10000000
306.34,3.139,10000000
306.35,3.095,10000000
306.36,3.139,10000000
306.37,3.051,10000000
306.38,3.051,10000000
306.39,2.964,10000000
306.4,2.92,10000000
306.41,2.964,10000000
306.42,2.964,10000000
306.43,3.139,10000000
306.44,3.007,10000000
306.45,2.92,10000000
306.46,3.139,10000000
306.47,3.007,10000000
306.48,3.139,10000000
306.49,3.095,10000000
306.5,2.964,10000000
306.51,3.051,10000000
306.52,3.095,10000000
306.53,2.964,10000000
306.54,3.095,10000000
306.55,3.007,10000000
306.56,3.051,10000000
306.57,3.007,10000000
306.58,3.139,10000000
306.59,3.139,10000000
306.6,3.095,10000000
306.61,3.007,10000000
306.62,3.139,10000000
306.63,3.007,10000000
306.64,2.92,10000000
306.65,3.139,10000000
306.66,3.095,10000000
306.67,3.095,10000000
306.68,3.095,10000000
306.69,3.139,10000000
306.7,3.183,10000000
306.71,3.051,10000000
306.72,3.095,10000000
306.73,3.183,10000000
306.74,3.051,10000000
306.75,2.92,10000000
306.76,3.139,10000000
306.77,3.095,10000000
306.78,3.095,10000000
306.79,2.964,10000000
306.8,3.183,10000000
306.81,3.095,10000000
306.82,3.095,10000000
306.83,3.007,10000000
306.84,3.139,10000000
306.85,3.183,10000000
306.86,3.095,10000000
306.87,2.92,10000000
306.88,3.051,10000000
306.89,3.095,10000000
306.9,2.964,10000000
306.91,2.964,10000000
306.92,3.051,10000000
306.93,2.92,10000000
306.94,3.007,10000000
306.95,2.92,10000000
306.96,3.095,10000000
306.97,3.007,10000000
306.98,3.139,10000000
306.99,3.007,10000000
307,2.876,10000000
307.01,3.051,10000000
307.02,3.007,10000000
307.03,2.832,10000000
307.04,3.007,10000000
307.05,2.92,10000000
307.06,3.095,10000000
307.07,3.051,10000000
307.08,3.051,10000000
307.09,3.007,10000000
307.1,3.051,10000000
307.11,2.964,10000000
307.12,2.92,10000000
307.13,2.832,10000000
307.14,3.007,10000000
307.15,2.876,10000000
307.16,2.964,10000000
307.17,3.007,10000000
307.18,2.92,10000000
307.19,3.139,10000000
307.2,3.051,10000000
307.21,3.051,10000000
307.22,3.007,10000000
307.23,3.139,10000000
307.24,3.271,10000000
307.25,3.183,10000000
307.26,3.095,10000000
307.27,3.095,10000000
307.28,3.095,10000000
307.29,3.139,10000000
307.3,3.095,10000000
307.31,3.007,10000000
307.32,3.007,10000000
307.33,2.964,10000000
307.34,2.964,10000000
307.35,3.051,10000000
307.36,3.095,10000000
307.37,3.095,10000000
307.38,3.007,10000000
307.39,2.92,10000000
307.4,3.007,10000000
307.41,3.095,10000000
307.42,3.095,10000000
307.43,3.051,10000000
307.44,2.92,10000000
307.45,3.051,10000000
307.46,3.139,10000000
307.47,3.051,10000000
307.48,2.964,10000000
307.49,3.007,10000000
307.5,3.051,10000000
307.51,3.007,10000000
307.52,2.92,10000000
307.53,2.964,10000000
307.54,3.095,10000000
307.55,3.139,10000000
307.56,3.183,10000000
307.57,3.007,10000000
307.58,3.051,10000000
307.59,3.007,10000000
307.6,3.051,10000000
307.61,3.183,10000000
307.62,3.007,10000000
307.63,3.051,10000000
307.64,2.92,10000000
307.65,2.964,10000000
307.66,3.139,10000000
307.67,3.051,10000000
307.68,3.051,10000000
307.69,3.051,10000000
307.7,3.051,10000000
307.71,3.139,10000000
307.72,3.095,10000000
307.73,2.964,10000000
307.74,3.095,10000000
307.75,3.051,10000000
307.76,3.227,10000000
307.77,3.095,10000000
307.78,2.92,10000000
307.79,2.92,10000000
307.8,3.007,10000000
307.81,2.92,10000000
307.82,2.964,10000000
307.83,3.139,10000000
307.84,3.139,10000000
307.85,3.183,10000000
307.86,3.007,10000000
307.87,2.964,10000000
307.88,3.095,10000000
307.89,3.007,10000000
307.9,2.92,10000000
307.91,3.051,10000000
307.92,2.964,10000000
307.93,2.92,10000000
307.94,3.051,10000000
307.95,3.139,10000000
307.96,3.051,10000000
307.97,3.051,10000000
307.98,3.051,10000000
307.99,3.007,10000000
308,3.227,10000000
308.01,3.095,10000000
308.02,3.007,10000000
308.03,2.964,10000000
308.04,3.007,10000000
308.05,3.051,10000000
308.06,3.051,10000000
308.07,3.007,10000000
308.08,3.139,10000000
308.09,3.007,10000000
308.1,3.007,10000000
308.11,2.964,10000000
308.12,2.92,10000000
308.13,2.964,10000000
308.14,3.051,10000000
308.15,3.051,10000000
308.16,3.051,10000000
308.17,3.139,10000000
308.18,3.315,10000000
308.19,3.007,10000000
308.2,2.964,10000000
308.21,2.832,10000000
308.22,3.095,10000000
308.23,3.139,10000000
308.24,3.095,10000000
308.25,3.139,10000000
308.26,3.007,10000000
308.27,3.051,10000000
308.28,3.007,10000000
308.29,2.964,10000000
308.3,3.051,10000000
308.31,3.007,10000000
308.32,3.051,10000000
308.33,3.095,10000000
308.34,2.92,10000000
308.35,3.007,10000000
308.36,3.139,10000000
308.37,3.095,10000000
308.38,2.92,10000000
308.39,3.051,10000000
308.4,2.92,10000000
308.41,3.051,10000000
308.42,2.964,10000000
308.43,3.139,10000000
308.44,3.007,10000000
308.45,3.007,10000000
308.46,2.832,10000000
308.47,2.964,10000000
308.48,3.007,10000000
308.49,3.051,10000000
308.5,2.92,10000000
308.51,3.051,10000000
308.52,3.007,10000000
308.53,3.139,10000000
308.54,3.227,10000000
308.55,3.139,10000000
308.56,3.095,10000000
308.57,3.051,10000000
308.58,3.227,10000000
308.59,3.051,10000000
308.6,3.139,10000000
308.61,3.095,10000000
308.62,3.051,10000000
308.63,3.051,10000000
308.64,3.007,10000000
308.65,2.964,10000000
308.66,2.92,10000000
308.67,2.92,10000000
308.68,2.964,10000000
308.69,3.007,10000000
308.7,2.876,10000000
308.71,3.095,10000000
308.72,2.92,10000000
308.73,2.964,10000000
308.74,2.964,10000000
308.75,3.051,10000000
308.76,2.92,10000000
308.77,2.964,10000000
308.78,2.964,10000000
308.79,3.095,10000000
308.8,3.139,10000000
308.81,3.095,10000000
308.82,3.095,10000000
308.83,3.095,10000000
308.84,3.051,10000000
308.85,3.139,10000000
308.86,2.92,10000000
308.87,3.183,10000000
308.88,3.315,10000000
308.89,3.051,10000000
308.9,3.051,10000000
308.91,3.007,10000000
308.92,3.007,10000000
308.93,3.095,10000000
308.94,3.095,10000000
308.95,3.139,10000000
308.96,3.183,10000000
308.97,3.051,10000000
308.98,3.139,10000000
308.99,3.095,10000000
309,3.139,10000000
309.01,2.964,10000000
309.02,3.007,10000000
309.03,2.92,10000000
309.04,2.876,10000000
309.05,3.007,10000000
309.06,3.007,10000000
309.07,3.139,10000000
309.08,3.051,10000000
309.09,2.964,10000000
309.1,3.007,10000000
309.11,2.964,10000000
309.12,2.92,10000000
309.13,3.051,10000000
309.14,3.051,10000000
309.15,3.051,10000000
309.16,3.051,10000000
309.17,3.139,10000000
309.18,2.92,10000000
309.19,3.007,10000000
309.2,3.007,10000000
309.21,3.007,10000000
309.22,3.095,10000000
309.23,3.051,10000000
309.24,2.832,10000000
309.25,3.051,10000000
309.26,3.139,10000000
309.27,3.007,10000000
309.28,2.92,10000000
309.29,3.139,10000000
309.3,3.139,10000000
309.31,3.183,10000000
309.32,3.139,10000000
309.33,3.139,10000000
309.34,3.007,10000000
309.35,3.051,10000000
309.36,3.007,10000000
309.37,3.007,10000000
309.38,3.007,10000000
309.39,3.007,10000000
309.4,3.139,10000000
309.41,3.051,10000000
309.42,2.876,10000000
309.43,2.832,10000000
309.44,3.051,10000000
309.45,3.007,10000000
309.46,2.92,10000000
309.47,2.964,10000000
309.48,2.832,10000000
309.49,2.964,10000000
309.5,2.876,10000000
309.51,2.876,10000000
309.52,2.876,10000000
309.53,3.051,10000000
309.54,3.051,10000000
309.55,3.007,10000000
309.56,2.92,10000000
309.57,3.095,10000000
309.58,3.095,10000000
309.59,3.139,10000000
309.6,3.051,10000000
309.61,2.964,10000000
309.62,3.227,10000000
309.63,3.183,10000000
309.64,3.051,10000000
309.65,3.007,10000000
309.66,3.139,10000000
309.67,3.007,10000000
309.68,3.095,10000000
309.69,2.876,10000000
309.7,3.007,10000000
309.71,3.007,10000000
309.72,3.051,10000000
309.73,3.007,10000000
309.74,3.051,10000000
309.75,3.051,10000000
309.76,3.095,10000000
309.77,3.051,10000000
309.78,3.051,10000000
309.79,3.095,10000000
309.8,3.183,10000000
309.81,3.183,10000000
309.82,3.139,10000000
309.83,2.92,10000000
309.84,3.051,10000000
309.85,3.095,10000000
309.86,3.139,10000000
309.87,2.964,10000000
309.88,3.051,10000000
309.89,2.92,10000000
309.9,3.007,10000000
309.91,2.876,10000000
309.92,2.964,10000000
309.93,2.964,10000000
309.94,3.051,10000000
309.95,3.139,10000000
309.96,3.007,10000000
309.97,2.876,10000000
309.98,3.007,10000000
309.99,2.92,10000000
310,2.964,10000000
310.01,3.007,10000000
310.02,2.964,10000000
310.03,2.964,10000000
310.04,3.139,10000000
310.05,3.051,10000000
310.06,3.095,10000000
310.07,3.051,10000000
310.08,3.051,10000000
310.09,2.964,10000000
310.1,3.007,10000000
310.11,3.051,10000000
310.12,2.92,10000000
310.13,3.139,10000000
310.14,3.227,10000000
310.15,3.095,10000000
310.16,3.095,10000000
310.17,3.007,10000000
310.18,3.007,10000000
310.19,2.876,10000000
310.2,3.007,10000000
310.21,2.92,10000000
310.22,3.007,10000000
310.23,2.92,10000000
310.24,2.92,10000000
310.25,3.139,10000000
310.26,3.007,10000000
310.27,2.964,10000000
310.28,3.051,10000000
310.29,2.964,10000000
310.3,2.92,10000000
310.31,3.051,10000000
310.32,3.095,10000000
310.33,2.92,10000000
310.34,3.007,10000000
310.35,2.964,10000000
310.36,3.139,10000000
310.37,3.007,10000000
310.38,3.095,10000000
310.39,2.964,10000000
310.4,3.007,10000000
310.41,2.92,10000000
310.42,2.876,10000000
310.43,3.007,10000000
310.44,3.007,10000000
310.45,3.007,10000000
310.46,3.095,10000000
310.47,3.095,10000000
310.48,3.139,10000000
310.49,3.139,10000000
310.5,3.051,10000000
310.51,3.007,10000000
310.52,3.051,10000000
310.53,3.007,10000000
310.54,3.095,10000000
310.55,3.051,10000000
310.56,3.095,10000000
310.57,3.095,10000000
310.58,3.051,10000000
310.59,3.007,10000000
310.6,3.051,10000000
310.61,3.007,10000000
310.62,2.92,10000000
310.63,3.007,10000000
310.64,3.007,10000000
310.65,3.095,10000000
310.66,3.007,10000000
310.67,3.095,10000000
310.68,3.007,10000000
310.69,3.139,10000000
310.7,3.271,10000000
310.71,3.139,10000000
310.72,3.095,10000000
310.73,2.832,10000000
310.74,3.007,10000000
310.75,2.92,10000000
310.76,3.007,10000000
310.77,3.007,10000000
310.78,3.007,10000000
310.79,3.183,10000000
310.8,3.007,10000000
310.81,3.007,10000000
310.82,2.92,10000000
310.83,2.964,10000000
310.84,3.095,10000000
310.85,3.139,10000000
310.86,3.051,10000000
310.87,3.007,10000000
310.88,2.964,10000000
310.89,3.095,10000000
310.9,3.051,10000000
310.91,3.139,10000000
310.92,3.007,10000000
310.93,2.92,10000000
310.94,3.007,10000000
310.95,2.92,10000000
310.96,3.007,10000000
310.97,3.007,10000000
310.98,3.139,10000000
310.99,2.92,10000000
311,2.964,10000000
311.01,3.007,10000000
311.02,3.139,10000000
311.03,3.051,10000000
311.04,2.964,10000000
311.05,2.964,10000000
311.06,3.051,10000000
311.07,2.832,10000000
311.08,2.964,10000000
311.09,2.92,10000000
311.1,3.051,10000000
311.11,3.051,10000000
311.12,3.007,10000000
311.13,2.832,10000000
311.14,3.139,10000000
311.15,3.051,10000000
311.16,3.139,10000000
311.17,3.051,10000000
311.18,3.095,10000000
311.19,3.183,10000000
311.2,3.095,10000000
311.21,3.007,10000000
311.22,3.183,10000000
311.23,3.139,10000000
311.24,2.964,10000000
311.25,2.92,10000000
311.26,2.92,10000000
311.27,2.92,10000000
311.28,3.007,10000000
311.29,2.964,10000000
311.3,3.095,10000000
311.31,3.007,10000000
311.32,3.139,10000000
311.33,3.051,10000000
311.34,3.095,10000000
311.35,3.095,10000000
311.36,3.051,10000000
311.37,3.183,10000000
311.38,3.139,10000000
311.39,3.051,10000000
311.4,3.051,10000000
311.41,2.832,10000000
311.42,3.007,10000000
311.43,3.051,10000000
311.44,3.051,10000000
311.45,3.139,10000000
311.46,3.051,10000000
311.47,3.139,10000000
311.48,3.095,10000000
311.49,3.139,10000000
311.5,3.227,10000000
311.51,3.051,10000000
311.52,2.964,10000000
311.53,3.051,10000000
311.54,3.007,10000000
311.55,2.964,10000000
311.56,3.051,10000000
311.57,2.744,10000000
311.58,3.139,10000000
311.59,2.964,10000000
311.6,3.051,10000000
311.61,3.139,10000000
311.62,3.095,10000000
311.63,3.095,10000000
311.64,3.051,10000000
311.65,3.051,10000000
311.66,2.964,10000000
311.67,3.051,10000000
311.68,2.964,10000000
311.69,3.007,10000000
311.7,3.139,10000000
311.71,3.095,10000000
311.72,3.095,10000000
311.73,3.051,10000000
311.74,3.095,10000000
311.75,3.139,10000000
311.76,3.095,10000000
311.77,3.095,10000000
311.78,3.051,10000000
311.79,3.007,10000000
311.8,3.095,10000000
311.81,3.007,10000000
311.82,2.92,10000000
311.83,3.051,10000000
311.84,2.92,10000000
311.85,3.051,10000000
311.86,2.876,10000000
311.87,3.139,10000000
311.88,3.007,10000000
311.89,3.007,10000000
311.9,2.832,10000000
311.91,3.051,10000000
311.92,3.183,10000000
311.93,3.051,10000000
311.94,3.051,10000000
311.95,3.139,10000000
311.96,3.095,10000000
311.97,3.007,10000000
311.98,3.183,10000000
311.99,3.051,10000000
312,3.183,10000000
312.01,2.964,10000000
312.02,3.095,10000000
312.03,2.92,10000000
312.04,3.095,10000000
312.05,3.139,10000000
312.06,3.095,10000000
312.07,3.095,10000000
312.08,2.92,10000000
312.09,3.095,10000000
312.1,3.227,10000000
312.11,3.139,10000000
312.12,2.92,10000000
312.13,3.007,10000000
312.14,3.007,10000000
312.15,3.227,10000000
312.16,3.139,10000000
312.17,2.92,10000000
312.18,3.051,10000000
312.19,3.139,10000000
312.2,3.095,10000000
312.21,3.139,10000000
312.22,3.139,10000000
312.23,2.876,10000000
312.24,3.051,10000000
312.25,3.139,10000000
312.26,3.007,10000000
312.27,3.315,10000000
312.28,3.051,10000000
312.29,3.051,10000000
312.3,3.007,10000000
312.31,3.007,10000000
312.32,3.051,10000000
312.33,3.095,10000000
312.34,3.095,10000000
312.35,2.964,10000000
312.36,2.964,10000000
312.37,3.051,10000000
312.38,3.095,10000000
312.39,3.139,10000000
312.4,3.227,10000000
312.41,3.095,10000000
312.42,3.007,10000000
312.43,3.095,10000000
312.44,3.139,10000000
312.45,3.051,10000000
312.46,3.095,10000000
312.47,3.051,10000000
312.48,3.051,10000000
312.49,3.139,10000000
312.5,3.007,10000000
312.51,2.876,10000000
312.52,3.051,10000000
312.53,3.095,10000000
312.54,3.095,10000000
312.55,3.139,10000000
312.56,3.007,10000000
312.57,2.964,10000000
312.58,3.007,10000000
312.59,3.007,10000000
312.6,2.92,10000000
312.61,3.007,10000000
312.62,2.964,10000000
312.63,3.095,10000000
312.64,3.051,10000000
312.65,3.051,10000000
312.66,3.051,10000000
312.67,3.139,10000000
312.68,3.095,10000000
312.69,3.051,10000000
312.7,2.92,10000000
312.71,3.051,10000000
312.72,3.139,10000000
312.73,2.92,10000000
312.74,2.92,10000000
312.75,3.051,10000000
312.76,3.139,10000000
312.77,3.095,10000000
312.78,3.139,10000000
312.79,2.964,10000000
312.8,3.095,10000000
312.81,3.227,10000000
312.82,2.92,10000000
312.83,3.227,10000000
312.84,3.095,10000000
312.85,3.139,10000000
312.86,2.92,10000000
312.87,3.007,10000000
312.88,3.051,10000000
312.89,3.095,10000000
312.9,3.095,10000000
312.91,3.183,10000000
312.92,3.095,10000000
312.93,2.92,10000000
312.94,2.964,10000000
312.95,3.051,10000000
312.96,3.139,10000000
312.97,3.007,10000000
312.98,3.007,10000000
312.99,3.139,10000000
313,3.007,10000000
313.01,2.876,10000000
313.02,3.007,10000000
313.03,3.095,10000000
313.04,2.92,10000000
313.05,3.051,10000000
313.06,3.007,10000000
313.07,3.095,10000000
313.08,2.92,10000000
313.09,2.964,10000000
313.1,2.964,10000000
313.11,2.788,10000000
313.12,3.139,10000000
313.13,2.964,10000000
313.14,3.095,10000000
313.15,2.964,10000000
313.16,3.007,10000000
313.17,3.007,10000000
313.18,2.92,10000000
313.19,3.007,10000000
313.2,3.095,10000000
313.21,3.051,10000000
313.22,3.183,10000000
313.23,3.183,10000000
313.24,3.183,10000000
313.25,3.183,10000000
313.26,3.183,10000000
313.27,3.007,10000000
313.28,3.139,10000000
313.29,3.315,10000000
313.3,3.139,10000000
313.31,3.139,10000000
313.32,3.095,10000000
313.33,3.051,10000000
313.34,3.051,10000000
313.35,3.051,10000000
313.36,2.964,10000000
313.37,3.007,10000000
313.38,2.876,10000000
313.39,2.744,10000000
313.4,3.007,10000000
313.41,3.183,10000000
313.42,3.007,10000000
313.43,2.92,10000000
313.44,2.964,10000000
313.45,2.964,10000000
313.46,3.051,10000000
313.47,3.139,10000000
313.48,2.92,10000000
313.49,3.007,10000000
313.5,3.051,10000000
313.51,3.007,10000000
313.52,3.007,10000000
313.53,3.051,10000000
313.54,3.139,10000000
313.55,2.876,10000000
313.56,3.139,10000000
313.57,3.095,10000000
313.58,3.183,10000000
313.59,3.007,10000000
313.6,2.92,10000000
313.61,3.051,10000000
313.62,2.964,10000000
313.63,3.007,10000000
313.64,3.051,10000000
313.65,3.051,10000000
313.66,3.139,10000000
313.67,2.92,10000000
313.68,2.964,10000000
313.69,3.051,10000000
313.7,3.095,10000000
313.71,3.095,10000000
313.72,3.051,10000000
313.73,3.051,10000000
313.74,3.139,10000000
313.75,3.095,10000000
313.76,3.095,10000000
313.77,3.227,10000000
313.78,2.92,10000000
313.79,2.964,10000000
313.8,3.051,10000000
313.81,3.007,10000000
313.82,3.095,10000000
313.83,3.139,10000000
313.84,3.007,10000000
313.85,3.007,10000000
313.86,2.964,10000000
313.87,2.92,10000000
313.88,3.051,10000000
313.89,3.007,10000000
313.9,3.139,10000000
313.91,3.007,10000000
313.92,3.007,10000000
313.93,3.007,10000000
313.94,2.964,10000000
313.95,2.964,10000000
313.96,2.92,10000000
313.97,2.964,10000000
313.98,3.051,10000000
313.99,3.051,10000000
314,3.139,10000000
314.01,3.007,10000000
314.02,3.051,10000000
314.03,3.051,10000000
314.04,2.92,10000000
314.05,3.183,10000000
314.06,3.095,10000000
314.07,3.139,10000000
314.08,3.095,10000000
314.09,3.007,10000000
314.1,3.051,10000000
314.11,2.92,10000000
314.12,3.051,10000000
314.13,3.051,10000000
314.14,2.876,10000000
314.15,3.051,10000000
314.16,3.051,10000000
314.17,3.095,10000000
314.18,2.876,10000000
314.19,3.095,10000000
314.2,3.139,10000000
314.21,2.92,10000000
314.22,3.095,10000000
314.23,3.139,10000000
314.24,3.051,10000000
314.25,3.007,10000000
314.26,3.095,10000000
314.27,3.139,10000000
314.28,3.139,10000000
314.29,2.92,10000000
314.3,3.007,10000000
314.31,3.007,10000000
314.32,3.051,10000000
314.33,2.92,10000000
314.34,3.051,10000000
314.35,3.007,10000000
314.36,3.051,10000000
314.37,3.139,10000000
314.38,2.964,10000000
314.39,3.139,10000000
314.4,3.095,10000000
314.41,3.139,10000000
314.42,3.007,10000000
314.43,2.92,10000000
314.44,2.92,10000000
314.45,3.007,10000000
314.46,3.051,10000000
314.47,3.139,10000000
314.48,3.007,10000000
314.49,3.007,10000000
314.5,3.139,10000000
314.51,3.227,10000000
314.52,3.051,10000000
314.53,3.007,10000000
314.54,3.051,10000000
314.55,3.051,10000000
314.56,3.051,10000000
314.57,3.051,10000000
314.58,2.876,10000000
314.59,2.876,10000000
314.6,3.051,10000000
314.61,2.92,10000000
314.62,2.964,10000000
314.63,3.051,10000000
314.64,3.095,10000000
314.65,2.964,10000000
314.66,3.139,10000000
314.67,3.095,10000000
314.68,3.095,10000000
314.69,3.051,10000000
314.7,3.139,10000000
314.71,3.051,10000000
314.72,3.051,10000000
314.73,3.051,10000000
314.74,3.007,10000000
314.75,2.964,10000000
314.76,2.964,10000000
314.77,3.007,10000000
314.78,3.007,10000000
314.79,3.051,10000000
314.8,3.007,10000000
314.81,3.051,10000000
314.82,3.139,10000000
314.83,3.007,10000000
314.84,3.007,10000000
314.85,3.095,10000000
314.86,3.051,10000000
314.87,3.051,10000000
314.88,3.007,10000000
314.89,3.095,10000000
314.9,3.095,10000000
314.91,3.095,10000000
314.92,3.139,10000000
314.93,3.095,10000000
314.94,3.139,10000000
314.95,2.964,10000000
314.96,3.051,10000000
314.97,3.139,10000000
314.98,2.964,10000000
314.99,2.92,10000000
315,3.051,10000000
315.01,3.007,10000000
315.02,2.964,10000000
315.03,2.964,10000000
315.04,2.964,10000000
315.05,3.139,10000000
315.06,2.92,10000000
315.07,3.139,10000000
315.08,3.139,10000000
315.09,3.051,10000000
315.1,3.183,10000000
315.11,3.139,10000000
315.12,3.095,10000000
315.13,3.095,10000000
315.14,3.095,10000000
315.15,3.007,10000000
315.16,2.964,10000000
315.17,3.139,10000000
315.18,3.007,10000000
315.19,3.007,10000000
315.2,2.876,10000000
315.21,2.964,10000000
315.22,2.876,10000000
315.23,2.744,10000000
315.24,3.095,10000000
315.25,2.92,10000000
315.26,3.007,10000000
315.27,2.92,10000000
315.28,2.744,10000000
315.29,3.007,10000000
315.3,2.964,10000000
315.31,2.832,10000000
315.32,2.92,10000000
315.33,3.007,10000000
315.34,2.964,10000000
315.35,2.92,10000000
315.36,2.964,10000000
315.37,3.139,10000000
315.38,2.964,10000000
315.39,3.007,10000000
315.4,3.139,10000000
315.41,3.007,10000000
315.42,3.051,10000000
315.43,3.007,10000000
315.44,3.007,10000000
315.45,3.007,10000000
315.46,3.007,10000000
315.47,3.139,10000000
315.48,3.095,10000000
315.49,2.92,10000000
315.5,3.007,10000000
315.51,2.964,10000000
315.52,2.964,10000000
315.53,3.007,10000000
315.54,3.139,10000000
315.55,3.183,10000000
315.56,3.139,10000000
315.57,3.095,10000000
315.58,3.139,10000000
315.59,3.139,10000000
315.6,3.007,10000000
315.61,3.183,10000000
315.62,3.183,10000000
315.63,3.095,10000000
315.64,3.007,10000000
315.65,3.007,10000000
315.66,3.139,10000000
315.67,2.964,10000000
315.68,2.964,10000000
315.69,3.007,10000000
315.7,2.92,10000000
315.71,3.139,10000000
315.72,3.051,10000000
315.73,3.139,10000000
315.74,2.92,10000000
315.75,3.007,10000000
315.76,2.92,10000000
315.77,2.92,10000000
315.78,3.139,10000000
315.79,2.832,10000000
315.8,3.095,10000000
315.81,3.007,10000000
315.82,3.095,10000000
315.83,3.183,10000000
315.84,3.095,10000000
315.85,2.92,10000000
315.86,2.92,10000000
315.87,3.095,10000000
315.88,3.051,10000000
315.89,2.744,10000000
315.9,3.095,10000000
315.91,3.007,10000000
315.92,2.964,10000000
315.93,3.139,10000000
315.94,3.051,10000000
315.95,3.139,10000000
315.96,3.051,10000000
315.97,3.139,10000000
315.98,3.095,10000000
315.99,3.095,10000000
316,3.007,10000000
316.01,3.051,10000000
316.02,3.139,10000000
316.03,2.964,10000000
316.04,3.051,10000000
316.05,2.964,10000000
316.06,2.964,10000000
316.07,2.964,10000000
316.08,2.964,10000000
316.09,2.964,10000000
316.1,2.92,10000000
316.11,2.964,10000000
316.12,2.92,10000000
316.13,2.964,10000000
316.14,3.007,10000000
316.15,2.964,10000000
316.16,3.095,10000000
316.17,2.876,10000000
316.18,2.832,10000000
316.19,2.832,10000000
316.2,3.051,10000000
316.21,3.051,10000000
316.22,3.139,10000000
316.23,3.051,10000000
316.24,3.183,10000000
316.25,3.051,10000000
316.26,3.095,10000000
316.27,3.183,10000000
316.28,3.315,10000000
316.29,3.227,10000000
316.3,3.139,10000000
316.31,3.051,10000000
316.32,3.051,10000000
316.33,2.964,10000000
316.34,3.095,10000000
316.35,3.139,10000000
316.36,3.007,10000000
316.37,3.051,10000000
316.38,3.095,10000000
316.39,3.007,10000000
316.4,3.095,10000000
316.41,2.964,10000000
316.42,3.095,10000000
316.43,2.964,10000000
316.44,3.139,10000000
316.45,3.095,10000000
316.46,3.007,10000000
316.47,3.007,10000000
316.48,3.095,10000000
316.49,3.095,10000000
316.5,3.095,10000000
316.51,3.007,10000000
316.52,3.139,10000000
316.53,3.051,10000000
316.54,2.964,10000000
316.55,3.051,10000000
316.56,2.964,10000000
316.57,3.051,10000000
316.58,2.92,10000000
316.59,3.007,10000000
316.6,3.007,10000000
316.61,3.051,10000000
316.62,2.92,10000000
316.63,3.007,10000000
316.64,3.007,10000000
316.65,3.007,10000000
316.66,3.139,10000000
316.67,2.964,10000000
316.68,3.051,10000000
316.69,2.964,10000000
316.7,3.139,10000000
316.71,2.92,10000000
316.72,3.095,10000000
316.73,3.139,10000000
316.74,3.007,10000000
316.75,3.271,10000000
316.76,3.139,10000000
316.77,3.227,10000000
316.78,3.095,10000000
316.79,3.227,10000000
316.8,3.007,10000000
316.81,3.139,10000000
316.82,3.095,10000000
316.83,3.139,10000000
316.84,3.007,10000000
316.85,3.051,10000000
316.86,2.964,10000000
316.87,3.051,10000000
316.88,3.007,10000000
316.89,3.095,10000000
316.9,3.139,10000000
316.91,3.139,10000000
316.92,3.007,10000000
316.93,3.139,10000000
316.94,3.183,10000000
316.95,3.139,10000000
316.96,3.139,10000000
316.97,3.139,10000000
316.98,3.007,10000000
316.99,2.92,10000000
317,2.92,10000000
317.01,2.964,10000000
317.02,3.007,10000000
317.03,3.051,10000000
317.04,3.139,10000000
317.05,3.095,10000000
317.06,3.051,10000000
317.07,2.964,10000000
317.08,2.92,10000000
317.09,3.007,10000000
317.1,3.051,10000000
317.11,3.051,10000000
317.12,3.007,10000000
317.13,2.964,10000000
317.14,3.007,10000000
317.15,3.007,10000000
317.16,3.095,10000000
317.17,3.095,10000000
317.18,2.964,10000000
317.19,3.095,10000000
317.2,2.92,10000000
317.21,3.007,10000000
317.22,3.007,10000000
317.23,3.007,10000000
317.24,3.007,10000000
317.25,3.095,10000000
317.26,2.92,10000000
317.27,3.007,10000000
317.28,2.964,10000000
317.29,2.92,10000000
317.3,2.92,10000000
317.31,2.964,10000000
317.32,3.007,10000000
317.33,2.964,10000000
317.34,2.92,10000000
317.35,3.095,10000000
317.36,3.095,10000000
317.37,3.095,10000000
317.38,3.051,10000000
317.39,3.051,10000000
317.4,3.095,10000000
317.41,3.095,10000000
317.42,3.139,10000000
317.43,3.007,10000000
317.44,3.095,10000000
317.45,2.92,10000000
317.46,3.183,10000000
317.47,3.051,10000000
317.48,3.051,10000000
317.49,2.92,10000000
317.5,3.139,10000000
317.51,3.095,10000000
317.52,2.964,10000000
317.53,2.92,10000000
317.54,3.095,10000000
317.55,3.051,10000000
317.56,3.007,10000000
317.57,3.051,10000000
317.58,2.92,10000000
317.59,3.095,10000000
317.6,3.183,10000000
317.61,3.095,10000000
317.62,3.139,10000000
317.63,3.139,10000000
317.64,3.095,10000000
317.65,2.964,10000000
317.66,3.095,10000000
317.67,2.92,10000000
317.68,2.92,10000000
317.69,3.051,10000000
317.7,2.876,10000000
317.71,3.007,10000000
317.72,2.92,10000000
317.73,2.964,10000000
317.74,2.964,10000000
317.75,2.964,10000000
317.76,2.876,10000000
317.77,3.095,10000000
317.78,3.051,10000000
317.79,3.007,10000000
317.8,3.051,10000000
317.81,3.139,10000000
317.82,3.139,10000000
317.83,3.095,10000000
317.84,2.964,10000000
317.85,3.007,10000000
317.86,3.139,10000000
317.87,2.832,10000000
317.88,3.051,10000000
317.89,3.051,10000000
317.9,3.095,10000000
317.91,3.095,10000000
317.92,3.095,10000000
317.93,3.095,10000000
317.94,3.051,10000000
317.95,3.051,10000000
317.96,3.139,10000000
317.97,3.007,10000000
317.98,3.051,10000000
317.99,2.964,10000000
318,2.964,10000000
318.01,2.92,10000000
318.02,3.051,10000000
318.03,2.964,10000000
318.04,3.051,10000000
318.05,2.92,10000000
318.06,3.007,10000000
318.07,3.007,10000000
318.08,2.964,10000000
318.09,3.139,10000000
318.1,3.051,10000000
318.11,3.095,10000000
318.12,3.007,10000000
318.13,3.227,10000000
318.14,3.007,10000000
318.15,3.095,10000000
318.16,3.051,10000000
318.17,3.095,10000000
318.18,3.007,10000000
318.19,3.139,10000000
318.2,2.964,10000000
318.21,3.007,10000000
318.22,2.92,10000000
318.23,3.139,10000000
318.24,3.271,10000000
318.25,3.139,10000000
318.26,3.139,10000000
318.27,3.051,10000000
318.28,3.051,10000000
318.29,3.095,10000000
318.3,3.051,10000000
318.31,3.183,10000000
318.32,3.095,10000000
318.33,2.964,10000000
318.34,3.095,10000000
318.35,3.051,10000000
318.36,3.139,10000000
318.37,3.051,10000000
318.38,3.007,10000000
318.39,3.051,10000000
318.4,3.051,10000000
318.41,3.139,10000000
318.42,2.964,10000000
318.43,3.051,10000000
318.44,2.92,10000000
318.45,3.051,10000000
318.46,3.139,10000000
318.47,3.095,10000000
318.48,3.007,10000000
318.49,3.007,10000000
318.5,3.139,10000000
318.51,2.964,10000000
318.52,2.964,10000000
318.53,3.095,10000000
318.54,2.964,10000000
318.55,2.92,10000000
318.56,2.92,10000000
318.57,3.007,10000000
318.58,3.139,10000000
318.59,3.227,10000000
318.6,2.964,10000000
318.61,2.92,10000000
318.62,2.964,10000000
318.63,2.876,10000000
318.64,3.051,10000000
318.65,3.051,10000000
318.66,3.051,10000000
318.67,2.964,10000000
318.68,2.964,10000000
318.69,3.051,10000000
318.7,3.051,10000000
318.71,3.139,10000000
318.72,3.051,10000000
318.73,3.051,10000000
318.74,3.095,10000000
318.75,3.051,10000000
318.76,3.051,10000000
318.77,2.876,10000000
318.78,3.007,10000000
318.79,2.964,10000000
318.8,3.007,10000000
318.81,3.007,10000000
318.82,2.964,10000000
318.83,2.964,10000000
318.84,3.007,10000000
318.85,3.007,10000000
318.86,2.964,10000000
318.87,3.007,10000000
318.88,3.095,10000000
318.89,3.007,10000000
318.9,3.139,10000000
318.91,3.095,10000000
318.92,3.095,10000000
318.93,2.92,10000000
318.94,2.92,10000000
318.95,3.051,10000000
318.96,3.007,10000000
318.97,2.744,10000000
318.98,2.964,10000000
318.99,3.095,10000000
319,2.964,10000000
319.01,2.876,10000000
319.02,3.139,10000000
319.03,3.007,10000000
319.04,2.92,10000000
319.05,3.095,10000000
319.06,3.007,10000000
319.07,3.095,10000000
319.08,2.92,10000000
319.09,2.92,10000000
319.1,3.007,10000000
319.11,2.92,10000000
319.12,3.227,10000000
319.13,3.007,10000000
319.14,3.095,10000000
319.15,3.051,10000000
319.16,3.139,10000000
319.17,3.007,10000000
319.18,3.051,10000000
319.19,2.964,10000000
319.2,3.095,10000000
319.21,3.007,10000000
319.22,3.139,10000000
319.23,3.007,10000000
319.24,3.139,10000000
319.25,3.051,10000000
319.26,3.051,10000000
319.27,3.139,10000000
319.28,3.139,10000000
319.29,3.095,10000000
319.3,3.007,10000000
319.31,3.095,10000000
319.32,3.095,10000000
319.33,3.007,10000000
319.34,3.007,10000000
319.35,3.095,10000000
319.36,2.964,10000000
319.37,3.095,10000000
319.38,3.051,10000000
319.39,2.92,10000000
319.4,3.051,10000000
319.41,2.964,10000000
319.42,2.92,10000000
319.43,2.964,10000000
319.44,2.964,10000000
319.45,3.051,10000000
319.46,3.007,10000000
319.47,3.183,10000000
319.48,3.095,10000000
319.49,3.139,10000000
319.5,3.095,10000000
319.51,2.92,10000000
319.52,3.095,10000000
319.53,3.095,10000000
319.54,3.051,10000000
319.55,3.183,10000000
319.56,3.051,10000000
319.57,3.007,10000000
319.58,3.227,10000000
319.59,2.92,10000000
319.6,2.964,10000000
319.61,2.964,10000000
319.62,3.139,10000000
319.63,3.139,10000000
319.64,2.964,10000000
319.65,3.007,10000000
319.66,2.964,10000000
319.67,3.095,10000000
319.68,3.007,10000000
319.69,3.007,10000000
319.7,3.007,10000000
319.71,3.095,10000000
319.72,2.744,10000000
319.73,3.051,10000000
319.74,3.139,10000000
319.75,3.095,10000000
319.76,3.095,10000000
319.77,2.92,10000000
319.78,2.92,10000000
319.79,2.964,10000000
319.8,3.051,10000000
319.81,3.051,10000000
319.82,3.051,10000000
319.83,3.139,10000000
319.84,3.139,10000000
319.85,2.964,10000000
319.86,2.92,10000000
319.87,2.832,10000000
319.88,3.051,10000000
319.89,3.051,10000000
319.9,2.964,10000000
319.91,3.095,10000000
319.92,3.051,10000000
319.93,2.92,10000000
319.94,3.051,10000000
319.95,3.051,10000000
319.96,3.051,10000000
319.97,3.095,10000000
319.98,3.139,10000000
319.99,3.051,10000000
320,2.964,10000000
320.01,3.095,10000000
320.02,3.227,10000000
320.03,3.051,10000000
320.04,3.095,10000000
320.05,3.051,10000000
320.06,3.095,10000000
320.07,3.139,10000000
320.08,3.095,10000000
320.09,3.007,10000000
320.1,3.315,10000000
320.11,3.095,10000000
320.12,3.051,10000000
320.13,3.007,10000000
320.14,3.007,10000000
320.15,3.051,10000000
320.16,3.007,10000000
320.17,2.92,10000000
320.18,3.095,10000000
320.19,2.876,10000000
320.2,2.964,10000000
320.21,2.92,10000000
320.22,2.964,10000000
320.23,3.007,10000000
320.24,2.964,10000000
320.25,3.095,10000000
320.26,3.139,10000000
320.27,3.095,10000000
320.28,3.183,10000000
320.29,3.095,10000000
320.3,2.92,10000000
320.31,2.832,10000000
320.32,2.964,10000000
320.33,2.832,10000000
320.34,2.964,10000000
320.35,3.051,10000000
320.36,2.964,10000000
320.37,3.007,10000000
320.38,3.139,10000000
320.39,3.095,10000000
320.4,2.964,10000000
320.41,3.095,10000000
320.42,3.007,10000000
320.43,2.92,10000000
320.44,3.051,10000000
320.45,3.139,10000000
320.46,2.964,10000000
320.47,3.139,10000000
320.48,3.051,10000000
320.49,3.227,10000000
320.5,3.095,10000000
320.51,3.095,10000000
320.52,3.051,10000000
320.53,3.139,10000000
320.54,2.964,10000000
320.55,3.051,10000000
320.56,3.007,10000000
320.57,2.92,10000000
320.58,3.183,10000000
320.59,3.007,10000000
320.6,3.139,10000000
320.61,3.139,10000000
320.62,2.92,10000000
320.63,3.139,10000000
320.64,2.964,10000000
320.65,2.876,10000000
320.66,2.92,10000000
320.67,2.92,10000000
320.68,3.007,10000000
320.69,3.051,10000000
320.7,3.139,10000000
320.71,2.92,10000000
320.72,3.095,10000000
320.73,3.007,10000000
320.74,3.095,10000000
320.75,3.051,10000000
320.76,3.095,10000000
320.77,2.964,10000000
320.78,2.964,10000000
320.79,2.964,10000000
320.8,2.92,10000000
320.81,2.964,10000000
320.82,2.92,10000000
320.83,3.051,10000000
320.84,2.964,10000000
320.85,3.051,10000000
320.86,3.007,10000000
320.87,2.964,10000000
320.88,2.964,10000000
320.89,2.964,10000000
320.9,2.876,10000000
320.91,3.007,10000000
320.92,2.964,10000000
320.93,3.095,10000000
320.94,3.227,10000000
320.95,3.183,10000000
320.96,3.139,10000000
320.97,3.095,10000000
320.98,3.139,10000000
320.99,3.271,10000000
321,3.271,10000000
321.01,3.183,10000000
321.02,3.139,10000000
321.03,3.007,10000000
321.04,3.007,10000000
321.05,3.095,10000000
321.06,3.139,10000000
321.07,3.139,10000000
321.08,3.139,10000000
321.09,3.139,10000000
321.1,3.095,10000000
321.11,3.051,10000000
321.12,3.007,10000000
321.13,3.051,10000000
321.14,3.007,10000000
321.15,2.964,10000000
321.16,3.051,10000000
321.17,2.964,10000000
321.18,3.007,10000000
321.19,2.964,10000000
321.2,3.051,10000000
321.21,3.007,10000000
321.22,3.007,10000000
321.23,2.964,10000000
321.24,3.095,10000000
321.25,3.051,10000000
321.26,2.92,10000000
321.27,3.095,10000000
321.28,3.051,10000000
321.29,3.007,10000000
321.3,3.007,10000000
321.31,2.92,10000000
321.32,2.964,10000000
321.33,2.92,10000000
321.34,3.007,10000000
321.35,3.095,10000000
321.36,3.007,10000000
321.37,2.92,10000000
321.38,3.007,10000000
321.39,3.095,10000000
321.4,3.139,10000000
321.41,2.964,10000000
321.42,3.139,10000000
321.43,3.095,10000000
321.44,3.051,10000000
321.45,3.095,10000000
321.46,3.095,10000000
321.47,3.007,10000000
321.48,2.964,10000000
321.49,3.139,10000000
321.5,3.007,10000000
321.51,3.051,10000000
321.52,3.051,10000000
321.53,3.095,10000000
321.54,3.051,10000000
321.55,3.051,10000000
321.56,3.051,10000000
321.57,2.964,10000000
321.58,3.007,10000000
321.59,3.007,10000000
321.6,2.92,10000000
321.61,3.095,10000000
321.62,3.095,10000000
321.63,3.007,10000000
321.64,3.139,10000000
321.65,2.964,10000000
321.66,2.92,10000000
321.67,3.139,10000000
321.68,3.007,10000000
321.69,2.92,10000000
321.7,2.876,10000000
321.71,2.832,10000000
321.72,3.227,10000000
321.73,3.095,10000000
321.74,2.92,10000000
321.75,2.92,10000000
321.76,2.92,10000000
321.77,3.007,10000000
321.78,3.139,10000000
321.79,3.007,10000000
321.8,3.007,10000000
321.81,2.92,10000000
321.82,3.051,10000000
321.83,3.095,10000000
321.84,3.315,10000000
321.85,3.051,10000000
321.86,2.92,10000000
321.87,2.92,10000000
321.88,3.051,10000000
321.89,3.139,10000000
321.9,2.92,10000000
321.91,2.92,10000000
321.92,2.964,10000000
321.93,2.964,10000000
321.94,3.007,10000000
321.95,2.92,10000000
321.96,3.051,10000000
321.97,2.964,10000000
321.98,3.095,10000000
321.99,3.007,10000000
322,2.92,10000000
322.01,3.139,10000000
322.02,2.92,10000000
322.03,3.051,10000000
322.04,2.92,10000000
322.05,2.964,10000000
322.06,2.964,10000000
322.07,2.964,10000000
322.08,3.183,10000000
322.09,3.051,10000000
322.1,3.139,10000000
322.11,3.227,10000000
322.12,3.095,10000000
322.13,3.095,10000000
322.14,3.139,10000000
322.15,3.051,10000000
322.16,3.139,10000000
322.17,3.139,10000000
322.18,3.139,10000000
322.19,3.095,10000000
322.2,3.139,10000000
322.21,3.007,10000000
322.22,3.183,10000000
322.23,3.095,10000000
322.24,3.183,10000000
322.25,3.139,10000000
322.26,2.832,10000000
322.27,3.051,10000000
322.28,3.007,10000000
322.29,3.051,10000000
322.3,2.92,10000000
322.31,3.051,10000000
322.32,3.051,10000000
322.33,3.139,10000000
322.34,3.051,10000000
322.35,2.876,10000000
322.36,2.92,10000000
322.37,3.051,10000000
322.38,3.051,10000000
322.39,3.051,10000000
322.4,3.007,10000000
322.41,3.139,10000000
322.42,3.139,10000000
322.43,3.095,10000000
322.44,3.139,10000000
322.45,2.92,10000000
322.46,3.051,10000000
322.47,2.92,10000000
322.48,2.92,10000000
322.49,3.227,10000000
322.5,3.051,10000000
322.51,3.007,10000000
322.52,3.095,10000000
322.53,3.139,10000000
322.54,3.139,10000000
322.55,2.92,10000000
322.56,3.051,10000000
322.57,3.051,10000000
322.58,3.051,10000000
322.59,3.139,10000000
322.6,3.007,10000000
322.61,3.095,10000000
322.62,3.051,10000000
322.63,3.139,10000000
322.64,3.095,10000000
322.65,2.964,10000000
322.66,3.051,10000000
322.67,2.92,10000000
322.68,3.051,10000000
322.69,3.007,10000000
322.7,3.227,10000000
322.71,2.92,10000000
322.72,3.051,10000000
322.73,3.051,10000000
322.74,3.007,10000000
322.75,2.92,10000000
322.76,2.92,10000000
322.77,3.051,10000000
322.78,3.007,10000000
322.79,2.832,10000000
322.8,3.051,10000000
322.81,3.051,10000000
322.82,3.007,10000000
322.83,3.007,10000000
322.84,3.007,10000000
322.85,3.051,10000000
322.86,3.139,10000000
322.87,2.92,10000000
322.88,3.007,10000000
322.89,3.007,10000000
322.9,3.139,10000000
322.91,3.007,10000000
322.92,3.051,10000000
322.93,3.095,10000000
322.94,2.964,10000000
322.95,3.007,10000000
322.96,2.788,10000000
322.97,3.095,10000000
322.98,3.139,10000000
322.99,3.007,10000000
323,3.183,10000000
323.01,2.832,10000000
323.02,3.007,10000000
323.03,3.007,10000000
323.04,3.051,10000000
323.05,3.095,10000000
323.06,3.095,10000000
323.07,3.271,10000000
323.08,3.139,10000000
323.09,3.095,10000000
323.1,3.051,10000000
323.11,3.007,10000000
323.12,3.095,10000000
323.13,3.007,10000000
323.14,3.007,10000000
323.15,3.051,10000000
323.16,2.92,10000000
323.17,3.007,10000000
323.18,3.227,10000000
323.19,3.095,10000000
323.2,3.139,10000000
323.21,3.095,10000000
323.22,3.227,10000000
323.23,3.051,10000000
323.24,3.095,10000000
323.25,3.139,10000000
323.26,3.007,10000000
323.27,3.095,10000000
323.28,2.92,10000000
323.29,3.139,10000000
323.3,3.139,10000000
323.31,3.007,10000000
323.32,3.095,10000000
323.33,3.007,10000000
323.34,3.095,10000000
323.35,3.007,10000000
323.36,3.051,10000000
323.37,3.007,10000000
323.38,2.92,10000000
323.39,2.92,10000000
323.4,3.007,10000000
323.41,2.964,10000000
323.42,3.227,10000000
323.43,2.876,10000000
323.44,3.007,10000000
323.45,3.315,10000000
323.46,2.876,10000000
323.47,3.051,10000000
323.48,2.876,10000000
323.49,2.964,10000000
323.5,3.095,10000000
323.51,3.007,10000000
323.52,3.095,10000000
323.53,3.095,10000000
323.54,3.095,10000000
323.55,3.007,10000000
323.56,3.183,10000000
323.57,3.007,10000000
323.58,2.92,10000000
323.59,2.92,10000000
323.6,2.92,10000000
323.61,2.92,10000000
323.62,3.095,10000000
323.63,3.007,10000000
323.64,2.964,10000000
323.65,3.139,10000000
323.66,3.051,10000000
323.67,2.876,10000000
323.68,3.095,10000000
323.69,3.051,10000000
323.7,3.139,10000000
323.71,3.051,10000000
323.72,3.139,10000000
323.73,2.92,10000000
323.74,3.007,10000000
323.75,3.007,10000000
323.76,3.095,10000000
323.77,3.007,10000000
323.78,3.095,10000000
323.79,3.139,10000000
323.8,3.007,10000000
323.81,3.139,10000000
323.82,3.051,10000000
323.83,3.095,10000000
323.84,3.183,10000000
323.85,3.095,10000000
323.86,3.007,10000000
323.87,3.095,10000000
323.88,3.183,10000000
323.89,3.095,10000000
323.9,3.183,10000000
323.91,3.095,10000000
323.92,3.139,10000000
323.93,2.92,10000000
323.94,3.095,10000000
323.95,3.007,10000000
323.96,3.095,10000000
323.97,3.051,10000000
323.98,2.964,10000000
323.99,3.095,10000000
324,3.139,10000000
324.01,3.007,10000000
324.02,3.095,10000000
324.03,3.139,10000000
324.04,3.051,10000000
324.05,3.007,10000000
324.06,2.964,10000000
324.07,2.876,10000000
324.08,2.964,10000000
324.09,3.139,10000000
324.1,3.095,10000000
324.11,3.139,10000000
324.12,3.139,10000000
324.13,3.007,10000000
324.14,2.964,10000000
324.15,3.139,10000000
324.16,2.964,10000000
324.17,3.007,10000000
324.18,3.095,10000000
324.19,3.007,10000000
324.2,3.051,10000000
324.21,2.964,10000000
324.22,2.92,10000000
324.23,3.007,10000000
324.24,3.095,10000000
324.25,3.007,10000000
324.26,2.964,10000000
324.27,3.007,10000000
324.28,2.964,10000000
324.29,3.007,10000000
324.3,2.964,10000000
324.31,3.007,10000000
324.32,3.007,10000000
324.33,3.051,10000000
324.34,3.051,10000000
324.35,3.139,10000000
324.36,3.007,10000000
324.37,3.139,10000000
324.38,3.095,10000000
324.39,3.007,10000000
324.4,3.183,10000000
324.41,3.051,10000000
324.42,3.095,10000000
324.43,3.095,10000000
324.44,3.051,10000000
324.45,3.139,10000000
324.46,3.007,10000000
324.47,3.183,10000000
324.48,3.007,10000000
324.49,3.095,10000000
324.5,2.964,10000000
324.51,3.095,10000000
324.52,3.139,10000000
324.53,3.095,10000000
324.54,3.095,10000000
324.55,3.007,10000000
324.56,3.007,10000000
324.57,3.139,10000000
324.58,3.095,10000000
324.59,3.139,10000000
324.6,3.183,10000000
324.61,3.139,10000000
324.62,3.007,10000000
324.63,3.139,10000000
324.64,3.139,10000000
324.65,3.007,10000000
324.66,2.876,10000000
324.67,2.964,10000000
324.68,2.964,10000000
324.69,2.876,10000000
324.7,3.007,10000000
324.71,2.92,10000000
324.72,2.92,10000000
324.73,3.007,10000000
324.74,2.92,10000000
324.75,3.095,10000000
324.76,3.007,10000000
324.77,2.92,10000000
324.78,2.964,10000000
324.79,3.007,10000000
324.8,3.139,10000000
324.81,2.92,10000000
324.82,2.92,10000000
324.83,3.095,10000000
324.84,3.051,10000000
324.85,3.051,10000000
324.86,2.964,10000000
324.87,3.051,10000000
324.88,3.007,10000000
324.89,3.139,10000000
324.9,3.051,10000000
324.91,3.007,10000000
324.92,3.007,10000000
324.93,3.051,10000000
324.94,2.964,10000000
324.95,2.964,10000000
324.96,2.92,10000000
324.97,3.051,10000000
324.98,3.139,10000000
324.99,3.007,10000000
325,3.095,10000000
325.01,3.051,10000000
325.02,3.139,10000000
325.03,3.095,10000000
325.04,3.051,10000000
325.05,3.051,10000000
325.06,2.964,10000000
325.07,3.139,10000000
325.08,2.964,10000000
325.09,2.964,10000000
325.1,2.964,10000000
325.11,2.832,10000000
325.12,3.051,10000000
325.13,3.007,10000000
325.14,3.095,10000000
325.15,3.007,10000000
325.16,3.007,10000000
325.17,2.92,10000000
325.18,3.139,10000000
325.19,2.92,10000000
325.2,3.051,10000000
325.21,3.007,10000000
325.22,2.92,10000000
325.23,3.139,10000000
325.24,3.007,10000000
325.25,3.007,10000000
325.26,2.964,10000000
325.27,3.051,10000000
325.28,2.832,10000000
325.29,3.007,10000000
325.3,3.007,10000000
325.31,2.964,10000000
325.32,3.139,10000000
325.33,3.051,10000000
325.34,3.315,10000000
325.35,3.007,10000000
325.36,3.183,10000000
325.37,3.051,10000000
325.38,2.92,10000000
325.39,2.92,10000000
325.4,2.92,10000000
325.41,2.92,10000000
325.42,3.095,10000000
325.43,3.095,10000000
325.44,2.92,10000000
325.45,2.92,10000000
325.46,3.051,10000000
325.47,2.964,10000000
325.48,3.051,10000000
325.49,2.92,10000000
325.5,3.051,10000000
325.51,3.051,10000000
325.52,3.139,10000000
325.53,3.139,10000000
325.54,2.92,10000000
325.55,3.007,10000000
325.56,3.051,10000000
325.57,3.007,10000000
325.58,3.139,10000000
325.59,3.051,10000000
325.6,2.964,10000000
325.61,2.92,10000000
325.62,3.007,10000000
325.63,3.007,10000000
325.64,3.007,10000000
325.65,3.051,10000000
325.66,3.139,10000000
325.67,3.095,10000000
325.68,3.051,10000000
325.69,3.095,10000000
325.7,3.183,10000000
325.71,3.139,10000000
325.72,3.051,10000000
325.73,3.051,10000000
325.74,3.051,10000000
325.75,2.92,10000000
325.76,2.964,10000000
325.77,3.183,10000000
325.78,2.964,10000000
325.79,2.964,10000000
325.8,2.876,10000000
325.81,3.051,10000000
325.82,3.007,10000000
325.83,2.92,10000000
325.84,3.007,10000000
325.85,3.051,10000000
325.86,3.095,10000000
325.87,3.007,10000000
325.88,2.964,10000000
325.89,2.964,10000000
325.9,3.095,10000000
325.91,3.007,10000000
325.92,3.007,10000000
325.93,3.095,10000000
325.94,3.139,10000000
325.95,3.139,10000000
325.96,3.051,10000000
325.97,3.183,10000000
325.98,3.139,10000000
325.99,2.964,10000000
326,2.92,10000000
326.01,2.876,10000000
326.02,3.007,10000000
326.03,2.876,10000000
326.04,3.183,10000000
326.05,3.051,10000000
326.06,3.007,10000000
326.07,3.139,10000000
326.08,2.964,10000000
326.09,2.92,10000000
326.1,3.095,10000000
326.11,3.271,10000000
326.12,3.183,10000000
326.13,3.183,10000000
326.14,3.139,10000000
326.15,3.007,10000000
326.16,3.095,10000000
326.17,3.051,10000000
326.18,2.92,10000000
326.19,3.139,10000000
326.2,2.832,10000000
326.21,3.007,10000000
326.22,3.139,10000000
326.23,3.007,10000000
326.24,3.007,10000000
326.25,3.051,10000000
326.26,3.095,10000000
326.27,2.964,10000000
326.28,3.007,10000000
326.29,3.051,10000000
326.3,3.139,10000000
326.31,3.051,10000000
326.32,2.964,10000000
326.33,3.095,10000000
326.34,3.095,10000000
326.35,3.051,10000000
326.36,3.051,10000000
326.37,3.051,10000000
326.38,3.139,10000000
326.39,3.007,10000000
326.4,3.183,10000000
326.41,3.271,10000000
326.42,3.051,10000000
326.43,3.139,10000000
326.44,3.095,10000000
326.45,3.007,10000000
326.46,3.183,10000000
326.47,3.051,10000000
326.48,3.139,10000000
326.49,3.007,10000000
326.5,2.964,10000000
326.51,3.007,10000000
326.52,3.051,10000000
326.53,3.007,10000000
326.54,3.007,10000000
326.55,2.876,10000000
326.56,3.007,10000000
326.57,2.964,10000000
326.58,2.92,10000000
326.59,3.007,10000000
326.6,3.139,10000000
326.61,3.051,10000000
326.62,3.007,10000000
326.63,3.007,10000000
326.64,3.007,10000000
326.65,3.007,10000000
326.66,3.051,10000000
326.67,2.92,10000000
326.68,3.227,10000000
326.69,3.095,10000000
326.7,2.876,10000000
326.71,2.964,10000000
326.72,3.051,10000000
326.73,3.007,10000000
326.74,3.139,10000000
326.75,3.051,10000000
326.76,3.139,10000000
326.77,3.007,10000000
326.78,2.964,10000000
326.79,2.964,10000000
326.8,3.139,10000000
326.81,3.183,10000000
326.82,3.095,10000000
326.83,2.964,10000000
326.84,3.051,10000000
326.85,3.007,10000000
326.86,2.832,10000000
326.87,3.051,10000000
326.88,3.007,10000000
326.89,3.051,10000000
326.9,3.007,10000000
326.91,3.051,10000000
326.92,3.007,10000000
326.93,3.007,10000000
326.94,3.007,10000000
326.95,2.92,10000000
326.96,3.139,10000000
326.97,2.964,10000000
326.98,2.964,10000000
326.99,3.139,10000000
327,3.095,10000000
327.01,3.227,10000000
327.02,3.051,10000000
327.03,3.007,10000000
327.04,3.051,10000000
327.05,3.095,10000000
327.06,3.139,10000000
327.07,3.095,10000000
327.08,3.051,10000000
327.09,3.051,10000000
327.1,2.92,10000000
327.11,3.007,10000000
327.12,3.095,10000000
327.13,2.92,10000000
327.14,3.051,10000000
327.15,3.051,10000000
327.16,2.92,10000000
327.17,3.007,10000000
327.18,3.095,10000000
327.19,2.876,10000000
327.2,2.92,10000000
327.21,2.92,10000000
327.22,2.964,10000000
327.23,3.095,10000000
327.24,2.964,10000000
327.25,2.92,10000000
327.26,2.92,10000000
327.27,3.051,10000000
327.28,2.964,10000000
327.29,2.92,10000000
327.3,3.183,10000000
327.31,3.051,10000000
327.32,2.92,10000000
327.33,3.095,10000000
327.34,3.007,10000000
327.35,3.095,10000000
327.36,3.139,10000000
327.37,2.876,10000000
327.38,2.964,10000000
327.39,3.139,10000000
327.4,3.007,10000000
327.41,3.007,10000000
327.42,2.92,10000000
327.43,2.964,10000000
327.44,3.095,10000000
327.45,3.095,10000000
327.46,3.095,10000000
327.47,3.051,10000000
327.48,3.139,10000000
327.49,2.92,10000000
327.5,3.051,10000000
327.51,3.095,10000000
327.52,3.051,10000000
327.53,3.051,10000000
327.54,2.92,10000000
327.55,2.832,10000000
327.56,2.876,10000000
327.57,3.007,10000000
327.58,2.92,10000000
327.59,2.964,10000000
327.6,3.051,10000000
327.61,3.007,10000000
327.62,3.095,10000000
327.63,3.095,10000000
327.64,3.139,10000000
327.65,3.051,10000000
327.66,2.92,10000000
327.67,2.876,10000000
327.68,2.964,10000000
327.69,3.051,10000000
327.7,3.007,10000000
327.71,3.051,10000000
327.72,2.964,10000000
327.73,3.095,10000000
327.74,2.964,10000000
327.75,2.964,10000000
327.76,2.964,10000000
327.77,3.007,10000000
327.78,3.139,10000000
327.79,3.007,10000000
327.8,3.007,10000000
327.81,2.832,10000000
327.82,2.92,10000000
327.83,2.92,10000000
327.84,2.92,10000000
327.85,2.964,10000000
327.86,2.92,10000000
327.87,3.139,10000000
327.88,3.139,10000000
327.89,3.007,10000000
327.9,3.007,10000000
327.91,3.139,10000000
327.92,3.183,10000000
327.93,2.964,10000000
327.94,3.051,10000000
327.95,3.139,10000000
327.96,3.095,10000000
327.97,3.051,10000000
327.98,3.007,10000000
327.99,3.139,10000000
328,2.92,10000000
328.01,2.92,10000000
328.02,3.051,10000000
328.03,3.007,10000000
328.04,3.095,10000000
328.05,3.095,10000000
328.06,3.095,10000000
328.07,2.964,10000000
328.08,3.095,10000000
328.09,2.964,10000000
328.1,3.139,10000000
328.11,2.964,10000000
328.12,3.095,10000000
328.13,3.227,10000000
328.14,3.227,10000000
328.15,3.007,10000000
328.16,3.007,10000000
328.17,3.139,10000000
328.18,3.051,10000000
328.19,3.007,10000000
328.2,3.139,10000000
328.21,2.964,10000000
328.22,3.139,10000000
328.23,3.051,10000000
328.24,3.095,10000000
328.25,2.92,10000000
328.26,3.007,10000000
328.27,3.095,10000000
328.28,2.964,10000000
328.29,3.007,10000000
328.3,3.007,10000000
328.31,2.964,10000000
328.32,3.139,10000000
328.33,3.139,10000000
328.34,3.007,10000000
328.35,3.139,10000000
328.36,2.92,10000000
328.37,3.007,10000000
328.38,2.92,10000000
328.39,3.139,10000000
328.4,3.095,10000000
328.41,3.139,10000000
328.42,3.227,10000000
328.43,3.139,10000000
328.44,3.227,10000000
328.45,3.007,10000000
328.46,2.964,10000000
328.47,2.92,10000000
328.48,2.964,10000000
328.49,2.92,10000000
328.5,3.139,10000000
328.51,2.964,10000000
328.52,2.832,10000000
328.53,3.051,10000000
328.54,3.139,10000000
328.55,2.964,10000000
328.56,2.964,10000000
328.57,3.095,10000000
328.58,3.051,10000000
328.59,3.095,10000000
328.6,3.007,10000000
328.61,2.964,10000000
328.62,3.183,10000000
328.63,3.139,10000000
328.64,3.051,10000000
328.65,2.964,10000000
328.66,3.051,10000000
328.67,3.007,10000000
328.68,3.051,10000000
328.69,3.095,10000000
328.7,3.051,10000000
328.71,3.139,10000000
328.72,3.051,10000000
328.73,3.139,10000000
328.74,3.183,10000000
328.75,3.095,10000000
328.76,2.92,10000000
328.77,3.051,10000000
328.78,3.095,10000000
328.79,3.007,10000000
328.8,2.964,10000000
328.81,3.007,10000000
328.82,2.92,10000000
328.83,2.964,10000000
328.84,3.139,10000000
328.85,2.92,10000000
328.86,3.051,10000000
328.87,2.964,10000000
328.88,2.876,10000000
328.89,3.051,10000000
328.9,3.007,10000000
328.91,3.007,10000000
328.92,3.095,10000000
328.93,3.007,10000000
328.94,3.095,10000000
328.95,2.92,10000000
328.96,3.007,10000000
328.97,3.095,10000000
328.98,3.139,10000000
328.99,2.92,10000000
329,3.051,10000000
329.01,3.095,10000000
329.02,3.095,10000000
329.03,3.007,10000000
329.04,3.095,10000000
329.05,3.007,10000000
329.06,2.964,10000000
329.07,3.139,10000000
329.08,3.095,10000000
329.09,3.007,10000000
329.1,3.007,10000000
329.11,3.007,10000000
329.12,3.051,10000000
329.13,3.007,10000000
329.14,3.095,10000000
329.15,3.095,10000000
329.16,3.227,10000000
329.17,3.007,10000000
329.18,3.139,10000000
329.19,3.139,10000000
329.2,2.92,10000000
329.21,3.007,10000000
329.22,2.964,10000000
329.23,3.007,10000000
329.24,3.007,10000000
329.25,2.964,10000000
329.26,3.051,10000000
329.27,3.051,10000000
329.28,3.007,10000000
329.29,3.007,10000000
329.3,3.051,10000000
329.31,3.051,10000000
329.32,3.227,10000000
329.33,3.095,10000000
329.34,2.876,10000000
329.35,3.007,10000000
329.36,3.139,10000000
329.37,3.183,10000000
329.38,3.095,10000000
329.39,2.92,10000000
329.4,3.139,10000000
329.41,3.007,10000000
329.42,2.92,10000000
329.43,3.007,10000000
329.44,2.964,10000000
329.45,2.92,10000000
329.46,3.095,10000000
329.47,3.051,10000000
329.48,3.183,10000000
329.49,3.095,10000000
329.5,3.139,10000000
329.51,2.964,10000000
329.52,2.92,10000000
329.53,3.139,10000000
329.54,2.92,10000000
329.55,3.095,10000000
329.56,3.007,10000000
329.57,3.051,10000000
329.58,3.139,10000000
329.59,3.095,10000000
329.6,3.139,10000000
329.61,2.964,10000000
329.62,3.007,10000000
329.63,3.007,10000000
329.64,3.139,10000000
329.65,2.964,10000000
329.66,2.964,10000000
329.67,3.139,10000000
329.68,3.095,10000000
329.69,3.139,10000000
329.7,2.964,10000000
329.71,2.964,10000000
329.72,3.007,10000000
329.73,2.92,10000000
329.74,3.051,10000000
329.75,3.095,10000000
329.76,2.92,10000000
329.77,3.095,10000000
329.78,3.007,10000000
329.79,3.139,10000000
329.8,2.964,10000000
329.81,3.183,10000000
329.82,3.227,10000000
329.83,3.007,10000000
329.84,2.964,10000000
329.85,3.095,10000000
329.86,3.139,10000000
329.87,3.183,10000000
329.88,3.227,10000000
329.89,3.139,10000000
329.9,3.183,10000000
329.91,3.139,10000000
329.92,3.007,10000000
329.93,3.051,10000000
329.94,3.051,10000000
329.95,2.832,10000000
329.96,3.095,10000000
329.97,2.964,10000000
329.98,3.051,10000000
329.99,3.007,10000000
330,3.051,10000000
330.01,3.095,10000000
330.02,3.007,10000000
330.03,3.139,10000000
330.04,3.095,10000000
330.05,3.095,10000000
330.06,3.095,10000000
330.07,2.964,10000000
330.08,3.095,10000000
330.09,3.007,10000000
330.1,3.139,10000000
330.11,3.139,10000000
330.12,3.139,10000000
330.13,3.051,10000000
330.14,3.007,10000000
330.15,3.139,10000000
330.16,3.183,10000000
330.17,3.051,10000000
330.18,3.051,10000000
330.19,3.007,10000000
330.2,3.051,10000000
330.21,3.051,10000000
330.22,2.92,10000000
330.23,3.183,10000000
330.24,3.007,10000000
330.25,2.964,10000000
330.26,3.051,10000000
330.27,3.051,10000000
330.28,3.095,10000000
330.29,3.183,10000000
330.3,3.051,10000000
330.31,3.007,10000000
330.32,3.139,10000000
330.33,3.051,10000000
330.34,3.007,10000000
330.35,2.964,10000000
330.36,2.964,10000000
330.37,3.007,10000000
330.38,3.051,10000000
330.39,2.92,10000000
330.4,2.92,10000000
330.41,3.007,10000000
330.42,3.051,10000000
330.43,2.92,10000000
330.44,3.095,10000000
330.45,3.051,10000000
330.46,3.051,10000000
330.47,3.095,10000000
330.48,3.183,10000000
330.49,3.095,10000000
330.5,3.183,10000000
330.51,3.007,10000000
330.52,3.095,10000000
330.53,2.964,10000000
330.54,3.139,10000000
330.55,3.139,10000000
330.56,3.139,10000000
330.57,3.095,10000000
330.58,3.139,10000000
330.59,3.051,10000000
330.6,3.095,10000000
330.61,2.832,10000000
330.62,3.007,10000000
330.63,3.051,10000000
330.64,3.007,10000000
330.65,3.095,10000000
330.66,2.964,10000000
330.67,2.964,10000000
330.68,3.139,10000000
330.69,3.139,10000000
330.7,3.139,10000000
330.71,3.139,10000000
330.72,3.139,10000000
330.73,3.227,10000000
330.74,3.051,10000000
330.75,2.92,10000000
330.76,3.007,10000000
330.77,2.964,10000000
330.78,2.832,10000000
330.79,3.007,10000000
330.8,2.92,10000000
330.81,2.92,10000000
330.82,3.051,10000000
330.83,3.051,10000000
330.84,3.051,10000000
330.85,3.051,10000000
330.86,3.095,10000000
330.87,3.007,10000000
330.88,3.007,10000000
330.89,3.183,10000000
330.9,3.139,10000000
330.91,3.095,10000000
330.92,3.051,10000000
330.93,3.007,10000000
330.94,3.095,10000000
330.95,3.007,10000000
330.96,3.007,10000000
330.97,3.007,10000000
330.98,3.051,10000000
330.99,3.051,10000000
331,3.007,10000000
331.01,3.007,10000000
331.02,3.007,10000000
331.03,3.051,10000000
331.04,3.007,10000000
331.05,3.007,10000000
331.06,2.92,10000000
331.07,3.007,10000000
331.08,3.139,10000000
331.09,2.964,10000000
331.1,3.007,10000000
331.11,3.095,10000000
331.12,3.139,10000000
331.13,3.095,10000000
331.14,3.139,10000000
331.15,3.051,10000000
331.16,3.007,10000000
331.17,3.007,10000000
331.18,3.139,10000000
331.19,3.051,10000000
331.2,3.095,10000000
331.21,3.139,10000000
331.22,3.095,10000000
331.23,2.964,10000000
331.24,3.095,10000000
331.25,3.007,10000000
331.26,3.007,10000000
331.27,3.051,10000000
331.28,2.92,10000000
331.29,3.227,10000000
331.3,3.095,10000000
331.31,2.964,10000000
331.32,3.095,10000000
331.33,3.095,10000000
331.34,3.007,10000000
331.35,3.183,10000000
331.36,3.183,10000000
331.37,2.964,10000000
331.38,3.051,10000000
331.39,3.095,10000000
331.4,3.051,10000000
331.41,3.183,10000000
331.42,3.139,10000000
331.43,3.051,10000000
331.44,3.051,10000000
331.45,3.051,10000000
331.46,3.139,10000000
331.47,3.139,10000000
331.48,3.051,10000000
331.49,2.92,10000000
331.5,3.051,10000000
331.51,3.007,10000000
331.52,3.007,10000000
331.53,3.095,10000000
331.54,3.139,10000000
331.55,2.964,10000000
331.56,3.007,10000000
331.57,3.095,10000000
331.58,3.007,10000000
331.59,2.964,10000000
331.6,3.007,10000000
331.61,3.007,10000000
331.62,3.051,10000000
331.63,3.051,10000000
331.64,2.964,10000000
331.65,3.139,10000000
331.66,3.051,10000000
331.67,3.095,10000000
331.68,3.051,10000000
331.69,3.139,10000000
331.7,3.007,10000000
331.71,3.139,10000000
331.72,3.139,10000000
331.73,3.227,10000000
331.74,3.227,10000000
331.75,3.007,10000000
331.76,2.92,10000000
331.77,2.876,10000000
331.78,2.92,10000000
331.79,3.139,10000000
331.8,3.095,10000000
331.81,3.139,10000000
331.82,3.183,10000000
331.83,3.183,10000000
331.84,3.183,10000000
331.85,3.183,10000000
331.86,3.007,10000000
331.87,3.007,10000000
331.88,3.095,10000000
331.89,3.051,10000000
331.9,3.095,10000000
331.91,3.051,10000000
331.92,2.92,10000000
331.93,3.139,10000000
331.94,2.92,10000000
331.95,3.183,10000000
331.96,3.139,10000000
331.97,3.051,10000000
331.98,2.876,10000000
331.99,2.964,10000000
332,3.051,10000000
332.01,3.139,10000000
332.02,3.051,10000000
332.03,3.051,10000000
332.04,2.92,10000000
332.05,3.007,10000000
332.06,3.051,10000000
332.07,3.095,10000000
332.08,2.92,10000000
332.09,2.92,10000000
332.1,3.051,10000000
332.11,3.007,10000000
332.12,3.007,10000000
332.13,3.139,10000000
332.14,2.92,10000000
332.15,3.095,10000000
332.16,3.139,10000000
332.17,3.051,10000000
332.18,3.315,10000000
332.19,3.139,10000000
332.2,3.183,10000000
332.21,3.183,10000000
332.22,3.051,10000000
332.23,3.183,10000000
332.24,3.007,10000000
332.25,2.92,10000000
332.26,3.139,10000000
332.27,2.832,10000000
332.28,3.007,10000000
332.29,3.051,10000000
332.3,3.095,10000000
332.31,2.964,10000000
332.32,2.964,10000000
332.33,3.095,10000000
332.34,3.007,10000000
332.35,3.051,10000000
332.36,2.964,10000000
332.37,3.051,10000000
332.38,2.92,10000000
332.39,3.139,10000000
332.4,3.139,10000000
332.41,3.051,10000000
332.42,3.095,10000000
332.43,3.095,10000000
332.44,3.139,10000000
332.45,3.095,10000000
332.46,3.051,10000000
332.47,3.095,10000000
332.48,3.095,10000000
332.49,3.051,10000000
332.5,3.051,10000000
332.51,3.095,10000000
332.52,3.139,10000000
332.53,3.051,10000000
332.54,2.92,10000000
332.55,2.92,10000000
332.56,3.095,10000000
332.57,2.832,10000000
332.58,2.964,10000000
332.59,3.007,10000000
332.6,3.051,10000000
332.61,2.92,10000000
332.62,2.92,10000000
332.63,3.007,10000000
332.64,2.92,10000000
332.65,2.964,10000000
332.66,3.007,10000000
332.67,3.007,10000000
332.68,3.095,10000000
332.69,3.007,10000000
332.7,2.964,10000000
332.71,3.007,10000000
332.72,3.051,10000000
332.73,3.183,10000000
332.74,2.964,10000000
332.75,3.051,10000000
332.76,3.007,10000000
332.77,3.007,10000000
332.78,3.007,10000000
332.79,2.92,10000000
332.8,3.139,10000000
332.81,3.051,10000000
332.82,3.139,10000000
332.83,3.051,10000000
332.84,3.007,10000000
332.85,3.007,10000000
332.86,2.92,10000000
332.87,3.007,10000000
332.88,3.007,10000000
332.89,3.139,10000000
332.9,3.007,10000000
332.91,3.183,10000000
332.92,3.227,10000000
332.93,3.007,10000000
332.94,3.139,10000000
332.95,3.007,10000000
332.96,2.876,10000000
332.97,3.007,10000000
332.98,3.007,10000000
332.99,3.139,10000000
333,3.007,10000000
333.01,2.92,10000000
333.02,3.051,10000000
333.03,3.051,10000000
333.04,3.051,10000000
333.05,3.007,10000000
333.06,3.139,10000000
333.07,3.007,10000000
333.08,3.315,10000000
333.09,3.007,10000000
333.1,3.227,10000000
333.11,3.095,10000000
333.12,3.007,10000000
333.13,3.051,10000000
333.14,3.051,10000000
333.15,3.095,10000000
333.16,3.007,10000000
333.17,3.095,10000000
333.18,3.095,10000000
333.19,3.139,10000000
333.2,3.007,10000000
333.21,3.095,10000000
333.22,3.095,10000000
333.23,3.139,10000000
333.24,3.139,10000000
333.25,2.964,10000000
333.26,3.051,10000000
333.27,2.876,10000000
333.28,2.964,10000000
333.29,2.92,10000000
333.3,3.007,10000000
333.31,3.051,10000000
333.32,3.095,10000000
333.33,3.007,10000000
333.34,3.051,10000000
333.35,3.007,10000000
333.36,3.007,10000000
333.37,3.051,10000000
333.38,3.007,10000000
333.39,2.964,10000000
333.4,3.007,10000000
333.41,3.051,10000000
333.42,3.007,10000000
333.43,3.051,10000000
333.44,3.095,10000000
333.45,2.964,10000000
333.46,3.007,10000000
333.47,3.007,10000000
333.48,3.139,10000000
333.49,3.139,10000000
333.5,3.051,10000000
333.51,2.964,10000000
333.52,3.139,10000000
333.53,3.007,10000000
333.54,2.92,10000000
333.55,3.051,10000000
333.56,2.964,10000000
333.57,3.139,10000000
333.58,3.095,10000000
333.59,2.92,10000000
333.6,3.007,10000000
333.61,3.139,10000000
333.62,3.007,10000000
333.63,3.007,10000000
333.64,2.876,10000000
333.65,2.92,10000000
333.66,2.964,10000000
333.67,2.876,10000000
333.68,3.139,10000000
333.69,3.095,10000000
333.7,3.051,10000000
333.71,2.92,10000000
333.72,3.095,10000000
333.73,3.095,10000000
333.74,3.051,10000000
333.75,3.095,10000000
333.76,3.007,10000000
333.77,3.051,10000000
333.78,3.139,10000000
333.79,2.744,10000000
333.8,3.095,10000000
333.81,3.007,10000000
333.82,3.051,10000000
333.83,3.095,10000000
333.84,3.007,10000000
333.85,2.92,10000000
333.86,3.051,10000000
333.87,3.095,10000000
333.88,3.139,10000000
333.89,3.095,10000000
333.9,3.051,10000000
333.91,3.139,10000000
333.92,3.095,10000000
333.93,2.92,10000000
333.94,3.095,10000000
333.95,3.007,10000000
333.96,3.007,10000000
333.97,3.007,10000000
333.98,3.007,10000000
333.99,3.007,10000000
334,3.139,10000000
334.01,3.095,10000000
334.02,3.095,10000000
334.03,3.007,10000000
334.04,3.183,10000000
334.05,3.007,10000000
334.06,3.095,10000000
334.07,3.007,10000000
334.08,3.139,10000000
334.09,3.007,10000000
334.1,3.095,10000000
334.11,2.964,10000000
334.12,3.051,10000000
334.13,3.007,10000000
334.14,3.095,10000000
334.15,2.964,10000000
334.16,2.92,10000000
334.17,3.095,10000000
334.18,3.051,10000000
334.19,3.139,10000000
334.2,3.007,10000000
334.21,3.095,10000000
334.22,3.051,10000000
334.23,3.051,10000000
334.24,3.051,10000000
334.25,2.964,10000000
334.26,2.964,10000000
334.27,3.007,10000000
334.28,2.964,10000000
334.29,3.139,10000000
334.3,3.139,10000000
334.31,3.051,10000000
334.32,3.095,10000000
334.33,3.139,10000000
334.34,3.051,10000000
334.35,3.095,10000000
334.36,3.095,10000000
334.37,3.095,10000000
334.38,3.051,10000000
334.39,3.095,10000000
334.4,3.095,10000000
334.41,3.139,10000000
334.42,3.139,10000000
334.43,3.095,10000000
334.44,3.095,10000000
334.45,2.964,10000000
334.46,3.139,10000000
334.47,3.095,10000000
334.48,2.832,10000000
334.49,3.051,10000000
334.5,2.964,10000000
334.51,3.007,10000000
334.52,2.964,10000000
334.53,3.051,10000000
334.54,3.051,10000000
334.55,3.007,10000000
334.56,2.92,10000000
334.57,3.095,10000000
334.58,2.964,10000000
334.59,3.007,10000000
334.6,3.095,10000000
334.61,3.051,10000000
334.62,3.095,10000000
334.63,3.139,10000000
334.64,3.007,10000000
334.65,2.876,10000000
334.66,2.832,10000000
334.67,2.876,10000000
334.68,2.92,10000000
334.69,2.92,10000000
334.7,2.92,10000000
334.71,2.744,10000000
334.72,2.964,10000000
334.73,3.007,10000000
334.74,3.051,10000000
334.75,3.139,10000000
334.76,3.095,10000000
334.77,3.139,10000000
334.78,3.095,10000000
334.79,3.139,10000000
334.8,3.139,10000000
334.81,3.095,10000000
334.82,3.007,10000000
334.83,2.92,10000000
334.84,3.139,10000000
334.85,3.051,10000000
334.86,2.876,10000000
334.87,3.051,10000000
334.88,3.051,10000000
334.89,2.964,10000000
334.9,3.007,10000000
334.91,3.007,10000000
334.92,2.964,10000000
334.93,2.876,10000000
334.94,3.051,10000000
334.95,3.051,10000000
334.96,3.095,10000000
334.97,3.051,10000000
334.98,3.139,10000000
334.99,3.051,10000000
335,3.139,10000000
335.01,3.095,10000000
335.02,3.051,10000000
335.03,3.095,10000000
335.04,3.007,10000000
335.05,3.007,10000000
335.06,3.139,10000000
335.07,3.315,10000000
335.08,3.183,10000000
335.09,3.007,10000000
335.1,3.051,10000000
335.11,3.007,10000000
335.12,2.964,10000000
335.13,2.964,10000000
335.14,2.92,10000000
335.15,2.92,10000000
335.16,3.051,10000000
335.17,2.964,10000000
335.18,3.051,10000000
335.19,2.964,10000000
335.2,3.051,10000000
335.21,3.051,10000000
335.22,3.139,10000000
335.23,3.095,10000000
335.24,3.139,10000000
335.25,3.051,10000000
335.26,3.139,10000000
335.27,3.051,10000000
335.28,3.139,10000000
335.29,2.964,10000000
335.3,2.964,10000000
335.31,2.92,10000000
335.32,2.876,10000000
335.33,2.964,10000000
335.34,2.964,10000000
335.35,2.92,10000000
335.36,2.964,10000000
335.37,2.964,10000000
335.38,2.876,10000000
335.39,2.964,10000000
335.4,2.876,10000000
335.41,2.964,10000000
335.42,2.964,10000000
335.43,3.007,10000000
335.44,3.183,10000000
335.45,3.095,10000000
335.46,3.051,10000000
335.47,3.051,10000000
335.48,3.095,10000000
335.49,2.964,10000000
335.5,3.139,10000000
335.51,2.92,10000000
335.52,3.315,10000000
335.53,3.139,10000000
335.54,2.964,10000000
335.55,3.139,10000000
335.56,3.227,10000000
335.57,3.007,10000000
335.58,3.007,10000000
335.59,2.92,10000000
335.6,3.007,10000000
335.61,2.92,10000000
335.62,2.964,10000000
335.63,2.964,10000000
335.64,3.051,10000000
335.65,3.139,10000000
335.66,3.095,10000000
335.67,3.227,10000000
335.68,3.139,10000000
335.69,3.007,10000000
335.7,2.92,10000000
335.71,3.227,10000000
335.72,3.007,10000000
335.73,3.139,10000000
335.74,3.007,10000000
335.75,3.007,10000000
335.76,2.92,10000000
335.77,2.92,10000000
335.78,2.964,10000000
335.79,3.183,10000000
335.8,3.095,10000000
335.81,3.095,10000000
335.82,3.007,10000000
335.83,3.007,10000000
335.84,3.139,10000000
335.85,2.964,10000000
335.86,3.139,10000000
335.87,3.095,10000000
335.88,3.139,10000000
335.89,3.007,10000000
335.9,3.007,10000000
335.91,2.964,10000000
335.92,3.183,10000000
335.93,3.139,10000000
335.94,3.095,10000000
335.95,3.183,10000000
335.96,3.139,10000000
335.97,3.095,10000000
335.98,3.183,10000000
335.99,3.095,10000000
336,3.051,10000000
336.01,3.051,10000000
336.02,3.007,10000000
336.03,3.095,10000000
336.04,3.139,10000000
336.05,2.832,10000000
336.06,2.964,10000000
336.07,3.095,10000000
336.08,3.051,10000000
336.09,3.227,10000000
336.1,3.007,10000000
336.11,3.007,10000000
336.12,3.007,10000000
336.13,3.051,10000000
336.14,3.051,10000000
336.15,3.007,10000000
336.16,3.007,10000000
336.17,3.007,10000000
336.18,3.139,10000000
336.19,3.095,10000000
336.2,3.095,10000000
336.21,3.007,10000000
336.22,2.964,10000000
336.23,3.007,10000000
336.24,3.007,10000000
336.25,3.095,10000000
336.26,3.007,10000000
336.27,2.92,10000000
336.28,2.964,10000000
336.29,3.007,10000000
336.3,3.007,10000000
336.31,2.964,10000000
336.32,3.007,10000000
336.33,2.832,10000000
336.34,3.095,10000000
336.35,3.095,10000000
336.36,2.92,10000000
336.37,3.095,10000000
336.38,3.007,10000000
336.39,3.007,10000000
336.4,3.007,10000000
336.41,3.007,10000000
336.42,3.007,10000000
336.43,2.964,10000000
336.44,2.964,10000000
336.45,3.139,10000000
336.46,2.964,10000000
336.47,3.095,10000000
336.48,3.051,10000000
336.49,2.964,10000000
336.5,3.007,10000000
336.51,3.095,10000000
336.52,3.007,10000000
336.53,3.051,10000000
336.54,3.095,10000000
336.55,3.139,10000000
336.56,3.095,10000000
336.57,3.139,10000000
336.58,3.007,10000000
336.59,2.92,10000000
336.6,3.007,10000000
336.61,2.964,10000000
336.62,3.139,10000000
336.63,3.051,10000000
336.64,2.92,10000000
336.65,3.007,10000000
336.66,3.007,10000000
336.67,3.139,10000000
336.68,3.183,10000000
336.69,3.183,10000000
336.7,3.095,10000000
336.71,3.007,10000000
336.72,3.183,10000000
336.73,3.007,10000000
336.74,3.007,10000000
336.75,3.051,10000000
336.76,3.051,10000000
336.77,3.007,10000000
336.78,3.139,10000000
336.79,2.964,10000000
336.8,2.964,10000000
336.81,2.964,10000000
336.82,3.007,10000000
336.83,3.139,10000000
336.84,3.095,10000000
336.85,3.051,10000000
336.86,3.139,10000000
336.87,3.139,10000000
336.88,3.139,10000000
336.89,2.92,10000000
336.9,3.051,10000000
336.91,2.92,10000000
336.92,3.007,10000000
336.93,2.832,10000000
336.94,3.007,10000000
336.95,3.051,10000000
336.96,2.964,10000000
336.97,2.876,10000000
336.98,2.92,10000000
336.99,3.139,10000000
337,3.007,10000000
337.01,3.095,10000000
337.02,3.051,10000000
337.03,3.095,10000000
337.04,3.095,10000000
337.05,3.051,10000000
337.06,3.007,10000000
337.07,2.92,10000000
337.08,3.183,10000000
337.09,3.051,10000000
337.1,3.227,10000000
337.11,3.183,10000000
337.12,3.183,10000000
337.13,3.051,10000000
337.14,2.92,10000000
337.15,3.007,10000000
337.16,3.095,10000000
337.17,2.832,10000000
337.18,3.051,10000000
337.19,3.139,10000000
337.2,3.183,10000000
337.21,3.051,10000000
337.22,3.007,10000000
337.23,3.139,10000000
337.24,2.92,10000000
337.25,2.92,10000000
337.26,3.095,10000000
337.27,2.964,10000000
337.28,3.051,10000000
337.29,3.007,10000000
337.3,3.007,10000000
337.31,2.964,10000000
337.32,3.007,10000000
337.33,3.051,10000000
337.34,3.227,10000000
337.35,3.227,10000000
337.36,3.139,10000000
337.37,3.227,10000000
337.38,3.227,10000000
337.39,3.139,10000000
337.4,3.183,10000000
337.41,3.139,10000000
337.42,3.095,10000000
337.43,3.051,10000000
337.44,3.139,10000000
337.45,3.051,10000000
337.46,2.964,10000000
337.47,2.92,10000000
337.48,3.139,10000000
337.49,3.139,10000000
337.5,3.051,10000000
337.51,3.095,10000000
337.52,2.788,10000000
337.53,3.051,10000000
337.54,2.964,10000000
337.55,2.832,10000000
337.56,2.92,10000000
337.57,2.876,10000000
337.58,2.964,10000000
337.59,2.964,10000000
337.6,2.744,10000000
337.61,3.095,10000000
337.62,3.051,10000000
337.63,2.92,10000000
337.64,3.051,10000000
337.65,3.095,10000000
337.66,3.051,10000000
337.67,3.095,10000000
337.68,3.139,10000000
337.69,3.139,10000000
337.7,3.051,10000000
337.71,2.964,10000000
337.72,3.095,10000000
337.73,3.051,10000000
337.74,3.139,10000000
337.75,3.051,10000000
337.76,2.964,10000000
337.77,2.876,10000000
337.78,2.92,10000000
337.79,3.139,10000000
337.8,3.007,10000000
337.81,3.051,10000000
337.82,3.007,10000000
337.83,3.095,10000000
337.84,3.051,10000000
337.85,3.007,10000000
337.86,3.051,10000000
337.87,3.139,10000000
337.88,2.964,10000000
337.89,2.92,10000000
337.9,3.007,10000000
337.91,3.095,10000000
337.92,3.183,10000000
337.93,2.832,10000000
337.94,3.007,10000000
337.95,3.007,10000000
337.96,3.183,10000000
337.97,3.095,10000000
337.98,3.095,10000000
337.99,3.095,10000000
338,3.183,10000000
338.01,3.095,10000000
338.02,2.964,10000000
338.03,3.051,10000000
338.04,2.964,10000000
338.05,2.964,10000000
338.06,3.007,10000000
338.07,3.139,10000000
338.08,3.051,10000000
338.09,2.964,10000000
338.1,3.095,10000000
338.11,3.007,10000000
338.12,3.051,10000000
338.13,2.964,10000000
338.14,3.051,10000000
338.15,3.051,10000000
338.16,3.051,10000000
338.17,2.832,10000000
338.18,3.007,10000000
338.19,3.139,10000000
338.2,3.139,10000000
338.21,3.007,10000000
338.22,3.007,10000000
338.23,3.007,10000000
338.24,2.964,10000000
338.25,3.139,10000000
338.26,3.007,10000000
338.27,3.051,10000000
338.28,3.183,10000000
338.29,3.007,10000000
338.3,2.964,10000000
338.31,3.051,10000000
338.32,3.095,10000000
338.33,3.139,10000000
338.34,3.007,10000000
338.35,3.095,10000000
338.36,3.095,10000000
338.37,3.051,10000000
338.38,2.964,10000000
338.39,3.051,10000000
338.4,3.007,10000000
338.41,3.007,10000000
338.42,2.964,10000000
338.43,3.007,10000000
338.44,3.139,10000000
338.45,3.051,10000000
338.46,2.964,10000000
338.47,3.095,10000000
338.48,3.051,10000000
338.49,3.139,10000000
338.5,3.095,10000000
338.51,3.227,10000000
338.52,3.051,10000000
338.53,3.139,10000000
338.54,3.051,10000000
338.55,3.095,10000000
338.56,3.007,10000000
338.57,3.051,10000000
338.58,3.051,10000000
338.59,3.007,10000000
338.6,2.92,10000000
338.61,2.876,10000000
338.62,3.007,10000000
338.63,2.92,10000000
338.64,3.007,10000000
338.65,3.051,10000000
338.66,2.876,10000000
338.67,2.92,10000000
338.68,3.007,10000000
338.69,2.92,10000000
338.7,3.051,10000000
338.71,2.832,10000000
338.72,2.92,10000000
338.73,2.964,10000000
338.74,3.051,10000000
338.75,3.007,10000000
338.76,3.139,10000000
338.77,2.92,10000000
338.78,3.007,10000000
338.79,3.227,10000000
338.8,3.051,10000000
338.81,3.139,10000000
338.82,2.92,10000000
338.83,3.007,10000000
338.84,3.007,10000000
338.85,3.007,10000000
338.86,3.095,10000000
338.87,3.007,10000000
338.88,3.007,10000000
338.89,2.92,10000000
338.9,2.964,10000000
338.91,2.92,10000000
338.92,3.139,10000000
338.93,3.007,10000000
338.94,3.095,10000000
338.95,3.051,10000000
338.96,3.051,10000000
338.97,3.139,10000000
338.98,3.095,10000000
338.99,3.051,10000000
339,3.051,10000000
339.01,2.964,10000000
339.02,3.139,10000000
339.03,3.095,10000000
339.04,3.183,10000000
339.05,3.095,10000000
339.06,2.964,10000000
339.07,3.051,10000000
339.08,3.095,10000000
339.09,3.183,10000000
339.1,2.964,10000000
339.11,2.964,10000000
339.12,3.095,10000000
339.13,3.007,10000000
339.14,3.051,10000000
339.15,2.92,10000000
339.16,3.051,10000000
339.17,3.139,10000000
339.18,3.095,10000000
339.19,3.095,10000000
339.2,3.051,10000000
339.21,3.051,10000000
339.22,2.964,10000000
339.23,3.051,10000000
339.24,3.139,10000000
339.25,3.183,10000000
339.26,3.007,10000000
339.27,3.007,10000000
339.28,3.051,10000000
339.29,3.139,10000000
339.3,3.007,10000000
339.31,2.964,10000000
339.32,2.964,10000000
339.33,3.051,10000000
339.34,3.051,10000000
339.35,2.876,10000000
339.36,2.964,10000000
339.37,3.095,10000000
339.38,3.007,10000000
339.39,3.095,10000000
339.4,3.051,10000000
339.41,3.051,10000000
339.42,3.007,10000000
339.43,2.964,10000000
339.44,3.051,10000000
339.45,3.007,10000000
339.46,3.051,10000000
339.47,3.007,10000000
339.48,3.007,10000000
339.49,2.876,10000000
339.5,3.007,10000000
339.51,2.832,10000000
339.52,2.876,10000000
339.53,2.964,10000000
339.54,3.007,10000000
339.55,2.92,10000000
339.56,2.832,10000000
339.57,2.788,10000000
339.58,3.139,10000000
339.59,2.964,10000000
339.6,3.139,10000000
339.61,3.139,10000000
339.62,3.007,10000000
339.63,3.051,10000000
339.64,3.095,10000000
339.65,3.007,10000000
339.66,3.095,10000000
339.67,3.095,10000000
339.68,3.095,10000000
339.69,3.007,10000000
339.7,3.007,10000000
339.71,2.964,10000000
339.72,3.007,10000000
339.73,2.964,10000000
339.74,3.007,10000000
339.75,3.007,10000000
339.76,3.095,10000000
339.77,3.139,10000000
339.78,3.095,10000000
339.79,3.095,10000000
339.8,2.964,10000000
339.81,3.095,10000000
339.82,2.92,10000000
339.83,2.92,10000000
339.84,2.832,10000000
339.85,2.964,10000000
339.86,3.139,10000000
339.87,3.007,10000000
339.88,3.139,10000000
339.89,3.139,10000000
339.9,2.964,10000000
339.91,3.139,10000000
339.92,3.007,10000000
339.93,3.095,10000000
339.94,3.139,10000000
339.95,3.007,10000000
339.96,3.095,10000000
339.97,3.095,10000000
339.98,3.183,10000000
339.99,3.051,10000000
340,3.227,10000000
340.01,3.051,10000000
340.02,3.315,10000000
340.03,3.183,10000000
340.04,3.139,10000000
340.05,3.095,10000000
340.06,3.183,10000000
340.07,3.139,10000000
340.08,3.051,10000000
340.09,3.007,10000000
340.1,3.095,10000000
340.11,3.095,10000000
340.12,3.007,10000000
340.13,2.876,10000000
340.14,3.051,10000000
340.15,2.92,10000000
340.16,3.095,10000000
340.17,3.051,10000000
340.18,3.007,10000000
340.19,3.051,10000000
340.2,3.051,10000000
340.21,3.051,10000000
340.22,3.007,10000000
340.23,3.007,10000000
340.24,3.007,10000000
340.25,2.964,10000000
340.26,3.007,10000000
340.27,3.051,10000000
340.28,2.964,10000000
340.29,2.92,10000000
340.3,2.964,10000000
340.31,2.92,10000000
340.32,3.095,10000000
340.33,3.139,10000000
340.34,3.183,10000000
340.35,3.183,10000000
340.36,3.095,10000000
340.37,3.183,10000000
340.38,3.271,10000000
340.39,3.227,10000000
340.4,3.227,10000000
340.41,3.315,10000000
340.42,3.271,10000000
340.43,3.051,10000000
340.44,3.095,10000000
340.45,3.007,10000000
340.46,3.095,10000000
340.47,3.051,10000000
340.48,3.051,10000000
340.49,3.139,10000000
340.5,3.007,10000000
340.51,3.095,10000000
340.52,3.007,10000000
340.53,3.051,10000000
340.54,3.095,10000000
340.55,3.139,10000000
340.56,3.051,10000000
340.57,3.007,10000000
340.58,3.051,10000000
340.59,3.139,10000000
340.6,2.876,10000000
340.61,3.051,10000000
340.62,3.051,10000000
340.63,3.051,10000000
340.64,3.051,10000000
340.65,3.051,10000000
340.66,2.92,10000000
340.67,3.007,10000000
340.68,3.095,10000000
340.69,3.051,10000000
340.7,3.139,10000000
340.71,2.964,10000000
340.72,2.964,10000000
340.73,3.095,10000000
340.74,3.095,10000000
340.75,3.139,10000000
340.76,3.139,10000000
340.77,3.139,10000000
340.78,3.007,10000000
340.79,3.007,10000000
340.8,3.139,10000000
340.81,3.095,10000000
340.82,2.964,10000000
340.83,3.007,10000000
340.84,3.007,10000000
340.85,2.92,10000000
340.86,3.095,10000000
340.87,3.007,10000000
340.88,3.139,10000000
340.89,2.964,10000000
340.9,2.832,10000000
340.91,2.832,10000000
340.92,3.007,10000000
340.93,3.095,10000000
340.94,2.964,10000000
340.95,3.139,10000000
340.96,3.139,10000000
340.97,3.139,10000000
340.98,3.007,10000000
340.99,3.139,10000000
341,3.095,10000000
341.01,2.92,10000000
341.02,3.139,10000000
341.03,3.007,10000000
341.04,3.007,10000000
341.05,3.095,10000000
341.06,3.051,10000000
341.07,3.095,10000000
341.08,3.051,10000000
341.09,3.095,10000000
341.1,3.139,10000000
341.11,3.007,10000000
341.12,2.964,10000000
341.13,3.095,10000000
341.14,3.007,10000000
341.15,3.139,10000000
341.16,3.051,10000000
341.17,3.051,10000000
341.18,3.183,10000000
341.19,3.139,10000000
341.2,3.007,10000000
341.21,3.095,10000000
341.22,3.007,10000000
341.23,3.139,10000000
341.24,3.007,10000000
341.25,3.051,10000000
341.26,3.007,10000000
341.27,3.007,10000000
341.28,3.051,10000000
341.29,3.095,10000000
341.3,3.051,10000000
341.31,3.139,10000000
341.32,3.095,10000000
341.33,3.095,10000000
341.34,3.183,10000000
341.35,3.007,10000000
341.36,3.095,10000000
341.37,3.139,10000000
341.38,2.964,10000000
341.39,2.92,10000000
341.4,2.92,10000000
341.41,2.92,10000000
341.42,3.007,10000000
341.43,3.051,10000000
341.44,3.007,10000000
341.45,3.007,10000000
341.46,3.051,10000000
341.47,2.964,10000000
341.48,2.964,10000000
341.49,2.964,10000000
341.5,3.139,10000000
341.51,2.964,10000000
341.52,3.139,10000000
341.53,3.007,10000000
341.54,3.051,10000000
341.55,3.051,10000000
341.56,3.139,10000000
341.57,3.139,10000000
341.58,3.183,10000000
341.59,3.051,10000000
341.6,3.007,10000000
341.61,3.139,10000000
341.62,3.007,10000000
341.63,2.92,10000000
341.64,3.007,10000000
341.65,2.964,10000000
341.66,3.007,10000000
341.67,3.139,10000000
341.68,3.095,10000000
341.69,2.92,10000000
341.7,2.964,10000000
341.71,2.92,10000000
341.72,2.92,10000000
341.73,2.964,10000000
341.74,3.051,10000000
341.75,3.051,10000000
341.76,2.92,10000000
341.77,2.92,10000000
341.78,3.051,10000000
341.79,3.007,10000000
341.8,2.876,10000000
341.81,3.051,10000000
341.82,3.007,10000000
341.83,3.139,10000000
341.84,2.92,10000000
341.85,3.139,10000000
341.86,3.139,10000000
341.87,2.964,10000000
341.88,3.183,10000000
341.89,2.964,10000000
341.9,2.92,10000000
341.91,3.095,10000000
341.92,2.876,10000000
341.93,3.139,10000000
341.94,3.051,10000000
341.95,3.051,10000000
341.96,3.007,10000000
341.97,3.139,10000000
341.98,3.139,10000000
341.99,3.007,10000000
342,2.92,10000000
342.01,2.964,10000000
342.02,3.095,10000000
342.03,3.007,10000000
342.04,3.095,10000000
342.05,2.92,10000000
342.06,3.095,10000000
342.07,3.051,10000000
342.08,3.139,10000000
342.09,2.92,10000000
342.1,3.051,10000000
342.11,3.051,10000000
342.12,3.227,10000000
342.13,3.095,10000000
342.14,3.139,10000000
342.15,2.964,10000000
342.16,3.051,10000000
342.17,3.139,10000000
342.18,2.964,10000000
342.19,3.051,10000000
342.2,3.183,10000000
342.21,3.051,10000000
342.22,3.139,10000000
342.23,3.051,10000000
342.24,3.051,10000000
342.25,3.095,10000000
342.26,3.095,10000000
342.27,3.095,10000000
342.28,3.007,10000000
342.29,2.876,10000000
342.3,3.007,10000000
342.31,3.139,10000000
342.32,2.964,10000000
342.33,3.095,10000000
342.34,2.964,10000000
342.35,3.051,10000000
342.36,3.007,10000000
342.37,3.051,10000000
342.38,3.051,10000000
342.39,3.007,10000000
342.4,3.139,10000000
342.41,3.095,10000000
342.42,3.139,10000000
342.43,3.139,10000000
342.44,3.139,10000000
342.45,3.095,10000000
342.46,3.139,10000000
342.47,3.227,10000000
342.48,3.095,10000000
342.49,3.183,10000000
342.5,3.095,10000000
342.51,3.007,10000000
342.52,3.095,10000000
342.53,2.964,10000000
342.54,3.051,10000000
342.55,3.007,10000000
342.56,3.095,10000000
342.57,3.051,10000000
342.58,3.139,10000000
342.59,3.095,10000000
342.6,3.007,10000000
342.61,3.007,10000000
342.62,3.051,10000000
342.63,3.139,10000000
342.64,3.007,10000000
342.65,3.051,10000000
342.66,3.095,10000000
342.67,3.095,10000000
342.68,3.139,10000000
342.69,3.051,10000000
342.7,3.007,10000000
342.71,3.139,10000000
342.72,3.007,10000000
342.73,3.051,10000000
342.74,2.92,10000000
342.75,3.007,10000000
342.76,2.964,10000000
342.77,2.876,10000000
342.78,3.051,10000000
342.79,2.92,10000000
342.8,3.051,10000000
342.81,2.964,10000000
342.82,3.007,10000000
342.83,2.92,10000000
342.84,3.051,10000000
342.85,3.139,10000000
342.86,3.095,10000000
342.87,3.007,10000000
342.88,3.007,10000000
342.89,3.051,10000000
342.9,2.92,10000000
342.91,3.139,10000000
342.92,3.051,10000000
342.93,3.139,10000000
342.94,3.051,10000000
342.95,3.051,10000000
342.96,3.183,10000000
342.97,3.139,10000000
342.98,3.227,10000000
342.99,3.007,10000000
343,3.095,10000000
343.01,2.964,10000000
343.02,2.964,10000000
343.03,2.92,10000000
343.04,2.876,10000000
343.05,3.139,10000000
343.06,3.139,10000000
343.07,3.095,10000000
343.08,3.271,10000000
343.09,3.183,10000000
343.1,3.095,10000000
343.11,3.139,10000000
343.12,3.007,10000000
343.13,2.964,10000000
343.14,3.007,10000000
343.15,3.051,10000000
343.16,3.007,10000000
343.17,3.095,10000000
343.18,3.051,10000000
343.19,3.227,10000000
343.2,3.007,10000000
343.21,3.051,10000000
343.22,3.139,10000000
343.23,2.964,10000000
343.24,3.007,10000000
343.25,2.964,10000000
343.26,3.051,10000000
343.27,3.139,10000000
343.28,2.92,10000000
343.29,3.007,10000000
343.3,2.964,10000000
343.31,3.095,10000000
343.32,3.051,10000000
343.33,3.051,10000000
343.34,3.051,10000000
343.35,3.139,10000000
343.36,3.139,10000000
343.37,3.139,10000000
343.38,3.007,10000000
343.39,3.007,10000000
343.4,3.007,10000000
343.41,3.139,10000000
343.42,2.92,10000000
343.43,3.183,10000000
343.44,3.095,10000000
343.45,3.139,10000000
343.46,3.095,10000000
343.47,3.051,10000000
343.48,3.051,10000000
343.49,3.183,10000000
343.5,3.051,10000000
343.51,3.007,10000000
343.52,3.095,10000000
343.53,2.964,10000000
343.54,3.051,10000000
343.55,2.92,10000000
343.56,3.051,10000000
343.57,2.876,10000000
343.58,2.92,10000000
343.59,3.007,10000000
343.6,2.92,10000000
343.61,2.964,10000000
343.62,3.095,10000000
343.63,2.964,10000000
343.64,3.051,10000000
343.65,2.92,10000000
343.66,3.183,10000000
343.67,3.227,10000000
343.68,3.095,10000000
343.69,3.007,10000000
343.7,2.92,10000000
343.71,2.92,10000000
343.72,2.92,10000000
343.73,2.92,10000000
343.74,2.964,10000000
343.75,3.139,10000000
343.76,3.051,10000000
343.77,3.051,10000000
343.78,3.051,10000000
343.79,2.92,10000000
343.8,3.051,10000000
343.81,3.051,10000000
343.82,3.007,10000000
343.83,2.964,10000000
343.84,3.051,10000000
343.85,3.007,10000000
343.86,3.095,10000000
343.87,2.964,10000000
343.88,2.964,10000000
343.89,3.139,10000000
343.9,3.051,10000000
343.91,2.92,10000000
343.92,3.051,10000000
343.93,3.095,10000000
343.94,3.139,10000000
343.95,3.271,10000000
343.96,3.051,10000000
343.97,3.227,10000000
343.98,3.007,10000000
343.99,3.139,10000000
344,3.227,10000000
344.01,3.139,10000000
344.02,3.051,10000000
344.03,3.095,10000000
344.04,3.139,10000000
344.05,3.139,10000000
344.06,3.007,10000000
344.07,3.095,10000000
344.08,2.964,10000000
344.09,3.051,10000000
344.1,3.183,10000000
344.11,3.051,10000000
344.12,2.964,10000000
344.13,3.007,10000000
344.14,3.139,10000000
344.15,2.964,10000000
344.16,2.92,10000000
344.17,2.964,10000000
344.18,3.139,10000000
344.19,2.964,10000000
344.2,3.227,10000000
344.21,3.139,10000000
344.22,3.007,10000000
344.23,3.051,10000000
344.24,2.964,10000000
344.25,3.051,10000000
344.26,3.139,10000000
344.27,3.051,10000000
344.28,3.139,10000000
344.29,3.051,10000000
344.3,3.007,10000000
344.31,2.92,10000000
344.32,2.92,10000000
344.33,2.964,10000000
344.34,2.876,10000000
344.35,3.051,10000000
344.36,2.964,10000000
344.37,3.007,10000000
344.38,3.051,10000000
344.39,3.095,10000000
344.4,3.051,10000000
344.41,3.183,10000000
344.42,3.139,10000000
344.43,3.007,10000000
344.44,3.139,10000000
344.45,3.007,10000000
344.46,3.007,10000000
344.47,3.007,10000000
344.48,2.964,10000000
344.49,3.007,10000000
344.5,3.095,10000000
344.51,3.139,10000000
344.52,2.92,10000000
344.53,3.007,10000000
344.54,3.007,10000000
344.55,3.139,10000000
344.56,3.007,10000000
344.57,3.051,10000000
344.58,2.964,10000000
344.59,3.051,10000000
344.6,3.183,10000000
344.61,3.095,10000000
344.62,3.139,10000000
344.63,3.139,10000000
344.64,3.095,10000000
344.65,3.183,10000000
344.66,3.095,10000000
344.67,3.051,10000000
344.68,3.007,10000000
344.69,3.095,10000000
344.7,3.051,10000000
344.71,2.876,10000000
344.72,2.92,10000000
344.73,3.051,10000000
344.74,2.964,10000000
344.75,3.007,10000000
344.76,3.051,10000000
344.77,3.051,10000000
344.78,3.051,10000000
344.79,3.007,10000000
344.8,3.095,10000000
344.81,3.007,10000000
344.82,3.139,10000000
344.83,2.92,10000000
344.84,3.051,10000000
344.85,3.007,10000000
344.86,3.139,10000000
344.87,3.271,10000000
344.88,3.095,10000000
344.89,3.051,10000000
344.9,3.051,10000000
344.91,3.183,10000000
344.92,3.139,10000000
344.93,3.139,10000000
344.94,3.183,10000000
344.95,3.095,10000000
344.96,3.095,10000000
344.97,3.183,10000000
344.98,3.095,10000000
344.99,3.051,10000000
345,3.007,10000000
345.01,3.007,10000000
345.02,3.051,10000000
345.03,3.007,10000000
345.04,3.095,10000000
345.05,3.051,10000000
345.06,2.964,10000000
345.07,2.92,10000000
345.08,3.139,10000000
345.09,3.139,10000000
345.1,2.964,10000000
345.11,3.051,10000000
345.12,3.051,10000000
345.13,3.051,10000000
345.14,3.139,10000000
345.15,3.095,10000000
345.16,2.964,10000000
345.17,3.095,10000000
345.18,3.051,10000000
345.19,3.051,10000000
345.2,3.007,10000000
345.21,2.92,10000000
345.22,3.051,10000000
345.23,3.095,10000000
345.24,3.139,10000000
345.25,3.227,10000000
345.26,3.051,10000000
345.27,3.051,10000000
345.28,3.051,10000000
345.29,3.095,10000000
345.3,2.964,10000000
345.31,3.095,10000000
345.32,3.139,10000000
345.33,3.139,10000000
345.34,3.315,10000000
345.35,3.095,10000000
345.36,3.051,10000000
345.37,3.007,10000000
345.38,3.007,10000000
345.39,3.139,10000000
345.4,3.183,10000000
345.41,3.051,10000000
345.42,3.139,10000000
345.43,3.051,10000000
345.44,3.183,10000000
345.45,3.139,10000000
345.46,3.139,10000000
345.47,3.051,10000000
345.48,3.139,10000000
345.49,3.095,10000000
345.5,3.139,10000000
345.51,2.964,10000000
345.52,2.876,10000000
345.53,2.964,10000000
345.54,3.139,10000000
345.55,3.139,10000000
345.56,3.139,10000000
345.57,3.139,10000000
345.58,3.051,10000000
345.59,3.051,10000000
345.6,2.92,10000000
345.61,3.007,10000000
345.62,3.139,10000000
345.63,3.007,10000000
345.64,3.007,10000000
345.65,2.876,10000000
345.66,2.92,10000000
345.67,2.92,10000000
345.68,2.964,10000000
345.69,3.095,10000000
345.7,3.051,10000000
345.71,3.095,10000000
345.72,3.139,10000000
345.73,3.227,10000000
345.74,3.183,10000000
345.75,3.139,10000000
345.76,3.007,10000000
345.77,3.051,10000000
345.78,3.095,10000000
345.79,3.095,10000000
345.8,3.007,10000000
345.81,2.876,10000000
345.82,3.007,10000000
345.83,2.964,10000000
345.84,2.964,10000000
345.85,3.007,10000000
345.86,3.095,10000000
345.87,3.095,10000000
345.88,3.095,10000000
345.89,3.051,10000000
345.9,3.139,10000000
345.91,3.139,10000000
345.92,3.007,10000000
345.93,3.007,10000000
345.94,2.964,10000000
345.95,3.095,10000000
345.96,3.095,10000000
345.97,3.139,10000000
345.98,3.139,10000000
345.99,3.095,10000000
346,3.139,10000000
346.01,3.051,10000000
346.02,3.051,10000000
346.03,3.007,10000000
346.04,3.095,10000000
346.05,3.095,10000000
346.06,3.051,10000000
346.07,3.051,10000000
346.08,3.007,10000000
346.09,3.051,10000000
346.1,3.139,10000000
346.11,3.183,10000000
346.12,3.051,10000000
346.13,3.183,10000000
346.14,3.051,10000000
346.15,3.007,10000000
346.16,2.964,10000000
346.17,3.007,10000000
346.18,3.007,10000000
346.19,3.095,10000000
346.2,3.051,10000000
346.21,3.183,10000000
346.22,3.139,10000000
346.23,3.051,10000000
346.24,3.139,10000000
346.25,2.964,10000000
346.26,3.139,10000000
346.27,2.964,10000000
346.28,2.92,10000000
346.29,3.095,10000000
346.3,3.007,10000000
346.31,2.964,10000000
346.32,3.007,10000000
346.33,2.92,10000000
346.34,3.051,10000000
346.35,3.007,10000000
346.36,3.315,10000000
346.37,3.051,10000000
346.38,3.095,10000000
346.39,3.139,10000000
346.4,3.051,10000000
346.41,3.183,10000000
346.42,3.139,10000000
346.43,3.227,10000000
346.44,3.139,10000000
346.45,3.183,10000000
346.46,3.139,10000000
346.47,3.095,10000000
346.48,3.183,10000000
346.49,3.183,10000000
346.5,2.964,10000000
346.51,2.964,10000000
346.52,3.051,10000000
346.53,2.832,10000000
346.54,3.139,10000000
346.55,2.92,10000000
346.56,2.964,10000000
346.57,3.183,10000000
346.58,3.095,10000000
346.59,3.007,10000000
346.6,3.139,10000000
346.61,3.051,10000000
346.62,3.183,10000000
346.63,3.051,10000000
346.64,3.007,10000000
346.65,2.964,10000000
346.66,3.007,10000000
346.67,2.92,10000000
346.68,3.051,10000000
346.69,2.92,10000000
346.7,3.007,10000000
346.71,3.139,10000000
346.72,2.964,10000000
346.73,3.007,10000000
346.74,2.92,10000000
346.75,3.007,10000000
346.76,2.832,10000000
346.77,3.007,10000000
346.78,3.007,10000000
346.79,3.315,10000000
346.8,3.007,10000000
346.81,3.139,10000000
346.82,3.007,10000000
346.83,2.92,10000000
346.84,3.139,10000000
346.85,3.139,10000000
346.86,3.007,10000000
346.87,2.964,10000000
346.88,3.051,10000000
346.89,2.964,10000000
346.9,2.92,10000000
346.91,3.051,10000000
346.92,3.095,10000000
346.93,2.964,10000000
346.94,2.92,10000000
346.95,3.007,10000000
346.96,3.139,10000000
346.97,2.92,10000000
346.98,3.007,10000000
346.99,2.964,10000000
347,2.964,10000000
347.01,2.92,10000000
347.02,3.007,10000000
347.03,3.095,10000000
347.04,3.139,10000000
347.05,3.007,10000000
347.06,3.051,10000000
347.07,3.051,10000000
347.08,3.007,10000000
347.09,3.095,10000000
347.1,2.832,10000000
347.11,2.92,10000000
347.12,3.139,10000000
347.13,3.007,10000000
347.14,3.095,10000000
347.15,3.139,10000000
347.16,3.139,10000000
347.17,3.139,10000000
347.18,3.183,10000000
347.19,2.964,10000000
347.2,3.051,10000000
347.21,3.051,10000000
347.22,3.139,10000000
347.23,3.095,10000000
347.24,3.051,10000000
347.25,3.139,10000000
347.26,3.095,10000000
347.27,3.139,10000000
347.28,3.227,10000000
347.29,3.271,10000000
347.3,3.051,10000000
347.31,3.227,10000000
347.32,3.007,10000000
347.33,3.227,10000000
347.34,3.139,10000000
347.35,3.095,10000000
347.36,3.227,10000000
347.37,3.139,10000000
347.38,3.007,10000000
347.39,3.007,10000000
347.4,3.007,10000000
347.41,2.92,10000000
347.42,3.051,10000000
347.43,2.92,10000000
347.44,3.007,10000000
347.45,2.876,10000000
347.46,3.007,10000000
347.47,3.007,10000000
347.48,3.095,10000000
347.49,3.007,10000000
347.5,3.051,10000000
347.51,3.007,10000000
347.52,2.92,10000000
347.53,3.139,10000000
347.54,3.007,10000000
347.55,3.227,10000000
347.56,3.139,10000000
347.57,2.964,10000000
347.58,2.964,10000000
347.59,3.007,10000000
347.6,3.095,10000000
347.61,2.92,10000000
347.62,3.095,10000000
347.63,2.876,10000000
347.64,3.007,10000000
347.65,3.007,10000000
347.66,3.095,10000000
347.67,3.051,10000000
347.68,3.139,10000000
347.69,3.095,10000000
347.7,3.007,10000000
347.71,2.92,10000000
347.72,3.095,10000000
347.73,3.183,10000000
347.74,3.139,10000000
347.75,3.007,10000000
347.76,3.007,10000000
347.77,3.051,10000000
347.78,3.139,10000000
347.79,3.007,10000000
347.8,3.095,10000000
347.81,3.139,10000000
347.82,2.964,10000000
347.83,3.007,10000000
347.84,3.095,10000000
347.85,2.92,10000000
347.86,3.007,10000000
347.87,3.007,10000000
347.88,3.227,10000000
347.89,3.139,10000000
347.9,2.964,10000000
347.91,3.051,10000000
347.92,3.051,10000000
347.93,2.964,10000000
347.94,2.876,10000000
347.95,3.095,10000000
347.96,3.139,10000000
347.97,3.051,10000000
347.98,3.051,10000000
347.99,3.007,10000000
348,2.964,10000000
348.01,3.051,10000000
348.02,3.183,10000000
348.03,3.139,10000000
348.04,3.227,10000000
348.05,3.095,10000000
348.06,3.095,10000000
348.07,3.051,10000000
348.08,3.139,10000000
348.09,3.183,10000000
348.1,3.051,10000000
348.11,3.139,10000000
348.12,2.964,10000000
348.13,3.007,10000000
348.14,3.139,10000000
348.15,3.051,10000000
348.16,3.095,10000000
348.17,3.139,10000000
348.18,3.095,10000000
348.19,3.051,10000000
348.2,2.92,10000000
348.21,2.744,10000000
348.22,3.139,10000000
348.23,3.051,10000000
348.24,3.007,10000000
348.25,3.095,10000000
348.26,3.007,10000000
348.27,3.007,10000000
348.28,2.832,10000000
348.29,3.095,10000000
348.3,3.183,10000000
348.31,3.051,10000000
348.32,3.139,10000000
348.33,3.007,10000000
348.34,3.007,10000000
348.35,3.095,10000000
348.36,3.139,10000000
348.37,2.964,10000000
348.38,3.007,10000000
348.39,3.095,10000000
348.4,3.007,10000000
348.41,2.876,10000000
348.42,2.964,10000000
348.43,3.051,10000000
348.44,2.876,10000000
348.45,2.964,10000000
348.46,3.007,10000000
348.47,3.227,10000000
348.48,3.095,10000000
348.49,3.007,10000000
348.5,2.92,10000000
348.51,3.271,10000000
348.52,3.139,10000000
348.53,3.183,10000000
348.54,3.139,10000000
348.55,3.051,10000000
348.56,3.051,10000000
348.57,3.007,10000000
348.58,3.095,10000000
348.59,3.007,10000000
348.6,3.051,10000000
348.61,2.964,10000000
348.62,3.007,10000000
348.63,3.051,10000000
348.64,3.007,10000000
348.65,3.051,10000000
348.66,3.095,10000000
348.67,3.007,10000000
348.68,3.007,10000000
348.69,3.095,10000000
348.7,3.139,10000000
348.71,3.139,10000000
348.72,3.007,10000000
348.73,3.271,10000000
348.74,3.139,10000000
348.75,3.139,10000000
348.76,3.315,10000000
348.77,3.139,10000000
348.78,3.139,10000000
348.79,2.964,10000000
348.8,3.139,10000000
348.81,3.139,10000000
348.82,3.051,10000000
348.83,2.964,10000000
348.84,3.095,10000000
348.85,3.051,10000000
348.86,3.051,10000000
348.87,3.183,10000000
348.88,3.051,10000000
348.89,3.139,10000000
348.9,3.095,10000000
348.91,3.051,10000000
348.92,3.007,10000000
348.93,3.007,10000000
348.94,3.051,10000000
348.95,3.051,10000000
348.96,3.051,10000000
348.97,3.139,10000000
348.98,3.095,10000000
348.99,3.095,10000000
349,3.227,10000000
349.01,3.271,10000000
349.02,3.095,10000000
349.03,3.051,10000000
349.04,3.315,10000000
349.05,3.051,10000000
349.06,3.095,10000000
349.07,2.92,10000000
349.08,3.183,10000000
349.09,2.964,10000000
349.1,3.183,10000000
349.11,3.139,10000000
349.12,3.139,10000000
349.13,3.007,10000000
349.14,3.007,10000000
349.15,3.007,10000000
349.16,3.183,10000000
349.17,3.051,10000000
349.18,2.92,10000000
349.19,3.095,10000000
349.2,3.095,10000000
349.21,3.007,10000000
349.22,3.007,10000000
349.23,2.92,10000000
349.24,3.051,10000000
349.25,3.007,10000000
349.26,3.095,10000000
349.27,2.92,10000000
349.28,3.095,10000000
349.29,3.095,10000000
349.3,2.964,10000000
349.31,3.007,10000000
349.32,2.876,10000000
349.33,2.876,10000000
349.34,2.964,10000000
349.35,3.051,10000000
349.36,3.007,10000000
349.37,2.832,10000000
349.38,3.095,10000000
349.39,3.139,10000000
349.4,3.007,10000000
349.41,3.095,10000000
349.42,3.007,10000000
349.43,2.92,10000000
349.44,3.139,10000000
349.45,3.227,10000000
349.46,3.139,10000000
349.47,3.051,10000000
349.48,3.051,10000000
349.49,3.095,10000000
349.5,3.227,10000000
349.51,3.095,10000000
349.52,2.964,10000000
349.53,3.315,10000000
349.54,3.095,10000000
349.55,3.051,10000000
349.56,2.964,10000000
349.57,3.007,10000000
349.58,2.92,10000000
349.59,3.007,10000000
349.6,3.007,10000000
349.61,2.832,10000000
349.62,3.139,10000000
349.63,3.139,10000000
349.64,3.227,10000000
349.65,3.007,10000000
349.66,3.007,10000000
349.67,3.095,10000000
349.68,3.051,10000000
349.69,3.095,10000000
349.7,3.095,10000000
349.71,2.92,10000000
349.72,3.095,10000000
349.73,3.139,10000000
349.74,3.139,10000000
349.75,3.051,10000000
349.76,3.139,10000000
349.77,3.007,10000000
349.78,2.92,10000000
349.79,3.139,10000000
349.8,3.007,10000000
349.81,3.139,10000000
349.82,2.92,10000000
349.83,3.183,10000000
349.84,3.007,10000000
349.85,3.183,10000000
349.86,3.007,10000000
349.87,3.095,10000000
349.88,3.051,10000000
349.89,2.876,10000000
349.9,3.095,10000000
349.91,3.007,10000000
349.92,3.051,10000000
349.93,3.007,10000000
349.94,3.095,10000000
349.95,3.051,10000000
349.96,2.92,10000000
349.97,3.051,10000000
349.98,3.051,10000000
349.99,3.051,10000000
350,3.007,10000000
350.01,3.007,10000000
350.02,2.92,10000000
350.03,3.139,10000000
350.04,2.964,10000000
350.05,2.876,10000000
350.06,2.92,10000000
350.07,2.876,10000000
350.08,3.051,10000000
350.09,2.92,10000000
350.1,3.095,10000000
350.11,3.139,10000000
350.12,3.139,10000000
350.13,3.139,10000000
350.14,3.007,10000000
350.15,3.051,10000000
350.16,2.876,10000000
350.17,3.139,10000000
350.18,3.051,10000000
350.19,3.007,10000000
350.2,2.92,10000000
350.21,3.007,10000000
350.22,2.964,10000000
350.23,3.051,10000000
350.24,3.007,10000000
350.25,2.92,10000000
350.26,3.051,10000000
350.27,2.964,10000000
350.28,2.92,10000000
350.29,3.007,10000000
350.3,3.051,10000000
350.31,3.051,10000000
350.32,3.183,10000000
350.33,3.139,10000000
350.34,2.92,10000000
350.35,2.832,10000000
350.36,3.007,10000000
350.37,3.139,10000000
350.38,3.139,10000000
350.39,3.051,10000000
350.4,3.051,10000000
350.41,3.051,10000000
350.42,3.051,10000000
350.43,2.92,10000000
350.44,3.139,10000000
350.45,3.007,10000000
350.46,3.051,10000000
350.47,3.139,10000000
350.48,2.964,10000000
350.49,3.051,10000000
350.5,3.139,10000000
350.51,3.139,10000000
350.52,3.095,10000000
350.53,3.051,10000000
350.54,3.095,10000000
350.55,3.095,10000000
350.56,3.051,10000000
350.57,3.051,10000000
350.58,2.92,10000000
350.59,3.227,10000000
350.6,2.876,10000000
350.61,2.964,10000000
350.62,3.051,10000000
350.63,2.964,10000000
350.64,3.095,10000000
350.65,3.007,10000000
350.66,2.92,10000000
350.67,3.051,10000000
350.68,2.964,10000000
350.69,3.051,10000000
350.7,3.051,10000000
350.71,3.139,10000000
350.72,3.007,10000000
350.73,2.92,10000000
350.74,2.964,10000000
350.75,3.007,10000000
350.76,3.007,10000000
350.77,3.007,10000000
350.78,2.876,10000000
350.79,2.964,10000000
350.8,3.095,10000000
350.81,2.964,10000000
350.82,3.095,10000000
350.83,3.095,10000000
350.84,3.051,10000000
350.85,3.095,10000000
350.86,3.051,10000000
350.87,3.007,10000000
350.88,2.92,10000000
350.89,3.007,10000000
350.9,2.92,10000000
350.91,3.095,10000000
350.92,2.832,10000000
350.93,3.095,10000000
350.94,3.051,10000000
350.95,3.051,10000000
350.96,3.051,10000000
350.97,3.007,10000000
350.98,3.007,10000000
350.99,3.007,10000000
351,3.007,10000000
351.01,2.92,10000000
351.02,3.183,10000000
351.03,3.139,10000000
351.04,3.007,10000000
351.05,2.964,10000000
351.06,3.183,10000000
351.07,3.051,10000000
351.08,3.183,10000000
351.09,3.139,10000000
351.1,3.183,10000000
351.11,3.227,10000000
351.12,3.183,10000000
351.13,3.007,10000000
351.14,3.183,10000000
351.15,3.183,10000000
351.16,3.095,10000000
351.17,3.139,10000000
351.18,3.095,10000000
351.19,3.007,10000000
351.2,3.007,10000000
351.21,2.92,10000000
351.22,3.007,10000000
351.23,3.007,10000000
351.24,2.876,10000000
351.25,3.007,10000000
351.26,3.095,10000000
351.27,3.095,10000000
351.28,3.051,10000000
351.29,3.183,10000000
351.3,3.051,10000000
351.31,3.095,10000000
351.32,3.183,10000000
351.33,3.095,10000000
351.34,3.095,10000000
351.35,2.92,10000000
351.36,2.964,10000000
351.37,3.007,10000000
351.38,2.964,10000000
351.39,3.139,10000000
351.4,3.095,10000000
351.41,3.139,10000000
351.42,3.095,10000000
351.43,3.139,10000000
351.44,3.051,10000000
351.45,3.007,10000000
351.46,3.051,10000000
351.47,3.051,10000000
351.48,2.876,10000000
351.49,2.964,10000000
351.5,3.051,10000000
351.51,3.007,10000000
351.52,3.051,10000000
351.53,3.051,10000000
351.54,3.139,10000000
351.55,3.271,10000000
351.56,3.007,10000000
351.57,3.095,10000000
351.58,3.095,10000000
351.59,3.139,10000000
351.6,3.095,10000000
351.61,3.051,10000000
351.62,2.92,10000000
351.63,2.876,10000000
351.64,3.139,10000000
351.65,3.051,10000000
351.66,3.095,10000000
351.67,3.007,10000000
351.68,3.227,10000000
351.69,3.095,10000000
351.7,3.051,10000000
351.71,3.051,10000000
351.72,3.095,10000000
351.73,3.007,10000000
351.74,2.92,10000000
351.75,3.007,10000000
351.76,3.007,10000000
351.77,3.095,10000000
351.78,3.139,10000000
351.79,3.095,10000000
351.8,3.139,10000000
351.81,3.007,10000000
351.82,3.051,10000000
351.83,3.007,10000000
351.84,2.964,10000000
351.85,3.139,10000000
351.86,3.007,10000000
351.87,2.92,10000000
351.88,2.964,10000000
351.89,3.095,10000000
351.9,2.964,10000000
351.91,2.92,10000000
351.92,2.964,10000000
351.93,3.007,10000000
351.94,3.051,10000000
351.95,2.964,10000000
351.96,2.876,10000000
351.97,3.051,10000000
351.98,2.92,10000000
351.99,3.007,10000000
352,3.007,10000000
352.01,3.007,10000000
352.02,2.964,10000000
352.03,2.92,10000000
352.04,2.964,10000000
352.05,2.964,10000000
352.06,3.139,10000000
352.07,3.051,10000000
352.08,3.051,10000000
352.09,3.095,10000000
352.1,3.139,10000000
352.11,2.964,10000000
352.12,3.007,10000000
352.13,3.007,10000000
352.14,2.92,10000000
352.15,2.92,10000000
352.16,3.007,10000000
352.17,3.007,10000000
352.18,3.051,10000000
352.19,3.051,10000000
352.2,2.964,10000000
352.21,3.095,10000000
352.22,3.051,10000000
352.23,3.095,10000000
352.24,3.007,10000000
352.25,3.051,10000000
352.26,3.139,10000000
352.27,3.051,10000000
352.28,3.007,10000000
352.29,3.095,10000000
352.3,3.139,10000000
352.31,3.051,10000000
352.32,3.007,10000000
352.33,3.051,10000000
352.34,3.139,10000000
352.35,3.051,10000000
352.36,3.183,10000000
352.37,3.139,10000000
352.38,3.227,10000000
352.39,3.183,10000000
352.4,3.095,10000000
352.41,3.139,10000000
352.42,2.876,10000000
352.43,3.051,10000000
352.44,2.964,10000000
352.45,3.139,10000000
352.46,3.139,10000000
352.47,3.095,10000000
352.48,3.095,10000000
352.49,3.007,10000000
352.5,2.964,10000000
352.51,3.095,10000000
352.52,3.007,10000000
352.53,3.095,10000000
352.54,3.051,10000000
352.55,2.964,10000000
352.56,3.051,10000000
352.57,3.183,10000000
352.58,2.964,10000000
352.59,3.051,10000000
352.6,3.007,10000000
352.61,3.139,10000000
352.62,3.051,10000000
352.63,3.139,10000000
352.64,3.051,10000000
352.65,3.051,10000000
352.66,3.051,10000000
352.67,3.139,10000000
352.68,3.139,10000000
352.69,3.095,10000000
352.7,3.139,10000000
352.71,3.051,10000000
352.72,3.139,10000000
352.73,3.007,10000000
352.74,3.095,10000000
352.75,3.095,10000000
352.76,3.139,10000000
352.77,3.095,10000000
352.78,3.051,10000000
352.79,3.051,10000000
352.8,3.051,10000000
352.81,2.92,10000000
352.82,3.051,10000000
352.83,3.051,10000000
352.84,3.007,10000000
352.85,3.007,10000000
352.86,3.051,10000000
352.87,3.007,10000000
352.88,2.92,10000000
352.89,3.007,10000000
352.9,2.964,10000000
352.91,3.007,10000000
352.92,3.095,10000000
352.93,3.007,10000000
352.94,3.007,10000000
352.95,3.007,10000000
352.96,3.095,10000000
352.97,3.183,10000000
352.98,3.139,10000000
352.99,2.92,10000000
353,2.92,10000000
353.01,3.139,10000000
353.02,3.183,10000000
353.03,3.051,10000000
353.04,3.007,10000000
353.05,3.139,10000000
353.06,3.139,10000000
353.07,3.051,10000000
353.08,3.095,10000000
353.09,2.92,10000000
353.1,3.051,10000000
353.11,3.139,10000000
353.12,3.095,10000000
353.13,3.051,10000000
353.14,3.051,10000000
353.15,3.095,10000000
353.16,2.964,10000000
353.17,3.051,10000000
353.18,3.051,10000000
353.19,3.139,10000000
353.2,2.92,10000000
353.21,3.139,10000000
353.22,3.007,10000000
353.23,3.007,10000000
353.24,3.051,10000000
353.25,3.139,10000000
353.26,3.139,10000000
353.27,3.007,10000000
353.28,3.051,10000000
353.29,3.007,10000000
353.3,3.007,10000000
353.31,3.007,10000000
353.32,3.007,10000000
353.33,3.095,10000000
353.34,3.007,10000000
353.35,3.007,10000000
353.36,3.095,10000000
353.37,2.964,10000000
353.38,3.139,10000000
353.39,3.139,10000000
353.4,3.183,10000000
353.41,3.139,10000000
353.42,3.051,10000000
353.43,3.007,10000000
353.44,3.007,10000000
353.45,2.964,10000000
353.46,3.051,10000000
353.47,2.964,10000000
353.48,3.007,10000000
353.49,2.964,10000000
353.5,3.007,10000000
353.51,2.744,10000000
353.52,3.139,10000000
353.53,3.095,10000000
353.54,3.007,10000000
353.55,3.139,10000000
353.56,3.139,10000000
353.57,3.007,10000000
353.58,2.964,10000000
353.59,3.095,10000000
353.6,2.92,10000000
353.61,3.007,10000000
353.62,3.007,10000000
353.63,3.007,10000000
353.64,3.051,10000000
353.65,3.095,10000000
353.66,3.183,10000000
353.67,3.139,10000000
353.68,3.183,10000000
353.69,2.92,10000000
353.7,3.095,10000000
353.71,3.139,10000000
353.72,3.095,10000000
353.73,3.139,10000000
353.74,3.139,10000000
353.75,3.095,10000000
353.76,3.139,10000000
353.77,3.007,10000000
353.78,3.007,10000000
353.79,2.964,10000000
353.8,3.007,10000000
353.81,3.051,10000000
353.82,3.007,10000000
353.83,3.007,10000000
353.84,2.964,10000000
353.85,3.007,10000000
353.86,2.876,10000000
353.87,2.92,10000000
353.88,3.007,10000000
353.89,3.007,10000000
353.9,2.832,10000000
353.91,3.095,10000000
353.92,3.139,10000000
353.93,2.964,10000000
353.94,3.051,10000000
353.95,2.92,10000000
353.96,2.92,10000000
353.97,3.095,10000000
353.98,3.095,10000000
353.99,3.095,10000000
354,3.183,10000000
354.01,2.92,10000000
354.02,3.183,10000000
354.03,3.095,10000000
354.04,3.051,10000000
354.05,3.139,10000000
354.06,2.92,10000000
354.07,2.964,10000000
354.08,3.007,10000000
354.09,3.007,10000000
354.1,3.051,10000000
354.11,3.095,10000000
354.12,3.095,10000000
354.13,3.095,10000000
354.14,2.92,10000000
354.15,3.095,10000000
354.16,3.007,10000000
354.17,3.095,10000000
354.18,3.139,10000000
354.19,3.139,10000000
354.2,3.095,10000000
354.21,2.92,10000000
354.22,3.095,10000000
354.23,3.139,10000000
354.24,3.051,10000000
354.25,3.007,10000000
354.26,3.095,10000000
354.27,3.051,10000000
354.28,2.964,10000000
354.29,3.007,10000000
354.3,3.051,10000000
354.31,3.139,10000000
354.32,3.139,10000000
354.33,2.92,10000000
354.34,3.007,10000000
354.35,3.051,10000000
354.36,3.007,10000000
354.37,3.139,10000000
354.38,3.007,10000000
354.39,2.964,10000000
354.4,3.095,10000000
354.41,3.007,10000000
354.42,3.051,10000000
354.43,2.964,10000000
354.44,3.051,10000000
354.45,3.227,10000000
354.46,3.051,10000000
354.47,2.964,10000000
354.48,3.139,10000000
354.49,3.051,10000000
354.5,3.095,10000000
354.51,3.139,10000000
354.52,2.92,10000000
354.53,2.832,10000000
354.54,3.227,10000000
354.55,3.051,10000000
354.56,2.92,10000000
354.57,2.876,10000000
354.58,3.007,10000000
354.59,3.051,10000000
354.6,2.92,10000000
354.61,3.007,10000000
354.62,3.007,10000000
354.63,2.876,10000000
354.64,2.92,10000000
354.65,2.964,10000000
354.66,3.051,10000000
354.67,3.007,10000000
354.68,3.095,10000000
354.69,3.139,10000000
354.7,3.007,10000000
354.71,3.051,10000000
354.72,2.832,10000000
354.73,2.964,10000000
354.74,3.139,10000000
354.75,3.051,10000000
354.76,2.92,10000000
354.77,2.92,10000000
354.78,3.139,10000000
354.79,3.007,10000000
354.8,3.095,10000000
354.81,3.007,10000000
354.82,3.007,10000000
354.83,2.964,10000000
354.84,3.095,10000000
354.85,3.183,10000000
354.86,3.051,10000000
354.87,3.227,10000000
354.88,3.271,10000000
354.89,3.095,10000000
354.9,3.095,10000000
354.91,2.964,10000000
354.92,3.095,10000000
354.93,3.095,10000000
354.94,2.964,10000000
354.95,3.095,10000000
354.96,2.964,10000000
354.97,3.139,10000000
354.98,3.183,10000000
354.99,3.051,10000000
355,3.007,10000000
355.01,3.139,10000000
355.02,3.007,10000000
355.03,3.051,10000000
355.04,3.051,10000000
355.05,3.139,10000000
355.06,2.964,10000000
355.07,3.051,10000000
355.08,3.095,10000000
355.09,2.92,10000000
355.1,3.007,10000000
355.11,3.051,10000000
355.12,2.876,10000000
355.13,2.964,10000000
355.14,3.051,10000000
355.15,2.964,10000000
355.16,2.92,10000000
355.17,2.964,10000000
355.18,3.051,10000000
355.19,3.007,10000000
355.2,3.051,10000000
355.21,3.095,10000000
355.22,2.964,10000000
355.23,3.095,10000000
355.24,3.051,10000000
355.25,3.051,10000000
355.26,3.007,10000000
355.27,2.964,10000000
355.28,3.139,10000000
355.29,3.095,10000000
355.3,3.139,10000000
355.31,3.007,10000000
355.32,2.964,10000000
355.33,3.051,10000000
355.34,3.007,10000000
355.35,3.007,10000000
355.36,2.964,10000000
355.37,2.964,10000000
355.38,2.92,10000000
355.39,3.007,10000000
355.4,3.051,10000000
355.41,2.964,10000000
355.42,3.095,10000000
355.43,3.139,10000000
355.44,3.051,10000000
355.45,3.051,10000000
355.46,2.92,10000000
355.47,2.92,10000000
355.48,3.007,10000000
355.49,2.92,10000000
355.5,2.92,10000000
355.51,2.92,10000000
355.52,3.007,10000000
355.53,3.051,10000000
355.54,2.92,10000000
355.55,3.139,10000000
355.56,3.139,10000000
355.57,2.92,10000000
355.58,3.051,10000000
355.59,3.051,10000000
355.6,3.051,10000000
355.61,3.095,10000000
355.62,3.007,10000000
355.63,2.876,10000000
355.64,3.095,10000000
355.65,3.095,10000000
355.66,3.095,10000000
355.67,3.007,10000000
355.68,3.007,10000000
355.69,3.139,10000000
355.7,2.92,10000000
355.71,3.051,10000000
355.72,3.051,10000000
355.73,2.92,10000000
355.74,3.007,10000000
355.75,3.007,10000000
355.76,3.007,10000000
355.77,3.139,10000000
355.78,2.876,10000000
355.79,3.139,10000000
355.8,3.007,10000000
355.81,3.051,10000000
355.82,3.007,10000000
355.83,3.007,10000000
355.84,3.139,10000000
355.85,2.964,10000000
355.86,3.007,10000000
355.87,3.051,10000000
355.88,3.139,10000000
355.89,3.095,10000000
355.9,3.139,10000000
355.91,3.007,10000000
355.92,3.183,10000000
355.93,3.139,10000000
355.94,3.007,10000000
355.95,3.095,10000000
355.96,3.227,10000000
355.97,2.876,10000000
355.98,3.139,10000000
355.99,3.007,10000000
356,3.051,10000000
356.01,3.095,10000000
356.02,3.051,10000000
356.03,3.095,10000000
356.04,3.051,10000000
356.05,3.007,10000000
356.06,3.095,10000000
356.07,3.139,10000000
356.08,3.139,10000000
356.09,2.964,10000000
356.1,3.095,10000000
356.11,3.095,10000000
356.12,3.139,10000000
356.13,3.227,10000000
356.14,3.051,10000000
356.15,3.139,10000000
356.16,3.095,10000000
356.17,3.051,10000000
356.18,3.139,10000000
356.19,3.095,10000000
356.2,3.051,10000000
356.21,3.051,10000000
356.22,2.92,10000000
356.23,3.051,10000000
356.24,3.007,10000000
356.25,3.007,10000000
356.26,2.92,10000000
356.27,3.007,10000000
356.28,3.139,10000000
356.29,3.095,10000000
356.3,3.183,10000000
356.31,3.183,10000000
356.32,3.007,10000000
356.33,3.183,10000000
356.34,3.051,10000000
356.35,3.007,10000000
356.36,3.183,10000000
356.37,3.095,10000000
356.38,3.139,10000000
356.39,3.227,10000000
356.4,3.139,10000000
356.41,3.095,10000000
356.42,3.183,10000000
356.43,2.92,10000000
356.44,2.964,10000000
356.45,3.007,10000000
356.46,2.964,10000000
356.47,3.007,10000000
356.48,2.964,10000000
356.49,3.007,10000000
356.5,2.92,10000000
356.51,3.095,10000000
356.52,3.007,10000000
356.53,3.095,10000000
356.54,3.139,10000000
356.55,3.051,10000000
356.56,2.92,10000000
356.57,2.964,10000000
356.58,3.095,10000000
356.59,2.92,10000000
356.6,3.139,10000000
356.61,3.095,10000000
356.62,3.007,10000000
356.63,2.964,10000000
356.64,3.007,10000000
356.65,3.139,10000000
356.66,3.139,10000000
356.67,3.095,10000000
356.68,3.051,10000000
356.69,3.139,10000000
356.7,3.007,10000000
356.71,3.095,10000000
356.72,3.051,10000000
356.73,3.139,10000000
356.74,3.051,10000000
356.75,3.139,10000000
356.76,3.139,10000000
356.77,3.095,10000000
356.78,3.007,10000000
356.79,3.051,10000000
356.8,3.051,10000000
356.81,3.095,10000000
356.82,3.139,10000000
356.83,3.139,10000000
356.84,3.139,10000000
356.85,3.139,10000000
356.86,3.183,10000000
356.87,3.095,10000000
356.88,3.139,10000000
356.89,3.007,10000000
356.9,2.92,10000000
356.91,3.051,10000000
356.92,2.832,10000000
356.93,2.92,10000000
356.94,3.051,10000000
356.95,3.007,10000000
356.96,2.92,10000000
356.97,3.007,10000000
356.98,3.139,10000000
356.99,2.964,10000000
357,3.007,10000000
357.01,3.007,10000000
357.02,3.051,10000000
357.03,3.007,10000000
357.04,3.051,10000000
357.05,2.92,10000000
357.06,3.007,10000000
357.07,3.007,10000000
357.08,3.051,10000000
357.09,3.051,10000000
357.1,3.051,10000000
357.11,2.92,10000000
357.12,3.007,10000000
357.13,3.051,10000000
357.14,3.095,10000000
357.15,3.007,10000000
357.16,3.007,10000000
357.17,2.964,10000000
357.18,3.183,10000000
357.19,3.007,10000000
357.2,3.095,10000000
357.21,3.095,10000000
357.22,3.139,10000000
357.23,3.139,10000000
357.24,2.964,10000000
357.25,3.095,10000000
357.26,3.095,10000000
357.27,3.183,10000000
357.28,2.876,10000000
357.29,3.139,10000000
357.3,3.095,10000000
357.31,3.139,10000000
357.32,2.92,10000000
357.33,3.007,10000000
357.34,3.007,10000000
357.35,2.964,10000000
357.36,3.139,10000000
357.37,3.183,10000000
357.38,3.095,10000000
357.39,3.051,10000000
357.4,3.095,10000000
357.41,3.139,10000000
357.42,3.139,10000000
357.43,3.007,10000000
357.44,3.051,10000000
357.45,3.051,10000000
357.46,3.095,10000000
357.47,3.051,10000000
357.48,3.095,10000000
357.49,3.051,10000000
357.5,3.007,10000000
357.51,3.095,10000000
357.52,3.051,10000000
357.53,3.051,10000000
357.54,2.964,10000000
357.55,3.183,10000000
357.56,3.051,10000000
357.57,3.095,10000000
357.58,3.139,10000000
357.59,3.007,10000000
357.6,3.183,10000000
357.61,3.007,10000000
357.62,3.051,10000000
357.63,3.051,10000000
357.64,3.095,10000000
357.65,3.007,10000000
357.66,3.007,10000000
357.67,2.92,10000000
357.68,3.095,10000000
357.69,3.139,10000000
357.7,3.007,10000000
357.71,3.007,10000000
357.72,3.095,10000000
357.73,3.051,10000000
357.74,3.227,10000000
357.75,3.183,10000000
357.76,3.051,10000000
357.77,3.051,10000000
357.78,3.139,10000000
357.79,3.007,10000000
357.8,3.051,10000000
357.81,3.095,10000000
357.82,3.227,10000000
357.83,3.095,10000000
357.84,3.051,10000000
357.85,3.007,10000000
357.86,3.051,10000000
357.87,3.007,10000000
357.88,2.964,10000000
357.89,3.051,10000000
357.9,2.92,10000000
357.91,3.007,10000000
357.92,3.051,10000000
357.93,2.964,10000000
357.94,2.964,10000000
357.95,3.139,10000000
357.96,3.227,10000000
357.97,3.139,10000000
357.98,3.051,10000000
357.99,3.095,10000000
358,3.007,10000000
358.01,3.183,10000000
358.02,3.051,10000000
358.03,3.051,10000000
358.04,3.051,10000000
358.05,3.051,10000000
358.06,3.007,10000000
358.07,2.92,10000000
358.08,3.007,10000000
358.09,3.007,10000000
358.1,3.007,10000000
358.11,3.007,10000000
358.12,3.007,10000000
358.13,3.095,10000000
358.14,3.007,10000000
358.15,3.051,10000000
358.16,3.007,10000000
358.17,3.007,10000000
358.18,3.051,10000000
358.19,3.007,10000000
358.2,3.007,10000000
358.21,3.095,10000000
358.22,2.92,10000000
358.23,2.964,10000000
358.24,2.964,10000000
358.25,3.139,10000000
358.26,3.007,10000000
358.27,2.964,10000000
358.28,3.007,10000000
358.29,3.007,10000000
358.3,2.92,10000000
358.31,3.095,10000000
358.32,3.315,10000000
358.33,3.183,10000000
358.34,3.183,10000000
358.35,3.051,10000000
358.36,3.095,10000000
358.37,3.051,10000000
358.38,3.139,10000000
358.39,3.183,10000000
358.4,2.964,10000000
358.41,3.183,10000000
358.42,2.964,10000000
358.43,3.139,10000000
358.44,3.051,10000000
358.45,2.964,10000000
358.46,2.92,10000000
358.47,3.139,10000000
358.48,3.007,10000000
358.49,3.051,10000000
358.5,3.183,10000000
358.51,3.007,10000000
358.52,3.007,10000000
358.53,3.051,10000000
358.54,2.964,10000000
358.55,3.139,10000000
358.56,2.964,10000000
358.57,3.095,10000000
358.58,2.964,10000000
358.59,3.051,10000000
358.6,3.007,10000000
358.61,3.007,10000000
358.62,3.139,10000000
358.63,2.92,10000000
358.64,3.139,10000000
358.65,3.007,10000000
358.66,2.876,10000000
358.67,2.964,10000000
358.68,3.095,10000000
358.69,3.139,10000000
358.7,3.007,10000000
358.71,3.139,10000000
358.72,3.139,10000000
358.73,3.051,10000000
358.74,3.007,10000000
358.75,3.007,10000000
358.76,3.007,10000000
358.77,3.095,10000000
358.78,3.183,10000000
358.79,2.964,10000000
358.8,3.095,10000000
358.81,3.095,10000000
358.82,3.007,10000000
358.83,3.007,10000000
358.84,3.139,10000000
358.85,3.051,10000000
358.86,3.139,10000000
358.87,3.095,10000000
358.88,2.964,10000000
358.89,2.92,10000000
358.9,3.007,10000000
358.91,3.183,10000000
358.92,3.051,10000000
358.93,3.051,10000000
358.94,3.095,10000000
358.95,3.051,10000000
358.96,2.92,10000000
358.97,3.051,10000000
358.98,3.007,10000000
358.99,3.139,10000000
359,3.007,10000000
359.01,3.007,10000000
359.02,3.183,10000000
359.03,2.964,10000000
359.04,2.964,10000000
359.05,3.051,10000000
359.06,3.007,10000000
359.07,3.051,10000000
359.08,3.051,10000000
359.09,3.139,10000000
359.1,2.964,10000000
359.11,2.92,10000000
359.12,3.007,10000000
359.13,2.92,10000000
359.14,3.007,10000000
359.15,3.095,10000000
359.16,3.139,10000000
359.17,3.139,10000000
359.18,3.183,10000000
359.19,3.183,10000000
359.2,3.007,10000000
359.21,3.007,10000000
359.22,3.095,10000000
359.23,2.964,10000000
359.24,3.095,10000000
359.25,3.051,10000000
359.26,3.227,10000000
359.27,3.051,10000000
359.28,2.92,10000000
359.29,3.007,10000000
359.3,3.007,10000000
359.31,3.227,10000000
359.32,3.095,10000000
359.33,3.139,10000000
359.34,3.051,10000000
359.35,2.964,10000000
359.36,2.92,10000000
359.37,2.92,10000000
359.38,3.051,10000000
359.39,2.876,10000000
359.4,3.051,10000000
359.41,2.92,10000000
359.42,2.92,10000000
359.43,3.051,10000000
359.44,2.964,10000000
359.45,2.92,10000000
359.46,2.964,10000000
359.47,3.007,10000000
359.48,3.051,10000000
359.49,2.92,10000000
359.5,3.007,10000000
359.51,3.051,10000000
359.52,3.139,10000000
359.53,3.051,10000000
359.54,3.051,10000000
359.55,2.964,10000000
359.56,3.007,10000000
359.57,3.095,10000000
359.58,3.051,10000000
359.59,3.139,10000000
359.6,2.964,10000000
359.61,3.051,10000000
359.62,3.095,10000000
359.63,3.051,10000000
359.64,3.051,10000000
359.65,3.051,10000000
359.66,3.095,10000000
359.67,3.007,10000000
359.68,3.139,10000000
359.69,3.051,10000000
359.7,3.007,10000000
359.71,2.964,10000000
359.72,2.92,10000000
359.73,2.964,10000000
359.74,3.007,10000000
359.75,3.095,10000000
359.76,3.007,10000000
359.77,2.964,10000000
359.78,2.964,10000000
359.79,2.876,10000000
359.8,2.964,10000000
359.81,2.92,10000000
359.82,2.964,10000000
359.83,2.92,10000000
359.84,2.876,10000000
359.85,3.051,10000000
359.86,3.051,10000000
359.87,2.92,10000000
359.88,2.92,10000000
359.89,3.051,10000000
359.9,2.832,10000000
359.91,2.964,10000000
359.92,3.095,10000000
359.93,3.139,10000000
359.94,3.051,10000000
359.95,3.139,10000000
359.96,3.051,10000000
359.97,3.007,10000000
359.98,3.139,10000000
359.99,3.183,10000000
360,3.139,10000000
360.01,2.964,10000000
360.02,3.183,10000000
360.03,3.315,10000000
360.04,3.139,10000000
360.05,3.051,10000000
360.06,3.139,10000000
360.07,3.139,10000000
360.08,3.227,10000000
360.09,3.007,10000000
360.1,3.139,10000000
360.11,3.051,10000000
360.12,3.271,10000000
360.13,3.007,10000000
360.14,3.183,10000000
360.15,3.139,10000000
360.16,3.095,10000000
360.17,2.964,10000000
360.18,3.051,10000000
360.19,2.92,10000000
360.2,2.964,10000000
360.21,2.876,10000000
360.22,3.007,10000000
360.23,2.964,10000000
360.24,3.007,10000000
360.25,3.051,10000000
360.26,2.92,10000000
360.27,3.051,10000000
360.28,3.139,10000000
360.29,3.095,10000000
360.3,2.92,10000000
360.31,2.92,10000000
360.32,3.095,10000000
360.33,2.92,10000000
360.34,3.139,10000000
360.35,3.007,10000000
360.36,3.139,10000000
360.37,3.007,10000000
360.38,3.007,10000000
360.39,3.051,10000000
360.4,3.139,10000000
360.41,3.139,10000000
360.42,2.92,10000000
360.43,3.095,10000000
360.44,3.095,10000000
360.45,3.139,10000000
360.46,3.095,10000000
360.47,3.139,10000000
360.48,3.095,10000000
360.49,2.964,10000000
360.5,3.051,10000000
360.51,3.139,10000000
360.52,2.92,10000000
360.53,3.095,10000000
360.54,3.095,10000000
360.55,3.227,10000000
360.56,3.139,10000000
360.57,2.832,10000000
360.58,3.007,10000000
360.59,2.92,10000000
360.6,3.007,10000000
360.61,2.964,10000000
360.62,3.007,10000000
360.63,3.007,10000000
360.64,3.007,10000000
360.65,2.832,10000000
360.66,3.051,10000000
360.67,3.051,10000000
360.68,3.051,10000000
360.69,3.271,10000000
360.7,3.139,10000000
360.71,3.139,10000000
360.72,3.139,10000000
360.73,3.051,10000000
360.74,3.139,10000000
360.75,3.183,10000000
360.76,3.139,10000000
360.77,3.051,10000000
360.78,3.139,10000000
360.79,2.964,10000000
360.8,2.964,10000000
360.81,3.007,10000000
360.82,2.876,10000000
360.83,3.227,10000000
360.84,2.964,10000000
360.85,3.007,10000000
360.86,3.139,10000000
360.87,2.92,10000000
360.88,3.051,10000000
360.89,2.92,10000000
360.9,3.007,10000000
360.91,3.139,10000000
360.92,3.139,10000000
360.93,3.007,10000000
360.94,2.964,10000000
360.95,3.139,10000000
360.96,2.92,10000000
360.97,3.051,10000000
360.98,3.007,10000000
360.99,2.964,10000000
361,3.007,10000000
361.01,3.051,10000000
361.02,2.92,10000000
361.03,3.095,10000000
361.04,3.051,10000000
361.05,3.007,10000000
361.06,3.051,10000000
361.07,3.095,10000000
361.08,3.007,10000000
361.09,3.095,10000000
361.1,3.051,10000000
361.11,3.007,10000000
361.12,2.964,10000000
361.13,3.051,10000000
361.14,3.007,10000000
361.15,3.051,10000000
361.16,3.007,10000000
361.17,3.139,10000000
361.18,2.964,10000000
361.19,3.139,10000000
361.2,3.007,10000000
361.21,3.095,10000000
361.22,3.007,10000000
361.23,3.139,10000000
361.24,3.227,10000000
361.25,3.271,10000000
361.26,3.183,10000000
361.27,3.095,10000000
361.28,3.007,10000000
361.29,3.051,10000000
361.3,3.051,10000000
361.31,3.007,10000000
361.32,2.92,10000000
361.33,3.051,10000000
361.34,3.007,10000000
361.35,2.92,10000000
361.36,2.964,10000000
361.37,3.007,10000000
361.38,3.007,10000000
361.39,3.051,10000000
361.4,3.095,10000000
361.41,3.095,10000000
361.42,3.183,10000000
361.43,3.051,10000000
361.44,3.007,10000000
361.45,3.051,10000000
361.46,2.964,10000000
361.47,3.007,10000000
361.48,3.051,10000000
361.49,3.095,10000000
361.5,2.92,10000000
361.51,3.051,10000000
361.52,2.876,10000000
361.53,2.92,10000000
361.54,2.964,10000000
361.55,3.051,10000000
361.56,3.007,10000000
361.57,2.92,10000000
361.58,2.964,10000000
361.59,2.92,10000000
361.6,3.139,10000000
361.61,2.92,10000000
361.62,3.051,10000000
361.63,3.007,10000000
361.64,3.051,10000000
361.65,3.007,10000000
361.66,3.095,10000000
361.67,3.139,10000000
361.68,3.139,10000000
361.69,3.051,10000000
361.7,3.051,10000000
361.71,3.051,10000000
361.72,2.832,10000000
361.73,3.007,10000000
361.74,2.964,10000000
361.75,3.139,10000000
361.76,3.007,10000000
361.77,2.92,10000000
361.78,3.007,10000000
361.79,3.051,10000000
361.8,2.964,10000000
361.81,2.92,10000000
361.82,3.007,10000000
361.83,2.92,10000000
361.84,3.051,10000000
361.85,3.007,10000000
361.86,3.007,10000000
361.87,2.92,10000000
361.88,3.139,10000000
361.89,3.139,10000000
361.9,3.051,10000000
361.91,3.139,10000000
361.92,3.051,10000000
361.93,3.051,10000000
361.94,3.051,10000000
361.95,3.007,10000000
361.96,3.007,10000000
361.97,3.095,10000000
361.98,3.007,10000000
361.99,2.92,10000000
362,3.051,10000000
362.01,3.139,10000000
362.02,3.007,10000000
362.03,3.051,10000000
362.04,3.095,10000000
362.05,3.139,10000000
362.06,2.832,10000000
362.07,2.964,10000000
362.08,2.832,10000000
362.09,3.007,10000000
362.1,2.964,10000000
362.11,2.964,10000000
362.12,3.007,10000000
362.13,3.007,10000000
362.14,3.095,10000000
362.15,3.051,10000000
362.16,3.095,10000000
362.17,3.095,10000000
362.18,3.183,10000000
362.19,3.007,10000000
362.2,2.92,10000000
362.21,3.139,10000000
362.22,3.007,10000000
362.23,3.139,10000000
362.24,2.964,10000000
362.25,2.92,10000000
362.26,3.139,10000000
362.27,3.051,10000000
362.28,3.051,10000000
362.29,3.315,10000000
362.3,3.095,10000000
362.31,3.139,10000000
362.32,3.095,10000000
362.33,2.92,10000000
362.34,2.92,10000000
362.35,3.051,10000000
362.36,3.139,10000000
362.37,3.095,10000000
362.38,3.007,10000000
362.39,3.139,10000000
362.4,3.095,10000000
362.41,3.095,10000000
362.42,3.051,10000000
362.43,3.095,10000000
362.44,2.92,10000000
362.45,3.007,10000000
362.46,2.964,10000000
362.47,2.92,10000000
362.48,3.007,10000000
362.49,3.139,10000000
362.5,3.007,10000000
362.51,3.051,10000000
362.52,3.007,10000000
362.53,2.964,10000000
362.54,3.051,10000000
362.55,3.051,10000000
362.56,2.92,10000000
362.57,2.92,10000000
362.58,3.007,10000000
362.59,3.007,10000000
362.6,2.92,10000000
362.61,3.095,10000000
362.62,3.007,10000000
362.63,3.095,10000000
362.64,3.139,10000000
362.65,3.139,10000000
362.66,3.051,10000000
362.67,3.095,10000000
362.68,3.051,10000000
362.69,3.007,10000000
362.7,3.139,10000000
362.71,3.095,10000000
362.72,3.139,10000000
362.73,3.051,10000000
362.74,3.183,10000000
362.75,3.095,10000000
362.76,3.007,10000000
362.77,3.183,10000000
362.78,3.007,10000000
362.79,3.051,10000000
362.8,3.007,10000000
362.81,3.139,10000000
362.82,2.964,10000000
362.83,3.051,10000000
362.84,3.051,10000000
362.85,2.92,10000000
362.86,3.051,10000000
362.87,3.051,10000000
362.88,3.139,10000000
362.89,3.007,10000000
362.9,3.007,10000000
362.91,2.964,10000000
362.92,3.007,10000000
362.93,3.051,10000000
362.94,3.051,10000000
362.95,3.007,10000000
362.96,2.92,10000000
362.97,2.964,10000000
362.98,3.227,10000000
362.99,2.92,10000000
363,3.051,10000000
363.01,3.051,10000000
363.02,3.095,10000000
363.03,2.964,10000000
363.04,3.007,10000000
363.05,3.051,10000000
363.06,3.095,10000000
363.07,3.139,10000000
363.08,3.051,10000000
363.09,3.139,10000000
363.1,3.051,10000000
363.11,3.139,10000000
363.12,3.139,10000000
363.13,3.051,10000000
363.14,3.183,10000000
363.15,2.92,10000000
363.16,3.007,10000000
363.17,2.964,10000000
363.18,3.007,10000000
363.19,2.964,10000000
363.2,3.139,10000000
363.21,3.095,10000000
363.22,3.051,10000000
363.23,3.095,10000000
363.24,3.139,10000000
363.25,3.095,10000000
363.26,3.095,10000000
363.27,3.139,10000000
363.28,2.92,10000000
363.29,3.007,10000000
363.3,3.095,10000000
363.31,3.051,10000000
363.32,3.051,10000000
363.33,3.183,10000000
363.34,3.227,10000000
363.35,3.139,10000000
363.36,3.051,10000000
363.37,2.964,10000000
363.38,2.92,10000000
363.39,3.095,10000000
363.4,3.095,10000000
363.41,3.051,10000000
363.42,3.051,10000000
363.43,3.051,10000000
363.44,3.051,10000000
363.45,3.051,10000000
363.46,2.92,10000000
363.47,2.964,10000000
363.48,3.007,10000000
363.49,3.095,10000000
363.5,2.964,10000000
363.51,3.051,10000000
363.52,3.139,10000000
363.53,2.92,10000000
363.54,3.095,10000000
363.55,3.051,10000000
363.56,3.051,10000000
363.57,3.183,10000000
363.58,3.051,10000000
363.59,3.051,10000000
363.6,3.139,10000000
363.61,3.051,10000000
363.62,3.007,10000000
363.63,3.139,10000000
363.64,3.095,10000000
363.65,2.964,10000000
363.66,3.095,10000000
363.67,3.139,10000000
363.68,3.139,10000000
363.69,2.92,10000000
363.7,2.964,10000000
363.71,3.139,10000000
363.72,2.876,10000000
363.73,3.007,10000000
363.74,3.139,10000000
363.75,3.095,10000000
363.76,3.139,10000000
363.77,3.183,10000000
363.78,3.007,10000000
363.79,3.139,10000000
363.8,3.139,10000000
363.81,3.139,10000000
363.82,3.051,10000000
363.83,2.876,10000000
363.84,3.051,10000000
363.85,3.051,10000000
363.86,2.92,10000000
363.87,2.92,10000000
363.88,2.964,10000000
363.89,3.007,10000000
363.9,2.964,10000000
363.91,3.007,10000000
363.92,3.007,10000000
363.93,3.007,10000000
363.94,2.964,10000000
363.95,3.051,10000000
363.96,3.007,10000000
363.97,2.92,10000000
363.98,3.051,10000000
363.99,2.964,10000000
364,3.007,10000000
364.01,2.964,10000000
364.02,3.007,10000000
364.03,2.964,10000000
364.04,3.051,10000000
364.05,3.051,10000000
364.06,2.876,10000000
364.07,3.051,10000000
364.08,2.964,10000000
364.09,2.964,10000000
364.1,2.964,10000000
364.11,3.139,10000000
364.12,3.007,10000000
364.13,3.051,10000000
364.14,3.051,10000000
364.15,3.139,10000000
364.16,3.051,10000000
364.17,3.051,10000000
364.18,3.095,10000000
364.19,3.095,10000000
364.2,3.051,10000000
364.21,3.051,10000000
364.22,3.051,10000000
364.23,3.051,10000000
364.24,2.964,10000000
364.25,2.744,10000000
364.26,2.964,10000000
364.27,2.92,10000000
364.28,2.92,10000000
364.29,3.139,10000000
364.3,2.92,10000000
364.31,2.92,10000000
364.32,3.051,10000000
364.33,3.007,10000000
364.34,2.876,10000000
364.35,3.007,10000000
364.36,3.139,10000000
364.37,2.92,10000000
364.38,3.051,10000000
364.39,3.095,10000000
364.4,2.964,10000000
364.41,2.92,10000000
364.42,2.964,10000000
364.43,3.139,10000000
364.44,3.007,10000000
364.45,3.139,10000000
364.46,2.964,10000000
364.47,3.051,10000000
364.48,2.92,10000000
364.49,3.051,10000000
364.5,2.964,10000000
364.51,3.007,10000000
364.52,3.007,10000000
364.53,3.139,10000000
364.54,3.095,10000000
364.55,3.051,10000000
364.56,3.183,10000000
364.57,3.051,10000000
364.58,3.051,10000000
364.59,3.007,10000000
364.6,2.744,10000000
364.61,3.007,10000000
364.62,3.007,10000000
364.63,3.007,10000000
364.64,3.007,10000000
364.65,2.92,10000000
364.66,2.92,10000000
364.67,3.051,10000000
364.68,2.876,10000000
364.69,2.832,10000000
364.7,2.964,10000000
364.71,3.051,10000000
364.72,3.007,10000000
364.73,2.964,10000000
364.74,3.051,10000000
364.75,3.007,10000000
364.76,2.92,10000000
364.77,3.007,10000000
364.78,3.139,10000000
364.79,3.183,10000000
364.8,3.007,10000000
364.81,3.051,10000000
364.82,3.007,10000000
364.83,3.051,10000000
364.84,3.051,10000000
364.85,2.92,10000000
364.86,2.92,10000000
364.87,3.051,10000000
364.88,3.007,10000000
364.89,3.139,10000000
364.9,3.095,10000000
364.91,3.007,10000000
364.92,3.095,10000000
364.93,2.876,10000000
364.94,3.139,10000000
364.95,2.92,10000000
364.96,3.007,10000000
364.97,3.183,10000000
364.98,3.095,10000000
364.99,3.007,10000000
365,3.007,10000000
365.01,3.051,10000000
365.02,3.007,10000000
365.03,3.007,10000000
365.04,3.051,10000000
365.05,3.051,10000000
365.06,3.051,10000000
365.07,3.007,10000000
365.08,3.271,10000000
365.09,2.876,10000000
365.1,3.007,10000000
365.11,3.007,10000000
365.12,3.007,10000000
365.13,3.007,10000000
365.14,3.007,10000000
365.15,2.964,10000000
365.16,3.139,10000000
365.17,2.92,10000000
365.18,3.051,10000000
365.19,2.964,10000000
365.2,3.139,10000000
365.21,2.964,10000000
365.22,3.007,10000000
365.23,3.227,10000000
365.24,3.139,10000000
365.25,3.007,10000000
365.26,3.139,10000000
365.27,3.007,10000000
365.28,3.095,10000000
365.29,2.92,10000000
365.3,3.139,10000000
365.31,3.007,10000000
365.32,2.92,10000000
365.33,3.139,10000000
365.34,3.007,10000000
365.35,3.139,10000000
365.36,2.832,10000000
365.37,3.051,10000000
365.38,3.139,10000000
365.39,3.007,10000000
365.4,3.007,10000000
365.41,3.051,10000000
365.42,3.051,10000000
365.43,3.051,10000000
365.44,3.227,10000000
365.45,3.095,10000000
365.46,3.007,10000000
365.47,3.227,10000000
365.48,3.227,10000000
365.49,3.139,10000000
365.5,3.183,10000000
365.51,3.095,10000000
365.52,2.964,10000000
365.53,2.92,10000000
365.54,2.964,10000000
365.55,3.007,10000000
365.56,3.051,10000000
365.57,3.007,10000000
365.58,2.92,10000000
365.59,2.92,10000000
365.6,3.007,10000000
365.61,2.92,10000000
365.62,2.964,10000000
365.63,3.051,10000000
365.64,3.007,10000000
365.65,2.876,10000000
365.66,3.051,10000000
365.67,2.964,10000000
365.68,3.139,10000000
365.69,3.139,10000000
365.7,3.051,10000000
365.71,2.964,10000000
365.72,3.095,10000000
365.73,3.051,10000000
365.74,2.92,10000000
365.75,3.007,10000000
365.76,3.051,10000000
365.77,2.92,10000000
365.78,2.964,10000000
365.79,3.051,10000000
365.8,3.051,10000000
365.81,3.051,10000000
365.82,3.051,10000000
365.83,3.007,10000000
365.84,3.007,10000000
365.85,3.095,10000000
365.86,3.139,10000000
365.87,2.92,10000000
365.88,3.051,10000000
365.89,3.007,10000000
365.9,2.964,10000000
365.91,3.007,10000000
365.92,3.095,10000000
365.93,3.007,10000000
365.94,3.007,10000000
365.95,2.964,10000000
365.96,2.964,10000000
365.97,2.964,10000000
365.98,3.007,10000000
365.99,3.007,10000000
366,3.051,10000000
366.01,2.92,10000000
366.02,3.095,10000000
366.03,3.095,10000000
366.04,3.227,10000000
366.05,3.139,10000000
366.06,3.139,10000000
366.07,3.051,10000000
366.08,3.139,10000000
366.09,3.227,10000000
366.1,3.051,10000000
366.11,3.095,10000000
366.12,3.051,10000000
366.13,3.007,10000000
366.14,3.183,10000000
366.15,3.095,10000000
366.16,3.139,10000000
366.17,2.876,10000000
366.18,2.964,10000000
366.19,3.139,10000000
366.2,2.964,10000000
366.21,3.051,10000000
366.22,2.876,10000000
366.23,3.051,10000000
366.24,3.007,10000000
366.25,3.007,10000000
366.26,2.876,10000000
366.27,3.095,10000000
366.28,3.007,10000000
366.29,2.92,10000000
366.3,3.095,10000000
366.31,3.139,10000000
366.32,3.139,10000000
366.33,2.876,10000000
366.34,3.007,10000000
366.35,3.095,10000000
366.36,3.007,10000000
366.37,2.964,10000000
366.38,2.964,10000000
366.39,3.139,10000000
366.4,3.007,10000000
366.41,3.007,10000000
366.42,3.007,10000000
366.43,3.183,10000000
366.44,3.007,10000000
366.45,3.139,10000000
366.46,3.095,10000000
366.47,3.183,10000000
366.48,3.139,10000000
366.49,3.139,10000000
366.5,3.051,10000000
366.51,3.051,10000000
366.52,3.183,10000000
366.53,3.183,10000000
366.54,3.183,10000000
366.55,3.139,10000000
366.56,2.964,10000000
366.57,2.744,10000000
366.58,2.964,10000000
366.59,3.007,10000000
366.6,2.92,10000000
366.61,2.92,10000000
366.62,3.007,10000000
366.63,3.051,10000000
366.64,3.051,10000000
366.65,3.095,10000000
366.66,3.095,10000000
366.67,2.92,10000000
366.68,2.92,10000000
366.69,3.007,10000000
366.7,2.964,10000000
366.71,2.964,10000000
366.72,3.095,10000000
366.73,2.92,10000000
366.74,3.051,10000000
366.75,3.051,10000000
366.76,3.007,10000000
366.77,3.007,10000000
366.78,2.964,10000000
366.79,3.051,10000000
366.8,3.051,10000000
366.81,2.964,10000000
366.82,3.095,10000000
366.83,3.095,10000000
366.84,3.139,10000000
366.85,3.095,10000000
366.86,2.92,10000000
366.87,3.139,10000000
366.88,3.007,10000000
366.89,3.139,10000000
366.9,3.051,10000000
366.91,3.007,10000000
366.92,3.095,10000000
366.93,3.095,10000000
366.94,3.051,10000000
366.95,3.051,10000000
366.96,3.183,10000000
366.97,2.964,10000000
366.98,3.139,10000000
366.99,3.095,10000000
367,3.007,10000000
367.01,3.095,10000000
367.02,3.051,10000000
367.03,2.92,10000000
367.04,3.007,10000000
367.05,3.183,10000000
367.06,2.876,10000000
367.07,3.095,10000000
367.08,3.139,10000000
367.09,3.095,10000000
367.1,3.007,10000000
367.11,3.139,10000000
367.12,2.964,10000000
367.13,3.007,10000000
367.14,3.095,10000000
367.15,2.964,10000000
367.16,3.095,10000000
367.17,3.095,10000000
367.18,3.007,10000000
367.19,2.92,10000000
367.2,3.139,10000000
367.21,2.92,10000000
367.22,3.139,10000000
367.23,3.095,10000000
367.24,3.183,10000000
367.25,3.007,10000000
367.26,3.139,10000000
367.27,3.095,10000000
367.28,3.051,10000000
367.29,3.051,10000000
367.3,3.051,10000000
367.31,3.007,10000000
367.32,2.964,10000000
367.33,2.964,10000000
367.34,2.964,10000000
367.35,3.051,10000000
367.36,2.964,10000000
367.37,3.051,10000000
367.38,3.007,10000000
367.39,3.051,10000000
367.4,3.095,10000000
367.41,3.227,10000000
367.42,3.095,10000000
367.43,3.139,10000000
367.44,3.051,10000000
367.45,3.139,10000000
367.46,3.007,10000000
367.47,3.051,10000000
367.48,3.051,10000000
367.49,3.007,10000000
367.5,3.051,10000000
367.51,3.139,10000000
367.52,3.227,10000000
367.53,3.095,10000000
367.54,3.227,10000000
367.55,3.007,10000000
367.56,2.964,10000000
367.57,3.007,10000000
367.58,3.007,10000000
367.59,3.007,10000000
367.6,2.964,10000000
367.61,3.007,10000000
367.62,2.964,10000000
367.63,3.007,10000000
367.64,2.964,10000000
367.65,3.007,10000000
367.66,3.007,10000000
367.67,2.92,10000000
367.68,3.139,10000000
367.69,2.964,10000000
367.7,3.183,10000000
367.71,3.051,10000000
367.72,3.095,10000000
367.73,3.051,10000000
367.74,3.095,10000000
367.75,3.007,10000000
367.76,3.139,10000000
367.77,3.183,10000000
367.78,3.007,10000000
367.79,3.007,10000000
367.8,2.964,10000000
367.81,3.051,10000000
367.82,2.964,10000000
367.83,2.964,10000000
367.84,3.007,10000000
367.85,3.051,10000000
367.86,3.051,10000000
367.87,2.92,10000000
367.88,2.964,10000000
367.89,2.964,10000000
367.9,3.095,10000000
367.91,3.139,10000000
367.92,3.051,10000000
367.93,2.964,10000000
367.94,3.183,10000000
367.95,3.051,10000000
367.96,2.964,10000000
367.97,3.095,10000000
367.98,3.095,10000000
367.99,3.139,10000000
368,3.139,10000000
368.01,2.92,10000000
368.02,3.051,10000000
368.03,2.964,10000000
368.04,3.095,10000000
368.05,3.139,10000000
368.06,2.964,10000000
368.07,2.964,10000000
368.08,3.051,10000000
368.09,3.007,10000000
368.1,3.051,10000000
368.11,2.92,10000000
368.12,3.051,10000000
368.13,3.051,10000000
368.14,2.92,10000000
368.15,3.007,10000000
368.16,3.007,10000000
368.17,3.051,10000000
368.18,2.92,10000000
368.19,3.315,10000000
368.2,3.051,10000000
368.21,3.051,10000000
368.22,3.139,10000000
368.23,3.095,10000000
368.24,2.92,10000000
368.25,2.92,10000000
368.26,3.139,10000000
368.27,2.876,10000000
368.28,3.007,10000000
368.29,2.92,10000000
368.3,3.007,10000000
368.31,2.92,10000000
368.32,2.92,10000000
368.33,3.007,10000000
368.34,3.051,10000000
368.35,2.964,10000000
368.36,3.051,10000000
368.37,3.007,10000000
368.38,3.051,10000000
368.39,3.051,10000000
368.4,3.007,10000000
368.41,3.139,10000000
368.42,3.183,10000000
368.43,3.139,10000000
368.44,3.183,10000000
368.45,3.271,10000000
368.46,3.183,10000000
368.47,3.315,10000000
368.48,3.007,10000000
368.49,3.139,10000000
368.5,3.139,10000000
368.51,3.095,10000000
368.52,3.007,10000000
368.53,3.007,10000000
368.54,2.876,10000000
368.55,2.964,10000000
368.56,2.964,10000000
368.57,2.92,10000000
368.58,3.007,10000000
368.59,2.964,10000000
368.6,3.139,10000000
368.61,2.964,10000000
368.62,2.92,10000000
368.63,3.051,10000000
368.64,3.139,10000000
368.65,2.92,10000000
368.66,3.139,10000000
368.67,3.051,10000000
368.68,3.227,10000000
368.69,3.095,10000000
368.7,2.964,10000000
368.71,3.095,10000000
368.72,3.139,10000000
368.73,2.964,10000000
368.74,3.051,10000000
368.75,3.051,10000000
368.76,3.139,10000000
368.77,3.139,10000000
368.78,3.007,10000000
368.79,2.876,10000000
368.8,3.095,10000000
368.81,2.832,10000000
368.82,3.095,10000000
368.83,2.832,10000000
368.84,2.92,10000000
368.85,2.92,10000000
368.86,2.92,10000000
368.87,3.007,10000000
368.88,3.007,10000000
368.89,2.92,10000000
368.9,3.139,10000000
368.91,3.139,10000000
368.92,3.051,10000000
368.93,3.007,10000000
368.94,3.007,10000000
368.95,3.139,10000000
368.96,3.227,10000000
368.97,3.051,10000000
368.98,3.007,10000000
368.99,2.876,10000000
369,2.92,10000000
369.01,3.007,10000000
369.02,3.007,10000000
369.03,2.964,10000000
369.04,2.92,10000000
369.05,3.007,10000000
369.06,3.183,10000000
369.07,3.139,10000000
369.08,3.051,10000000
369.09,2.92,10000000
369.1,2.964,10000000
369.11,3.051,10000000
369.12,3.139,10000000
369.13,3.007,10000000
369.14,3.095,10000000
369.15,3.139,10000000
369.16,2.964,10000000
369.17,2.964,10000000
369.18,3.095,10000000
369.19,3.051,10000000
369.2,3.095,10000000
369.21,3.183,10000000
369.22,3.095,10000000
369.23,2.92,10000000
369.24,2.964,10000000
369.25,3.007,10000000
369.26,3.095,10000000
369.27,3.007,10000000
369.28,3.007,10000000
369.29,2.92,10000000
369.3,3.139,10000000
369.31,3.139,10000000
369.32,3.095,10000000
369.33,3.095,10000000
369.34,2.92,10000000
369.35,3.095,10000000
369.36,3.007,10000000
369.37,3.139,10000000
369.38,3.139,10000000
369.39,3.227,10000000
369.4,3.271,10000000
369.41,3.139,10000000
369.42,3.183,10000000
369.43,3.183,10000000
369.44,3.139,10000000
369.45,3.007,10000000
369.46,3.007,10000000
369.47,3.139,10000000
369.48,3.095,10000000
369.49,3.095,10000000
369.5,3.051,10000000
369.51,3.095,10000000
369.52,3.051,10000000
369.53,3.139,10000000
369.54,3.139,10000000
369.55,3.051,10000000
369.56,3.007,10000000
369.57,2.92,10000000
369.58,3.007,10000000
369.59,2.92,10000000
369.6,2.876,10000000
369.61,2.92,10000000
369.62,3.007,10000000
369.63,3.051,10000000
369.64,3.095,10000000
369.65,2.92,10000000
369.66,2.92,10000000
369.67,2.92,10000000
369.68,3.007,10000000
369.69,3.007,10000000
369.7,3.139,10000000
369.71,2.964,10000000
369.72,3.007,10000000
369.73,3.051,10000000
369.74,2.964,10000000
369.75,2.92,10000000
369.76,3.007,10000000
369.77,3.139,10000000
369.78,3.007,10000000
369.79,3.051,10000000
369.8,3.139,10000000
369.81,2.964,10000000
369.82,3.051,10000000
369.83,3.007,10000000
369.84,3.051,10000000
369.85,3.007,10000000
369.86,3.095,10000000
369.87,3.139,10000000
369.88,3.095,10000000
369.89,3.007,10000000
369.9,3.007,10000000
369.91,3.007,10000000
369.92,3.007,10000000
369.93,2.964,10000000
369.94,3.007,10000000
369.95,3.051,10000000
369.96,3.095,10000000
369.97,3.051,10000000
369.98,2.92,10000000
369.99,2.92,10000000
370,2.964,10000000
370.01,2.92,10000000
370.02,3.095,10000000
370.03,3.095,10000000
370.04,3.051,10000000
370.05,3.139,10000000
370.06,3.227,10000000
370.07,2.92,10000000
370.08,2.964,10000000
370.09,3.095,10000000
370.1,3.139,10000000
370.11,2.964,10000000
370.12,3.227,10000000
370.13,3.139,10000000
370.14,3.183,10000000
370.15,3.095,10000000
370.16,3.095,10000000
370.17,3.139,10000000
370.18,3.051,10000000
370.19,2.876,10000000
370.2,3.095,10000000
370.21,2.964,10000000
370.22,3.139,10000000
370.23,2.92,10000000
370.24,2.92,10000000
370.25,2.964,10000000
370.26,3.095,10000000
370.27,2.964,10000000
370.28,3.095,10000000
370.29,3.007,10000000
370.3,2.876,10000000
370.31,2.964,10000000
370.32,3.139,10000000
370.33,3.095,10000000
370.34,3.139,10000000
370.35,2.964,10000000
370.36,3.051,10000000
370.37,3.007,10000000
370.38,3.139,10000000
370.39,3.051,10000000
370.4,3.139,10000000
370.41,3.007,10000000
370.42,2.832,10000000
370.43,3.051,10000000
370.44,3.183,10000000
370.45,3.227,10000000
370.46,3.095,10000000
370.47,3.139,10000000
370.48,3.139,10000000
370.49,3.095,10000000
370.5,2.964,10000000
370.51,3.051,10000000
370.52,3.139,10000000
370.53,3.007,10000000
370.54,2.92,10000000
370.55,3.095,10000000
370.56,3.007,10000000
370.57,3.227,10000000
370.58,3.183,10000000
370.59,3.139,10000000
370.6,3.095,10000000
370.61,3.095,10000000
370.62,3.271,10000000
370.63,3.095,10000000
370.64,3.139,10000000
370.65,3.227,10000000
370.66,3.051,10000000
370.67,3.095,10000000
370.68,3.095,10000000
370.69,3.007,10000000
370.7,3.007,10000000
370.71,3.051,10000000
370.72,3.051,10000000
370.73,3.051,10000000
370.74,3.051,10000000
370.75,3.095,10000000
370.76,3.139,10000000
370.77,3.051,10000000
370.78,3.051,10000000
370.79,3.007,10000000
370.8,2.964,10000000
370.81,3.139,10000000
370.82,3.051,10000000
370.83,3.095,10000000
370.84,3.051,10000000
370.85,3.139,10000000
370.86,3.139,10000000
370.87,3.007,10000000
370.88,2.964,10000000
370.89,2.92,10000000
370.9,3.007,10000000
370.91,2.92,10000000
370.92,3.007,10000000
370.93,2.744,10000000
370.94,3.051,10000000
370.95,2.876,10000000
370.96,2.964,10000000
370.97,3.095,10000000
370.98,3.139,10000000
370.99,3.051,10000000
371,3.007,10000000
371.01,3.227,10000000
371.02,3.139,10000000
371.03,3.139,10000000
371.04,3.095,10000000
371.05,3.095,10000000
371.06,3.007,10000000
371.07,3.139,10000000
371.08,3.051,10000000
371.09,3.139,10000000
371.1,3.095,10000000
371.11,3.051,10000000
371.12,3.007,10000000
371.13,2.92,10000000
371.14,3.007,10000000
371.15,3.095,10000000
371.16,2.876,10000000
371.17,3.095,10000000
371.18,3.051,10000000
371.19,2.964,10000000
371.2,3.007,10000000
371.21,2.876,10000000
371.22,3.007,10000000
371.23,2.964,10000000
371.24,3.051,10000000
371.25,2.964,10000000
371.26,3.051,10000000
371.27,3.095,10000000
371.28,2.964,10000000
371.29,2.964,10000000
371.3,2.964,10000000
371.31,2.964,10000000
371.32,3.095,10000000
371.33,3.051,10000000
371.34,2.92,10000000
371.35,3.007,10000000
371.36,3.007,10000000
371.37,3.051,10000000
371.38,3.051,10000000
371.39,3.007,10000000
371.4,2.964,10000000
371.41,3.315,10000000
371.42,3.051,10000000
371.43,3.183,10000000
371.44,2.964,10000000
371.45,3.007,10000000
371.46,2.964,10000000
371.47,3.227,10000000
371.48,3.051,10000000
371.49,3.095,10000000
371.5,2.92,10000000
371.51,3.007,10000000
371.52,3.051,10000000
371.53,3.139,10000000
371.54,2.964,10000000
371.55,2.876,10000000
371.56,3.095,10000000
371.57,3.007,10000000
371.58,3.007,10000000
371.59,3.095,10000000
371.6,3.095,10000000
371.61,3.007,10000000
371.62,3.007,10000000
371.63,3.095,10000000
371.64,3.227,10000000
371.65,3.227,10000000
371.66,3.051,10000000
371.67,3.183,10000000
371.68,3.095,10000000
371.69,3.095,10000000
371.7,3.051,10000000
371.71,3.095,10000000
371.72,2.92,10000000
371.73,3.139,10000000
371.74,3.139,10000000
371.75,2.964,10000000
371.76,2.876,10000000
371.77,3.139,10000000
371.78,2.964,10000000
371.79,3.051,10000000
371.8,3.007,10000000
371.81,2.964,10000000
371.82,3.139,10000000
371.83,3.095,10000000
371.84,3.139,10000000
371.85,3.095,10000000
371.86,3.183,10000000
371.87,3.183,10000000
371.88,3.139,10000000
371.89,3.095,10000000
371.9,2.964,10000000
371.91,3.051,10000000
371.92,2.964,10000000
371.93,3.007,10000000
371.94,3.139,10000000
371.95,3.051,10000000
371.96,3.007,10000000
371.97,3.007,10000000
371.98,3.051,10000000
371.99,2.876,10000000
372,3.007,10000000
372.01,3.139,10000000
372.02,3.007,10000000
372.03,3.007,10000000
372.04,3.139,10000000
372.05,3.007,10000000
372.06,3.227,10000000
372.07,3.051,10000000
372.08,3.095,10000000
372.09,3.095,10000000
372.1,3.007,10000000
372.11,3.007,10000000
372.12,3.139,10000000
372.13,3.139,10000000
372.14,3.051,10000000
372.15,2.964,10000000
372.16,2.92,10000000
372.17,3.007,10000000
372.18,2.964,10000000
372.19,3.007,10000000
372.2,3.051,10000000
372.21,3.095,10000000
372.22,3.051,10000000
372.23,3.007,10000000
372.24,3.051,10000000
372.25,3.007,10000000
372.26,3.007,10000000
372.27,3.227,10000000
372.28,3.095,10000000
372.29,3.183,10000000
372.3,3.007,10000000
372.31,2.876,10000000
372.32,3.095,10000000
372.33,2.92,10000000
372.34,3.139,10000000
372.35,3.139,10000000
372.36,3.139,10000000
372.37,3.139,10000000
372.38,3.095,10000000
372.39,3.183,10000000
372.4,3.095,10000000
372.41,3.095,10000000
372.42,3.051,10000000
372.43,2.92,10000000
372.44,3.051,10000000
372.45,3.007,10000000
372.46,3.007,10000000
372.47,3.139,10000000
372.48,2.964,10000000
372.49,3.139,10000000
372.5,3.139,10000000
372.51,3.007,10000000
372.52,3.095,10000000
372.53,3.095,10000000
372.54,3.095,10000000
372.55,2.92,10000000
372.56,3.007,10000000
372.57,3.139,10000000
372.58,3.139,10000000
372.59,3.051,10000000
372.6,3.051,10000000
372.61,2.92,10000000
372.62,3.051,10000000
372.63,3.007,10000000
372.64,2.92,10000000
372.65,2.964,10000000
372.66,3.051,10000000
372.67,3.007,10000000
372.68,2.876,10000000
372.69,3.051,10000000
372.7,3.007,10000000
372.71,2.832,10000000
372.72,3.051,10000000
372.73,3.051,10000000
372.74,3.051,10000000
372.75,3.007,10000000
372.76,3.007,10000000
372.77,3.007,10000000
372.78,3.007,10000000
372.79,3.007,10000000
372.8,3.051,10000000
372.81,3.051,10000000
372.82,3.007,10000000
372.83,3.051,10000000
372.84,3.183,10000000
372.85,3.139,10000000
372.86,2.964,10000000
372.87,3.051,10000000
372.88,3.007,10000000
372.89,3.007,10000000
372.9,2.964,10000000
372.91,2.92,10000000
372.92,2.964,10000000
372.93,3.051,10000000
372.94,3.051,10000000
372.95,3.007,10000000
372.96,3.007,10000000
372.97,3.095,10000000
372.98,2.92,10000000
372.99,3.007,10000000
373,3.007,10000000
373.01,3.007,10000000
373.02,3.095,10000000
373.03,3.051,10000000
373.04,3.095,10000000
373.05,3.051,10000000
373.06,3.139,10000000
373.07,3.139,10000000
373.08,3.139,10000000
373.09,3.315,10000000
373.1,2.964,10000000
373.11,3.051,10000000
373.12,3.007,10000000
373.13,3.007,10000000
373.14,3.007,10000000
373.15,3.007,10000000
373.16,3.007,10000000
373.17,3.095,10000000
373.18,3.051,10000000
373.19,3.007,10000000
373.2,3.051,10000000
373.21,3.183,10000000
373.22,3.051,10000000
373.23,2.964,10000000
373.24,3.139,10000000
373.25,3.095,10000000
373.26,3.095,10000000
373.27,3.095,10000000
373.28,3.007,10000000
373.29,3.095,10000000
373.3,2.964,10000000
373.31,3.095,10000000
373.32,3.139,10000000
373.33,2.832,10000000
373.34,3.051,10000000
373.35,3.095,10000000
373.36,3.051,10000000
373.37,3.007,10000000
373.38,2.92,10000000
373.39,3.007,10000000
373.4,3.139,10000000
373.41,3.139,10000000
373.42,3.007,10000000
373.43,3.095,10000000
373.44,2.92,10000000
373.45,3.051,10000000
373.46,3.095,10000000
373.47,2.92,10000000
373.48,3.007,10000000
373.49,2.92,10000000
373.5,3.139,10000000
373.51,3.139,10000000
373.52,3.007,10000000
373.53,3.095,10000000
373.54,3.139,10000000
373.55,3.139,10000000
373.56,3.183,10000000
373.57,3.095,10000000
373.58,3.095,10000000
373.59,2.876,10000000
373.6,3.095,10000000
373.61,3.007,10000000
373.62,2.964,10000000
373.63,2.92,10000000
373.64,2.832,10000000
373.65,2.964,10000000
373.66,3.051,10000000
373.67,3.007,10000000
373.68,2.964,10000000
373.69,3.139,10000000
373.7,3.007,10000000
373.71,2.832,10000000
373.72,3.051,10000000
373.73,3.007,10000000
373.74,3.007,10000000
373.75,3.095,10000000
373.76,2.92,10000000
373.77,3.139,10000000
373.78,3.051,10000000
373.79,3.051,10000000
373.8,3.095,10000000
373.81,3.139,10000000
373.82,3.007,10000000
373.83,2.964,10000000
373.84,3.139,10000000
373.85,3.007,10000000
373.86,2.964,10000000
373.87,2.964,10000000
373.88,3.051,10000000
373.89,2.964,10000000
373.9,2.964,10000000
373.91,3.139,10000000
373.92,3.227,10000000
373.93,2.876,10000000
373.94,2.92,10000000
373.95,2.92,10000000
373.96,3.007,10000000
373.97,3.007,10000000
373.98,2.92,10000000
373.99,2.964,10000000
374,2.964,10000000
374.01,3.007,10000000
374.02,3.007,10000000
374.03,3.139,10000000
374.04,2.964,10000000
374.05,3.095,10000000
374.06,3.007,10000000
374.07,2.964,10000000
374.08,3.051,10000000
374.09,2.92,10000000
374.1,2.964,10000000
374.11,2.92,10000000
374.12,3.051,10000000
374.13,2.964,10000000
374.14,3.139,10000000
374.15,3.051,10000000
374.16,2.876,10000000
374.17,3.051,10000000
374.18,2.92,10000000
374.19,2.876,10000000
374.2,3.139,10000000
374.21,3.051,10000000
374.22,2.964,10000000
374.23,2.964,10000000
374.24,2.964,10000000
374.25,2.92,10000000
374.26,3.051,10000000
374.27,3.051,10000000
374.28,3.095,10000000
374.29,3.183,10000000
374.3,3.139,10000000
374.31,3.139,10000000
374.32,3.051,10000000
374.33,3.051,10000000
374.34,2.964,10000000
374.35,3.183,10000000
374.36,3.007,10000000
374.37,3.095,10000000
374.38,3.095,10000000
374.39,3.007,10000000
374.4,3.007,10000000
374.41,3.051,10000000
374.42,3.095,10000000
374.43,3.007,10000000
374.44,3.051,10000000
374.45,3.095,10000000
374.46,3.139,10000000
374.47,3.139,10000000
374.48,3.095,10000000
374.49,3.095,10000000
374.5,3.051,10000000
374.51,2.964,10000000
374.52,2.964,10000000
374.53,2.964,10000000
374.54,3.007,10000000
374.55,3.051,10000000
374.56,3.007,10000000
374.57,2.92,10000000
374.58,3.095,10000000
374.59,3.051,10000000
374.6,3.095,10000000
374.61,2.832,10000000
374.62,3.007,10000000
374.63,2.964,10000000
374.64,3.095,10000000
374.65,3.051,10000000
374.66,3.007,10000000
374.67,3.095,10000000
374.68,3.007,10000000
374.69,2.964,10000000
374.7,3.007,10000000
374.71,3.007,10000000
374.72,3.095,10000000
374.73,3.051,10000000
374.74,3.139,10000000
374.75,3.095,10000000
374.76,3.007,10000000
374.77,3.139,10000000
374.78,2.964,10000000
374.79,2.964,10000000
374.8,3.139,10000000
374.81,2.92,10000000
374.82,3.095,10000000
374.83,3.051,10000000
374.84,3.007,10000000
374.85,3.139,10000000
374.86,3.095,10000000
374.87,3.139,10000000
374.88,3.183,10000000
374.89,2.92,10000000
374.9,2.92,10000000
374.91,2.964,10000000
374.92,3.007,10000000
374.93,2.92,10000000
374.94,3.139,10000000
374.95,3.051,10000000
374.96,2.876,10000000
374.97,2.964,10000000
374.98,2.964,10000000
374.99,3.007,10000000
375,3.095,10000000
375.01,3.095,10000000
375.02,3.051,10000000
375.03,3.007,10000000
375.04,3.007,10000000
375.05,2.964,10000000
375.06,3.139,10000000
375.07,2.964,10000000
375.08,3.051,10000000
375.09,2.964,10000000
375.1,3.007,10000000
375.11,3.139,10000000
375.12,3.051,10000000
375.13,3.051,10000000
375.14,2.876,10000000
375.15,2.964,10000000
375.16,3.007,10000000
375.17,3.095,10000000
375.18,3.007,10000000
375.19,3.139,10000000
375.2,3.007,10000000
375.21,3.051,10000000
375.22,2.964,10000000
375.23,2.964,10000000
375.24,2.92,10000000
375.25,3.007,10000000
375.26,3.007,10000000
375.27,2.876,10000000
375.28,3.007,10000000
375.29,3.139,10000000
375.3,2.876,10000000
375.31,3.007,10000000
375.32,3.227,10000000
375.33,3.095,10000000
375.34,3.095,10000000
375.35,2.832,10000000
375.36,3.007,10000000
375.37,3.007,10000000
375.38,3.007,10000000
375.39,3.139,10000000
375.4,3.139,10000000
375.41,3.139,10000000
375.42,3.095,10000000
375.43,3.007,10000000
375.44,3.095,10000000
375.45,3.007,10000000
375.46,3.051,10000000
375.47,2.964,10000000
375.48,3.139,10000000
375.49,3.139,10000000
375.5,3.051,10000000
375.51,2.92,10000000
375.52,3.007,10000000
375.53,3.007,10000000
375.54,3.139,10000000
375.55,3.139,10000000
375.56,3.007,10000000
375.57,3.139,10000000
375.58,2.92,10000000
375.59,3.007,10000000
375.6,2.876,10000000
375.61,3.007,10000000
375.62,2.92,10000000
375.63,2.876,10000000
375.64,3.051,10000000
375.65,2.92,10000000
375.66,3.007,10000000
375.67,3.139,10000000
375.68,2.92,10000000
375.69,2.876,10000000
375.7,2.964,10000000
375.71,3.139,10000000
375.72,3.183,10000000
375.73,3.315,10000000
375.74,3.183,10000000
375.75,3.227,10000000
375.76,3.139,10000000
375.77,3.139,10000000
375.78,3.095,10000000
375.79,3.051,10000000
375.8,2.92,10000000
375.81,3.095,10000000
375.82,3.007,10000000
375.83,3.095,10000000
375.84,3.007,10000000
375.85,3.007,10000000
375.86,3.051,10000000
375.87,3.139,10000000
375.88,2.832,10000000
375.89,3.095,10000000
375.9,2.92,10000000
375.91,2.964,10000000
375.92,3.051,10000000
375.93,2.92,10000000
375.94,3.095,10000000
375.95,3.139,10000000
375.96,3.007,10000000
375.97,3.051,10000000
375.98,3.139,10000000
375.99,3.139,10000000
376,3.007,10000000
376.01,3.051,10000000
376.02,3.007,10000000
376.03,3.095,10000000
376.04,3.007,10000000
376.05,3.095,10000000
376.06,3.051,10000000
376.07,3.051,10000000
376.08,3.139,10000000
376.09,3.051,10000000
376.1,2.964,10000000
376.11,3.051,10000000
376.12,2.964,10000000
376.13,3.051,10000000
376.14,3.051,10000000
376.15,3.095,10000000
376.16,3.051,10000000
376.17,3.139,10000000
376.18,3.139,10000000
376.19,3.007,10000000
376.2,3.007,10000000
376.21,3.139,10000000
376.22,2.92,10000000
376.23,3.227,10000000
376.24,2.92,10000000
376.25,3.007,10000000
376.26,2.964,10000000
376.27,3.051,10000000
376.28,2.788,10000000
376.29,3.007,10000000
376.3,2.964,10000000
376.31,2.92,10000000
376.32,3.183,10000000
376.33,3.007,10000000
376.34,3.095,10000000
376.35,3.051,10000000
376.36,2.964,10000000
376.37,2.832,10000000
376.38,3.051,10000000
376.39,3.007,10000000
376.4,2.964,10000000
376.41,3.007,10000000
376.42,3.051,10000000
376.43,3.007,10000000
376.44,3.007,10000000
376.45,3.051,10000000
376.46,3.139,10000000
376.47,3.051,10000000
376.48,3.139,10000000
376.49,3.007,10000000
376.5,2.964,10000000
376.51,2.964,10000000
376.52,2.92,10000000
376.53,3.139,10000000
376.54,3.139,10000000
376.55,2.92,10000000
376.56,2.832,10000000
376.57,3.139,10000000
376.58,2.832,10000000
376.59,2.92,10000000
376.6,3.007,10000000
376.61,3.095,10000000
376.62,3.095,10000000
376.63,2.964,10000000
376.64,3.007,10000000
376.65,3.139,10000000
376.66,3.139,10000000
376.67,3.095,10000000
376.68,3.051,10000000
376.69,3.095,10000000
376.7,3.051,10000000
376.71,3.051,10000000
376.72,3.051,10000000
376.73,3.007,10000000
376.74,3.095,10000000
376.75,2.964,10000000
376.76,3.095,10000000
376.77,3.183,10000000
376.78,3.183,10000000
376.79,3.139,10000000
376.8,3.007,10000000
376.81,3.007,10000000
376.82,3.095,10000000
376.83,3.095,10000000
376.84,3.095,10000000
376.85,3.095,10000000
376.86,2.964,10000000
376.87,3.095,10000000
376.88,3.139,10000000
376.89,3.139,10000000
376.9,3.139,10000000
376.91,3.051,10000000
376.92,3.007,10000000
376.93,2.964,10000000
376.94,3.139,10000000
376.95,2.964,10000000
376.96,2.964,10000000
376.97,3.007,10000000
376.98,3.007,10000000
376.99,2.832,10000000
377,3.007,10000000
377.01,3.139,10000000
377.02,3.051,10000000
377.03,3.007,10000000
377.04,3.007,10000000
377.05,2.964,10000000
377.06,3.051,10000000
377.07,3.007,10000000
377.08,3.095,10000000
377.09,2.964,10000000
377.1,3.051,10000000
377.11,3.051,10000000
377.12,3.051,10000000
377.13,3.051,10000000
377.14,3.095,10000000
377.15,3.007,10000000
377.16,3.139,10000000
377.17,3.095,10000000
377.18,3.095,10000000
377.19,3.007,10000000
377.2,3.139,10000000
377.21,3.007,10000000
377.22,2.964,10000000
377.23,3.095,10000000
377.24,2.964,10000000
377.25,2.92,10000000
377.26,2.964,10000000
377.27,3.007,10000000
377.28,3.051,10000000
377.29,2.832,10000000
377.3,2.964,10000000
377.31,3.139,10000000
377.32,2.964,10000000
377.33,2.964,10000000
377.34,2.964,10000000
377.35,3.051,10000000
377.36,3.095,10000000
377.37,2.964,10000000
377.38,3.095,10000000
377.39,3.051,10000000
377.4,2.964,10000000
377.41,2.964,10000000
377.42,3.095,10000000
377.43,3.051,10000000
377.44,3.139,10000000
377.45,3.051,10000000
377.46,3.139,10000000
377.47,3.007,10000000
377.48,3.007,10000000
377.49,3.007,10000000
377.5,3.007,10000000
377.51,3.095,10000000
377.52,3.095,10000000
377.53,3.007,10000000
377.54,3.051,10000000
377.55,3.095,10000000
377.56,3.095,10000000
377.57,3.095,10000000
377.58,3.139,10000000
377.59,3.007,10000000
377.6,3.051,10000000
377.61,3.051,10000000
377.62,3.007,10000000
377.63,3.095,10000000
377.64,3.095,10000000
377.65,3.051,10000000
377.66,3.139,10000000
377.67,3.139,10000000
377.68,2.964,10000000
377.69,3.007,10000000
377.7,3.139,10000000
377.71,2.964,10000000
377.72,3.095,10000000
377.73,3.139,10000000
377.74,3.051,10000000
377.75,2.92,10000000
377.76,3.007,10000000
377.77,3.007,10000000
377.78,3.007,10000000
377.79,2.964,10000000
377.8,3.095,10000000
377.81,3.007,10000000
377.82,3.139,10000000
377.83,3.051,10000000
377.84,3.007,10000000
377.85,3.095,10000000
377.86,2.92,10000000
377.87,3.139,10000000
377.88,3.007,10000000
377.89,3.051,10000000
377.9,3.139,10000000
377.91,3.139,10000000
377.92,3.007,10000000
377.93,3.051,10000000
377.94,3.051,10000000
377.95,3.051,10000000
377.96,3.139,10000000
377.97,3.139,10000000
377.98,3.051,10000000
377.99,3.139,10000000
378,3.007,10000000
378.01,3.095,10000000
378.02,2.964,10000000
378.03,3.139,10000000
378.04,3.183,10000000
378.05,3.139,10000000
378.06,3.007,10000000
378.07,3.051,10000000
378.08,3.095,10000000
378.09,3.007,10000000
378.1,3.051,10000000
378.11,3.095,10000000
378.12,3.051,10000000
378.13,2.964,10000000
378.14,2.744,10000000
378.15,3.007,10000000
378.16,3.007,10000000
378.17,3.051,10000000
378.18,3.095,10000000
378.19,3.007,10000000
378.2,3.139,10000000
378.21,2.964,10000000
378.22,3.007,10000000
378.23,3.095,10000000
378.24,2.964,10000000
378.25,3.139,10000000
378.26,3.051,10000000
378.27,3.007,10000000
378.28,3.139,10000000
378.29,3.095,10000000
378.3,2.964,10000000
378.31,3.139,10000000
378.32,3.139,10000000
378.33,3.139,10000000
378.34,3.139,10000000
378.35,3.007,10000000
378.36,3.007,10000000
378.37,3.007,10000000
378.38,3.007,10000000
378.39,3.139,10000000
378.4,3.007,10000000
378.41,2.964,10000000
378.42,3.007,10000000
378.43,3.007,10000000
378.44,3.139,10000000
378.45,3.095,10000000
378.46,3.007,10000000
378.47,2.92,10000000
378.48,3.095,10000000
378.49,3.007,10000000
378.5,3.051,10000000
378.51,3.139,10000000
378.52,3.139,10000000
378.53,2.92,10000000
378.54,2.964,10000000
378.55,2.92,10000000
378.56,3.007,10000000
378.57,2.876,10000000
378.58,2.92,10000000
378.59,3.051,10000000
378.6,3.139,10000000
378.61,3.007,10000000
378.62,3.007,10000000
378.63,3.051,10000000
378.64,3.051,10000000
378.65,2.964,10000000
378.66,3.051,10000000
378.67,3.139,10000000
378.68,3.183,10000000
378.69,3.095,10000000
378.7,3.139,10000000
378.71,3.051,10000000
378.72,3.051,10000000
378.73,2.964,10000000
378.74,3.051,10000000
378.75,2.964,10000000
378.76,3.051,10000000
378.77,3.095,10000000
378.78,3.139,10000000
378.79,3.051,10000000
378.8,3.139,10000000
378.81,2.92,10000000
378.82,2.92,10000000
378.83,3.007,10000000
378.84,3.007,10000000
378.85,2.92,10000000
378.86,2.92,10000000
378.87,2.964,10000000
378.88,2.964,10000000
378.89,3.139,10000000
378.9,2.964,10000000
378.91,3.139,10000000
378.92,3.051,10000000
378.93,3.095,10000000
378.94,3.007,10000000
378.95,2.92,10000000
378.96,3.051,10000000
378.97,2.964,10000000
378.98,3.051,10000000
378.99,3.007,10000000
379,3.007,10000000
379.01,3.007,10000000
379.02,3.183,10000000
379.03,3.227,10000000
379.04,3.051,10000000
379.05,3.007,10000000
379.06,3.139,10000000
379.07,2.964,10000000
379.08,3.095,10000000
379.09,3.183,10000000
379.1,3.183,10000000
379.11,3.007,10000000
379.12,3.183,10000000
379.13,3.139,10000000
379.14,3.051,10000000
379.15,3.007,10000000
379.16,2.92,10000000
379.17,2.832,10000000
379.18,2.964,10000000
379.19,2.92,10000000
379.2,2.964,10000000
379.21,2.964,10000000
379.22,2.964,10000000
379.23,3.007,10000000
379.24,2.92,10000000
379.25,2.876,10000000
379.26,3.007,10000000
379.27,2.92,10000000
379.28,2.744,10000000
379.29,3.095,10000000
379.3,3.051,10000000
379.31,3.051,10000000
379.32,3.007,10000000
379.33,3.051,10000000
379.34,2.92,10000000
379.35,3.007,10000000
379.36,3.095,10000000
379.37,2.92,10000000
379.38,3.051,10000000
379.39,2.876,10000000
379.4,3.139,10000000
379.41,3.051,10000000
379.42,3.139,10000000
379.43,2.964,10000000
379.44,2.964,10000000
379.45,3.095,10000000
379.46,2.964,10000000
379.47,3.139,10000000
379.48,2.832,10000000
379.49,2.92,10000000
379.5,3.139,10000000
379.51,3.007,10000000
379.52,3.051,10000000
379.53,3.051,10000000
379.54,2.876,10000000
379.55,2.92,10000000
379.56,2.92,10000000
379.57,3.051,10000000
379.58,3.051,10000000
379.59,3.051,10000000
379.6,3.139,10000000
379.61,3.183,10000000
379.62,3.183,10000000
379.63,3.007,10000000
379.64,2.92,10000000
379.65,2.92,10000000
379.66,3.139,10000000
379.67,2.832,10000000
379.68,2.92,10000000
379.69,2.92,10000000
379.7,3.095,10000000
379.71,3.007,10000000
379.72,2.964,10000000
379.73,2.92,10000000
379.74,2.964,10000000
379.75,2.964,10000000
379.76,2.92,10000000
379.77,3.051,10000000
379.78,3.051,10000000
379.79,2.964,10000000
379.8,3.095,10000000
379.81,3.051,10000000
379.82,2.964,10000000
379.83,3.183,10000000
379.84,3.139,10000000
379.85,3.095,10000000
379.86,2.92,10000000
379.87,3.051,10000000
379.88,2.964,10000000
379.89,3.139,10000000
379.9,3.051,10000000
379.91,3.139,10000000
379.92,3.095,10000000
379.93,2.964,10000000
379.94,3.095,10000000
379.95,3.007,10000000
379.96,2.92,10000000
379.97,3.139,10000000
379.98,3.139,10000000
379.99,3.007,10000000
380,3.007,10000000
380.01,3.007,10000000
380.02,3.095,10000000
380.03,3.139,10000000
380.04,3.007,10000000
380.05,3.051,10000000
380.06,3.007,10000000
380.07,3.051,10000000
380.08,3.095,10000000
380.09,3.051,10000000
380.1,3.051,10000000
380.11,2.964,10000000
380.12,3.051,10000000
380.13,2.92,10000000
380.14,3.051,10000000
380.15,3.007,10000000
380.16,2.92,10000000
380.17,3.139,10000000
380.18,3.139,10000000
380.19,2.964,10000000
380.2,3.007,10000000
380.21,3.007,10000000
380.22,3.007,10000000
380.23,2.832,10000000
380.24,3.007,10000000
380.25,2.92,10000000
380.26,2.876,10000000
380.27,2.92,10000000
380.28,3.007,10000000
380.29,3.051,10000000
380.3,3.095,10000000
380.31,3.095,10000000
380.32,3.051,10000000
380.33,3.095,10000000
380.34,3.051,10000000
380.35,3.095,10000000
380.36,3.051,10000000
380.37,3.095,10000000
380.38,3.051,10000000
380.39,3.139,10000000
380.4,3.095,10000000
380.41,3.183,10000000
380.42,3.051,10000000
380.43,2.964,10000000
380.44,3.095,10000000
380.45,3.051,10000000
380.46,3.051,10000000
380.47,3.051,10000000
380.48,2.92,10000000
380.49,3.007,10000000
380.5,3.007,10000000
380.51,2.964,10000000
380.52,2.744,10000000
380.53,3.007,10000000
380.54,2.964,10000000
380.55,3.183,10000000
380.56,3.095,10000000
380.57,3.183,10000000
380.58,3.095,10000000
380.59,3.051,10000000
380.6,3.095,10000000
380.61,3.139,10000000
380.62,3.095,10000000
380.63,3.095,10000000
380.64,3.051,10000000
380.65,3.007,10000000
380.66,2.92,10000000
380.67,2.92,10000000
380.68,2.964,10000000
380.69,2.92,10000000
380.7,3.095,10000000
380.71,2.92,10000000
380.72,3.095,10000000
380.73,3.095,10000000
380.74,2.92,10000000
380.75,3.007,10000000
380.76,3.007,10000000
380.77,2.92,10000000
380.78,2.92,10000000
380.79,3.051,10000000
380.8,3.095,10000000
380.81,3.051,10000000
380.82,3.139,10000000
380.83,3.139,10000000
380.84,3.139,10000000
380.85,3.183,10000000
380.86,3.051,10000000
380.87,3.051,10000000
380.88,3.139,10000000
380.89,2.832,10000000
380.9,3.051,10000000
380.91,3.051,10000000
380.92,3.183,10000000
380.93,3.051,10000000
380.94,2.92,10000000
380.95,3.051,10000000
380.96,2.964,10000000
380.97,3.007,10000000
380.98,3.007,10000000
380.99,3.139,10000000
381,3.183,10000000
381.01,3.051,10000000
381.02,3.139,10000000
381.03,3.095,10000000
381.04,2.964,10000000
381.05,3.051,10000000
381.06,3.095,10000000
381.07,2.92,10000000
381.08,2.876,10000000
381.09,3.095,10000000
381.1,2.964,10000000
381.11,3.007,10000000
381.12,3.007,10000000
381.13,3.051,10000000
381.14,3.051,10000000
381.15,3.139,10000000
381.16,2.964,10000000
381.17,2.92,10000000
381.18,3.183,10000000
381.19,3.095,10000000
381.2,3.139,10000000
381.21,3.051,10000000
381.22,3.139,10000000
381.23,3.051,10000000
381.24,3.007,10000000
381.25,3.095,10000000
381.26,3.007,10000000
381.27,3.139,10000000
381.28,3.095,10000000
381.29,3.007,10000000
381.3,3.139,10000000
381.31,3.139,10000000
381.32,3.139,10000000
381.33,3.139,10000000
381.34,3.139,10000000
381.35,3.139,10000000
381.36,2.92,10000000
381.37,3.051,10000000
381.38,3.007,10000000
381.39,2.964,10000000
381.4,3.139,10000000
381.41,3.139,10000000
381.42,2.92,10000000
381.43,2.92,10000000
381.44,2.92,10000000
381.45,2.92,10000000
381.46,3.007,10000000
381.47,2.964,10000000
381.48,3.095,10000000
381.49,3.139,10000000
381.5,3.095,10000000
381.51,3.095,10000000
381.52,3.139,10000000
381.53,3.183,10000000
381.54,3.007,10000000
381.55,3.051,10000000
381.56,3.139,10000000
381.57,3.007,10000000
381.58,3.007,10000000
381.59,3.007,10000000
381.6,3.007,10000000
381.61,3.007,10000000
381.62,3.007,10000000
381.63,3.139,10000000
381.64,2.92,10000000
381.65,3.139,10000000
381.66,3.007,10000000
381.67,3.007,10000000
381.68,3.095,10000000
381.69,3.095,10000000
381.7,3.139,10000000
381.71,2.92,10000000
381.72,3.051,10000000
381.73,3.007,10000000
381.74,3.007,10000000
381.75,2.964,10000000
381.76,3.139,10000000
381.77,3.183,10000000
381.78,3.183,10000000
381.79,3.139,10000000
381.8,3.051,10000000
381.81,3.051,10000000
381.82,3.007,10000000
381.83,2.964,10000000
381.84,3.007,10000000
381.85,3.139,10000000
381.86,3.007,10000000
381.87,3.139,10000000
381.88,3.095,10000000
381.89,3.007,10000000
381.9,3.227,10000000
381.91,3.095,10000000
381.92,3.139,10000000
381.93,3.007,10000000
381.94,3.095,10000000
381.95,2.92,10000000
381.96,3.051,10000000
381.97,3.095,10000000
381.98,2.964,10000000
381.99,3.007,10000000
382,2.964,10000000
382.01,3.051,10000000
382.02,2.964,10000000
382.03,3.007,10000000
382.04,3.007,10000000
382.05,3.051,10000000
382.06,2.964,10000000
382.07,2.964,10000000
382.08,3.007,10000000
382.09,3.051,10000000
382.1,3.051,10000000
382.11,3.007,10000000
382.12,3.007,10000000
382.13,2.964,10000000
382.14,3.051,10000000
382.15,3.183,10000000
382.16,3.007,10000000
382.17,3.007,10000000
382.18,2.964,10000000
382.19,3.139,10000000
382.2,3.051,10000000
382.21,3.007,10000000
382.22,3.007,10000000
382.23,2.876,10000000
382.24,2.832,10000000
382.25,3.007,10000000
382.26,3.007,10000000
382.27,3.095,10000000
382.28,3.007,10000000
382.29,2.964,10000000
382.3,2.832,10000000
382.31,3.051,10000000
382.32,3.051,10000000
382.33,2.964,10000000
382.34,3.007,10000000
382.35,3.095,10000000
382.36,3.051,10000000
382.37,3.139,10000000
382.38,3.007,10000000
382.39,3.095,10000000
382.4,3.007,10000000
382.41,3.095,10000000
382.42,3.139,10000000
382.43,3.007,10000000
382.44,3.139,10000000
382.45,3.095,10000000
382.46,3.183,10000000
382.47,2.964,10000000
382.48,3.095,10000000
382.49,3.227,10000000
382.5,3.007,10000000
382.51,3.051,10000000
382.52,3.139,10000000
382.53,3.007,10000000
382.54,3.051,10000000
382.55,3.051,10000000
382.56,3.007,10000000
382.57,3.007,10000000
382.58,3.183,10000000
382.59,2.964,10000000
382.6,3.139,10000000
382.61,3.051,10000000
382.62,2.964,10000000
382.63,3.007,10000000
382.64,3.007,10000000
382.65,2.92,10000000
382.66,3.007,10000000
382.67,2.964,10000000
382.68,2.92,10000000
382.69,2.832,10000000
382.7,3.007,10000000
382.71,3.051,10000000
382.72,2.964,10000000
382.73,3.139,10000000
382.74,3.095,10000000
382.75,3.095,10000000
382.76,3.139,10000000
382.77,3.139,10000000
382.78,3.095,10000000
382.79,3.007,10000000
382.8,3.051,10000000
382.81,3.227,10000000
382.82,2.964,10000000
382.83,3.095,10000000
382.84,2.832,10000000
382.85,3.007,10000000
382.86,3.183,10000000
382.87,3.051,10000000
382.88,3.051,10000000
382.89,3.095,10000000
382.9,2.964,10000000
382.91,3.183,10000000
382.92,3.051,10000000
382.93,3.095,10000000
382.94,3.183,10000000
382.95,3.051,10000000
382.96,3.051,10000000
382.97,2.964,10000000
382.98,2.832,10000000
382.99,3.051,10000000
383,3.183,10000000
383.01,2.964,10000000
383.02,2.92,10000000
383.03,3.007,10000000
383.04,3.139,10000000
383.05,2.92,10000000
383.06,2.964,10000000
383.07,2.964,10000000
383.08,3.139,10000000
383.09,2.964,10000000
383.1,3.007,10000000
383.11,3.139,10000000
383.12,2.964,10000000
383.13,3.051,10000000
383.14,3.007,10000000
383.15,3.051,10000000
383.16,2.964,10000000
383.17,3.095,10000000
383.18,2.964,10000000
383.19,3.139,10000000
383.2,3.007,10000000
383.21,3.095,10000000
383.22,2.964,10000000
383.23,3.007,10000000
383.24,3.095,10000000
383.25,2.92,10000000
383.26,3.139,10000000
383.27,3.051,10000000
383.28,3.139,10000000
383.29,3.007,10000000
383.3,3.095,10000000
383.31,3.051,10000000
383.32,3.007,10000000
383.33,3.051,10000000
383.34,3.095,10000000
383.35,3.095,10000000
383.36,3.007,10000000
383.37,3.095,10000000
383.38,3.095,10000000
383.39,2.92,10000000
383.4,2.92,10000000
383.41,3.139,10000000
383.42,3.227,10000000
383.43,3.139,10000000
383.44,3.227,10000000
383.45,3.007,10000000
383.46,3.139,10000000
383.47,3.051,10000000
383.48,3.315,10000000
383.49,3.095,10000000
383.5,2.92,10000000
383.51,3.051,10000000
383.52,3.139,10000000
383.53,3.007,10000000
383.54,3.139,10000000
383.55,3.095,10000000
383.56,3.183,10000000
383.57,3.095,10000000
383.58,3.139,10000000
383.59,3.007,10000000
383.6,3.095,10000000
383.61,3.139,10000000
383.62,3.183,10000000
383.63,3.183,10000000
383.64,3.007,10000000
383.65,2.92,10000000
383.66,3.051,10000000
383.67,2.92,10000000
383.68,3.095,10000000
383.69,3.139,10000000
383.7,3.051,10000000
383.71,3.007,10000000
383.72,3.007,10000000
383.73,3.007,10000000
383.74,3.139,10000000
383.75,2.832,10000000
383.76,3.007,10000000
383.77,3.007,10000000
383.78,3.007,10000000
383.79,2.92,10000000
383.8,2.92,10000000
383.81,2.92,10000000
383.82,3.007,10000000
383.83,2.964,10000000
383.84,3.095,10000000
383.85,3.007,10000000
383.86,2.964,10000000
383.87,3.095,10000000
383.88,3.095,10000000
383.89,3.095,10000000
383.9,3.051,10000000
383.91,2.92,10000000
383.92,2.92,10000000
383.93,2.964,10000000
383.94,2.964,10000000
383.95,3.007,10000000
383.96,2.964,10000000
383.97,3.007,10000000
383.98,2.964,10000000
383.99,3.051,10000000
384,3.095,10000000
384.01,3.183,10000000
384.02,3.139,10000000
384.03,3.095,10000000
384.04,3.095,10000000
384.05,3.139,10000000
384.06,3.095,10000000
384.07,3.139,10000000
384.08,3.227,10000000
384.09,3.139,10000000
384.1,2.92,10000000
384.11,3.051,10000000
384.12,3.139,10000000
384.13,3.139,10000000
384.14,3.095,10000000
384.15,3.359,10000000
384.16,3.271,10000000
384.17,3.095,10000000
384.18,3.007,10000000
384.19,3.095,10000000
384.2,3.271,10000000
384.21,2.964,10000000
384.22,3.007,10000000
384.23,3.051,10000000
384.24,3.007,10000000
384.25,3.095,10000000
384.26,2.964,10000000
384.27,3.051,10000000
384.28,2.788,10000000
384.29,3.007,10000000
384.3,3.139,10000000
384.31,3.007,10000000
384.32,2.92,10000000
384.33,2.92,10000000
384.34,2.832,10000000
384.35,3.007,10000000
384.36,3.007,10000000
384.37,3.051,10000000
384.38,2.92,10000000
384.39,2.876,10000000
384.4,3.139,10000000
384.41,3.051,10000000
384.42,3.095,10000000
384.43,2.964,10000000
384.44,3.095,10000000
384.45,3.095,10000000
384.46,3.051,10000000
384.47,3.139,10000000
384.48,2.92,10000000
384.49,3.139,10000000
384.5,3.139,10000000
384.51,3.183,10000000
384.52,3.183,10000000
384.53,3.007,10000000
384.54,3.315,10000000
384.55,2.964,10000000
384.56,2.964,10000000
384.57,3.139,10000000
384.58,3.051,10000000
384.59,3.051,10000000
384.6,2.964,10000000
384.61,3.139,10000000
384.62,3.007,10000000
384.63,3.007,10000000
384.64,3.095,10000000
384.65,2.92,10000000
384.66,2.92,10000000
384.67,2.964,10000000
384.68,3.007,10000000
384.69,2.876,10000000
384.7,2.964,10000000
384.71,3.007,10000000
384.72,2.876,10000000
384.73,3.183,10000000
384.74,3.139,10000000
384.75,2.92,10000000
384.76,3.051,10000000
384.77,2.964,10000000
384.78,2.92,10000000
384.79,3.051,10000000
384.8,3.095,10000000
384.81,3.139,10000000
384.82,3.051,10000000
384.83,3.139,10000000
384.84,3.095,10000000
384.85,3.007,10000000
384.86,3.139,10000000
384.87,3.139,10000000
384.88,3.007,10000000
384.89,3.227,10000000
384.9,3.051,10000000
384.91,3.051,10000000
384.92,2.964,10000000
384.93,2.832,10000000
384.94,3.007,10000000
384.95,2.92,10000000
384.96,3.007,10000000
384.97,3.007,10000000
384.98,3.139,10000000
384.99,3.095,10000000
385,3.183,10000000
385.01,3.007,10000000
385.02,3.139,10000000
385.03,3.007,10000000
385.04,3.095,10000000
385.05,3.007,10000000
385.06,3.139,10000000
385.07,3.007,10000000
385.08,3.095,10000000
385.09,3.051,10000000
385.1,3.051,10000000
385.11,2.964,10000000
385.12,2.92,10000000
385.13,2.832,10000000
385.14,2.92,10000000
385.15,2.832,10000000
385.16,3.095,10000000
385.17,3.007,10000000
385.18,3.051,10000000
385.19,3.051,10000000
385.2,3.139,10000000
385.21,2.92,10000000
385.22,3.007,10000000
385.23,3.095,10000000
385.24,3.007,10000000
385.25,3.095,10000000
385.26,3.139,10000000
385.27,3.139,10000000
385.28,3.271,10000000
385.29,3.007,10000000
385.3,2.92,10000000
385.31,2.964,10000000
385.32,3.007,10000000
385.33,3.139,10000000
385.34,2.964,10000000
385.35,3.051,10000000
385.36,3.007,10000000
385.37,3.051,10000000
385.38,3.139,10000000
385.39,3.007,10000000
385.4,3.095,10000000
385.41,3.139,10000000
385.42,3.051,10000000
385.43,3.051,10000000
385.44,2.92,10000000
385.45,3.095,10000000
385.46,3.051,10000000
385.47,3.183,10000000
385.48,3.139,10000000
385.49,2.92,10000000
385.5,3.139,10000000
385.51,3.051,10000000
385.52,3.007,10000000
385.53,3.183,10000000
385.54,3.227,10000000
385.55,3.139,10000000
385.56,3.095,10000000
385.57,3.007,10000000
385.58,3.051,10000000
385.59,3.095,10000000
385.6,3.095,10000000
385.61,2.964,10000000
385.62,2.92,10000000
385.63,2.92,10000000
385.64,3.095,10000000
385.65,3.139,10000000
385.66,3.183,10000000
385.67,3.139,10000000
385.68,3.315,10000000
385.69,3.095,10000000
385.7,3.095,10000000
385.71,3.139,10000000
385.72,3.095,10000000
385.73,3.139,10000000
385.74,3.007,10000000
385.75,3.139,10000000
385.76,3.007,10000000
385.77,2.832,10000000
385.78,3.007,10000000
385.79,3.051,10000000
385.8,2.92,10000000
385.81,3.051,10000000
385.82,2.964,10000000
385.83,3.007,10000000
385.84,2.964,10000000
385.85,3.051,10000000
385.86,3.095,10000000
385.87,2.964,10000000
385.88,2.964,10000000
385.89,2.964,10000000
385.9,3.007,10000000
385.91,3.139,10000000
385.92,3.007,10000000
385.93,2.744,10000000
385.94,2.964,10000000
385.95,3.095,10000000
385.96,3.007,10000000
385.97,2.964,10000000
385.98,3.051,10000000
385.99,3.007,10000000
386,3.007,10000000
386.01,3.139,10000000
386.02,2.92,10000000
386.03,3.007,10000000
386.04,2.964,10000000
386.05,3.007,10000000
386.06,3.051,10000000
386.07,3.051,10000000
386.08,3.051,10000000
386.09,2.832,10000000
386.1,3.007,10000000
386.11,3.095,10000000
386.12,2.92,10000000
386.13,3.139,10000000
386.14,3.139,10000000
386.15,3.139,10000000
386.16,2.964,10000000
386.17,2.92,10000000
386.18,3.007,10000000
386.19,3.139,10000000
386.2,3.095,10000000
386.21,3.139,10000000
386.22,3.139,10000000
386.23,3.095,10000000
386.24,3.139,10000000
386.25,3.051,10000000
386.26,3.139,10000000
386.27,3.051,10000000
386.28,3.051,10000000
386.29,3.007,10000000
386.3,3.139,10000000
386.31,3.051,10000000
386.32,2.92,10000000
386.33,3.051,10000000
386.34,2.964,10000000
386.35,3.007,10000000
386.36,2.876,10000000
386.37,3.139,10000000
386.38,2.92,10000000
386.39,3.051,10000000
386.4,2.964,10000000
386.41,3.095,10000000
386.42,2.92,10000000
386.43,3.051,10000000
386.44,3.007,10000000
386.45,3.139,10000000
386.46,3.139,10000000
386.47,3.051,10000000
386.48,2.92,10000000
386.49,2.876,10000000
386.5,3.051,10000000
386.51,2.964,10000000
386.52,3.007,10000000
386.53,3.007,10000000
386.54,3.051,10000000
386.55,3.051,10000000
386.56,2.964,10000000
386.57,3.007,10000000
386.58,3.051,10000000
386.59,2.964,10000000
386.6,3.007,10000000
386.61,3.007,10000000
386.62,2.876,10000000
386.63,3.007,10000000
386.64,3.139,10000000
386.65,3.007,10000000
386.66,3.139,10000000
386.67,3.051,10000000
386.68,3.051,10000000
386.69,3.007,10000000
386.7,3.051,10000000
386.71,3.007,10000000
386.72,3.051,10000000
386.73,3.007,10000000
386.74,3.139,10000000
386.75,3.051,10000000
386.76,3.051,10000000
386.77,2.92,10000000
386.78,2.876,10000000
386.79,2.92,10000000
386.8,2.832,10000000
386.81,3.007,10000000
386.82,3.139,10000000
386.83,3.007,10000000
386.84,2.964,10000000
386.85,3.007,10000000
386.86,2.92,10000000
386.87,3.051,10000000
386.88,2.92,10000000
386.89,3.051,10000000
386.9,3.007,10000000
386.91,3.183,10000000
386.92,3.007,10000000
386.93,3.051,10000000
386.94,3.095,10000000
386.95,2.964,10000000
386.96,3.051,10000000
386.97,3.007,10000000
386.98,3.007,10000000
386.99,2.964,10000000
387,3.139,10000000
387.01,3.139,10000000
387.02,3.051,10000000
387.03,2.964,10000000
387.04,3.095,10000000
387.05,2.92,10000000
387.06,3.139,10000000
387.07,2.964,10000000
387.08,2.964,10000000
387.09,3.007,10000000
387.1,3.007,10000000
387.11,3.007,10000000
387.12,3.051,10000000
387.13,3.095,10000000
387.14,3.007,10000000
387.15,3.139,10000000
387.16,3.051,10000000
387.17,3.007,10000000
387.18,3.095,10000000
387.19,3.095,10000000
387.2,3.095,10000000
387.21,3.183,10000000
387.22,3.095,10000000
387.23,3.139,10000000
387.24,3.139,10000000
387.25,3.051,10000000
387.26,3.007,10000000
387.27,2.964,10000000
387.28,3.051,10000000
387.29,3.007,10000000
387.3,3.139,10000000
387.31,2.964,10000000
387.32,2.92,10000000
387.33,3.051,10000000
387.34,3.139,10000000
387.35,3.139,10000000
387.36,3.007,10000000
387.37,3.095,10000000
387.38,3.095,10000000
387.39,2.92,10000000
387.4,3.007,10000000
387.41,2.964,10000000
387.42,3.007,10000000
387.43,2.92,10000000
387.44,2.92,10000000
387.45,3.051,10000000
387.46,2.92,10000000
387.47,3.051,10000000
387.48,3.139,10000000
387.49,2.876,10000000
387.5,3.007,10000000
387.51,3.139,10000000
387.52,2.832,10000000
387.53,2.92,10000000
387.54,3.007,10000000
387.55,3.139,10000000
387.56,2.92,10000000
387.57,3.007,10000000
387.58,3.095,10000000
387.59,3.095,10000000
387.6,3.007,10000000
387.61,3.007,10000000
387.62,3.183,10000000
387.63,3.051,10000000
387.64,3.095,10000000
387.65,3.095,10000000
387.66,3.183,10000000
387.67,3.095,10000000
387.68,3.227,10000000
387.69,3.007,10000000
387.7,3.051,10000000
387.71,2.92,10000000
387.72,3.139,10000000
387.73,2.964,10000000
387.74,3.051,10000000
387.75,2.876,10000000
387.76,2.964,10000000
387.77,2.92,10000000
387.78,3.007,10000000
387.79,3.227,10000000
387.8,3.095,10000000
387.81,2.964,10000000
387.82,2.92,10000000
387.83,2.832,10000000
387.84,2.964,10000000
387.85,3.139,10000000
387.86,2.964,10000000
387.87,3.051,10000000
387.88,3.007,10000000
387.89,3.139,10000000
387.9,3.007,10000000
387.91,2.92,10000000
387.92,3.051,10000000
387.93,3.095,10000000
387.94,3.051,10000000
387.95,3.007,10000000
387.96,3.007,10000000
387.97,3.051,10000000
387.98,3.007,10000000
387.99,3.051,10000000
388,3.139,10000000
388.01,3.095,10000000
388.02,3.007,10000000
388.03,3.139,10000000
388.04,3.007,10000000
388.05,3.139,10000000
388.06,3.051,10000000
388.07,2.92,10000000
388.08,3.051,10000000
388.09,2.92,10000000
388.1,3.051,10000000
388.11,3.007,10000000
388.12,3.007,10000000
388.13,3.051,10000000
388.14,3.007,10000000
388.15,3.051,10000000
388.16,3.139,10000000
388.17,2.876,10000000
388.18,3.095,10000000
388.19,3.139,10000000
388.2,3.051,10000000
388.21,3.051,10000000
388.22,3.051,10000000
388.23,3.007,10000000
388.24,3.051,10000000
388.25,3.183,10000000
388.26,3.051,10000000
388.27,3.007,10000000
388.28,3.095,10000000
388.29,3.051,10000000
388.3,3.183,10000000
388.31,3.051,10000000
388.32,2.92,10000000
388.33,3.007,10000000
388.34,3.051,10000000
388.35,3.007,10000000
388.36,2.92,10000000
388.37,2.92,10000000
388.38,3.007,10000000
388.39,3.183,10000000
388.4,3.139,10000000
388.41,3.139,10000000
388.42,3.095,10000000
388.43,3.095,10000000
388.44,3.051,10000000
388.45,3.095,10000000
388.46,3.007,10000000
388.47,3.051,10000000
388.48,2.92,10000000
388.49,3.007,10000000
388.5,3.051,10000000
388.51,3.139,10000000
388.52,2.92,10000000
388.53,3.007,10000000
388.54,3.139,10000000
388.55,3.183,10000000
388.56,3.051,10000000
388.57,3.095,10000000
388.58,3.051,10000000
388.59,2.964,10000000
388.6,3.139,10000000
388.61,3.139,10000000
388.62,3.095,10000000
388.63,3.139,10000000
388.64,2.92,10000000
388.65,2.92,10000000
388.66,2.92,10000000
388.67,3.095,10000000
388.68,3.095,10000000
388.69,3.227,10000000
388.7,3.051,10000000
388.71,3.095,10000000
388.72,2.964,10000000
388.73,3.007,10000000
388.74,2.964,10000000
388.75,2.92,10000000
388.76,3.183,10000000
388.77,3.139,10000000
388.78,3.095,10000000
388.79,3.139,10000000
388.8,3.183,10000000
388.81,3.051,10000000
388.82,2.964,10000000
388.83,3.183,10000000
388.84,3.095,10000000
388.85,3.183,10000000
388.86,2.964,10000000
388.87,2.964,10000000
388.88,2.92,10000000
388.89,3.139,10000000
388.9,3.315,10000000
388.91,3.007,10000000
388.92,2.92,10000000
388.93,2.92,10000000
388.94,2.964,10000000
388.95,3.139,10000000
388.96,3.007,10000000
388.97,3.139,10000000
388.98,3.139,10000000
388.99,2.92,10000000
389,3.007,10000000
389.01,3.007,10000000
389.02,3.139,10000000
389.03,3.095,10000000
389.04,3.095,10000000
389.05,3.139,10000000
389.06,2.964,10000000
389.07,3.051,10000000
389.08,3.007,10000000
389.09,3.139,10000000
389.1,2.964,10000000
389.11,3.007,10000000
389.12,3.051,10000000
389.13,2.964,10000000
389.14,2.964,10000000
389.15,3.139,10000000
389.16,3.227,10000000
389.17,3.051,10000000
389.18,3.139,10000000
389.19,3.007,10000000
389.2,3.007,10000000
389.21,2.964,10000000
389.22,3.007,10000000
389.23,3.051,10000000
389.24,3.007,10000000
389.25,2.964,10000000
389.26,3.007,10000000
389.27,3.095,10000000
389.28,2.92,10000000
389.29,3.007,10000000
389.3,3.139,10000000
389.31,2.92,10000000
389.32,3.095,10000000
389.33,3.139,10000000
389.34,3.051,10000000
389.35,3.139,10000000
389.36,3.007,10000000
389.37,3.051,10000000
389.38,3.007,10000000
389.39,3.007,10000000
389.4,3.183,10000000
389.41,3.139,10000000
389.42,3.095,10000000
389.43,3.051,10000000
389.44,3.051,10000000
389.45,3.139,10000000
389.46,2.92,10000000
389.47,3.227,10000000
389.48,3.095,10000000
389.49,3.227,10000000
389.5,3.095,10000000
389.51,3.139,10000000
389.52,3.095,10000000
389.53,2.92,10000000
389.54,3.007,10000000
389.55,2.876,10000000
389.56,2.92,10000000
389.57,2.832,10000000
389.58,3.007,10000000
389.59,2.964,10000000
389.6,3.051,10000000
389.61,3.007,10000000
389.62,3.051,10000000
389.63,2.964,10000000
389.64,2.964,10000000
389.65,3.051,10000000
389.66,3.095,10000000
389.67,3.139,10000000
389.68,3.139,10000000
389.69,3.139,10000000
389.7,3.183,10000000
389.71,3.007,10000000
389.72,3.007,10000000
389.73,3.051,10000000
389.74,3.095,10000000
389.75,3.139,10000000
389.76,3.139,10000000
389.77,3.139,10000000
389.78,3.227,10000000
389.79,3.051,10000000
389.8,2.92,10000000
389.81,2.964,10000000
389.82,3.051,10000000
389.83,2.92,10000000
389.84,3.051,10000000
389.85,2.92,10000000
389.86,3.007,10000000
389.87,2.92,10000000
389.88,3.051,10000000
389.89,3.139,10000000
389.9,3.051,10000000
389.91,2.92,10000000
389.92,3.051,10000000
389.93,2.876,10000000
389.94,3.051,10000000
389.95,3.051,10000000
389.96,2.876,10000000
389.97,2.92,10000000
389.98,3.051,10000000
389.99,2.92,10000000
390,2.92,10000000
390.01,2.876,10000000
390.02,2.876,10000000
390.03,2.964,10000000
390.04,3.095,10000000
390.05,3.139,10000000
390.06,3.051,10000000
390.07,3.095,10000000
390.08,3.051,10000000
390.09,3.007,10000000
390.1,3.095,10000000
390.11,3.007,10000000
390.12,3.007,10000000
390.13,2.92,10000000
390.14,3.139,10000000
390.15,2.92,10000000
390.16,3.051,10000000
390.17,3.007,10000000
390.18,3.139,10000000
390.19,2.964,10000000
390.2,3.007,10000000
390.21,2.964,10000000
390.22,3.051,10000000
390.23,3.007,10000000
390.24,3.139,10000000
390.25,3.095,10000000
390.26,3.139,10000000
390.27,3.095,10000000
390.28,3.227,10000000
390.29,2.92,10000000
390.3,2.964,10000000
390.31,3.227,10000000
390.32,2.964,10000000
390.33,3.139,10000000
390.34,3.007,10000000
390.35,3.051,10000000
390.36,3.095,10000000
390.37,2.876,10000000
390.38,2.964,10000000
390.39,3.007,10000000
390.4,2.964,10000000
390.41,3.051,10000000
390.42,3.007,10000000
390.43,2.964,10000000
390.44,2.964,10000000
390.45,3.007,10000000
390.46,3.007,10000000
390.47,3.095,10000000
390.48,3.051,10000000
390.49,3.051,10000000
390.5,2.92,10000000
390.51,3.051,10000000
390.52,3.095,10000000
390.53,2.964,10000000
390.54,3.095,10000000
390.55,3.139,10000000
390.56,3.095,10000000
390.57,3.007,10000000
390.58,2.876,10000000
390.59,3.051,10000000
390.6,3.007,10000000
390.61,3.051,10000000
390.62,3.227,10000000
390.63,3.051,10000000
390.64,3.139,10000000
390.65,3.007,10000000
390.66,3.095,10000000
390.67,3.007,10000000
390.68,3.139,10000000
390.69,3.095,10000000
390.7,3.051,10000000
390.71,2.92,10000000
390.72,3.139,10000000
390.73,3.095,10000000
390.74,2.964,10000000
390.75,3.051,10000000
390.76,3.051,10000000
390.77,2.876,10000000
390.78,2.92,10000000
390.79,2.92,10000000
390.8,3.007,10000000
390.81,3.007,10000000
390.82,3.007,10000000
390.83,2.964,10000000
390.84,2.964,10000000
390.85,3.095,10000000
390.86,3.183,10000000
390.87,3.095,10000000
390.88,3.139,10000000
390.89,3.227,10000000
390.9,3.139,10000000
390.91,3.095,10000000
390.92,3.227,10000000
390.93,3.007,10000000
390.94,3.139,10000000
390.95,3.139,10000000
390.96,3.051,10000000
390.97,3.051,10000000
390.98,3.051,10000000
390.99,2.832,10000000
391,2.964,10000000
391.01,2.964,10000000
391.02,3.051,10000000
391.03,2.876,10000000
391.04,2.964,10000000
391.05,3.051,10000000
391.06,3.051,10000000
391.07,3.051,10000000
391.08,3.007,10000000
391.09,3.139,10000000
391.1,3.139,10000000
391.11,3.051,10000000
391.12,2.92,10000000
391.13,3.051,10000000
391.14,3.007,10000000
391.15,2.92,10000000
391.16,2.92,10000000
391.17,2.964,10000000
391.18,3.007,10000000
391.19,3.095,10000000
391.2,3.051,10000000
391.21,3.139,10000000
391.22,3.007,10000000
391.23,3.139,10000000
391.24,3.095,10000000
391.25,3.139,10000000
391.26,3.051,10000000
391.27,3.051,10000000
391.28,3.007,10000000
391.29,3.183,10000000
391.3,3.095,10000000
391.31,3.139,10000000
391.32,3.051,10000000
391.33,3.095,10000000
391.34,3.095,10000000
391.35,2.92,10000000
391.36,2.876,10000000
391.37,3.007,10000000
391.38,2.92,10000000
391.39,3.007,10000000
391.4,3.051,10000000
391.41,3.095,10000000
391.42,3.007,10000000
391.43,3.095,10000000
391.44,2.92,10000000
391.45,3.051,10000000
391.46,3.051,10000000
391.47,3.227,10000000
391.48,3.139,10000000
391.49,3.007,10000000
391.5,2.876,10000000
391.51,2.92,10000000
391.52,3.007,10000000
391.53,3.051,10000000
391.54,2.92,10000000
391.55,3.227,10000000
391.56,3.007,10000000
391.57,3.227,10000000
391.58,3.139,10000000
391.59,3.095,10000000
391.6,3.183,10000000
391.61,3.051,10000000
391.62,2.964,10000000
391.63,3.051,10000000
391.64,2.92,10000000
391.65,3.051,10000000
391.66,3.051,10000000
391.67,3.139,10000000
391.68,3.139,10000000
391.69,3.139,10000000
391.7,3.095,10000000
391.71,2.92,10000000
391.72,3.051,10000000
391.73,3.007,10000000
391.74,3.183,10000000
391.75,3.051,10000000
391.76,3.007,10000000
391.77,3.007,10000000
391.78,3.007,10000000
391.79,3.095,10000000
391.8,3.051,10000000
391.81,2.92,10000000
391.82,3.051,10000000
391.83,3.183,10000000
391.84,3.095,10000000
391.85,3.007,10000000
391.86,3.051,10000000
391.87,3.139,10000000
391.88,3.183,10000000
391.89,3.051,10000000
391.9,2.964,10000000
391.91,3.095,10000000
391.92,2.92,10000000
391.93,2.964,10000000
391.94,2.92,10000000
391.95,3.007,10000000
391.96,2.92,10000000
391.97,3.095,10000000
391.98,3.139,10000000
391.99,3.051,10000000
392,3.007,10000000
392.01,3.139,10000000
392.02,3.007,10000000
392.03,3.007,10000000
392.04,3.139,10000000
392.05,2.964,10000000
392.06,2.964,10000000
392.07,2.92,10000000
392.08,3.051,10000000
392.09,3.007,10000000
392.1,3.051,10000000
392.11,3.007,10000000
392.12,3.183,10000000
392.13,3.139,10000000
392.14,3.139,10000000
392.15,3.007,10000000
392.16,3.007,10000000
392.17,3.183,10000000
392.18,3.139,10000000
392.19,3.139,10000000
392.2,3.183,10000000
392.21,3.183,10000000
392.22,3.007,10000000
392.23,3.183,10000000
392.24,3.051,10000000
392.25,3.095,10000000
392.26,3.007,10000000
392.27,3.007,10000000
392.28,3.007,10000000
392.29,3.007,10000000
392.3,3.139,10000000
392.31,3.095,10000000
392.32,3.183,10000000
392.33,2.92,10000000
392.34,3.139,10000000
392.35,3.183,10000000
392.36,3.095,10000000
392.37,3.095,10000000
392.38,2.964,10000000
392.39,2.92,10000000
392.4,3.095,10000000
392.41,2.832,10000000
392.42,3.139,10000000
392.43,3.139,10000000
392.44,3.183,10000000
392.45,3.095,10000000
392.46,3.139,10000000
392.47,3.183,10000000
392.48,3.095,10000000
392.49,3.051,10000000
392.5,3.139,10000000
392.51,2.964,10000000
392.52,2.964,10000000
392.53,3.007,10000000
392.54,3.139,10000000
392.55,3.007,10000000
392.56,3.095,10000000
392.57,3.007,10000000
392.58,3.007,10000000
392.59,2.964,10000000
392.6,3.007,10000000
392.61,2.92,10000000
392.62,3.051,10000000
392.63,3.007,10000000
392.64,3.007,10000000
392.65,2.964,10000000
392.66,3.139,10000000
392.67,2.92,10000000
392.68,3.007,10000000
392.69,2.964,10000000
392.7,2.876,10000000
392.71,3.007,10000000
392.72,3.051,10000000
392.73,3.051,10000000
392.74,3.007,10000000
392.75,3.051,10000000
392.76,2.92,10000000
392.77,2.964,10000000
392.78,2.964,10000000
392.79,2.92,10000000
392.8,3.139,10000000
392.81,3.139,10000000
392.82,3.007,10000000
392.83,3.051,10000000
392.84,3.051,10000000
392.85,3.139,10000000
392.86,3.095,10000000
392.87,3.139,10000000
392.88,3.051,10000000
392.89,2.964,10000000
392.9,2.964,10000000
392.91,3.183,10000000
392.92,3.271,10000000
392.93,3.007,10000000
392.94,3.051,10000000
392.95,3.183,10000000
392.96,3.095,10000000
392.97,3.183,10000000
392.98,3.139,10000000
392.99,3.007,10000000
393,3.007,10000000
393.01,3.007,10000000
393.02,3.051,10000000
393.03,3.139,10000000
393.04,3.007,10000000
393.05,3.051,10000000
393.06,2.92,10000000
393.07,2.964,10000000
393.08,3.095,10000000
393.09,2.964,10000000
393.1,3.007,10000000
393.11,2.92,10000000
393.12,2.964,10000000
393.13,3.007,10000000
393.14,3.007,10000000
393.15,3.051,10000000
393.16,3.007,10000000
393.17,3.095,10000000
393.18,3.007,10000000
393.19,3.183,10000000
393.2,3.095,10000000
393.21,3.139,10000000
393.22,2.92,10000000
393.23,3.007,10000000
393.24,3.051,10000000
393.25,3.227,10000000
393.26,2.964,10000000
393.27,3.095,10000000
393.28,3.051,10000000
393.29,3.139,10000000
393.3,3.007,10000000
393.31,2.92,10000000
393.32,3.183,10000000
393.33,3.007,10000000
393.34,3.139,10000000
393.35,3.139,10000000
393.36,3.183,10000000
393.37,3.095,10000000
393.38,3.095,10000000
393.39,3.051,10000000
393.4,3.051,10000000
393.41,3.139,10000000
393.42,2.92,10000000
393.43,3.007,10000000
393.44,2.964,10000000
393.45,2.964,10000000
393.46,2.876,10000000
393.47,2.92,10000000
393.48,2.876,10000000
393.49,2.964,10000000
393.5,3.007,10000000
393.51,2.964,10000000
393.52,2.92,10000000
393.53,2.964,10000000
393.54,3.051,10000000
393.55,2.964,10000000
393.56,3.051,10000000
393.57,3.007,10000000
393.58,3.051,10000000
393.59,3.095,10000000
393.6,3.051,10000000
393.61,3.227,10000000
393.62,3.095,10000000
393.63,3.095,10000000
393.64,3.095,10000000
393.65,3.095,10000000
393.66,3.051,10000000
393.67,3.095,10000000
393.68,3.007,10000000
393.69,3.051,10000000
393.7,3.051,10000000
393.71,3.007,10000000
393.72,3.139,10000000
393.73,3.007,10000000
393.74,3.007,10000000
393.75,3.051,10000000
393.76,3.183,10000000
393.77,3.095,10000000
393.78,3.051,10000000
393.79,3.051,10000000
393.8,3.095,10000000
393.81,2.964,10000000
393.82,3.007,10000000
393.83,3.095,10000000
393.84,3.095,10000000
393.85,2.92,10000000
393.86,3.051,10000000
393.87,3.007,10000000
393.88,3.095,10000000
393.89,2.964,10000000
393.9,2.92,10000000
393.91,3.051,10000000
393.92,2.964,10000000
393.93,2.964,10000000
393.94,3.051,10000000
393.95,3.051,10000000
393.96,2.92,10000000
393.97,3.139,10000000
393.98,3.007,10000000
393.99,3.139,10000000
394,2.92,10000000
394.01,3.007,10000000
394.02,3.051,10000000
394.03,3.007,10000000
394.04,3.051,10000000
394.05,3.007,10000000
394.06,2.964,10000000
394.07,2.92,10000000
394.08,2.964,10000000
394.09,3.051,10000000
394.1,3.051,10000000
394.11,3.139,10000000
394.12,3.007,10000000
394.13,2.92,10000000
394.14,3.095,10000000
394.15,2.964,10000000
394.16,2.964,10000000
394.17,3.183,10000000
394.18,3.051,10000000
394.19,2.92,10000000
394.2,3.051,10000000
394.21,3.095,10000000
394.22,2.92,10000000
394.23,2.964,10000000
394.24,3.095,10000000
394.25,3.095,10000000
394.26,2.964,10000000
394.27,3.095,10000000
394.28,3.095,10000000
394.29,2.876,10000000
394.3,3.007,10000000
394.31,3.007,10000000
394.32,2.964,10000000
394.33,3.051,10000000
394.34,3.051,10000000
394.35,2.964,10000000
394.36,2.964,10000000
394.37,3.007,10000000
394.38,3.095,10000000
394.39,3.007,10000000
394.4,3.183,10000000
394.41,3.183,10000000
394.42,3.051,10000000
394.43,3.007,10000000
394.44,3.095,10000000
394.45,3.095,10000000
394.46,3.007,10000000
394.47,3.007,10000000
394.48,3.095,10000000
394.49,3.007,10000000
394.5,2.92,10000000
394.51,3.051,10000000
394.52,3.095,10000000
394.53,3.051,10000000
394.54,3.051,10000000
394.55,3.139,10000000
394.56,3.227,10000000
394.57,3.051,10000000
394.58,3.139,10000000
394.59,3.139,10000000
394.6,3.051,10000000
394.61,3.007,10000000
394.62,3.183,10000000
394.63,3.051,10000000
394.64,3.051,10000000
394.65,3.007,10000000
394.66,2.964,10000000
394.67,3.007,10000000
394.68,3.007,10000000
394.69,3.139,10000000
394.7,3.183,10000000
394.71,3.095,10000000
394.72,3.095,10000000
394.73,2.964,10000000
394.74,3.183,10000000
394.75,3.051,10000000
394.76,3.051,10000000
394.77,3.095,10000000
394.78,3.095,10000000
394.79,2.92,10000000
394.8,3.007,10000000
394.81,3.051,10000000
394.82,2.964,10000000
394.83,3.007,10000000
394.84,3.007,10000000
394.85,2.964,10000000
394.86,2.964,10000000
394.87,3.051,10000000
394.88,3.051,10000000
394.89,3.051,10000000
394.9,3.095,10000000
394.91,3.183,10000000
394.92,3.051,10000000
394.93,3.007,10000000
394.94,2.92,10000000
394.95,3.095,10000000
394.96,3.007,10000000
394.97,3.051,10000000
394.98,2.92,10000000
394.99,3.051,10000000
395,3.007,10000000
395.01,3.139,10000000
395.02,3.315,10000000
395.03,3.007,10000000
395.04,2.964,10000000
395.05,3.139,10000000
395.06,3.051,10000000
395.07,3.007,10000000
395.08,3.095,10000000
395.09,3.095,10000000
395.1,3.051,10000000
395.11,2.832,10000000
395.12,2.92,10000000
395.13,3.007,10000000
395.14,2.92,10000000
395.15,2.92,10000000
395.16,3.007,10000000
395.17,2.876,10000000
395.18,2.92,10000000
395.19,2.92,10000000
395.2,2.964,10000000
395.21,3.007,10000000
395.22,3.007,10000000
395.23,3.183,10000000
395.24,3.051,10000000
395.25,3.007,10000000
395.26,3.183,10000000
395.27,2.964,10000000
395.28,3.139,10000000
395.29,3.007,10000000
395.3,3.007,10000000
395.31,2.876,10000000
395.32,2.92,10000000
395.33,2.964,10000000
395.34,3.051,10000000
395.35,3.007,10000000
395.36,3.139,10000000
395.37,3.007,10000000
395.38,2.964,10000000
395.39,3.139,10000000
395.4,3.095,10000000
395.41,3.007,10000000
395.42,3.007,10000000
395.43,2.832,10000000
395.44,3.139,10000000
395.45,3.095,10000000
395.46,3.095,10000000
395.47,3.095,10000000
395.48,2.92,10000000
395.49,3.139,10000000
395.5,3.007,10000000
395.51,2.92,10000000
395.52,3.139,10000000
395.53,2.92,10000000
395.54,2.92,10000000
395.55,2.92,10000000
395.56,3.095,10000000
395.57,3.007,10000000
395.58,3.095,10000000
395.59,2.964,10000000
395.6,3.139,10000000
395.61,3.007,10000000
395.62,2.92,10000000
395.63,3.095,10000000
395.64,3.051,10000000
395.65,2.92,10000000
395.66,3.051,10000000
395.67,3.051,10000000
395.68,2.964,10000000
395.69,2.964,10000000
395.7,2.92,10000000
395.71,3.007,10000000
395.72,2.92,10000000
395.73,2.964,10000000
395.74,3.095,10000000
395.75,3.051,10000000
395.76,3.007,10000000
395.77,3.007,10000000
395.78,3.007,10000000
395.79,3.139,10000000
395.8,3.007,10000000
395.81,3.051,10000000
395.82,3.051,10000000
395.83,2.964,10000000
395.84,3.051,10000000
395.85,2.964,10000000
395.86,2.964,10000000
395.87,2.92,10000000
395.88,3.007,10000000
395.89,3.095,10000000
395.9,3.007,10000000
395.91,3.007,10000000
395.92,3.095,10000000
395.93,2.964,10000000
395.94,2.964,10000000
395.95,2.92,10000000
395.96,3.007,10000000
395.97,3.051,10000000
395.98,2.92,10000000
395.99,2.964,10000000
396,3.007,10000000
396.01,2.832,10000000
396.02,3.007,10000000
396.03,3.007,10000000
396.04,3.139,10000000
396.05,3.051,10000000
396.06,2.964,10000000
396.07,3.183,10000000
396.08,2.92,10000000
396.09,3.007,10000000
396.1,3.183,10000000
396.11,3.051,10000000
396.12,3.051,10000000
396.13,2.964,10000000
396.14,3.007,10000000
396.15,3.139,10000000
396.16,2.964,10000000
396.17,3.051,10000000
396.18,3.095,10000000
396.19,3.139,10000000
396.2,3.007,10000000
396.21,3.051,10000000
396.22,3.227,10000000
396.23,3.007,10000000
396.24,3.007,10000000
396.25,3.051,10000000
396.26,2.92,10000000
396.27,3.007,10000000
396.28,2.876,10000000
396.29,2.964,10000000
396.3,2.964,10000000
396.31,3.139,10000000
396.32,3.051,10000000
396.33,3.007,10000000
396.34,3.139,10000000
396.35,2.964,10000000
396.36,3.051,10000000
396.37,3.051,10000000
396.38,3.007,10000000
396.39,3.007,10000000
396.4,3.227,10000000
396.41,2.92,10000000
396.42,3.007,10000000
396.43,2.964,10000000
396.44,3.183,10000000
396.45,2.92,10000000
396.46,2.92,10000000
396.47,3.007,10000000
396.48,2.92,10000000
396.49,3.095,10000000
396.5,3.007,10000000
396.51,3.007,10000000
396.52,2.964,10000000
396.53,3.051,10000000
396.54,3.095,10000000
396.55,3.183,10000000
396.56,3.139,10000000
396.57,3.007,10000000
396.58,3.007,10000000
396.59,3.139,10000000
396.6,3.095,10000000
396.61,3.183,10000000
396.62,3.139,10000000
396.63,3.007,10000000
396.64,3.095,10000000
396.65,3.007,10000000
396.66,3.007,10000000
396.67,2.964,10000000
396.68,3.095,10000000
396.69,2.964,10000000
396.7,2.92,10000000
396.71,2.92,10000000
396.72,2.832,10000000
396.73,3.095,10000000
396.74,3.007,10000000
396.75,3.139,10000000
396.76,2.876,10000000
396.77,2.92,10000000
396.78,3.007,10000000
396.79,3.095,10000000
396.8,3.139,10000000
396.81,2.832,10000000
396.82,3.139,10000000
396.83,2.876,10000000
396.84,2.92,10000000
396.85,3.183,10000000
396.86,3.139,10000000
396.87,3.095,10000000
396.88,3.007,10000000
396.89,2.92,10000000
396.9,2.964,10000000
396.91,2.964,10000000
396.92,3.315,10000000
396.93,3.227,10000000
396.94,3.051,10000000
396.95,3.095,10000000
396.96,3.139,10000000
396.97,3.051,10000000
396.98,3.007,10000000
396.99,3.139,10000000
397,3.139,10000000
397.01,3.139,10000000
397.02,3.095,10000000
397.03,2.92,10000000
397.04,3.095,10000000
397.05,3.051,10000000
397.06,3.095,10000000
397.07,3.095,10000000
397.08,3.095,10000000
397.09,3.139,10000000
397.1,3.095,10000000
397.11,2.964,10000000
397.12,3.007,10000000
397.13,3.095,10000000
397.14,2.964,10000000
397.15,3.007,10000000
397.16,3.007,10000000
397.17,3.095,10000000
397.18,2.964,10000000
397.19,2.964,10000000
397.2,3.095,10000000
397.21,3.007,10000000
397.22,3.007,10000000
397.23,3.007,10000000
397.24,2.964,10000000
397.25,3.007,10000000
397.26,2.964,10000000
397.27,3.051,10000000
397.28,3.095,10000000
397.29,3.095,10000000
397.3,3.095,10000000
397.31,3.007,10000000
397.32,2.964,10000000
397.33,3.095,10000000
397.34,3.183,10000000
397.35,3.095,10000000
397.36,3.139,10000000
397.37,2.964,10000000
397.38,3.139,10000000
397.39,3.139,10000000
397.4,3.007,10000000
397.41,2.876,10000000
397.42,3.095,10000000
397.43,2.964,10000000
397.44,3.095,10000000
397.45,2.964,10000000
397.46,3.007,10000000
397.47,3.095,10000000
397.48,2.92,10000000
397.49,3.051,10000000
397.5,2.92,10000000
397.51,3.051,10000000
397.52,2.964,10000000
397.53,3.007,10000000
397.54,2.964,10000000
397.55,3.007,10000000
397.56,3.051,10000000
397.57,3.007,10000000
397.58,2.964,10000000
397.59,3.095,10000000
397.6,3.007,10000000
397.61,3.007,10000000
397.62,3.051,10000000
397.63,3.095,10000000
397.64,3.139,10000000
397.65,2.92,10000000
397.66,3.095,10000000
397.67,3.095,10000000
397.68,3.007,10000000
397.69,3.139,10000000
397.7,3.139,10000000
397.71,2.964,10000000
397.72,3.007,10000000
397.73,2.964,10000000
397.74,3.007,10000000
397.75,2.92,10000000
397.76,2.964,10000000
397.77,3.007,10000000
397.78,3.007,10000000
397.79,3.139,10000000
397.8,3.139,10000000
397.81,3.183,10000000
397.82,3.007,10000000
397.83,2.964,10000000
397.84,3.095,10000000
397.85,3.007,10000000
397.86,3.095,10000000
397.87,3.051,10000000
397.88,3.095,10000000
397.89,3.007,10000000
397.9,2.964,10000000
397.91,3.007,10000000
397.92,3.007,10000000
397.93,2.964,10000000
397.94,3.007,10000000
397.95,2.876,10000000
397.96,3.007,10000000
397.97,2.964,10000000
397.98,3.051,10000000
397.99,3.051,10000000
398,3.095,10000000
398.01,3.095,10000000
398.02,3.007,10000000
398.03,3.007,10000000
398.04,3.095,10000000
398.05,2.964,10000000
398.06,3.095,10000000
398.07,3.051,10000000
398.08,3.007,10000000
398.09,3.095,10000000
398.1,3.007,10000000
398.11,2.964,10000000
398.12,3.051,10000000
398.13,3.007,10000000
398.14,2.964,10000000
398.15,3.007,10000000
398.16,2.92,10000000
398.17,3.007,10000000
398.18,3.007,10000000
398.19,3.095,10000000
398.2,3.095,10000000
398.21,3.007,10000000
398.22,3.183,10000000
398.23,2.964,10000000
398.24,3.139,10000000
398.25,2.964,10000000
398.26,3.095,10000000
398.27,2.964,10000000
398.28,3.095,10000000
398.29,3.095,10000000
398.3,2.832,10000000
398.31,3.139,10000000
398.32,3.007,10000000
398.33,3.051,10000000
398.34,2.964,10000000
398.35,3.007,10000000
398.36,3.007,10000000
398.37,3.007,10000000
398.38,3.095,10000000
398.39,3.007,10000000
398.4,3.051,10000000
398.41,2.92,10000000
398.42,2.964,10000000
398.43,3.051,10000000
398.44,3.051,10000000
398.45,3.095,10000000
398.46,3.095,10000000
398.47,2.92,10000000
398.48,2.92,10000000
398.49,2.876,10000000
398.5,2.964,10000000
398.51,3.139,10000000
398.52,3.051,10000000
398.53,3.007,10000000
398.54,3.095,10000000
398.55,3.007,10000000
398.56,2.964,10000000
398.57,3.007,10000000
398.58,3.007,10000000
398.59,3.139,10000000
398.6,3.139,10000000
398.61,2.964,10000000
398.62,3.051,10000000
398.63,3.139,10000000
398.64,3.051,10000000
398.65,3.007,10000000
398.66,2.92,10000000
398.67,3.139,10000000
398.68,2.832,10000000
398.69,3.139,10000000
398.7,3.051,10000000
398.71,3.095,10000000
398.72,3.007,10000000
398.73,3.095,10000000
398.74,3.095,10000000
398.75,3.051,10000000
398.76,2.92,10000000
398.77,3.007,10000000
398.78,3.007,10000000
398.79,2.92,10000000
398.8,3.007,10000000
398.81,2.92,10000000
398.82,3.007,10000000
398.83,2.832,10000000
398.84,2.964,10000000
398.85,3.051,10000000
398.86,3.095,10000000
398.87,3.051,10000000
398.88,3.095,10000000
398.89,2.964,10000000
398.9,3.051,10000000
398.91,3.051,10000000
398.92,3.227,10000000
398.93,3.183,10000000
398.94,2.92,10000000
398.95,2.964,10000000
398.96,2.964,10000000
398.97,3.139,10000000
398.98,3.007,10000000
398.99,3.095,10000000
399,3.007,10000000
399.01,3.007,10000000
399.02,3.007,10000000
399.03,3.139,10000000
399.04,2.964,10000000
399.05,2.964,10000000
399.06,3.007,10000000
399.07,3.051,10000000
399.08,3.139,10000000
399.09,3.051,10000000
399.1,2.876,10000000
399.11,2.876,10000000
399.12,2.964,10000000
399.13,3.095,10000000
399.14,3.139,10000000
399.15,3.139,10000000
399.16,3.051,10000000
399.17,3.183,10000000
399.18,2.964,10000000
399.19,3.139,10000000
399.2,3.139,10000000
399.21,3.007,10000000
399.22,3.051,10000000
399.23,3.183,10000000
399.24,3.051,10000000
399.25,3.139,10000000
399.26,2.964,10000000
399.27,3.051,10000000
399.28,2.92,10000000
399.29,3.007,10000000
399.3,3.051,10000000
399.31,3.007,10000000
399.32,2.92,10000000
399.33,2.964,10000000
399.34,2.964,10000000
399.35,3.007,10000000
399.36,2.964,10000000
399.37,2.876,10000000
399.38,2.92,10000000
399.39,2.832,10000000
399.4,2.92,10000000
399.41,3.051,10000000
399.42,3.139,10000000
399.43,3.007,10000000
399.44,3.051,10000000
399.45,3.139,10000000
399.46,2.92,10000000
399.47,3.051,10000000
399.48,2.832,10000000
399.49,3.139,10000000
399.5,3.051,10000000
399.51,3.007,10000000
399.52,3.007,10000000
399.53,3.139,10000000
399.54,2.92,10000000
399.55,2.92,10000000
399.56,3.139,10000000
399.57,3.095,10000000
399.58,3.183,10000000
399.59,3.139,10000000
399.6,3.227,10000000
399.61,3.139,10000000
399.62,3.227,10000000
399.63,3.227,10000000
399.64,3.051,10000000
399.65,3.183,10000000
399.66,3.139,10000000
399.67,2.964,10000000
399.68,3.095,10000000
399.69,2.876,10000000
399.7,2.92,10000000
399.71,3.095,10000000
399.72,2.92,10000000
399.73,3.095,10000000
399.74,3.095,10000000
399.75,2.92,10000000
399.76,2.964,10000000
399.77,2.92,10000000
399.78,3.007,10000000
399.79,3.007,10000000
399.8,3.095,10000000
399.81,3.007,10000000
399.82,3.051,10000000
399.83,3.007,10000000
399.84,3.051,10000000
399.85,3.095,10000000
399.86,3.139,10000000
399.87,3.139,10000000
399.88,2.92,10000000
399.89,3.139,10000000
399.9,3.095,10000000
399.91,3.051,10000000
399.92,2.92,10000000
399.93,3.051,10000000
399.94,2.964,10000000
399.95,3.007,10000000
399.96,2.964,10000000
399.97,2.964,10000000
399.98,3.095,10000000
399.99,2.92,10000000
400,2.788,10000000
400.01,3.095,10000000
400.02,3.139,10000000
400.03,3.095,10000000
400.04,3.095,10000000
400.05,2.92,10000000
400.06,3.051,10000000
400.07,2.92,10000000
400.08,2.744,10000000
400.09,2.92,10000000
400.1,3.051,10000000
400.11,3.007,10000000
400.12,3.007,10000000
400.13,3.139,10000000
400.14,2.964,10000000
400.15,3.007,10000000
400.16,3.007,10000000
400.17,2.964,10000000
400.18,2.964,10000000
400.19,3.139,10000000
400.2,3.051,10000000
400.21,2.964,10000000
400.22,2.964,10000000
400.23,3.139,10000000
400.24,3.139,10000000
400.25,3.007,10000000
400.26,3.007,10000000
400.27,2.876,10000000
400.28,3.139,10000000
400.29,3.139,10000000
400.3,3.095,10000000
400.31,3.051,10000000
400.32,3.007,10000000
400.33,2.964,10000000
400.34,3.095,10000000
400.35,3.183,10000000
400.36,3.095,10000000
400.37,3.183,10000000
400.38,3.051,10000000
400.39,3.095,10000000
400.4,3.095,10000000
400.41,3.007,10000000
400.42,3.095,10000000
400.43,2.92,10000000
400.44,3.183,10000000
400.45,2.92,10000000
400.46,2.92,10000000
400.47,3.051,10000000
400.48,3.139,10000000
400.49,3.139,10000000
400.5,3.227,10000000
400.51,3.227,10000000
400.52,3.183,10000000
400.53,3.051,10000000
400.54,3.139,10000000
400.55,2.964,10000000
400.56,3.007,10000000
400.57,3.051,10000000
400.58,2.964,10000000
400.59,3.051,10000000
400.6,2.92,10000000
400.61,3.007,10000000
400.62,2.92,10000000
400.63,2.964,10000000
400.64,2.92,10000000
400.65,2.92,10000000
400.66,3.227,10000000
400.67,2.92,10000000
400.68,3.095,10000000
400.69,3.051,10000000
400.7,3.095,10000000
400.71,3.007,10000000
400.72,3.183,10000000
400.73,3.007,10000000
400.74,3.007,10000000
400.75,3.051,10000000
400.76,3.271,10000000
400.77,3.095,10000000
400.78,3.007,10000000
400.79,3.051,10000000
400.8,3.051,10000000
400.81,3.007,10000000
400.82,2.964,10000000
400.83,3.007,10000000
400.84,2.92,10000000
400.85,3.007,10000000
400.86,2.964,10000000
400.87,2.832,10000000
400.88,3.051,10000000
400.89,2.964,10000000
400.9,2.92,10000000
400.91,3.007,10000000
400.92,2.92,10000000
400.93,2.92,10000000
400.94,2.92,10000000
400.95,2.876,10000000
400.96,2.876,10000000
400.97,3.095,10000000
400.98,3.051,10000000
400.99,3.007,10000000
401,3.095,10000000
401.01,3.007,10000000
401.02,2.964,10000000
401.03,2.964,10000000
401.04,2.964,10000000
401.05,3.007,10000000
401.06,3.095,10000000
401.07,2.964,10000000
401.08,2.964,10000000
401.09,2.964,10000000
401.1,3.007,10000000
401.11,3.051,10000000
401.12,3.139,10000000
401.13,2.92,10000000
401.14,3.007,10000000
401.15,3.095,10000000
401.16,2.964,10000000
401.17,2.964,10000000
401.18,3.007,10000000
401.19,3.007,10000000
401.2,3.007,10000000
401.21,3.007,10000000
401.22,3.051,10000000
401.23,2.92,10000000
401.24,2.92,10000000
401.25,3.051,10000000
401.26,3.095,10000000
401.27,3.051,10000000
401.28,2.964,10000000
401.29,3.051,10000000
401.3,2.964,10000000
401.31,3.139,10000000
401.32,3.051,10000000
401.33,3.007,10000000
401.34,3.183,10000000
401.35,2.92,10000000
401.36,3.095,10000000
401.37,3.051,10000000
401.38,3.051,10000000
401.39,2.964,10000000
401.4,3.139,10000000
401.41,2.92,10000000
401.42,2.876,10000000
401.43,2.964,10000000
401.44,3.051,10000000
401.45,2.964,10000000
401.46,3.007,10000000
401.47,3.051,10000000
401.48,3.007,10000000
401.49,2.964,10000000
401.5,3.095,10000000
401.51,3.095,10000000
401.52,3.139,10000000
401.53,3.227,10000000
401.54,3.095,10000000
401.55,3.139,10000000
401.56,3.095,10000000
401.57,3.095,10000000
401.58,3.051,10000000
401.59,3.139,10000000
401.6,3.095,10000000
401.61,2.964,10000000
401.62,2.92,10000000
401.63,2.964,10000000
401.64,3.051,10000000
401.65,2.964,10000000
401.66,2.964,10000000
401.67,3.007,10000000
401.68,2.964,10000000
401.69,3.007,10000000
401.7,3.007,10000000
401.71,3.007,10000000
401.72,2.92,10000000
401.73,3.051,10000000
401.74,3.051,10000000
401.75,2.92,10000000
401.76,3.139,10000000
401.77,3.095,10000000
401.78,2.92,10000000
401.79,3.139,10000000
401.8,3.139,10000000
401.81,2.964,10000000
401.82,2.964,10000000
401.83,3.139,10000000
401.84,3.007,10000000
401.85,2.92,10000000
401.86,3.139,10000000
401.87,3.051,10000000
401.88,3.139,10000000
401.89,3.051,10000000
401.9,3.051,10000000
401.91,3.095,10000000
401.92,3.095,10000000
401.93,3.095,10000000
401.94,3.007,10000000
401.95,3.051,10000000
401.96,3.051,10000000
401.97,3.139,10000000
401.98,3.139,10000000
401.99,3.095,10000000
402,2.964,10000000
402.01,3.139,10000000
402.02,3.007,10000000
402.03,3.051,10000000
402.04,3.007,10000000
402.05,3.051,10000000
402.06,3.007,10000000
402.07,3.051,10000000
402.08,2.92,10000000
402.09,2.964,10000000
402.1,3.095,10000000
402.11,2.964,10000000
402.12,2.92,10000000
402.13,3.007,10000000
402.14,3.051,10000000
402.15,3.007,10000000
402.16,3.051,10000000
402.17,3.095,10000000
402.18,3.051,10000000
402.19,3.051,10000000
402.2,3.227,10000000
402.21,3.007,10000000
402.22,3.007,10000000
402.23,2.92,10000000
402.24,3.007,10000000
402.25,2.92,10000000
402.26,2.964,10000000
402.27,2.964,10000000
402.28,3.007,10000000
402.29,3.007,10000000
402.3,3.007,10000000
402.31,3.183,10000000
402.32,3.007,10000000
402.33,3.051,10000000
402.34,3.007,10000000
402.35,2.964,10000000
402.36,3.139,10000000
402.37,2.92,10000000
402.38,3.183,10000000
402.39,3.139,10000000
402.4,2.964,10000000
402.41,3.139,10000000
402.42,3.095,10000000
402.43,2.964,10000000
402.44,2.92,10000000
402.45,3.007,10000000
402.46,3.095,10000000
402.47,3.051,10000000
402.48,3.139,10000000
402.49,3.139,10000000
402.5,3.007,10000000
402.51,3.051,10000000
402.52,3.051,10000000
402.53,3.007,10000000
402.54,2.876,10000000
402.55,3.095,10000000
402.56,3.051,10000000
402.57,3.095,10000000
402.58,3.183,10000000
402.59,2.964,10000000
402.6,3.007,10000000
402.61,3.007,10000000
402.62,2.92,10000000
402.63,3.007,10000000
402.64,2.964,10000000
402.65,3.007,10000000
402.66,3.139,10000000
402.67,3.139,10000000
402.68,3.095,10000000
402.69,3.007,10000000
402.7,3.007,10000000
402.71,3.095,10000000
402.72,3.051,10000000
402.73,3.095,10000000
402.74,3.183,10000000
402.75,2.92,10000000
402.76,3.095,10000000
402.77,3.007,10000000
402.78,2.964,10000000
402.79,3.051,10000000
402.8,2.964,10000000
402.81,3.095,10000000
402.82,3.227,10000000
402.83,3.227,10000000
402.84,3.183,10000000
402.85,2.832,10000000
402.86,3.007,10000000
402.87,3.139,10000000
402.88,3.007,10000000
402.89,3.051,10000000
402.9,3.095,10000000
402.91,3.007,10000000
402.92,3.051,10000000
402.93,2.964,10000000
402.94,3.139,10000000
402.95,3.139,10000000
402.96,3.095,10000000
402.97,3.095,10000000
402.98,3.095,10000000
402.99,3.007,10000000
403,3.095,10000000
403.01,2.832,10000000
403.02,3.183,10000000
403.03,3.007,10000000
403.04,3.095,10000000
403.05,3.007,10000000
403.06,3.007,10000000
403.07,3.007,10000000
403.08,3.051,10000000
403.09,3.095,10000000
403.1,3.139,10000000
403.11,3.095,10000000
403.12,3.139,10000000
403.13,3.007,10000000
403.14,3.007,10000000
403.15,3.139,10000000
403.16,3.095,10000000
403.17,2.92,10000000
403.18,3.007,10000000
403.19,3.139,10000000
403.2,2.876,10000000
403.21,3.007,10000000
403.22,3.139,10000000
403.23,3.051,10000000
403.24,3.051,10000000
403.25,3.007,10000000
403.26,2.964,10000000
403.27,3.095,10000000
403.28,3.183,10000000
403.29,3.095,10000000
403.3,3.095,10000000
403.31,3.051,10000000
403.32,3.007,10000000
403.33,2.92,10000000
403.34,2.964,10000000
403.35,3.007,10000000
403.36,3.051,10000000
403.37,2.964,10000000
403.38,3.095,10000000
403.39,3.095,10000000
403.4,2.964,10000000
403.41,3.095,10000000
403.42,3.183,10000000
403.43,3.183,10000000
403.44,3.139,10000000
403.45,3.051,10000000
403.46,2.964,10000000
403.47,3.051,10000000
403.48,3.051,10000000
403.49,3.007,10000000
403.5,3.051,10000000
403.51,3.051,10000000
403.52,3.051,10000000
403.53,3.183,10000000
403.54,3.007,10000000
403.55,3.007,10000000
403.56,3.095,10000000
403.57,3.095,10000000
403.58,3.095,10000000
403.59,3.051,10000000
403.6,3.139,10000000
403.61,2.964,10000000
403.62,2.964,10000000
403.63,3.051,10000000
403.64,3.051,10000000
403.65,3.095,10000000
403.66,2.92,10000000
403.67,3.051,10000000
403.68,3.095,10000000
403.69,3.051,10000000
403.7,3.007,10000000
403.71,2.964,10000000
403.72,3.051,10000000
403.73,2.964,10000000
403.74,3.007,10000000
403.75,3.095,10000000
403.76,3.007,10000000
403.77,2.964,10000000
403.78,3.139,10000000
403.79,3.051,10000000
403.8,3.007,10000000
403.81,3.139,10000000
403.82,3.051,10000000
403.83,3.051,10000000
403.84,3.051,10000000
403.85,2.964,10000000
403.86,2.964,10000000
403.87,3.051,10000000
403.88,3.227,10000000
403.89,2.964,10000000
403.9,3.051,10000000
403.91,3.139,10000000
403.92,3.139,10000000
403.93,3.095,10000000
403.94,2.92,10000000
403.95,3.051,10000000
403.96,3.051,10000000
403.97,2.876,10000000
403.98,3.139,10000000
403.99,3.139,10000000
404,3.139,10000000
404.01,3.051,10000000
404.02,3.095,10000000
404.03,3.139,10000000
404.04,3.007,10000000
404.05,3.007,10000000
404.06,3.095,10000000
404.07,3.007,10000000
404.08,3.051,10000000
404.09,3.007,10000000
404.1,3.139,10000000
404.11,3.007,10000000
404.12,3.007,10000000
404.13,2.964,10000000
404.14,2.92,10000000
404.15,3.051,10000000
404.16,2.964,10000000
404.17,3.051,10000000
404.18,3.051,10000000
404.19,2.964,10000000
404.2,3.007,10000000
404.21,2.92,10000000
404.22,3.095,10000000
404.23,3.007,10000000
404.24,3.139,10000000
404.25,3.139,10000000
404.26,3.139,10000000
404.27,2.964,10000000
404.28,2.964,10000000
404.29,2.876,10000000
404.3,2.964,10000000
404.31,3.139,10000000
404.32,2.92,10000000
404.33,3.095,10000000
404.34,3.007,10000000
404.35,3.139,10000000
404.36,3.051,10000000
404.37,3.095,10000000
404.38,3.051,10000000
404.39,2.832,10000000
404.4,3.095,10000000
404.41,2.92,10000000
404.42,3.183,10000000
404.43,2.92,10000000
404.44,3.095,10000000
404.45,3.051,10000000
404.46,2.92,10000000
404.47,3.007,10000000
404.48,2.92,10000000
404.49,3.139,10000000
404.5,3.139,10000000
404.51,3.139,10000000
404.52,3.227,10000000
404.53,3.095,10000000
404.54,3.095,10000000
404.55,3.227,10000000
404.56,2.964,10000000
404.57,3.007,10000000
404.58,2.832,10000000
404.59,2.964,10000000
404.6,3.051,10000000
404.61,2.832,10000000
404.62,3.139,10000000
404.63,2.92,10000000
404.64,3.139,10000000
404.65,2.876,10000000
404.66,2.964,10000000
404.67,3.051,10000000
404.68,3.139,10000000
404.69,3.051,10000000
404.7,3.095,10000000
404.71,3.051,10000000
404.72,3.051,10000000
404.73,3.183,10000000
404.74,2.92,10000000
404.75,3.007,10000000
404.76,3.051,10000000
404.77,3.051,10000000
404.78,2.92,10000000
404.79,3.007,10000000
404.8,3.139,10000000
404.81,3.051,10000000
404.82,2.92,10000000
404.83,2.832,10000000
404.84,3.051,10000000
404.85,2.92,10000000
404.86,3.051,10000000
404.87,2.92,10000000
404.88,3.095,10000000
404.89,3.095,10000000
404.9,2.92,10000000
404.91,3.183,10000000
404.92,3.095,10000000
404.93,2.964,10000000
404.94,3.051,10000000
404.95,3.007,10000000
404.96,3.183,10000000
404.97,3.095,10000000
404.98,3.095,10000000
404.99,3.051,10000000
405,3.051,10000000
405.01,3.051,10000000
405.02,2.92,10000000
405.03,3.095,10000000
405.04,3.095,10000000
405.05,3.051,10000000
405.06,3.139,10000000
405.07,3.007,10000000
405.08,3.095,10000000
405.09,3.051,10000000
405.1,3.095,10000000
405.11,3.139,10000000
405.12,3.007,10000000
405.13,2.92,10000000
405.14,3.007,10000000
405.15,3.183,10000000
405.16,2.92,10000000
405.17,3.095,10000000
405.18,3.007,10000000
405.19,3.007,10000000
405.2,3.051,10000000
405.21,3.183,10000000
405.22,3.183,10000000
405.23,3.095,10000000
405.24,3.095,10000000
405.25,3.051,10000000
405.26,2.92,10000000
405.27,3.051,10000000
405.28,3.095,10000000
405.29,3.139,10000000
405.3,3.051,10000000
405.31,2.964,10000000
405.32,2.92,10000000
405.33,2.92,10000000
405.34,3.095,10000000
405.35,2.964,10000000
405.36,3.051,10000000
405.37,2.964,10000000
405.38,3.007,10000000
405.39,2.964,10000000
405.4,2.92,10000000
405.41,2.964,10000000
405.42,3.139,10000000
405.43,2.92,10000000
405.44,2.92,10000000
405.45,3.051,10000000
405.46,3.139,10000000
405.47,3.139,10000000
405.48,3.007,10000000
405.49,2.964,10000000
405.5,3.051,10000000
405.51,3.007,10000000
405.52,3.051,10000000
405.53,3.007,10000000
405.54,3.051,10000000
405.55,3.051,10000000
405.56,3.183,10000000
405.57,3.007,10000000
405.58,3.007,10000000
405.59,3.007,10000000
405.6,3.051,10000000
405.61,2.744,10000000
405.62,3.051,10000000
405.63,2.964,10000000
405.64,3.051,10000000
405.65,3.139,10000000
405.66,3.095,10000000
405.67,3.007,10000000
405.68,3.007,10000000
405.69,3.007,10000000
405.7,3.051,10000000
405.71,3.051,10000000
405.72,3.007,10000000
405.73,3.007,10000000
405.74,3.183,10000000
405.75,3.051,10000000
405.76,2.876,10000000
405.77,2.964,10000000
405.78,2.876,10000000
405.79,3.007,10000000
405.8,2.92,10000000
405.81,3.095,10000000
405.82,3.051,10000000
405.83,3.095,10000000
405.84,3.183,10000000
405.85,2.92,10000000
405.86,2.876,10000000
405.87,2.964,10000000
405.88,3.007,10000000
405.89,3.007,10000000
405.9,3.007,10000000
405.91,3.007,10000000
405.92,2.964,10000000
405.93,2.788,10000000
405.94,3.007,10000000
405.95,3.007,10000000
405.96,3.051,10000000
405.97,3.095,10000000
405.98,3.095,10000000
405.99,3.139,10000000
406,2.92,10000000
406.01,3.007,10000000
406.02,3.051,10000000
406.03,3.095,10000000
406.04,3.051,10000000
406.05,2.92,10000000
406.06,3.051,10000000
406.07,2.964,10000000
406.08,3.095,10000000
406.09,3.183,10000000
406.1,2.92,10000000
406.11,3.007,10000000
406.12,3.007,10000000
406.13,3.095,10000000
406.14,2.92,10000000
406.15,2.964,10000000
406.16,3.095,10000000
406.17,2.876,10000000
406.18,3.051,10000000
406.19,3.007,10000000
406.2,3.007,10000000
406.21,2.876,10000000
406.22,3.007,10000000
406.23,3.183,10000000
406.24,3.139,10000000
406.25,3.051,10000000
406.26,3.139,10000000
406.27,2.92,10000000
406.28,3.051,10000000
406.29,3.007,10000000
406.3,3.139,10000000
406.31,3.095,10000000
406.32,3.183,10000000
406.33,3.227,10000000
406.34,3.227,10000000
406.35,3.139,10000000
406.36,3.051,10000000
406.37,3.183,10000000
406.38,3.051,10000000
406.39,2.964,10000000
406.4,3.051,10000000
406.41,3.095,10000000
406.42,3.051,10000000
406.43,3.139,10000000
406.44,2.964,10000000
406.45,3.007,10000000
406.46,2.92,10000000
406.47,2.92,10000000
406.48,2.964,10000000
406.49,2.964,10000000
406.5,2.964,10000000
406.51,3.007,10000000
406.52,2.876,10000000
406.53,3.007,10000000
406.54,2.92,10000000
406.55,3.007,10000000
406.56,3.051,10000000
406.57,3.007,10000000
406.58,3.095,10000000
406.59,2.964,10000000
406.6,2.92,10000000
406.61,3.007,10000000
406.62,3.051,10000000
406.63,3.051,10000000
406.64,3.007,10000000
406.65,2.92,10000000
406.66,3.183,10000000
406.67,3.051,10000000
406.68,3.183,10000000
406.69,2.964,10000000
406.7,2.92,10000000
406.71,2.92,10000000
406.72,2.964,10000000
406.73,3.051,10000000
406.74,3.095,10000000
406.75,3.007,10000000
406.76,2.964,10000000
406.77,3.095,10000000
406.78,3.139,10000000
406.79,3.051,10000000
406.8,3.051,10000000
406.81,2.92,10000000
406.82,3.139,10000000
406.83,3.139,10000000
406.84,3.183,10000000
406.85,3.051,10000000
406.86,3.095,10000000
406.87,2.92,10000000
406.88,2.92,10000000
406.89,2.92,10000000
406.9,3.007,10000000
406.91,2.92,10000000
406.92,2.964,10000000
406.93,3.051,10000000
406.94,3.051,10000000
406.95,3.095,10000000
406.96,3.007,10000000
406.97,2.92,10000000
406.98,3.051,10000000
406.99,3.051,10000000
407,3.007,10000000
407.01,3.051,10000000
407.02,3.139,10000000
407.03,3.095,10000000
407.04,3.227,10000000
407.05,3.183,10000000
407.06,3.095,10000000
407.07,3.007,10000000
407.08,3.095,10000000
407.09,2.92,10000000
407.1,3.139,10000000
407.11,3.139,10000000
407.12,3.007,10000000
407.13,3.007,10000000
407.14,3.139,10000000
407.15,2.92,10000000
407.16,3.007,10000000
407.17,3.139,10000000
407.18,3.007,10000000
407.19,3.139,10000000
407.2,3.183,10000000
407.21,2.964,10000000
407.22,3.139,10000000
407.23,3.007,10000000
407.24,3.139,10000000
407.25,3.095,10000000
407.26,3.183,10000000
407.27,3.139,10000000
407.28,3.051,10000000
407.29,3.139,10000000
407.3,3.051,10000000
407.31,3.007,10000000
407.32,2.964,10000000
407.33,3.095,10000000
407.34,3.051,10000000
407.35,3.007,10000000
407.36,2.964,10000000
407.37,2.964,10000000
407.38,3.095,10000000
407.39,3.139,10000000
407.4,3.183,10000000
407.41,3.183,10000000
407.42,3.139,10000000
407.43,3.139,10000000
407.44,3.095,10000000
407.45,3.007,10000000
407.46,3.051,10000000
407.47,2.92,10000000
407.48,3.007,10000000
407.49,2.964,10000000
407.5,3.051,10000000
407.51,3.007,10000000
407.52,3.007,10000000
407.53,3.183,10000000
407.54,3.095,10000000
407.55,3.139,10000000
407.56,3.095,10000000
407.57,3.139,10000000
407.58,2.92,10000000
407.59,2.832,10000000
407.6,3.095,10000000
407.61,3.139,10000000
407.62,3.007,10000000
407.63,3.139,10000000
407.64,2.92,10000000
407.65,2.964,10000000
407.66,2.964,10000000
407.67,2.964,10000000
407.68,3.051,10000000
407.69,3.007,10000000
407.7,2.964,10000000
407.71,3.007,10000000
407.72,2.92,10000000
407.73,3.051,10000000
407.74,2.92,10000000
407.75,3.007,10000000
407.76,2.964,10000000
407.77,3.007,10000000
407.78,3.095,10000000
407.79,3.007,10000000
407.8,3.007,10000000
407.81,3.007,10000000
407.82,3.095,10000000
407.83,3.007,10000000
407.84,2.832,10000000
407.85,2.876,10000000
407.86,3.007,10000000
407.87,3.051,10000000
407.88,3.051,10000000
407.89,3.007,10000000
407.9,3.139,10000000
407.91,2.964,10000000
407.92,3.051,10000000
407.93,3.007,10000000
407.94,3.051,10000000
407.95,3.095,10000000
407.96,3.051,10000000
407.97,3.095,10000000
407.98,3.139,10000000
407.99,3.051,10000000
408,3.139,10000000
408.01,2.92,10000000
408.02,3.139,10000000
408.03,3.051,10000000
408.04,3.051,10000000
408.05,3.007,10000000
408.06,3.007,10000000
408.07,3.095,10000000
408.08,3.183,10000000
408.09,3.051,10000000
408.1,3.051,10000000
408.11,3.007,10000000
408.12,2.964,10000000
408.13,3.051,10000000
408.14,3.051,10000000
408.15,2.964,10000000
408.16,3.007,10000000
408.17,3.139,10000000
408.18,3.095,10000000
408.19,3.051,10000000
408.2,3.007,10000000
408.21,3.007,10000000
408.22,3.095,10000000
408.23,3.007,10000000
408.24,3.007,10000000
408.25,2.964,10000000
408.26,3.139,10000000
408.27,3.095,10000000
408.28,3.183,10000000
408.29,2.92,10000000
408.3,3.007,10000000
408.31,3.007,10000000
408.32,2.964,10000000
408.33,3.007,10000000
408.34,3.139,10000000
408.35,3.095,10000000
408.36,3.051,10000000
408.37,3.183,10000000
408.38,3.007,10000000
408.39,3.007,10000000
408.4,2.92,10000000
408.41,3.051,10000000
408.42,3.007,10000000
408.43,3.139,10000000
408.44,3.227,10000000
408.45,3.051,10000000
408.46,3.095,10000000
408.47,3.007,10000000
408.48,3.095,10000000
408.49,3.051,10000000
408.5,3.139,10000000
408.51,3.051,10000000
408.52,3.095,10000000
408.53,3.007,10000000
408.54,3.007,10000000
408.55,3.007,10000000
408.56,2.92,10000000
408.57,3.051,10000000
408.58,3.007,10000000
408.59,3.007,10000000
408.6,3.007,10000000
408.61,3.139,10000000
408.62,3.007,10000000
408.63,3.095,10000000
408.64,2.92,10000000
408.65,3.183,10000000
408.66,3.007,10000000
408.67,3.139,10000000
408.68,3.139,10000000
408.69,3.095,10000000
408.7,2.92,10000000
408.71,3.095,10000000
408.72,3.139,10000000
408.73,3.051,10000000
408.74,3.139,10000000
408.75,2.964,10000000
408.76,3.139,10000000
408.77,3.007,10000000
408.78,3.051,10000000
408.79,3.007,10000000
408.8,2.964,10000000
408.81,3.007,10000000
408.82,2.964,10000000
408.83,2.964,10000000
408.84,3.007,10000000
408.85,3.139,10000000
408.86,3.051,10000000
408.87,3.051,10000000
408.88,3.051,10000000
408.89,3.139,10000000
408.9,3.007,10000000
408.91,3.051,10000000
408.92,3.139,10000000
408.93,3.139,10000000
408.94,3.183,10000000
408.95,3.007,10000000
408.96,2.964,10000000
408.97,3.139,10000000
408.98,3.051,10000000
408.99,3.095,10000000
409,3.095,10000000
409.01,3.051,10000000
409.02,3.007,10000000
409.03,3.183,10000000
409.04,3.051,10000000
409.05,3.007,10000000
409.06,3.007,10000000
409.07,3.051,10000000
409.08,3.095,10000000
409.09,3.007,10000000
409.1,3.139,10000000
409.11,3.007,10000000
409.12,3.095,10000000
409.13,3.051,10000000
409.14,3.051,10000000
409.15,2.964,10000000
409.16,3.227,10000000
409.17,3.051,10000000
409.18,3.095,10000000
409.19,2.92,10000000
409.2,3.007,10000000
409.21,2.92,10000000
409.22,3.095,10000000
409.23,3.095,10000000
409.24,3.095,10000000
409.25,3.095,10000000
409.26,3.051,10000000
409.27,3.095,10000000
409.28,2.964,10000000
409.29,2.964,10000000
409.3,3.139,10000000
409.31,3.139,10000000
409.32,3.007,10000000
409.33,3.051,10000000
409.34,3.139,10000000
409.35,3.051,10000000
409.36,3.007,10000000
409.37,3.051,10000000
409.38,3.139,10000000
409.39,2.92,10000000
409.4,3.139,10000000
409.41,3.095,10000000
409.42,3.007,10000000
409.43,3.139,10000000
409.44,3.095,10000000
409.45,2.92,10000000
409.46,3.007,10000000
409.47,3.007,10000000
409.48,2.964,10000000
409.49,2.92,10000000
409.5,2.92,10000000
409.51,2.964,10000000
409.52,2.92,10000000
409.53,3.051,10000000
409.54,3.007,10000000
409.55,2.92,10000000
409.56,3.007,10000000
409.57,3.007,10000000
409.58,2.832,10000000
409.59,2.964,10000000
409.6,2.92,10000000
409.61,3.227,10000000
409.62,3.095,10000000
409.63,2.964,10000000
409.64,2.92,10000000
409.65,2.964,10000000
409.66,2.92,10000000
409.67,3.007,10000000
409.68,3.051,10000000
409.69,3.095,10000000
409.7,3.051,10000000
409.71,3.051,10000000
409.72,3.007,10000000
409.73,3.007,10000000
409.74,2.964,10000000
409.75,2.92,10000000
409.76,3.007,10000000
409.77,2.92,10000000
409.78,3.007,10000000
409.79,2.964,10000000
409.8,2.92,10000000
409.81,3.095,10000000
409.82,3.139,10000000
409.83,3.051,10000000
409.84,3.051,10000000
409.85,2.92,10000000
409.86,3.007,10000000
409.87,3.007,10000000
409.88,3.007,10000000
409.89,3.095,10000000
409.9,3.183,10000000
409.91,3.007,10000000
409.92,3.007,10000000
409.93,3.139,10000000
409.94,3.051,10000000
409.95,2.92,10000000
409.96,3.007,10000000
409.97,2.92,10000000
409.98,2.92,10000000
409.99,2.964,10000000
410,2.832,10000000
410.01,2.788,10000000
410.02,3.007,10000000
410.03,2.92,10000000
410.04,2.964,10000000
410.05,2.92,10000000
410.06,3.051,10000000
410.07,2.92,10000000
410.08,3.007,10000000
410.09,3.007,10000000
410.1,3.051,10000000
410.11,3.051,10000000
410.12,3.095,10000000
410.13,2.876,10000000
410.14,2.964,10000000
410.15,3.051,10000000
410.16,2.964,10000000
410.17,3.007,10000000
410.18,3.095,10000000
410.19,3.095,10000000
410.2,3.007,10000000
410.21,3.095,10000000
410.22,3.227,10000000
410.23,3.051,10000000
410.24,3.139,10000000
410.25,3.051,10000000
410.26,3.139,10000000
410.27,2.964,10000000
410.28,2.964,10000000
410.29,3.095,10000000
410.3,3.095,10000000
410.31,3.139,10000000
410.32,2.964,10000000
410.33,3.139,10000000
410.34,3.095,10000000
410.35,3.051,10000000
410.36,3.007,10000000
410.37,2.964,10000000
410.38,2.964,10000000
410.39,3.095,10000000
410.4,3.095,10000000
410.41,3.139,10000000
410.42,3.051,10000000
410.43,3.139,10000000
410.44,3.139,10000000
410.45,3.051,10000000
410.46,2.964,10000000
410.47,3.051,10000000
410.48,2.964,10000000
410.49,3.007,10000000
410.5,3.139,10000000
410.51,3.007,10000000
410.52,3.095,10000000
410.53,3.183,10000000
410.54,3.139,10000000
410.55,3.007,10000000
410.56,2.964,10000000
410.57,3.051,10000000
410.58,3.095,10000000
410.59,3.095,10000000
410.6,3.095,10000000
410.61,3.139,10000000
410.62,3.095,10000000
410.63,2.964,10000000
410.64,3.051,10000000
410.65,2.964,10000000
410.66,3.139,10000000
410.67,3.139,10000000
410.68,2.92,10000000
410.69,3.007,10000000
410.7,3.051,10000000
410.71,2.964,10000000
410.72,2.964,10000000
410.73,2.92,10000000
410.74,3.227,10000000
410.75,2.92,10000000
410.76,3.007,10000000
410.77,3.095,10000000
410.78,2.876,10000000
410.79,3.095,10000000
410.8,3.051,10000000
410.81,3.007,10000000
410.82,3.095,10000000
410.83,3.007,10000000
410.84,3.139,10000000
410.85,3.007,10000000
410.86,2.964,10000000
410.87,3.139,10000000
410.88,3.051,10000000
410.89,3.095,10000000
410.9,3.095,10000000
410.91,3.007,10000000
410.92,3.007,10000000
410.93,3.139,10000000
410.94,3.007,10000000
410.95,2.92,10000000
410.96,3.051,10000000
410.97,2.92,10000000
410.98,3.007,10000000
410.99,3.139,10000000
411,3.051,10000000
411.01,3.051,10000000
411.02,3.095,10000000
411.03,3.051,10000000
411.04,3.051,10000000
411.05,3.007,10000000
411.06,2.876,10000000
411.07,3.051,10000000
411.08,3.051,10000000
411.09,3.051,10000000
411.1,3.139,10000000
411.11,3.051,10000000
411.12,2.876,10000000
411.13,3.095,10000000
411.14,2.876,10000000
411.15,3.007,10000000
411.16,3.007,10000000
411.17,3.139,10000000
411.18,3.095,10000000
411.19,3.051,10000000
411.2,3.007,10000000
411.21,3.183,10000000
411.22,3.007,10000000
411.23,3.095,10000000
411.24,3.007,10000000
411.25,3.139,10000000
411.26,3.051,10000000
411.27,3.095,10000000
411.28,2.964,10000000
411.29,2.964,10000000
411.3,3.095,10000000
411.31,3.139,10000000
411.32,3.051,10000000
411.33,3.007,10000000
411.34,3.095,10000000
411.35,3.095,10000000
411.36,3.183,10000000
411.37,3.051,10000000
411.38,3.139,10000000
411.39,3.095,10000000
411.4,2.92,10000000
411.41,3.095,10000000
411.42,3.007,10000000
411.43,3.007,10000000
411.44,3.007,10000000
411.45,3.007,10000000
411.46,3.139,10000000
411.47,2.832,10000000
411.48,3.051,10000000
411.49,2.964,10000000
411.5,2.92,10000000
411.51,3.095,10000000
411.52,3.095,10000000
411.53,2.964,10000000
411.54,3.183,10000000
411.55,3.183,10000000
411.56,3.051,10000000
411.57,3.007,10000000
411.58,2.92,10000000
411.59,2.964,10000000
411.6,2.964,10000000
411.61,3.007,10000000
411.62,3.183,10000000
411.63,3.007,10000000
411.64,3.007,10000000
411.65,2.876,10000000
411.66,3.007,10000000
411.67,3.051,10000000
411.68,3.007,10000000
411.69,3.051,10000000
411.7,3.051,10000000
411.71,3.051,10000000
411.72,2.964,10000000
411.73,2.964,10000000
411.74,3.051,10000000
411.75,3.095,10000000
411.76,3.095,10000000
411.77,3.051,10000000
411.78,2.964,10000000
411.79,2.964,10000000
411.8,3.051,10000000
411.81,3.139,10000000
411.82,3.051,10000000
411.83,3.051,10000000
411.84,3.051,10000000
411.85,3.007,10000000
411.86,3.139,10000000
411.87,3.051,10000000
411.88,3.095,10000000
411.89,3.139,10000000
411.9,2.92,10000000
411.91,3.007,10000000
411.92,2.964,10000000
411.93,2.964,10000000
411.94,3.095,10000000
411.95,3.095,10000000
411.96,3.095,10000000
411.97,3.051,10000000
411.98,3.051,10000000
411.99,3.139,10000000
412,3.139,10000000
412.01,3.139,10000000
412.02,3.007,10000000
412.03,2.964,10000000
412.04,3.051,10000000
412.05,2.964,10000000
412.06,2.964,10000000
412.07,3.007,10000000
412.08,3.095,10000000
412.09,3.227,10000000
412.1,3.007,10000000
412.11,2.964,10000000
412.12,2.92,10000000
412.13,3.051,10000000
412.14,3.051,10000000
412.15,2.92,10000000
412.16,3.007,10000000
412.17,3.007,10000000
412.18,3.007,10000000
412.19,2.92,10000000
412.2,3.095,10000000
412.21,3.051,10000000
412.22,3.095,10000000
412.23,3.095,10000000
412.24,3.227,10000000
412.25,3.183,10000000
412.26,3.007,10000000
412.27,3.227,10000000
412.28,3.095,10000000
412.29,3.183,10000000
412.3,3.095,10000000
412.31,3.095,10000000
412.32,3.139,10000000
412.33,3.007,10000000
412.34,3.007,10000000
412.35,3.095,10000000
412.36,2.92,10000000
412.37,3.051,10000000
412.38,2.964,10000000
412.39,2.964,10000000
412.4,3.007,10000000
412.41,3.051,10000000
412.42,3.007,10000000
412.43,3.095,10000000
412.44,3.007,10000000
412.45,3.139,10000000
412.46,3.007,10000000
412.47,3.095,10000000
412.48,2.92,10000000
412.49,3.139,10000000
412.5,2.92,10000000
412.51,2.964,10000000
412.52,2.964,10000000
412.53,2.964,10000000
412.54,3.007,10000000
412.55,2.964,10000000
412.56,3.007,10000000
412.57,2.964,10000000
412.58,2.92,10000000
412.59,2.964,10000000
412.6,3.183,10000000
412.61,3.007,10000000
412.62,3.007,10000000
412.63,2.964,10000000
412.64,3.007,10000000
412.65,3.051,10000000
412.66,3.095,10000000
412.67,3.007,10000000
412.68,3.051,10000000
412.69,3.007,10000000
412.7,3.095,10000000
412.71,3.095,10000000
412.72,3.139,10000000
412.73,3.007,10000000
412.74,3.183,10000000
412.75,3.139,10000000
412.76,3.007,10000000
412.77,3.095,10000000
412.78,3.139,10000000
412.79,3.139,10000000
412.8,2.92,10000000
412.81,3.051,10000000
412.82,3.007,10000000
412.83,3.007,10000000
412.84,3.007,10000000
412.85,3.007,10000000
412.86,3.139,10000000
412.87,3.007,10000000
412.88,2.92,10000000
412.89,3.051,10000000
412.9,2.876,10000000
412.91,3.007,10000000
412.92,3.051,10000000
412.93,3.007,10000000
412.94,3.007,10000000
412.95,3.051,10000000
412.96,3.007,10000000
412.97,3.139,10000000
412.98,3.007,10000000
412.99,2.92,10000000
413,3.095,10000000
413.01,2.964,10000000
413.02,3.095,10000000
413.03,3.007,10000000
413.04,2.92,10000000
413.05,3.007,10000000
413.06,3.007,10000000
413.07,2.964,10000000
413.08,2.964,10000000
413.09,3.007,10000000
413.1,3.007,10000000
413.11,3.095,10000000
413.12,3.051,10000000
413.13,3.139,10000000
413.14,3.139,10000000
413.15,3.139,10000000
413.16,3.007,10000000
413.17,3.051,10000000
413.18,3.095,10000000
413.19,3.095,10000000
413.2,3.095,10000000
413.21,3.051,10000000
413.22,3.007,10000000
413.23,2.964,10000000
413.24,2.92,10000000
413.25,2.964,10000000
413.26,3.051,10000000
413.27,3.007,10000000
413.28,3.007,10000000
413.29,2.964,10000000
413.3,3.227,10000000
413.31,3.007,10000000
413.32,3.051,10000000
413.33,2.964,10000000
413.34,2.964,10000000
413.35,2.964,10000000
413.36,3.139,10000000
413.37,3.007,10000000
413.38,3.139,10000000
413.39,3.139,10000000
413.4,2.92,10000000
413.41,3.007,10000000
413.42,3.051,10000000
413.43,2.92,10000000
413.44,2.92,10000000
413.45,3.051,10000000
413.46,2.964,10000000
413.47,3.095,10000000
413.48,2.92,10000000
413.49,3.007,10000000
413.5,3.051,10000000
413.51,2.92,10000000
413.52,2.964,10000000
413.53,2.964,10000000
413.54,3.139,10000000
413.55,3.095,10000000
413.56,3.007,10000000
413.57,3.095,10000000
413.58,3.139,10000000
413.59,2.964,10000000
413.6,2.92,10000000
413.61,3.007,10000000
413.62,3.007,10000000
413.63,2.964,10000000
413.64,3.007,10000000
413.65,3.095,10000000
413.66,2.964,10000000
413.67,3.095,10000000
413.68,3.095,10000000
413.69,3.139,10000000
413.7,3.139,10000000
413.71,2.964,10000000
413.72,3.139,10000000
413.73,3.095,10000000
413.74,3.095,10000000
413.75,3.139,10000000
413.76,3.139,10000000
413.77,3.095,10000000
413.78,2.964,10000000
413.79,2.964,10000000
413.8,3.007,10000000
413.81,3.007,10000000
413.82,3.051,10000000
413.83,3.051,10000000
413.84,3.007,10000000
413.85,3.051,10000000
413.86,2.92,10000000
413.87,3.051,10000000
413.88,3.051,10000000
413.89,2.964,10000000
413.9,3.007,10000000
413.91,3.007,10000000
413.92,3.007,10000000
413.93,2.964,10000000
413.94,2.92,10000000
413.95,3.007,10000000
413.96,2.92,10000000
413.97,2.832,10000000
413.98,2.92,10000000
413.99,3.051,10000000
414,3.007,10000000
414.01,3.139,10000000
414.02,3.095,10000000
414.03,3.007,10000000
414.04,3.139,10000000
414.05,3.095,10000000
414.06,3.139,10000000
414.07,2.92,10000000
414.08,2.92,10000000
414.09,3.007,10000000
414.1,3.139,10000000
414.11,2.92,10000000
414.12,3.007,10000000
414.13,3.007,10000000
414.14,3.139,10000000
414.15,3.007,10000000
414.16,3.051,10000000
414.17,3.051,10000000
414.18,3.051,10000000
414.19,3.051,10000000
414.2,3.227,10000000
414.21,3.051,10000000
414.22,3.139,10000000
414.23,3.007,10000000
414.24,3.051,10000000
414.25,2.964,10000000
414.26,2.964,10000000
414.27,2.92,10000000
414.28,2.876,10000000
414.29,2.876,10000000
414.3,2.92,10000000
414.31,3.051,10000000
414.32,2.788,10000000
414.33,3.051,10000000
414.34,3.095,10000000
414.35,3.007,10000000
414.36,3.139,10000000
414.37,3.007,10000000
414.38,3.007,10000000
414.39,2.92,10000000
414.4,3.051,10000000
414.41,2.92,10000000
414.42,3.051,10000000
414.43,2.964,10000000
414.44,3.095,10000000
414.45,3.139,10000000
414.46,3.095,10000000
414.47,3.183,10000000
414.48,3.095,10000000
414.49,2.964,10000000
414.5,3.139,10000000
414.51,3.095,10000000
414.52,3.095,10000000
414.53,3.051,10000000
414.54,2.92,10000000
414.55,2.92,10000000
414.56,3.051,10000000
414.57,3.051,10000000
414.58,3.183,10000000
414.59,3.183,10000000
414.6,3.051,10000000
414.61,3.227,10000000
414.62,3.051,10000000
414.63,3.051,10000000
414.64,2.964,10000000
414.65,3.139,10000000
414.66,3.051,10000000
414.67,3.095,10000000
414.68,3.139,10000000
414.69,3.095,10000000
414.7,3.095,10000000
414.71,2.964,10000000
414.72,2.788,10000000
414.73,3.007,10000000
414.74,2.964,10000000
414.75,3.051,10000000
414.76,2.876,10000000
414.77,3.007,10000000
414.78,2.788,10000000
414.79,3.051,10000000
414.8,2.92,10000000
414.81,3.095,10000000
414.82,3.095,10000000
414.83,3.007,10000000
414.84,3.051,10000000
414.85,3.007,10000000
414.86,3.183,10000000
414.87,2.964,10000000
414.88,3.095,10000000
414.89,3.007,10000000
414.9,3.051,10000000
414.91,3.095,10000000
414.92,3.007,10000000
414.93,2.92,10000000
414.94,2.964,10000000
414.95,2.964,10000000
414.96,2.92,10000000
414.97,2.964,10000000
414.98,3.051,10000000
414.99,2.92,10000000
415,3.007,10000000
415.01,2.876,10000000
415.02,3.051,10000000
415.03,3.183,10000000
415.04,2.832,10000000
415.05,3.051,10000000
415.06,3.051,10000000
415.07,3.051,10000000
415.08,3.139,10000000
415.09,2.92,10000000
415.1,3.095,10000000
415.11,3.051,10000000
415.12,3.139,10000000
415.13,3.139,10000000
415.14,2.964,10000000
415.15,3.007,10000000
415.16,3.051,10000000
415.17,3.007,10000000
415.18,3.095,10000000
415.19,3.051,10000000
415.2,2.92,10000000
415.21,3.095,10000000
415.22,3.139,10000000
415.23,3.051,10000000
415.24,2.964,10000000
415.25,2.876,10000000
415.26,2.92,10000000
415.27,3.095,10000000
415.28,3.007,10000000
415.29,3.007,10000000
415.3,3.051,10000000
415.31,3.007,10000000
415.32,2.964,10000000
415.33,2.876,10000000
415.34,2.964,10000000
415.35,3.051,10000000
415.36,2.964,10000000
415.37,3.007,10000000
415.38,3.139,10000000
415.39,3.007,10000000
415.4,3.095,10000000
415.41,2.92,10000000
415.42,2.92,10000000
415.43,3.051,10000000
415.44,3.007,10000000
415.45,3.007,10000000
415.46,3.007,10000000
415.47,3.139,10000000
415.48,3.139,10000000
415.49,3.007,10000000
415.5,2.964,10000000
415.51,3.051,10000000
415.52,3.139,10000000
415.53,3.095,10000000
415.54,3.227,10000000
415.55,3.139,10000000
415.56,3.183,10000000
415.57,3.139,10000000
415.58,3.007,10000000
415.59,3.007,10000000
415.6,3.007,10000000
415.61,2.92,10000000
415.62,2.964,10000000
415.63,3.051,10000000
415.64,3.139,10000000
415.65,3.139,10000000
415.66,3.095,10000000
415.67,2.92,10000000
415.68,2.92,10000000
415.69,2.92,10000000
415.7,3.139,10000000
415.71,2.964,10000000
415.72,3.183,10000000
415.73,3.139,10000000
415.74,3.139,10000000
415.75,3.007,10000000
415.76,3.007,10000000
415.77,2.964,10000000
415.78,2.964,10000000
415.79,3.051,10000000
415.8,3.183,10000000
415.81,3.095,10000000
415.82,3.139,10000000
415.83,3.051,10000000
415.84,2.92,10000000
415.85,3.139,10000000
415.86,3.051,10000000
415.87,3.183,10000000
415.88,3.051,10000000
415.89,3.051,10000000
415.9,3.051,10000000
415.91,2.92,10000000
415.92,3.007,10000000
415.93,2.876,10000000
415.94,3.051,10000000
415.95,3.051,10000000
415.96,3.007,10000000
415.97,3.183,10000000
415.98,3.051,10000000
415.99,2.92,10000000
416,3.007,10000000
416.01,3.051,10000000
416.02,3.095,10000000
416.03,3.183,10000000
416.04,3.183,10000000
416.05,3.007,10000000
416.06,3.051,10000000
416.07,3.095,10000000
416.08,3.051,10000000
416.09,3.051,10000000
416.1,3.227,10000000
416.11,3.227,10000000
416.12,2.92,10000000
416.13,3.139,10000000
416.14,3.007,10000000
416.15,3.139,10000000
416.16,2.92,10000000
416.17,3.051,10000000
416.18,2.92,10000000
416.19,3.051,10000000
416.2,2.92,10000000
416.21,3.007,10000000
416.22,2.92,10000000
416.23,3.007,10000000
416.24,3.007,10000000
416.25,2.964,10000000
416.26,3.095,10000000
416.27,3.007,10000000
416.28,3.051,10000000
416.29,3.051,10000000
416.3,3.095,10000000
416.31,3.051,10000000
416.32,3.139,10000000
416.33,3.007,10000000
416.34,3.051,10000000
416.35,3.095,10000000
416.36,3.051,10000000
416.37,3.007,10000000
416.38,3.139,10000000
416.39,3.139,10000000
416.4,2.964,10000000
416.41,2.92,10000000
416.42,3.007,10000000
416.43,3.051,10000000
416.44,3.095,10000000
416.45,3.095,10000000
416.46,3.051,10000000
416.47,3.139,10000000
416.48,3.007,10000000
416.49,2.964,10000000
416.5,2.92,10000000
416.51,3.007,10000000
416.52,2.92,10000000
416.53,3.139,10000000
416.54,3.315,10000000
416.55,3.139,10000000
416.56,3.183,10000000
416.57,3.139,10000000
416.58,3.007,10000000
416.59,3.051,10000000
416.6,3.095,10000000
416.61,2.92,10000000
416.62,3.051,10000000
416.63,3.095,10000000
416.64,3.095,10000000
416.65,3.051,10000000
416.66,3.095,10000000
416.67,3.051,10000000
416.68,3.007,10000000
416.69,3.051,10000000
416.7,3.007,10000000
416.71,2.964,10000000
416.72,3.007,10000000
416.73,2.92,10000000
416.74,3.007,10000000
416.75,2.964,10000000
416.76,3.051,10000000
416.77,3.139,10000000
416.78,3.007,10000000
416.79,3.095,10000000
416.8,3.051,10000000
416.81,3.183,10000000
416.82,3.095,10000000
416.83,2.964,10000000
416.84,2.964,10000000
416.85,3.007,10000000
416.86,3.051,10000000
416.87,3.051,10000000
416.88,2.92,10000000
416.89,3.051,10000000
416.9,3.139,10000000
416.91,3.007,10000000
416.92,3.139,10000000
416.93,3.051,10000000
416.94,2.92,10000000
416.95,3.051,10000000
416.96,3.139,10000000
416.97,3.051,10000000
416.98,3.139,10000000
416.99,2.92,10000000
417,3.007,10000000
417.01,3.007,10000000
417.02,2.92,10000000
417.03,3.007,10000000
417.04,2.964,10000000
417.05,3.095,10000000
417.06,3.007,10000000
417.07,3.051,10000000
417.08,3.007,10000000
417.09,2.964,10000000
417.1,3.007,10000000
417.11,3.051,10000000
417.12,3.051,10000000
417.13,3.007,10000000
417.14,2.964,10000000
417.15,3.007,10000000
417.16,3.051,10000000
417.17,3.183,10000000
417.18,3.095,10000000
417.19,2.964,10000000
417.2,3.139,10000000
417.21,2.964,10000000
417.22,2.964,10000000
417.23,3.051,10000000
417.24,2.788,10000000
417.25,3.007,10000000
417.26,3.051,10000000
417.27,3.051,10000000
417.28,3.051,10000000
417.29,3.095,10000000
417.3,2.832,10000000
417.31,2.876,10000000
417.32,2.832,10000000
417.33,3.051,10000000
417.34,3.095,10000000
417.35,3.007,10000000
417.36,2.92,10000000
417.37,3.051,10000000
417.38,2.964,10000000
417.39,2.832,10000000
417.4,3.051,10000000
417.41,3.139,10000000
417.42,3.139,10000000
417.43,3.183,10000000
417.44,3.095,10000000
417.45,3.139,10000000
417.46,3.007,10000000
417.47,2.92,10000000
417.48,3.051,10000000
417.49,3.007,10000000
417.5,3.095,10000000
417.51,3.007,10000000
417.52,2.964,10000000
417.53,2.876,10000000
417.54,2.876,10000000
417.55,2.964,10000000
417.56,2.92,10000000
417.57,3.051,10000000
417.58,3.095,10000000
417.59,3.007,10000000
417.6,2.92,10000000
417.61,3.139,10000000
417.62,3.007,10000000
417.63,3.051,10000000
417.64,3.007,10000000
417.65,3.007,10000000
417.66,3.139,10000000
417.67,3.183,10000000
417.68,3.139,10000000
417.69,3.007,10000000
417.7,3.095,10000000
417.71,3.007,10000000
417.72,3.139,10000000
417.73,3.051,10000000
417.74,2.964,10000000
417.75,2.964,10000000
417.76,3.051,10000000
417.77,2.92,10000000
417.78,3.139,10000000
417.79,3.095,10000000
417.8,3.139,10000000
417.81,3.095,10000000
417.82,3.139,10000000
417.83,2.964,10000000
417.84,3.139,10000000
417.85,3.095,10000000
417.86,3.139,10000000
417.87,2.92,10000000
417.88,3.095,10000000
417.89,3.139,10000000
417.9,3.095,10000000
417.91,3.095,10000000
417.92,3.007,10000000
417.93,3.007,10000000
417.94,2.964,10000000
417.95,2.92,10000000
417.96,3.007,10000000
417.97,2.92,10000000
417.98,3.095,10000000
417.99,3.095,10000000
418,2.92,10000000
418.01,3.007,10000000
418.02,2.964,10000000
418.03,3.139,10000000
418.04,3.007,10000000
418.05,3.095,10000000
418.06,2.92,10000000
418.07,3.139,10000000
418.08,3.007,10000000
418.09,3.139,10000000
418.1,3.051,10000000
418.11,3.007,10000000
418.12,2.92,10000000
418.13,3.139,10000000
418.14,3.007,10000000
418.15,2.92,10000000
418.16,3.007,10000000
418.17,3.007,10000000
418.18,2.964,10000000
418.19,3.007,10000000
418.2,2.964,10000000
418.21,3.007,10000000
418.22,3.051,10000000
418.23,3.007,10000000
418.24,3.139,10000000
418.25,3.139,10000000
418.26,3.183,10000000
418.27,2.92,10000000
418.28,2.964,10000000
418.29,3.007,10000000
418.3,3.095,10000000
418.31,3.095,10000000
418.32,3.139,10000000
418.33,3.139,10000000
418.34,3.315,10000000
418.35,3.139,10000000
418.36,2.964,10000000
418.37,3.007,10000000
418.38,3.051,10000000
418.39,2.964,10000000
418.4,2.876,10000000
418.41,3.007,10000000
418.42,3.095,10000000
418.43,3.007,10000000
418.44,3.139,10000000
418.45,3.007,10000000
418.46,3.007,10000000
418.47,3.095,10000000
418.48,2.964,10000000
418.49,3.051,10000000
418.5,3.051,10000000
418.51,3.139,10000000
418.52,3.095,10000000
418.53,3.007,10000000
418.54,3.139,10000000
418.55,3.139,10000000
418.56,2.964,10000000
418.57,3.183,10000000
418.58,3.139,10000000
418.59,3.095,10000000
418.6,3.007,10000000
418.61,2.92,10000000
418.62,2.964,10000000
418.63,3.139,10000000
418.64,2.876,10000000
418.65,2.964,10000000
418.66,3.007,10000000
418.67,2.92,10000000
418.68,2.92,10000000
418.69,3.095,10000000
418.7,2.964,10000000
418.71,3.051,10000000
418.72,3.051,10000000
418.73,3.095,10000000
418.74,3.095,10000000
418.75,3.095,10000000
418.76,3.095,10000000
418.77,3.007,10000000
418.78,3.007,10000000
418.79,3.007,10000000
418.8,3.183,10000000
418.81,3.095,10000000
418.82,3.007,10000000
418.83,2.92,10000000
418.84,3.051,10000000
418.85,3.051,10000000
418.86,3.051,10000000
418.87,3.095,10000000
418.88,3.095,10000000
418.89,3.007,10000000
418.9,2.744,10000000
418.91,3.007,10000000
418.92,2.964,10000000
418.93,3.007,10000000
418.94,2.92,10000000
418.95,3.051,10000000
418.96,3.007,10000000
418.97,3.139,10000000
418.98,3.139,10000000
418.99,3.095,10000000
419,3.007,10000000
419.01,3.007,10000000
419.02,3.051,10000000
419.03,2.92,10000000
419.04,3.051,10000000
419.05,2.876,10000000
419.06,2.92,10000000
419.07,3.007,10000000
419.08,2.964,10000000
419.09,2.964,10000000
419.1,3.007,10000000
419.11,3.139,10000000
419.12,3.139,10000000
419.13,3.183,10000000
419.14,2.964,10000000
419.15,3.139,10000000
419.16,3.139,10000000
419.17,3.139,10000000
419.18,3.139,10000000
419.19,3.051,10000000
419.2,3.051,10000000
419.21,3.051,10000000
419.22,3.007,10000000
419.23,2.964,10000000
419.24,3.051,10000000
419.25,2.876,10000000
419.26,3.139,10000000
419.27,3.095,10000000
419.28,3.095,10000000
419.29,3.007,10000000
419.3,2.92,10000000
419.31,2.92,10000000
419.32,2.92,10000000
419.33,2.964,10000000
419.34,3.139,10000000
419.35,3.007,10000000
419.36,2.964,10000000
419.37,3.007,10000000
419.38,2.92,10000000
419.39,2.964,10000000
419.4,3.007,10000000
419.41,3.139,10000000
419.42,2.92,10000000
419.43,3.051,10000000
419.44,3.095,10000000
419.45,3.007,10000000
419.46,3.227,10000000
419.47,2.92,10000000
419.48,3.095,10000000
419.49,2.832,10000000
419.5,3.051,10000000
419.51,3.007,10000000
419.52,3.095,10000000
419.53,3.095,10000000
419.54,3.095,10000000
419.55,3.007,10000000
419.56,3.051,10000000
419.57,3.227,10000000
419.58,3.139,10000000
419.59,3.051,10000000
419.6,3.051,10000000
419.61,3.095,10000000
419.62,3.007,10000000
419.63,2.964,10000000
419.64,2.92,10000000
419.65,3.139,10000000
419.66,3.139,10000000
419.67,2.92,10000000
419.68,3.051,10000000
419.69,3.139,10000000
419.7,3.051,10000000
419.71,3.007,10000000
419.72,2.964,10000000
419.73,2.832,10000000
419.74,3.007,10000000
419.75,3.183,10000000
419.76,3.095,10000000
419.77,3.183,10000000
419.78,3.227,10000000
419.79,3.007,10000000
419.8,3.139,10000000
419.81,2.964,10000000
419.82,3.007,10000000
419.83,3.007,10000000
419.84,3.051,10000000
419.85,3.007,10000000
419.86,3.051,10000000
419.87,3.051,10000000
419.88,3.227,10000000
419.89,3.007,10000000
419.9,3.095,10000000
419.91,3.007,10000000
419.92,2.92,10000000
419.93,2.964,10000000
419.94,3.095,10000000
419.95,3.051,10000000
419.96,3.051,10000000
419.97,3.139,10000000
419.98,2.92,10000000
419.99,3.139,10000000
420,3.139,10000000
420.01,3.007,10000000
420.02,3.007,10000000
420.03,2.876,10000000
420.04,2.92,10000000
420.05,2.92,10000000
420.06,3.007,10000000
420.07,2.832,10000000
420.08,2.876,10000000
420.09,2.964,10000000
420.1,3.095,10000000
420.11,3.007,10000000
420.12,3.183,10000000
420.13,3.051,10000000
420.14,3.139,10000000
420.15,3.139,10000000
420.16,2.876,10000000
420.17,3.139,10000000
420.18,2.92,10000000
420.19,3.051,10000000
420.2,3.051,10000000
420.21,3.007,10000000
420.22,2.876,10000000
420.23,3.051,10000000
420.24,3.007,10000000
420.25,3.051,10000000
420.26,3.007,10000000
420.27,2.876,10000000
420.28,3.139,10000000
420.29,3.095,10000000
420.3,3.007,10000000
420.31,3.139,10000000
420.32,2.92,10000000
420.33,3.007,10000000
420.34,3.007,10000000
420.35,3.095,10000000
420.36,3.139,10000000
420.37,2.964,10000000
420.38,3.139,10000000
420.39,3.095,10000000
420.4,3.051,10000000
420.41,2.92,10000000
420.42,2.92,10000000
420.43,3.095,10000000
420.44,3.095,10000000
420.45,2.964,10000000
420.46,3.095,10000000
420.47,2.964,10000000
420.48,3.095,10000000
420.49,2.92,10000000
420.5,3.095,10000000
420.51,2.964,10000000
420.52,3.007,10000000
420.53,2.964,10000000
420.54,2.964,10000000
420.55,2.876,10000000
420.56,3.139,10000000
420.57,3.139,10000000
420.58,2.964,10000000
420.59,3.095,10000000
420.6,2.876,10000000
420.61,3.139,10000000
420.62,3.051,10000000
420.63,2.832,10000000
420.64,3.095,10000000
420.65,2.92,10000000
420.66,3.007,10000000
420.67,2.92,10000000
420.68,2.964,10000000
420.69,2.964,10000000
420.7,3.007,10000000
420.71,3.095,10000000
420.72,3.095,10000000
420.73,2.964,10000000
420.74,3.095,10000000
420.75,3.139,10000000
420.76,3.139,10000000
420.77,3.095,10000000
420.78,2.964,10000000
420.79,2.964,10000000
420.8,2.964,10000000
420.81,3.095,10000000
420.82,3.051,10000000
420.83,3.007,10000000
420.84,3.007,10000000
420.85,3.095,10000000
420.86,3.051,10000000
420.87,2.92,10000000
420.88,2.876,10000000
420.89,3.051,10000000
420.9,2.964,10000000
420.91,3.139,10000000
420.92,3.051,10000000
420.93,2.832,10000000
420.94,3.051,10000000
420.95,3.007,10000000
420.96,2.92,10000000
420.97,3.007,10000000
420.98,3.007,10000000
420.99,3.051,10000000
421,3.007,10000000
421.01,3.051,10000000
421.02,3.095,10000000
421.03,3.095,10000000
421.04,3.007,10000000
421.05,3.139,10000000
421.06,3.139,10000000
421.07,3.051,10000000
421.08,3.095,10000000
421.09,3.095,10000000
421.1,2.964,10000000
421.11,2.964,10000000
421.12,3.095,10000000
421.13,3.007,10000000
421.14,3.139,10000000
421.15,3.051,10000000
421.16,2.964,10000000
421.17,2.964,10000000
421.18,2.964,10000000
421.19,3.051,10000000
421.2,3.051,10000000
421.21,3.139,10000000
421.22,3.051,10000000
421.23,2.832,10000000
421.24,3.051,10000000
421.25,3.095,10000000
421.26,2.964,10000000
421.27,2.92,10000000
421.28,2.92,10000000
421.29,3.095,10000000
421.3,3.139,10000000
421.31,2.92,10000000
421.32,3.007,10000000
421.33,2.92,10000000
421.34,3.051,10000000
421.35,3.095,10000000
421.36,3.051,10000000
421.37,3.051,10000000
421.38,2.964,10000000
421.39,3.007,10000000
421.4,3.227,10000000
421.41,3.139,10000000
421.42,3.139,10000000
421.43,3.007,10000000
421.44,3.051,10000000
421.45,3.007,10000000
421.46,2.832,10000000
421.47,3.051,10000000
421.48,2.964,10000000
421.49,3.007,10000000
421.5,3.051,10000000
421.51,3.051,10000000
421.52,3.139,10000000
421.53,3.007,10000000
421.54,2.92,10000000
421.55,2.964,10000000
421.56,3.007,10000000
421.57,3.051,10000000
421.58,3.051,10000000
421.59,3.139,10000000
421.6,2.964,10000000
421.61,3.007,10000000
421.62,3.139,10000000
421.63,3.139,10000000
421.64,3.183,10000000
421.65,3.051,10000000
421.66,3.051,10000000
421.67,3.139,10000000
421.68,3.095,10000000
421.69,3.007,10000000
421.7,3.051,10000000
421.71,3.139,10000000
421.72,2.964,10000000
421.73,3.095,10000000
421.74,3.051,10000000
421.75,3.007,10000000
421.76,3.095,10000000
421.77,2.964,10000000
421.78,2.92,10000000
421.79,3.051,10000000
421.8,3.095,10000000
421.81,3.051,10000000
421.82,3.095,10000000
421.83,2.92,10000000
421.84,3.095,10000000
421.85,3.139,10000000
421.86,3.051,10000000
421.87,3.095,10000000
421.88,3.095,10000000
421.89,3.139,10000000
421.9,3.007,10000000
421.91,3.007,10000000
421.92,2.964,10000000
421.93,2.964,10000000
421.94,3.051,10000000
421.95,2.92,10000000
421.96,3.007,10000000
421.97,3.095,10000000
421.98,2.92,10000000
421.99,2.964,10000000
422,3.095,10000000
422.01,3.007,10000000
422.02,3.095,10000000
422.03,3.095,10000000
422.04,3.095,10000000
422.05,3.007,10000000
422.06,2.964,10000000
422.07,2.92,10000000
422.08,3.095,10000000
422.09,3.007,10000000
422.1,3.051,10000000
422.11,2.92,10000000
422.12,2.964,10000000
422.13,2.92,10000000
422.14,2.876,10000000
422.15,3.007,10000000
422.16,3.095,10000000
422.17,2.964,10000000
422.18,3.183,10000000
422.19,3.095,10000000
422.2,3.007,10000000
422.21,2.964,10000000
422.22,3.095,10000000
422.23,2.92,10000000
422.24,3.095,10000000
422.25,3.095,10000000
422.26,3.139,10000000
422.27,3.095,10000000
422.28,3.095,10000000
422.29,3.095,10000000
422.3,3.051,10000000
422.31,3.051,10000000
422.32,3.139,10000000
422.33,2.964,10000000
422.34,3.095,10000000
422.35,2.964,10000000
422.36,3.007,10000000
422.37,2.876,10000000
422.38,3.007,10000000
422.39,2.964,10000000
422.4,3.051,10000000
422.41,3.007,10000000
422.42,2.964,10000000
422.43,2.964,10000000
422.44,3.007,10000000
422.45,2.964,10000000
422.46,2.964,10000000
422.47,2.964,10000000
422.48,3.051,10000000
422.49,2.964,10000000
422.5,3.095,10000000
422.51,3.051,10000000
422.52,2.92,10000000
422.53,2.964,10000000
422.54,3.139,10000000
422.55,2.964,10000000
422.56,3.095,10000000
422.57,2.92,10000000
422.58,2.964,10000000
422.59,3.139,10000000
422.6,3.007,10000000
422.61,3.007,10000000
422.62,2.964,10000000
422.63,3.007,10000000
422.64,2.92,10000000
422.65,2.964,10000000
422.66,3.007,10000000
422.67,3.051,10000000
422.68,2.92,10000000
422.69,3.095,10000000
422.7,3.139,10000000
422.71,3.095,10000000
422.72,3.051,10000000
422.73,3.139,10000000
422.74,3.051,10000000
422.75,3.139,10000000
422.76,3.007,10000000
422.77,3.139,10000000
422.78,3.227,10000000
422.79,3.139,10000000
422.8,2.92,10000000
422.81,3.007,10000000
422.82,3.051,10000000
422.83,3.051,10000000
422.84,3.007,10000000
422.85,3.095,10000000
422.86,3.051,10000000
422.87,2.964,10000000
422.88,3.007,10000000
422.89,3.007,10000000
422.9,2.92,10000000
422.91,2.92,10000000
422.92,3.051,10000000
422.93,3.139,10000000
422.94,3.139,10000000
422.95,3.095,10000000
422.96,3.139,10000000
422.97,3.227,10000000
422.98,3.139,10000000
422.99,3.139,10000000
423,3.095,10000000
423.01,3.139,10000000
423.02,3.095,10000000
423.03,3.183,10000000
423.04,3.007,10000000
423.05,2.964,10000000
423.06,3.051,10000000
423.07,3.007,10000000
423.08,2.92,10000000
423.09,3.051,10000000
423.1,2.832,10000000
423.11,2.92,10000000
423.12,3.139,10000000
423.13,3.007,10000000
423.14,3.139,10000000
423.15,3.183,10000000
423.16,3.007,10000000
423.17,3.051,10000000
423.18,3.051,10000000
423.19,3.139,10000000
423.2,3.051,10000000
423.21,3.139,10000000
423.22,2.964,10000000
423.23,3.007,10000000
423.24,2.964,10000000
423.25,2.92,10000000
423.26,2.964,10000000
423.27,2.832,10000000
423.28,3.007,10000000
423.29,3.007,10000000
423.3,3.095,10000000
423.31,3.139,10000000
423.32,3.007,10000000
423.33,2.92,10000000
423.34,3.139,10000000
423.35,3.051,10000000
423.36,3.095,10000000
423.37,3.007,10000000
423.38,3.007,10000000
423.39,3.051,10000000
423.4,2.92,10000000
423.41,3.095,10000000
423.42,2.964,10000000
423.43,2.788,10000000
423.44,3.051,10000000
423.45,3.051,10000000
423.46,2.92,10000000
423.47,3.051,10000000
423.48,2.92,10000000
423.49,3.007,10000000
423.5,3.007,10000000
423.51,2.92,10000000
423.52,3.095,10000000
423.53,3.051,10000000
423.54,3.095,10000000
423.55,3.095,10000000
423.56,2.92,10000000
423.57,2.964,10000000
423.58,3.007,10000000
423.59,3.051,10000000
423.6,3.051,10000000
423.61,3.095,10000000
423.62,2.832,10000000
423.63,3.095,10000000
423.64,3.095,10000000
423.65,3.007,10000000
423.66,3.007,10000000
423.67,2.964,10000000
423.68,3.007,10000000
423.69,3.095,10000000
423.7,3.095,10000000
423.71,3.139,10000000
423.72,3.139,10000000
423.73,3.095,10000000
423.74,3.095,10000000
423.75,3.007,10000000
423.76,3.139,10000000
423.77,3.095,10000000
423.78,2.964,10000000
423.79,3.007,10000000
423.8,3.095,10000000
423.81,2.964,10000000
423.82,3.227,10000000
423.83,3.139,10000000
423.84,3.139,10000000
423.85,3.051,10000000
423.86,3.139,10000000
423.87,3.139,10000000
423.88,2.832,10000000
423.89,3.095,10000000
423.9,3.139,10000000
423.91,3.095,10000000
423.92,3.095,10000000
423.93,3.139,10000000
423.94,3.051,10000000
423.95,3.095,10000000
423.96,3.139,10000000
423.97,2.964,10000000
423.98,3.007,10000000
423.99,3.051,10000000
424,2.92,10000000
424.01,3.095,10000000
424.02,2.832,10000000
424.03,3.095,10000000
424.04,3.051,10000000
424.05,3.051,10000000
424.06,3.139,10000000
424.07,3.095,10000000
424.08,3.139,10000000
424.09,3.095,10000000
424.1,3.139,10000000
424.11,3.095,10000000
424.12,3.139,10000000
424.13,3.007,10000000
424.14,3.051,10000000
424.15,3.051,10000000
424.16,3.007,10000000
424.17,2.92,10000000
424.18,3.007,10000000
424.19,3.139,10000000
424.2,3.051,10000000
424.21,2.964,10000000
424.22,2.92,10000000
424.23,3.095,10000000
424.24,3.183,10000000
424.25,3.183,10000000
424.26,3.095,10000000
424.27,3.051,10000000
424.28,3.007,10000000
424.29,3.007,10000000
424.3,3.139,10000000
424.31,3.051,10000000
424.32,3.139,10000000
424.33,3.095,10000000
424.34,2.964,10000000
424.35,3.095,10000000
424.36,3.095,10000000
424.37,3.095,10000000
424.38,2.92,10000000
424.39,2.92,10000000
424.4,3.007,10000000
424.41,3.007,10000000
424.42,2.876,10000000
424.43,2.964,10000000
424.44,2.832,10000000
424.45,2.964,10000000
424.46,2.964,10000000
424.47,3.007,10000000
424.48,3.051,10000000
424.49,3.051,10000000
424.5,3.007,10000000
424.51,3.095,10000000
424.52,3.183,10000000
424.53,3.051,10000000
424.54,2.964,10000000
424.55,3.051,10000000
424.56,2.92,10000000
424.57,2.964,10000000
424.58,2.964,10000000
424.59,2.964,10000000
424.6,3.051,10000000
424.61,3.095,10000000
424.62,3.051,10000000
424.63,3.139,10000000
424.64,3.007,10000000
424.65,3.051,10000000
424.66,3.051,10000000
424.67,3.007,10000000
424.68,3.051,10000000
424.69,3.007,10000000
424.7,2.964,10000000
424.71,3.051,10000000
424.72,3.007,10000000
424.73,2.92,10000000
424.74,2.92,10000000
424.75,3.051,10000000
424.76,3.007,10000000
424.77,3.095,10000000
424.78,3.227,10000000
424.79,2.964,10000000
424.8,3.139,10000000
424.81,2.964,10000000
424.82,3.095,10000000
424.83,3.139,10000000
424.84,2.92,10000000
424.85,2.964,10000000
424.86,3.139,10000000
424.87,3.007,10000000
424.88,3.095,10000000
424.89,3.095,10000000
424.9,3.139,10000000
424.91,3.139,10000000
424.92,3.095,10000000
424.93,3.095,10000000
424.94,3.051,10000000
424.95,3.095,10000000
424.96,3.227,10000000
424.97,3.007,10000000
424.98,3.139,10000000
424.99,3.139,10000000
425,3.095,10000000
425.01,2.876,10000000
425.02,2.92,10000000
425.03,2.92,10000000
425.04,3.007,10000000
425.05,3.051,10000000
425.06,2.92,10000000
425.07,2.92,10000000
425.08,3.007,10000000
425.09,3.095,10000000
425.1,3.051,10000000
425.11,3.139,10000000
425.12,3.007,10000000
425.13,3.095,10000000
425.14,2.964,10000000
425.15,3.183,10000000
425.16,2.92,10000000
425.17,3.095,10000000
425.18,3.007,10000000
425.19,2.964,10000000
425.2,3.051,10000000
425.21,2.92,10000000
425.22,2.964,10000000
425.23,3.007,10000000
425.24,3.051,10000000
425.25,3.007,10000000
425.26,3.051,10000000
425.27,2.964,10000000
425.28,3.051,10000000
425.29,3.139,10000000
425.3,3.095,10000000
425.31,3.183,10000000
425.32,3.095,10000000
425.33,3.139,10000000
425.34,3.139,10000000
425.35,3.007,10000000
425.36,3.051,10000000
425.37,3.051,10000000
425.38,3.007,10000000
425.39,2.964,10000000
425.4,3.227,10000000
425.41,3.139,10000000
425.42,3.139,10000000
425.43,3.139,10000000
425.44,2.92,10000000
425.45,3.007,10000000
425.46,3.095,10000000
425.47,3.007,10000000
425.48,2.92,10000000
425.49,2.876,10000000
425.5,3.095,10000000
425.51,2.964,10000000
425.52,3.007,10000000
425.53,3.007,10000000
425.54,3.007,10000000
425.55,3.139,10000000
425.56,3.139,10000000
425.57,3.095,10000000
425.58,3.051,10000000
425.59,3.139,10000000
425.6,3.007,10000000
425.61,3.095,10000000
425.62,2.92,10000000
425.63,3.007,10000000
425.64,3.051,10000000
425.65,3.007,10000000
425.66,3.007,10000000
425.67,2.964,10000000
425.68,2.832,10000000
425.69,3.051,10000000
425.7,3.007,10000000
425.71,3.051,10000000
425.72,3.139,10000000
425.73,2.92,10000000
425.74,3.051,10000000
425.75,3.051,10000000
425.76,2.92,10000000
425.77,2.964,10000000
425.78,3.007,10000000
425.79,2.92,10000000
425.8,3.139,10000000
425.81,3.095,10000000
425.82,3.227,10000000
425.83,3.139,10000000
425.84,3.227,10000000
425.85,3.095,10000000
425.86,3.051,10000000
425.87,3.007,10000000
425.88,3.007,10000000
425.89,3.007,10000000
425.9,3.051,10000000
425.91,3.007,10000000
425.92,3.007,10000000
425.93,3.007,10000000
425.94,3.095,10000000
425.95,3.095,10000000
425.96,3.095,10000000
425.97,3.095,10000000
425.98,3.095,10000000
425.99,3.007,10000000
426,2.92,10000000
426.01,3.007,10000000
426.02,2.92,10000000
426.03,3.007,10000000
426.04,3.007,10000000
426.05,3.007,10000000
426.06,2.92,10000000
426.07,2.876,10000000
426.08,2.92,10000000
426.09,2.964,10000000
426.1,3.007,10000000
426.11,2.92,10000000
426.12,3.007,10000000
426.13,3.227,10000000
426.14,3.051,10000000
426.15,3.227,10000000
426.16,2.92,10000000
426.17,3.007,10000000
426.18,3.051,10000000
426.19,3.007,10000000
426.2,2.964,10000000
426.21,2.744,10000000
426.22,2.92,10000000
426.23,2.964,10000000
426.24,3.095,10000000
426.25,3.051,10000000
426.26,3.007,10000000
426.27,3.139,10000000
426.28,3.139,10000000
426.29,3.139,10000000
426.3,3.007,10000000
426.31,3.227,10000000
426.32,3.051,10000000
426.33,3.139,10000000
426.34,3.007,10000000
426.35,3.139,10000000
426.36,3.095,10000000
426.37,3.007,10000000
426.38,2.92,10000000
426.39,2.964,10000000
426.4,3.139,10000000
426.41,3.139,10000000
426.42,3.051,10000000
426.43,3.051,10000000
426.44,3.095,10000000
426.45,3.051,10000000
426.46,2.964,10000000
426.47,3.007,10000000
426.48,3.139,10000000
426.49,3.139,10000000
426.5,3.139,10000000
426.51,3.007,10000000
426.52,2.92,10000000
426.53,2.964,10000000
426.54,3.051,10000000
426.55,2.744,10000000
426.56,2.964,10000000
426.57,2.876,10000000
426.58,3.007,10000000
426.59,3.051,10000000
426.6,3.007,10000000
426.61,3.139,10000000
426.62,3.051,10000000
426.63,2.964,10000000
426.64,2.964,10000000
426.65,3.095,10000000
426.66,3.007,10000000
426.67,3.007,10000000
426.68,3.007,10000000
426.69,2.964,10000000
426.7,3.095,10000000
426.71,3.183,10000000
426.72,2.92,10000000
426.73,3.139,10000000
426.74,3.051,10000000
426.75,3.007,10000000
426.76,2.964,10000000
426.77,2.92,10000000
426.78,3.007,10000000
426.79,2.964,10000000
426.8,3.051,10000000
426.81,3.007,10000000
426.82,3.051,10000000
426.83,2.92,10000000
426.84,3.139,10000000
426.85,3.051,10000000
426.86,3.183,10000000
426.87,3.051,10000000
426.88,3.095,10000000
426.89,3.007,10000000
426.9,3.051,10000000
426.91,3.051,10000000
426.92,3.007,10000000
426.93,3.007,10000000
426.94,3.007,10000000
426.95,3.095,10000000
426.96,3.271,10000000
426.97,3.183,10000000
426.98,2.92,10000000
426.99,3.051,10000000
427,3.139,10000000
427.01,3.051,10000000
427.02,3.095,10000000
427.03,3.051,10000000
427.04,3.007,10000000
427.05,3.139,10000000
427.06,3.271,10000000
427.07,3.095,10000000
427.08,3.051,10000000
427.09,3.007,10000000
427.1,2.964,10000000
427.11,3.139,10000000
427.12,2.832,10000000
427.13,3.095,10000000
427.14,2.92,10000000
427.15,3.095,10000000
427.16,3.315,10000000
427.17,3.007,10000000
427.18,3.139,10000000
427.19,3.007,10000000
427.2,3.007,10000000
427.21,2.92,10000000
427.22,3.051,10000000
427.23,3.051,10000000
427.24,3.051,10000000
427.25,3.007,10000000
427.26,2.832,10000000
427.27,2.92,10000000
427.28,2.92,10000000
427.29,3.095,10000000
427.3,3.007,10000000
427.31,3.139,10000000
427.32,3.007,10000000
427.33,3.095,10000000
427.34,2.92,10000000
427.35,2.92,10000000
427.36,3.007,10000000
427.37,3.051,10000000
427.38,3.007,10000000
427.39,2.964,10000000
427.4,3.139,10000000
427.41,2.92,10000000
427.42,2.92,10000000
427.43,3.183,10000000
427.44,3.051,10000000
427.45,3.095,10000000
427.46,3.051,10000000
427.47,2.832,10000000
427.48,2.92,10000000
427.49,2.92,10000000
427.5,2.876,10000000
427.51,2.964,10000000
427.52,2.964,10000000
427.53,2.92,10000000
427.54,3.051,10000000
427.55,3.139,10000000
427.56,3.095,10000000
427.57,3.139,10000000
427.58,3.139,10000000
427.59,3.139,10000000
427.6,3.007,10000000
427.61,3.007,10000000
427.62,3.051,10000000
427.63,3.007,10000000
427.64,3.051,10000000
427.65,2.92,10000000
427.66,3.139,10000000
427.67,3.051,10000000
427.68,3.227,10000000
427.69,3.095,10000000
427.7,3.007,10000000
427.71,3.183,10000000
427.72,3.183,10000000
427.73,3.095,10000000
427.74,3.095,10000000
427.75,3.007,10000000
427.76,3.051,10000000
427.77,3.007,10000000
427.78,3.007,10000000
427.79,2.92,10000000
427.8,3.051,10000000
427.81,3.007,10000000
427.82,3.139,10000000
427.83,3.095,10000000
427.84,3.051,10000000
427.85,3.051,10000000
427.86,3.007,10000000
427.87,3.007,10000000
427.88,2.964,10000000
427.89,3.139,10000000
427.9,3.007,10000000
427.91,3.051,10000000
427.92,3.139,10000000
427.93,3.051,10000000
427.94,3.095,10000000
427.95,3.139,10000000
427.96,3.007,10000000
427.97,3.095,10000000
427.98,3.007,10000000
427.99,3.095,10000000
428,3.183,10000000
428.01,3.051,10000000
428.02,3.095,10000000
428.03,2.964,10000000
428.04,3.007,10000000
428.05,3.095,10000000
428.06,2.92,10000000
428.07,3.139,10000000
428.08,3.007,10000000
428.09,3.227,10000000
428.1,3.139,10000000
428.11,3.007,10000000
428.12,2.964,10000000
428.13,2.964,10000000
428.14,3.183,10000000
428.15,3.183,10000000
428.16,3.315,10000000
428.17,3.227,10000000
428.18,3.095,10000000
428.19,3.315,10000000
428.2,3.095,10000000
428.21,3.095,10000000
428.22,3.095,10000000
428.23,2.92,10000000
428.24,3.139,10000000
428.25,2.964,10000000
428.26,3.051,10000000
428.27,2.964,10000000
428.28,3.007,10000000
428.29,2.964,10000000
428.3,3.007,10000000
428.31,2.964,10000000
428.32,3.007,10000000
428.33,3.051,10000000
428.34,2.964,10000000
428.35,3.139,10000000
428.36,3.007,10000000
428.37,2.92,10000000
428.38,3.139,10000000
428.39,2.964,10000000
428.4,3.095,10000000
428.41,3.095,10000000
428.42,3.007,10000000
428.43,3.139,10000000
428.44,3.095,10000000
428.45,3.051,10000000
428.46,3.007,10000000
428.47,3.051,10000000
428.48,3.183,10000000
428.49,3.095,10000000
428.5,3.139,10000000
428.51,3.183,10000000
428.52,2.92,10000000
428.53,3.095,10000000
428.54,2.964,10000000
428.55,3.095,10000000
428.56,3.007,10000000
428.57,3.139,10000000
428.58,2.964,10000000
428.59,3.095,10000000
428.6,3.139,10000000
428.61,3.007,10000000
428.62,2.832,10000000
428.63,3.051,10000000
428.64,3.007,10000000
428.65,2.92,10000000
428.66,3.051,10000000
428.67,2.832,10000000
428.68,3.095,10000000
428.69,3.007,10000000
428.7,3.051,10000000
428.71,3.007,10000000
428.72,3.139,10000000
428.73,2.92,10000000
428.74,2.964,10000000
428.75,2.876,10000000
428.76,2.964,10000000
428.77,3.007,10000000
428.78,3.095,10000000
428.79,3.007,10000000
428.8,3.007,10000000
428.81,2.964,10000000
428.82,3.007,10000000
428.83,2.964,10000000
428.84,3.007,10000000
428.85,3.051,10000000
428.86,3.007,10000000
428.87,3.051,10000000
428.88,2.964,10000000
428.89,3.139,10000000
428.9,3.007,10000000
428.91,3.095,10000000
428.92,3.051,10000000
428.93,3.183,10000000
428.94,3.139,10000000
428.95,2.964,10000000
428.96,3.095,10000000
428.97,2.92,10000000
428.98,3.007,10000000
428.99,3.051,10000000
429,2.92,10000000
429.01,2.92,10000000
429.02,3.183,10000000
429.03,2.964,10000000
429.04,3.051,10000000
429.05,3.095,10000000
429.06,3.095,10000000
429.07,3.007,10000000
429.08,3.183,10000000
429.09,3.183,10000000
429.1,3.051,10000000
429.11,3.007,10000000
429.12,3.095,10000000
429.13,3.007,10000000
429.14,3.051,10000000
429.15,2.964,10000000
429.16,3.095,10000000
429.17,3.095,10000000
429.18,2.92,10000000
429.19,3.095,10000000
429.2,2.964,10000000
429.21,3.051,10000000
429.22,3.139,10000000
429.23,3.007,10000000
429.24,2.964,10000000
429.25,3.007,10000000
429.26,3.007,10000000
429.27,2.964,10000000
429.28,3.183,10000000
429.29,3.051,10000000
429.3,2.964,10000000
429.31,3.183,10000000
429.32,3.139,10000000
429.33,3.139,10000000
429.34,3.315,10000000
429.35,3.183,10000000
429.36,3.095,10000000
429.37,2.92,10000000
429.38,3.095,10000000
429.39,3.007,10000000
429.4,3.007,10000000
429.41,2.964,10000000
429.42,2.92,10000000
429.43,2.92,10000000
429.44,2.92,10000000
429.45,3.007,10000000
429.46,2.964,10000000
429.47,3.007,10000000
429.48,3.007,10000000
429.49,3.007,10000000
429.5,3.139,10000000
429.51,3.007,10000000
429.52,3.095,10000000
429.53,3.051,10000000
429.54,3.139,10000000
429.55,2.876,10000000
429.56,3.051,10000000
429.57,3.007,10000000
429.58,3.051,10000000
429.59,3.007,10000000
429.6,2.876,10000000
429.61,3.007,10000000
429.62,2.92,10000000
429.63,2.964,10000000
429.64,2.92,10000000
429.65,3.183,10000000
429.66,2.964,10000000
429.67,3.051,10000000
429.68,2.876,10000000
429.69,2.964,10000000
429.7,3.139,10000000
429.71,3.139,10000000
429.72,3.007,10000000
429.73,3.007,10000000
429.74,3.095,10000000
429.75,3.139,10000000
429.76,3.007,10000000
429.77,3.095,10000000
429.78,2.92,10000000
429.79,3.007,10000000
429.8,2.92,10000000
429.81,3.095,10000000
429.82,3.051,10000000
429.83,3.095,10000000
429.84,3.007,10000000
429.85,2.964,10000000
429.86,2.832,10000000
429.87,2.964,10000000
429.88,3.051,10000000
429.89,2.92,10000000
429.9,3.007,10000000
429.91,3.095,10000000
429.92,3.051,10000000
429.93,3.051,10000000
429.94,3.095,10000000
429.95,3.139,10000000
429.96,3.139,10000000
429.97,3.183,10000000
429.98,3.095,10000000
429.99,3.095,10000000
430,3.139,10000000
430.01,3.007,10000000
430.02,3.183,10000000
430.03,3.007,10000000
430.04,3.227,10000000
430.05,3.007,10000000
430.06,3.051,10000000
430.07,3.183,10000000
430.08,3.007,10000000
430.09,2.92,10000000
430.1,3.139,10000000
430.11,2.92,10000000
430.12,3.007,10000000
430.13,3.007,10000000
430.14,3.095,10000000
430.15,3.051,10000000
430.16,3.139,10000000
430.17,3.051,10000000
430.18,3.007,10000000
430.19,2.876,10000000
430.2,2.964,10000000
430.21,3.051,10000000
430.22,2.92,10000000
430.23,2.876,10000000
430.24,3.051,10000000
430.25,2.92,10000000
430.26,3.051,10000000
430.27,2.964,10000000
430.28,3.051,10000000
430.29,3.051,10000000
430.3,3.095,10000000
430.31,3.051,10000000
430.32,3.007,10000000
430.33,3.139,10000000
430.34,3.095,10000000
430.35,3.051,10000000
430.36,2.92,10000000
430.37,2.92,10000000
430.38,2.92,10000000
430.39,3.139,10000000
430.4,2.964,10000000
430.41,2.92,10000000
430.42,3.051,10000000
430.43,3.007,10000000
430.44,3.007,10000000
430.45,3.051,10000000
430.46,3.095,10000000
430.47,3.183,10000000
430.48,2.964,10000000
430.49,2.876,10000000
430.5,2.964,10000000
430.51,3.095,10000000
430.52,3.051,10000000
430.53,3.095,10000000
430.54,3.051,10000000
430.55,2.876,10000000
430.56,2.832,10000000
430.57,2.964,10000000
430.58,3.139,10000000
430.59,3.051,10000000
430.6,3.007,10000000
430.61,3.139,10000000
430.62,3.095,10000000
430.63,3.139,10000000
430.64,3.007,10000000
430.65,3.139,10000000
430.66,3.051,10000000
430.67,3.095,10000000
430.68,3.139,10000000
430.69,3.095,10000000
430.7,3.095,10000000
430.71,3.051,10000000
430.72,2.964,10000000
430.73,3.007,10000000
430.74,3.095,10000000
430.75,2.964,10000000
430.76,2.92,10000000
430.77,2.964,10000000
430.78,3.007,10000000
430.79,2.92,10000000
430.8,3.007,10000000
430.81,3.139,10000000
430.82,3.051,10000000
430.83,3.007,10000000
430.84,3.007,10000000
430.85,3.007,10000000
430.86,2.92,10000000
430.87,3.007,10000000
430.88,2.92,10000000
430.89,3.139,10000000
430.9,3.007,10000000
430.91,3.007,10000000
430.92,2.964,10000000
430.93,3.007,10000000
430.94,3.095,10000000
430.95,3.095,10000000
430.96,3.095,10000000
430.97,2.92,10000000
430.98,3.051,10000000
430.99,3.051,10000000
431,3.051,10000000
431.01,3.095,10000000
431.02,2.92,10000000
431.03,3.007,10000000
431.04,2.964,10000000
431.05,2.964,10000000
431.06,3.007,10000000
431.07,2.92,10000000
431.08,3.139,10000000
431.09,3.051,10000000
431.1,2.92,10000000
431.11,2.92,10000000
431.12,2.92,10000000
431.13,2.92,10000000
431.14,3.007,10000000
431.15,3.051,10000000
431.16,3.007,10000000
431.17,3.139,10000000
431.18,2.876,10000000
431.19,3.007,10000000
431.2,3.007,10000000
431.21,3.095,10000000
431.22,2.92,10000000
431.23,3.007,10000000
431.24,2.876,10000000
431.25,2.92,10000000
431.26,3.139,10000000
431.27,2.92,10000000
431.28,3.007,10000000
431.29,3.139,10000000
431.3,3.051,10000000
431.31,3.139,10000000
431.32,3.183,10000000
431.33,3.139,10000000
431.34,3.095,10000000
431.35,3.007,10000000
431.36,2.92,10000000
431.37,3.139,10000000
431.38,3.227,10000000
431.39,3.139,10000000
431.4,2.964,10000000
431.41,3.051,10000000
431.42,3.139,10000000
431.43,2.92,10000000
431.44,3.139,10000000
431.45,3.139,10000000
431.46,3.051,10000000
431.47,3.139,10000000
431.48,3.051,10000000
431.49,3.051,10000000
431.5,2.964,10000000
431.51,3.051,10000000
431.52,2.876,10000000
431.53,3.051,10000000
431.54,2.92,10000000
431.55,3.051,10000000
431.56,2.92,10000000
431.57,3.051,10000000
431.58,2.964,10000000
431.59,2.964,10000000
431.6,3.051,10000000
431.61,2.964,10000000
431.62,2.964,10000000
431.63,3.007,10000000
431.64,2.92,10000000
431.65,3.095,10000000
431.66,3.007,10000000
431.67,3.007,10000000
431.68,3.007,10000000
431.69,3.095,10000000
431.7,2.964,10000000
431.71,3.007,10000000
431.72,3.051,10000000
431.73,3.139,10000000
431.74,3.051,10000000
431.75,3.051,10000000
431.76,3.051,10000000
431.77,2.92,10000000
431.78,3.095,10000000
431.79,2.92,10000000
431.8,3.051,10000000
431.81,3.051,10000000
431.82,2.92,10000000
431.83,3.007,10000000
431.84,2.964,10000000
431.85,3.007,10000000
431.86,3.139,10000000
431.87,3.139,10000000
431.88,2.92,10000000
431.89,3.183,10000000
431.9,3.183,10000000
431.91,3.227,10000000
431.92,3.007,10000000
431.93,3.007,10000000
431.94,3.139,10000000
431.95,3.139,10000000
431.96,3.051,10000000
431.97,3.007,10000000
431.98,3.007,10000000
431.99,3.007,10000000
432,2.832,10000000
432.01,3.095,10000000
432.02,2.964,10000000
432.03,3.139,10000000
432.04,2.92,10000000
432.05,3.051,10000000
432.06,2.876,10000000
432.07,2.92,10000000
432.08,3.051,10000000
432.09,2.92,10000000
432.1,3.051,10000000
432.11,3.051,10000000
432.12,3.051,10000000
432.13,3.051,10000000
432.14,3.139,10000000
432.15,2.92,10000000
432.16,3.007,10000000
432.17,3.007,10000000
432.18,3.095,10000000
432.19,3.051,10000000
432.2,3.183,10000000
432.21,3.139,10000000
432.22,3.051,10000000
432.23,3.095,10000000
432.24,3.183,10000000
432.25,3.183,10000000
432.26,3.051,10000000
432.27,3.139,10000000
432.28,3.183,10000000
432.29,3.051,10000000
432.3,3.139,10000000
432.31,3.051,10000000
432.32,2.964,10000000
432.33,3.095,10000000
432.34,2.876,10000000
432.35,3.051,10000000
432.36,3.051,10000000
432.37,3.051,10000000
432.38,3.139,10000000
432.39,3.051,10000000
432.4,3.007,10000000
432.41,3.051,10000000
432.42,3.007,10000000
432.43,2.92,10000000
432.44,3.051,10000000
432.45,3.007,10000000
432.46,3.139,10000000
432.47,2.876,10000000
432.48,3.051,10000000
432.49,3.051,10000000
432.5,3.139,10000000
432.51,2.964,10000000
432.52,2.964,10000000
432.53,3.007,10000000
432.54,3.007,10000000
432.55,2.964,10000000
432.56,2.876,10000000
432.57,3.007,10000000
432.58,2.92,10000000
432.59,2.92,10000000
432.6,2.92,10000000
432.61,3.051,10000000
432.62,3.139,10000000
432.63,2.92,10000000
432.64,3.227,10000000
432.65,3.051,10000000
432.66,3.007,10000000
432.67,2.832,10000000
432.68,3.051,10000000
432.69,2.964,10000000
432.7,3.007,10000000
432.71,2.92,10000000
432.72,3.007,10000000
432.73,3.007,10000000
432.74,3.051,10000000
432.75,3.051,10000000
432.76,2.92,10000000
432.77,2.964,10000000
432.78,3.007,10000000
432.79,3.227,10000000
432.8,3.007,10000000
432.81,3.095,10000000
432.82,3.271,10000000
432.83,3.051,10000000
432.84,3.095,10000000
432.85,3.051,10000000
432.86,3.007,10000000
432.87,3.095,10000000
432.88,2.964,10000000
432.89,3.139,10000000
432.9,3.095,10000000
432.91,2.92,10000000
432.92,3.139,10000000
432.93,3.051,10000000
432.94,2.876,10000000
432.95,3.007,10000000
432.96,3.007,10000000
432.97,2.832,10000000
432.98,2.964,10000000
432.99,3.007,10000000
433,3.007,10000000
433.01,2.964,10000000
433.02,3.183,10000000
433.03,3.007,10000000
433.04,3.139,10000000
433.05,2.92,10000000
433.06,3.051,10000000
433.07,3.051,10000000
433.08,2.92,10000000
433.09,3.051,10000000
433.1,2.964,10000000
433.11,3.051,10000000
433.12,3.095,10000000
433.13,3.139,10000000
433.14,3.051,10000000
433.15,3.139,10000000
433.16,3.139,10000000
433.17,3.139,10000000
433.18,3.007,10000000
433.19,3.139,10000000
433.2,3.007,10000000
433.21,3.139,10000000
433.22,2.964,10000000
433.23,2.964,10000000
433.24,3.139,10000000
433.25,3.095,10000000
433.26,2.964,10000000
433.27,3.139,10000000
433.28,3.051,10000000
433.29,3.095,10000000
433.3,3.095,10000000
433.31,3.095,10000000
433.32,3.095,10000000
433.33,3.095,10000000
433.34,3.007,10000000
433.35,3.139,10000000
433.36,3.227,10000000
433.37,2.964,10000000
433.38,3.051,10000000
433.39,2.964,10000000
433.4,3.139,10000000
433.41,3.051,10000000
433.42,3.007,10000000
433.43,3.007,10000000
433.44,2.92,10000000
433.45,2.92,10000000
433.46,3.007,10000000
433.47,3.007,10000000
433.48,3.139,10000000
433.49,2.92,10000000
433.5,3.139,10000000
433.51,2.964,10000000
433.52,2.964,10000000
433.53,3.051,10000000
433.54,3.051,10000000
433.55,2.92,10000000
433.56,3.051,10000000
433.57,3.139,10000000
433.58,3.007,10000000
433.59,3.007,10000000
433.6,3.007,10000000
433.61,3.051,10000000
433.62,2.92,10000000
433.63,2.964,10000000
433.64,3.007,10000000
433.65,3.095,10000000
433.66,3.139,10000000
433.67,3.183,10000000
433.68,3.183,10000000
433.69,3.095,10000000
433.7,3.139,10000000
433.71,3.051,10000000
433.72,3.183,10000000
433.73,3.183,10000000
433.74,3.007,10000000
433.75,3.007,10000000
433.76,2.92,10000000
433.77,2.964,10000000
433.78,2.964,10000000
433.79,2.964,10000000
433.8,2.964,10000000
433.81,2.876,10000000
433.82,2.964,10000000
433.83,3.227,10000000
433.84,2.964,10000000
433.85,2.92,10000000
433.86,3.051,10000000
433.87,2.832,10000000
433.88,3.007,10000000
433.89,3.095,10000000
433.9,2.964,10000000
433.91,3.183,10000000
433.92,3.139,10000000
433.93,2.876,10000000
433.94,3.007,10000000
433.95,2.92,10000000
433.96,2.92,10000000
433.97,3.007,10000000
433.98,2.92,10000000
433.99,3.139,10000000
434,3.183,10000000
434.01,3.139,10000000
434.02,3.051,10000000
434.03,2.964,10000000
434.04,3.007,10000000
434.05,3.095,10000000
434.06,3.139,10000000
434.07,3.139,10000000
434.08,2.92,10000000
434.09,2.92,10000000
434.1,3.095,10000000
434.11,3.095,10000000
434.12,3.095,10000000
434.13,3.139,10000000
434.14,3.139,10000000
434.15,3.139,10000000
434.16,3.227,10000000
434.17,3.139,10000000
434.18,3.139,10000000
434.19,3.139,10000000
434.2,3.095,10000000
434.21,3.095,10000000
434.22,3.227,10000000
434.23,2.832,10000000
434.24,2.876,10000000
434.25,2.964,10000000
434.26,3.007,10000000
434.27,2.964,10000000
434.28,3.139,10000000
434.29,3.183,10000000
434.3,3.051,10000000
434.31,3.007,10000000
434.32,3.139,10000000
434.33,3.051,10000000
434.34,3.007,10000000
434.35,3.095,10000000
434.36,3.051,10000000
434.37,3.007,10000000
434.38,3.051,10000000
434.39,3.139,10000000
434.4,2.964,10000000
434.41,2.964,10000000
434.42,3.139,10000000
434.43,3.007,10000000
434.44,3.095,10000000
434.45,2.92,10000000
434.46,3.095,10000000
434.47,3.007,10000000
434.48,3.051,10000000
434.49,3.007,10000000
434.5,3.183,10000000
434.51,3.183,10000000
434.52,3.227,10000000
434.53,3.183,10000000
434.54,3.095,10000000
434.55,3.271,10000000
434.56,3.183,10000000
434.57,3.183,10000000
434.58,3.095,10000000
434.59,3.051,10000000
434.6,2.964,10000000
434.61,3.007,10000000
434.62,3.139,10000000
434.63,2.92,10000000
434.64,3.007,10000000
434.65,2.92,10000000
434.66,2.92,10000000
434.67,2.876,10000000
434.68,3.051,10000000
434.69,3.139,10000000
434.7,3.139,10000000
434.71,3.095,10000000
434.72,3.007,10000000
434.73,3.139,10000000
434.74,3.183,10000000
434.75,3.007,10000000
434.76,2.92,10000000
434.77,3.051,10000000
434.78,3.095,10000000
434.79,3.051,10000000
434.8,3.051,10000000
434.81,2.876,10000000
434.82,2.832,10000000
434.83,3.007,10000000
434.84,2.92,10000000
434.85,3.007,10000000
434.86,3.095,10000000
434.87,3.007,10000000
434.88,3.095,10000000
434.89,2.832,10000000
434.9,3.139,10000000
434.91,3.139,10000000
434.92,3.095,10000000
434.93,3.139,10000000
434.94,3.095,10000000
434.95,3.007,10000000
434.96,3.051,10000000
434.97,2.92,10000000
434.98,3.051,10000000
434.99,3.139,10000000
435,3.007,10000000
435.01,3.007,10000000
435.02,3.007,10000000
435.03,3.051,10000000
435.04,2.964,10000000
435.05,3.051,10000000
435.06,3.139,10000000
435.07,3.051,10000000
435.08,3.095,10000000
435.09,3.095,10000000
435.1,3.051,10000000
435.11,3.095,10000000
435.12,2.92,10000000
435.13,3.139,10000000
435.14,3.095,10000000
435.15,3.051,10000000
435.16,3.227,10000000
435.17,3.007,10000000
435.18,3.051,10000000
435.19,3.095,10000000
435.2,2.92,10000000
435.21,2.92,10000000
435.22,2.964,10000000
435.23,2.964,10000000
435.24,2.964,10000000
435.25,3.007,10000000
435.26,2.92,10000000
435.27,3.007,10000000
435.28,3.051,10000000
435.29,3.139,10000000
435.3,3.007,10000000
435.31,3.095,10000000
435.32,2.832,10000000
435.33,2.964,10000000
435.34,3.051,10000000
435.35,3.007,10000000
435.36,3.007,10000000
435.37,3.007,10000000
435.38,3.139,10000000
435.39,2.964,10000000
435.4,3.139,10000000
435.41,2.964,10000000
435.42,3.095,10000000
435.43,2.92,10000000
435.44,3.051,10000000
435.45,3.007,10000000
435.46,2.964,10000000
435.47,2.964,10000000
435.48,2.964,10000000
435.49,3.139,10000000
435.5,3.051,10000000
435.51,3.007,10000000
435.52,2.92,10000000
435.53,2.876,10000000
435.54,2.92,10000000
435.55,2.964,10000000
435.56,2.92,10000000
435.57,3.007,10000000
435.58,2.92,10000000
435.59,2.876,10000000
435.6,3.139,10000000
435.61,3.007,10000000
435.62,3.095,10000000
435.63,3.095,10000000
435.64,3.095,10000000
435.65,3.095,10000000
435.66,3.183,10000000
435.67,3.183,10000000
435.68,3.095,10000000
435.69,3.007,10000000
435.7,2.832,10000000
435.71,3.095,10000000
435.72,3.007,10000000
435.73,3.183,10000000
435.74,3.095,10000000
435.75,3.139,10000000
435.76,3.007,10000000
435.77,3.183,10000000
435.78,3.095,10000000
435.79,3.051,10000000
435.8,2.876,10000000
435.81,3.007,10000000
435.82,2.964,10000000
435.83,2.744,10000000
435.84,3.095,10000000
435.85,2.964,10000000
435.86,3.051,10000000
435.87,3.007,10000000
435.88,3.139,10000000
435.89,2.964,10000000
435.9,2.92,10000000
435.91,3.007,10000000
435.92,3.095,10000000
435.93,3.051,10000000
435.94,3.051,10000000
435.95,3.007,10000000
435.96,3.051,10000000
435.97,3.139,10000000
435.98,3.095,10000000
435.99,2.92,10000000
436,3.051,10000000
436.01,2.92,10000000
436.02,2.92,10000000
436.03,2.92,10000000
436.04,3.051,10000000
436.05,3.051,10000000
436.06,2.832,10000000
436.07,2.92,10000000
436.08,3.007,10000000
436.09,3.095,10000000
436.1,2.832,10000000
436.11,3.051,10000000
436.12,3.095,10000000
436.13,2.92,10000000
436.14,3.095,10000000
436.15,2.92,10000000
436.16,3.051,10000000
436.17,2.92,10000000
436.18,3.007,10000000
436.19,3.007,10000000
436.2,3.051,10000000
436.21,3.051,10000000
436.22,3.139,10000000
436.23,3.139,10000000
436.24,3.007,10000000
436.25,3.095,10000000
436.26,3.139,10000000
436.27,3.007,10000000
436.28,3.051,10000000
436.29,3.183,10000000
436.3,3.139,10000000
436.31,3.051,10000000
436.32,3.051,10000000
436.33,3.051,10000000
436.34,2.876,10000000
436.35,3.095,10000000
436.36,3.139,10000000
436.37,3.007,10000000
436.38,3.095,10000000
436.39,3.139,10000000
436.4,3.139,10000000
436.41,3.051,10000000
436.42,2.964,10000000
436.43,2.964,10000000
436.44,3.139,10000000
436.45,3.227,10000000
436.46,3.227,10000000
436.47,2.964,10000000
436.48,3.095,10000000
436.49,2.92,10000000
436.5,3.051,10000000
436.51,2.964,10000000
436.52,3.051,10000000
436.53,3.095,10000000
436.54,3.007,10000000
436.55,3.007,10000000
436.56,3.007,10000000
436.57,2.92,10000000
436.58,2.964,10000000
436.59,2.964,10000000
436.6,2.964,10000000
436.61,2.744,10000000
436.62,2.964,10000000
436.63,2.964,10000000
436.64,2.964,10000000
436.65,3.095,10000000
436.66,3.051,10000000
436.67,2.92,10000000
436.68,3.139,10000000
436.69,3.007,10000000
436.7,2.964,10000000
436.71,2.964,10000000
436.72,3.051,10000000
436.73,2.964,10000000
436.74,3.051,10000000
436.75,2.876,10000000
436.76,2.92,10000000
436.77,2.964,10000000
436.78,2.876,10000000
436.79,3.095,10000000
436.8,3.095,10000000
436.81,3.051,10000000
436.82,2.964,10000000
436.83,3.051,10000000
436.84,3.007,10000000
436.85,3.051,10000000
436.86,3.007,10000000
436.87,3.139,10000000
436.88,2.964,10000000
436.89,3.183,10000000
436.9,3.051,10000000
436.91,2.92,10000000
436.92,2.832,10000000
436.93,2.964,10000000
436.94,3.051,10000000
436.95,3.095,10000000
436.96,3.007,10000000
436.97,2.964,10000000
436.98,3.007,10000000
436.99,3.139,10000000
437,3.139,10000000
437.01,3.095,10000000
437.02,3.183,10000000
437.03,3.095,10000000
437.04,3.007,10000000
437.05,2.964,10000000
437.06,3.095,10000000
437.07,3.095,10000000
437.08,3.051,10000000
437.09,3.051,10000000
437.1,3.051,10000000
437.11,3.183,10000000
437.12,3.095,10000000
437.13,3.139,10000000
437.14,3.051,10000000
437.15,2.964,10000000
437.16,2.964,10000000
437.17,2.92,10000000
437.18,3.051,10000000
437.19,3.139,10000000
437.2,3.007,10000000
437.21,2.876,10000000
437.22,2.964,10000000
437.23,2.92,10000000
437.24,3.095,10000000
437.25,2.92,10000000
437.26,2.964,10000000
437.27,3.095,10000000
437.28,3.051,10000000
437.29,3.139,10000000
437.3,2.92,10000000
437.31,3.051,10000000
437.32,3.007,10000000
437.33,3.051,10000000
437.34,2.832,10000000
437.35,2.92,10000000
437.36,3.007,10000000
437.37,3.051,10000000
437.38,3.007,10000000
437.39,3.051,10000000
437.4,2.92,10000000
437.41,3.007,10000000
437.42,3.051,10000000
437.43,2.964,10000000
437.44,3.095,10000000
437.45,3.095,10000000
437.46,2.964,10000000
437.47,2.92,10000000
437.48,2.92,10000000
437.49,3.007,10000000
437.5,2.92,10000000
437.51,3.139,10000000
437.52,2.92,10000000
437.53,3.051,10000000
437.54,3.051,10000000
437.55,3.051,10000000
437.56,2.92,10000000
437.57,3.007,10000000
437.58,2.964,10000000
437.59,2.964,10000000
437.6,3.007,10000000
437.61,3.007,10000000
437.62,2.964,10000000
437.63,3.007,10000000
437.64,3.051,10000000
437.65,3.051,10000000
437.66,3.139,10000000
437.67,3.095,10000000
437.68,3.051,10000000
437.69,3.139,10000000
437.7,3.095,10000000
437.71,3.139,10000000
437.72,3.183,10000000
437.73,3.051,10000000
437.74,3.007,10000000
437.75,2.876,10000000
437.76,2.92,10000000
437.77,2.964,10000000
437.78,3.051,10000000
437.79,3.051,10000000
437.8,3.139,10000000
437.81,3.007,10000000
437.82,3.007,10000000
437.83,3.095,10000000
437.84,3.007,10000000
437.85,3.139,10000000
437.86,3.007,10000000
437.87,3.183,10000000
437.88,3.007,10000000
437.89,3.095,10000000
437.9,2.832,10000000
437.91,3.095,10000000
437.92,2.92,10000000
437.93,3.051,10000000
437.94,3.051,10000000
437.95,3.007,10000000
437.96,3.007,10000000
437.97,2.964,10000000
437.98,3.227,10000000
437.99,3.051,10000000
438,2.92,10000000
438.01,3.095,10000000
438.02,2.964,10000000
438.03,2.92,10000000
438.04,3.139,10000000
438.05,3.139,10000000
438.06,2.92,10000000
438.07,2.964,10000000
438.08,3.139,10000000
438.09,3.007,10000000
438.1,3.007,10000000
438.11,3.227,10000000
438.12,3.139,10000000
438.13,3.007,10000000
438.14,2.92,10000000
438.15,3.007,10000000
438.16,3.051,10000000
438.17,2.92,10000000
438.18,2.92,10000000
438.19,3.051,10000000
438.2,3.051,10000000
438.21,2.964,10000000
438.22,2.964,10000000
438.23,3.227,10000000
438.24,3.051,10000000
438.25,3.139,10000000
438.26,3.183,10000000
438.27,3.007,10000000
438.28,3.007,10000000
438.29,3.183,10000000
438.3,3.139,10000000
438.31,3.051,10000000
438.32,3.139,10000000
438.33,3.007,10000000
438.34,2.964,10000000
438.35,3.051,10000000
438.36,3.183,10000000
438.37,3.183,10000000
438.38,2.92,10000000
438.39,3.051,10000000
438.4,3.139,10000000
438.41,2.964,10000000
438.42,3.007,10000000
438.43,3.007,10000000
438.44,3.183,10000000
438.45,3.139,10000000
438.46,3.183,10000000
438.47,3.095,10000000
438.48,3.095,10000000
438.49,3.095,10000000
438.5,3.007,10000000
438.51,3.095,10000000
438.52,3.051,10000000
438.53,2.964,10000000
438.54,3.007,10000000
438.55,3.095,10000000
438.56,3.095,10000000
438.57,3.095,10000000
438.58,3.007,10000000
438.59,2.92,10000000
438.6,3.007,10000000
438.61,3.007,10000000
438.62,3.007,10000000
438.63,3.051,10000000
438.64,3.095,10000000
438.65,3.139,10000000
438.66,3.095,10000000
438.67,2.964,10000000
438.68,3.139,10000000
438.69,3.095,10000000
438.7,3.139,10000000
438.71,2.964,10000000
438.72,3.051,10000000
438.73,3.007,10000000
438.74,2.92,10000000
438.75,3.007,10000000
438.76,3.139,10000000
438.77,3.051,10000000
438.78,3.007,10000000
438.79,3.007,10000000
438.8,3.007,10000000
438.81,3.051,10000000
438.82,3.007,10000000
438.83,3.007,10000000
438.84,3.007,10000000
438.85,3.139,10000000
438.86,3.007,10000000
438.87,3.139,10000000
438.88,3.051,10000000
438.89,3.007,10000000
438.9,2.964,10000000
438.91,3.051,10000000
438.92,2.92,10000000
438.93,3.095,10000000
438.94,2.964,10000000
438.95,3.051,10000000
438.96,2.92,10000000
438.97,3.051,10000000
438.98,3.139,10000000
438.99,3.007,10000000
439,3.007,10000000
439.01,3.051,10000000
439.02,3.007,10000000
439.03,3.051,10000000
439.04,3.007,10000000
439.05,3.139,10000000
439.06,2.92,10000000
439.07,3.007,10000000
439.08,3.007,10000000
439.09,3.007,10000000
439.1,3.007,10000000
439.11,3.007,10000000
439.12,3.051,10000000
439.13,3.007,10000000
439.14,3.007,10000000
439.15,2.964,10000000
439.16,2.92,10000000
439.17,2.92,10000000
439.18,3.051,10000000
439.19,3.051,10000000
439.2,3.139,10000000
439.21,3.051,10000000
439.22,3.007,10000000
439.23,2.92,10000000
439.24,3.007,10000000
439.25,3.051,10000000
439.26,3.007,10000000
439.27,3.139,10000000
439.28,3.007,10000000
439.29,2.964,10000000
439.3,2.964,10000000
439.31,3.139,10000000
439.32,3.095,10000000
439.33,3.007,10000000
439.34,3.139,10000000
439.35,3.139,10000000
439.36,3.095,10000000
439.37,3.139,10000000
439.38,3.139,10000000
439.39,3.095,10000000
439.4,2.832,10000000
439.41,3.139,10000000
439.42,2.964,10000000
439.43,3.007,10000000
439.44,2.92,10000000
439.45,3.051,10000000
439.46,2.788,10000000
439.47,2.964,10000000
439.48,3.007,10000000
439.49,3.095,10000000
439.5,2.92,10000000
439.51,3.051,10000000
439.52,3.095,10000000
439.53,3.051,10000000
439.54,3.139,10000000
439.55,3.095,10000000
439.56,3.051,10000000
439.57,3.139,10000000
439.58,3.183,10000000
439.59,3.139,10000000
439.6,3.227,10000000
439.61,3.183,10000000
439.62,3.227,10000000
439.63,3.227,10000000
439.64,2.92,10000000
439.65,3.095,10000000
439.66,3.051,10000000
439.67,3.051,10000000
439.68,3.139,10000000
439.69,2.964,10000000
439.7,2.964,10000000
439.71,2.964,10000000
439.72,3.007,10000000
439.73,3.095,10000000
439.74,3.139,10000000
439.75,3.007,10000000
439.76,3.007,10000000
439.77,3.007,10000000
439.78,3.051,10000000
439.79,3.007,10000000
439.8,3.139,10000000
439.81,2.964,10000000
439.82,3.007,10000000
439.83,2.876,10000000
439.84,3.139,10000000
439.85,2.964,10000000
439.86,3.183,10000000
439.87,2.964,10000000
439.88,3.007,10000000
439.89,3.051,10000000
439.9,2.964,10000000
439.91,3.051,10000000
439.92,3.051,10000000
439.93,2.876,10000000
439.94,2.92,10000000
439.95,2.92,10000000
439.96,3.095,10000000
439.97,3.095,10000000
439.98,2.92,10000000
439.99,2.964,10000000
440,3.007,10000000
440.01,2.964,10000000
440.02,3.051,10000000
440.03,3.051,10000000
440.04,3.007,10000000
440.05,3.139,10000000
440.06,3.051,10000000
440.07,3.007,10000000
440.08,3.007,10000000
440.09,3.007,10000000
440.1,3.051,10000000
440.11,2.964,10000000
440.12,3.007,10000000
440.13,3.051,10000000
440.14,3.051,10000000
440.15,3.007,10000000
440.16,2.964,10000000
440.17,2.964,10000000
440.18,3.139,10000000
440.19,3.139,10000000
440.2,3.139,10000000
440.21,3.139,10000000
440.22,2.92,10000000
440.23,2.92,10000000
440.24,3.007,10000000
440.25,3.095,10000000
440.26,2.964,10000000
440.27,2.92,10000000
440.28,3.139,10000000
440.29,3.007,10000000
440.3,3.007,10000000
440.31,2.964,10000000
440.32,2.964,10000000
440.33,3.007,10000000
440.34,2.92,10000000
440.35,2.92,10000000
440.36,2.876,10000000
440.37,3.095,10000000
440.38,2.964,10000000
440.39,3.051,10000000
440.4,3.095,10000000
440.41,2.832,10000000
440.42,2.92,10000000
440.43,2.876,10000000
440.44,3.139,10000000
440.45,3.139,10000000
440.46,2.92,10000000
440.47,3.007,10000000
440.48,2.92,10000000
440.49,3.227,10000000
440.5,3.051,10000000
440.51,2.964,10000000
440.52,3.051,10000000
440.53,3.051,10000000
440.54,3.139,10000000
440.55,3.095,10000000
440.56,2.92,10000000
440.57,3.007,10000000
440.58,3.095,10000000
440.59,2.964,10000000
440.6,2.964,10000000
440.61,3.051,10000000
440.62,3.139,10000000
440.63,2.92,10000000
440.64,3.007,10000000
440.65,2.964,10000000
440.66,2.964,10000000
440.67,3.007,10000000
440.68,3.007,10000000
440.69,2.964,10000000
440.7,2.92,10000000
440.71,3.007,10000000
440.72,3.139,10000000
440.73,2.964,10000000
440.74,3.139,10000000
440.75,3.139,10000000
440.76,3.095,10000000
440.77,3.095,10000000
440.78,2.964,10000000
440.79,3.315,10000000
440.8,3.315,10000000
440.81,3.139,10000000
440.82,3.183,10000000
440.83,3.095,10000000
440.84,3.095,10000000
440.85,3.051,10000000
440.86,3.007,10000000
440.87,3.007,10000000
440.88,3.139,10000000
440.89,3.095,10000000
440.9,2.964,10000000
440.91,3.227,10000000
440.92,3.139,10000000
440.93,2.788,10000000
440.94,2.92,10000000
440.95,2.964,10000000
440.96,3.095,10000000
440.97,3.051,10000000
440.98,3.139,10000000
440.99,3.051,10000000
441,3.051,10000000
441.01,3.139,10000000
441.02,3.007,10000000
441.03,3.095,10000000
441.04,3.007,10000000
441.05,3.007,10000000
441.06,3.007,10000000
441.07,3.095,10000000
441.08,2.964,10000000
441.09,3.007,10000000
441.1,2.92,10000000
441.11,3.051,10000000
441.12,3.139,10000000
441.13,3.095,10000000
441.14,2.92,10000000
441.15,3.051,10000000
441.16,3.007,10000000
441.17,3.139,10000000
441.18,3.051,10000000
441.19,3.051,10000000
441.2,3.007,10000000
441.21,3.095,10000000
441.22,3.051,10000000
441.23,3.007,10000000
441.24,3.095,10000000
441.25,3.051,10000000
441.26,2.92,10000000
441.27,3.139,10000000
441.28,2.92,10000000
441.29,2.92,10000000
441.3,2.92,10000000
441.31,3.051,10000000
441.32,2.92,10000000
441.33,3.139,10000000
441.34,3.051,10000000
441.35,3.095,10000000
441.36,2.876,10000000
441.37,3.051,10000000
441.38,3.183,10000000
441.39,3.139,10000000
441.4,3.051,10000000
441.41,3.095,10000000
441.42,2.92,10000000
441.43,3.051,10000000
441.44,3.051,10000000
441.45,3.007,10000000
441.46,3.007,10000000
441.47,3.051,10000000
441.48,3.095,10000000
441.49,3.007,10000000
441.5,2.964,10000000
441.51,3.051,10000000
441.52,3.007,10000000
441.53,3.007,10000000
441.54,3.051,10000000
441.55,3.007,10000000
441.56,3.007,10000000
441.57,3.007,10000000
441.58,3.139,10000000
441.59,3.051,10000000
441.6,3.007,10000000
441.61,2.876,10000000
441.62,3.051,10000000
441.63,3.227,10000000
441.64,3.051,10000000
441.65,2.964,10000000
441.66,2.92,10000000
441.67,3.051,10000000
441.68,3.007,10000000
441.69,2.92,10000000
441.7,2.92,10000000
441.71,2.92,10000000
441.72,3.139,10000000
441.73,3.007,10000000
441.74,3.007,10000000
441.75,2.964,10000000
441.76,2.92,10000000
441.77,2.92,10000000
441.78,2.832,10000000
441.79,2.964,10000000
441.8,3.095,10000000
441.81,2.964,10000000
441.82,3.007,10000000
441.83,3.007,10000000
441.84,3.139,10000000
441.85,3.095,10000000
441.86,3.007,10000000
441.87,3.051,10000000
441.88,3.051,10000000
441.89,3.051,10000000
441.9,3.139,10000000
441.91,3.183,10000000
441.92,3.183,10000000
441.93,3.051,10000000
441.94,3.095,10000000
441.95,3.051,10000000
441.96,3.095,10000000
441.97,3.095,10000000
441.98,3.051,10000000
441.99,3.139,10000000
442,3.139,10000000
442.01,2.876,10000000
442.02,3.051,10000000
442.03,3.139,10000000
442.04,3.139,10000000
442.05,3.007,10000000
442.06,3.051,10000000
442.07,3.095,10000000
442.08,3.095,10000000
442.09,3.007,10000000
442.1,3.051,10000000
442.11,3.007,10000000
442.12,3.051,10000000
442.13,2.92,10000000
442.14,3.007,10000000
442.15,3.051,10000000
442.16,3.051,10000000
442.17,3.051,10000000
442.18,3.051,10000000
442.19,3.051,10000000
442.2,2.92,10000000
442.21,3.051,10000000
442.22,2.964,10000000
442.23,2.92,10000000
442.24,3.139,10000000
442.25,3.051,10000000
442.26,2.964,10000000
442.27,3.227,10000000
442.28,2.964,10000000
442.29,2.92,10000000
442.3,2.92,10000000
442.31,3.051,10000000
442.32,3.139,10000000
442.33,3.139,10000000
442.34,3.139,10000000
442.35,3.095,10000000
442.36,3.051,10000000
442.37,3.007,10000000
442.38,3.139,10000000
442.39,2.964,10000000
442.4,2.964,10000000
442.41,3.007,10000000
442.42,2.92,10000000
442.43,3.051,10000000
442.44,3.007,10000000
442.45,3.095,10000000
442.46,3.183,10000000
442.47,3.183,10000000
442.48,3.007,10000000
442.49,2.92,10000000
442.5,3.139,10000000
442.51,3.095,10000000
442.52,2.964,10000000
442.53,3.007,10000000
442.54,2.964,10000000
442.55,3.095,10000000
442.56,3.095,10000000
442.57,2.92,10000000
442.58,2.964,10000000
442.59,2.92,10000000
442.6,2.92,10000000
442.61,3.007,10000000
442.62,2.964,10000000
442.63,3.007,10000000
442.64,3.139,10000000
442.65,3.007,10000000
442.66,3.139,10000000
442.67,3.227,10000000
442.68,2.92,10000000
442.69,3.051,10000000
442.7,3.051,10000000
442.71,2.964,10000000
442.72,3.139,10000000
442.73,3.227,10000000
442.74,2.964,10000000
442.75,2.92,10000000
442.76,3.095,10000000
442.77,3.139,10000000
442.78,3.139,10000000
442.79,3.051,10000000
442.8,3.095,10000000
442.81,3.007,10000000
442.82,3.139,10000000
442.83,2.964,10000000
442.84,2.876,10000000
442.85,2.964,10000000
442.86,3.007,10000000
442.87,3.051,10000000
442.88,3.095,10000000
442.89,3.007,10000000
442.9,2.964,10000000
442.91,3.051,10000000
442.92,3.095,10000000
442.93,3.007,10000000
442.94,3.139,10000000
442.95,2.92,10000000
442.96,2.92,10000000
442.97,2.92,10000000
442.98,2.964,10000000
442.99,3.139,10000000
443,2.92,10000000
443.01,3.095,10000000
443.02,3.007,10000000
443.03,3.007,10000000
443.04,2.964,10000000
443.05,3.139,10000000
443.06,3.051,10000000
443.07,3.051,10000000
443.08,2.964,10000000
443.09,2.964,10000000
443.1,3.007,10000000
443.11,2.964,10000000
443.12,2.832,10000000
443.13,2.92,10000000
443.14,3.095,10000000
443.15,3.051,10000000
443.16,2.964,10000000
443.17,2.92,10000000
443.18,3.007,10000000
443.19,3.095,10000000
443.2,3.007,10000000
443.21,2.964,10000000
443.22,3.007,10000000
443.23,3.051,10000000
443.24,3.007,10000000
443.25,3.007,10000000
443.26,3.139,10000000
443.27,3.139,10000000
443.28,3.007,10000000
443.29,3.007,10000000
443.3,3.007,10000000
443.31,2.832,10000000
443.32,2.964,10000000
443.33,2.964,10000000
443.34,3.095,10000000
443.35,3.007,10000000
443.36,2.964,10000000
443.37,3.139,10000000
443.38,2.876,10000000
443.39,3.095,10000000
443.4,3.095,10000000
443.41,3.007,10000000
443.42,3.007,10000000
443.43,2.964,10000000
443.44,3.139,10000000
443.45,3.007,10000000
443.46,2.964,10000000
443.47,3.139,10000000
443.48,3.139,10000000
443.49,3.007,10000000
443.5,3.139,10000000
443.51,3.051,10000000
443.52,3.007,10000000
443.53,3.051,10000000
443.54,3.139,10000000
443.55,3.007,10000000
443.56,3.095,10000000
443.57,3.139,10000000
443.58,3.095,10000000
443.59,3.095,10000000
443.6,3.139,10000000
443.61,3.139,10000000
443.62,3.051,10000000
443.63,3.051,10000000
443.64,3.051,10000000
443.65,3.051,10000000
443.66,2.876,10000000
443.67,3.007,10000000
443.68,3.051,10000000
443.69,3.139,10000000
443.7,3.095,10000000
443.71,3.095,10000000
443.72,3.095,10000000
443.73,3.095,10000000
443.74,3.183,10000000
443.75,3.095,10000000
443.76,3.095,10000000
443.77,3.007,10000000
443.78,2.92,10000000
443.79,3.051,10000000
443.8,3.007,10000000
443.81,3.139,10000000
443.82,3.183,10000000
443.83,3.095,10000000
443.84,3.007,10000000
443.85,3.051,10000000
443.86,3.095,10000000
443.87,3.051,10000000
443.88,2.964,10000000
443.89,3.007,10000000
443.9,2.92,10000000
443.91,3.007,10000000
443.92,3.007,10000000
443.93,2.92,10000000
443.94,2.92,10000000
443.95,3.139,10000000
443.96,3.227,10000000
443.97,3.007,10000000
443.98,3.095,10000000
443.99,3.139,10000000
444,3.095,10000000
444.01,3.095,10000000
444.02,3.051,10000000
444.03,3.051,10000000
444.04,3.095,10000000
444.05,3.095,10000000
444.06,2.876,10000000
444.07,3.095,10000000
444.08,3.095,10000000
444.09,3.139,10000000
444.1,3.095,10000000
444.11,3.007,10000000
444.12,3.051,10000000
444.13,3.051,10000000
444.14,3.139,10000000
444.15,2.92,10000000
444.16,3.095,10000000
444.17,2.876,10000000
444.18,3.051,10000000
444.19,3.051,10000000
444.2,3.051,10000000
444.21,3.051,10000000
444.22,2.832,10000000
444.23,2.964,10000000
444.24,3.051,10000000
444.25,3.007,10000000
444.26,3.095,10000000
444.27,3.007,10000000
444.28,3.051,10000000
444.29,3.095,10000000
444.3,3.139,10000000
444.31,2.876,10000000
444.32,3.095,10000000
444.33,3.095,10000000
444.34,3.095,10000000
444.35,3.007,10000000
444.36,2.964,10000000
444.37,3.007,10000000
444.38,3.095,10000000
444.39,3.007,10000000
444.4,2.964,10000000
444.41,3.007,10000000
444.42,2.92,10000000
444.43,2.964,10000000
444.44,2.964,10000000
444.45,2.92,10000000
444.46,3.095,10000000
444.47,3.139,10000000
444.48,3.139,10000000
444.49,3.139,10000000
444.5,3.051,10000000
444.51,3.051,10000000
444.52,3.095,10000000
444.53,3.051,10000000
444.54,3.051,10000000
444.55,3.095,10000000
444.56,3.007,10000000
444.57,3.007,10000000
444.58,3.051,10000000
444.59,2.964,10000000
444.6,2.964,10000000
444.61,3.051,10000000
444.62,2.92,10000000
444.63,2.964,10000000
444.64,3.051,10000000
444.65,3.051,10000000
444.66,2.964,10000000
444.67,2.788,10000000
444.68,3.007,10000000
444.69,2.876,10000000
444.7,2.876,10000000
444.71,3.007,10000000
444.72,2.964,10000000
444.73,3.051,10000000
444.74,2.92,10000000
444.75,2.964,10000000
444.76,3.007,10000000
444.77,3.139,10000000
444.78,2.832,10000000
444.79,2.92,10000000
444.8,3.095,10000000
444.81,3.051,10000000
444.82,3.227,10000000
444.83,3.095,10000000
444.84,3.051,10000000
444.85,3.095,10000000
444.86,3.139,10000000
444.87,3.095,10000000
444.88,3.227,10000000
444.89,3.139,10000000
444.9,3.095,10000000
444.91,3.007,10000000
444.92,2.964,10000000
444.93,3.139,10000000
444.94,2.964,10000000
444.95,3.007,10000000
444.96,3.007,10000000
444.97,2.92,10000000
444.98,2.92,10000000
444.99,2.92,10000000
445,3.139,10000000
445.01,3.007,10000000
445.02,3.139,10000000
445.03,3.183,10000000
445.04,3.051,10000000
445.05,2.832,10000000
445.06,2.964,10000000
445.07,2.92,10000000
445.08,3.007,10000000
445.09,3.095,10000000
445.1,3.139,10000000
445.11,2.92,10000000
445.12,3.051,10000000
445.13,3.007,10000000
445.14,3.095,10000000
445.15,3.007,10000000
445.16,3.007,10000000
445.17,3.051,10000000
445.18,3.051,10000000
445.19,3.095,10000000
445.2,3.139,10000000
445.21,3.051,10000000
445.22,3.227,10000000
445.23,3.095,10000000
445.24,2.964,10000000
445.25,2.92,10000000
445.26,3.051,10000000
445.27,3.007,10000000
445.28,3.095,10000000
445.29,3.095,10000000
445.3,2.964,10000000
445.31,2.964,10000000
445.32,3.051,10000000
445.33,3.007,10000000
445.34,3.007,10000000
445.35,2.92,10000000
445.36,2.876,10000000
445.37,3.007,10000000
445.38,3.007,10000000
445.39,3.139,10000000
445.4,3.007,10000000
445.41,3.051,10000000
445.42,3.139,10000000
445.43,3.007,10000000
445.44,3.051,10000000
445.45,2.964,10000000
445.46,3.051,10000000
445.47,3.007,10000000
445.48,3.227,10000000
445.49,3.007,10000000
445.5,3.139,10000000
445.51,3.271,10000000
445.52,3.095,10000000
445.53,3.183,10000000
445.54,3.051,10000000
445.55,3.139,10000000
445.56,3.139,10000000
445.57,3.051,10000000
445.58,3.139,10000000
445.59,2.92,10000000
445.6,2.964,10000000
445.61,3.007,10000000
445.62,3.007,10000000
445.63,3.007,10000000
445.64,2.964,10000000
445.65,3.095,10000000
445.66,3.051,10000000
445.67,3.095,10000000
445.68,2.92,10000000
445.69,2.876,10000000
445.7,2.788,10000000
445.71,3.095,10000000
445.72,3.139,10000000
445.73,2.92,10000000
445.74,3.139,10000000
445.75,3.051,10000000
445.76,3.183,10000000
445.77,3.139,10000000
445.78,3.139,10000000
445.79,3.095,10000000
445.8,3.095,10000000
445.81,3.007,10000000
445.82,3.095,10000000
445.83,3.139,10000000
445.84,3.095,10000000
445.85,3.139,10000000
445.86,2.964,10000000
445.87,3.051,10000000
445.88,3.007,10000000
445.89,3.007,10000000
445.9,3.051,10000000
445.91,3.007,10000000
445.92,3.007,10000000
445.93,3.007,10000000
445.94,3.007,10000000
445.95,2.964,10000000
445.96,3.051,10000000
445.97,3.095,10000000
445.98,3.007,10000000
445.99,2.92,10000000
446,3.139,10000000
446.01,2.964,10000000
446.02,3.051,10000000
446.03,3.183,10000000
446.04,3.007,10000000
446.05,2.92,10000000
446.06,2.92,10000000
446.07,3.095,10000000
446.08,2.92,10000000
446.09,2.92,10000000
446.1,3.051,10000000
446.11,3.007,10000000
446.12,2.92,10000000
446.13,3.007,10000000
446.14,3.007,10000000
446.15,3.227,10000000
446.16,3.139,10000000
446.17,3.095,10000000
446.18,3.007,10000000
446.19,3.007,10000000
446.2,3.139,10000000
446.21,3.139,10000000
446.22,3.051,10000000
446.23,3.051,10000000
446.24,3.007,10000000
446.25,3.007,10000000
446.26,2.964,10000000
446.27,2.92,10000000
446.28,3.051,10000000
446.29,3.007,10000000
446.3,2.92,10000000
446.31,2.92,10000000
446.32,3.051,10000000
446.33,2.92,10000000
446.34,2.788,10000000
446.35,3.051,10000000
446.36,3.139,10000000
446.37,3.139,10000000
446.38,3.139,10000000
446.39,3.007,10000000
446.4,3.095,10000000
446.41,3.007,10000000
446.42,3.095,10000000
446.43,3.007,10000000
446.44,3.095,10000000
446.45,3.139,10000000
446.46,3.139,10000000
446.47,3.007,10000000
446.48,2.964,10000000
446.49,3.051,10000000
446.5,2.964,10000000
446.51,3.095,10000000
446.52,3.051,10000000
446.53,3.139,10000000
446.54,3.139,10000000
446.55,3.051,10000000
446.56,3.183,10000000
446.57,3.139,10000000
446.58,3.095,10000000
446.59,3.139,10000000
446.6,3.051,10000000
446.61,3.095,10000000
446.62,3.139,10000000
446.63,3.007,10000000
446.64,3.227,10000000
446.65,3.095,10000000
446.66,3.183,10000000
446.67,3.095,10000000
446.68,3.139,10000000
446.69,3.007,10000000
446.7,2.92,10000000
446.71,3.007,10000000
446.72,3.007,10000000
446.73,3.139,10000000
446.74,3.095,10000000
446.75,3.007,10000000
446.76,2.92,10000000
446.77,3.095,10000000
446.78,2.92,10000000
446.79,3.139,10000000
446.8,3.007,10000000
446.81,2.964,10000000
446.82,2.876,10000000
446.83,2.964,10000000
446.84,3.051,10000000
446.85,3.139,10000000
446.86,3.051,10000000
446.87,2.92,10000000
446.88,3.007,10000000
446.89,2.964,10000000
446.9,3.007,10000000
446.91,3.139,10000000
446.92,3.007,10000000
446.93,3.051,10000000
446.94,2.92,10000000
446.95,3.051,10000000
446.96,3.051,10000000
446.97,3.007,10000000
446.98,3.051,10000000
446.99,3.095,10000000
447,3.227,10000000
447.01,3.007,10000000
447.02,3.227,10000000
447.03,3.051,10000000
447.04,3.095,10000000
447.05,3.095,10000000
447.06,3.227,10000000
447.07,3.051,10000000
447.08,3.051,10000000
447.09,3.139,10000000
447.1,3.139,10000000
447.11,3.007,10000000
