Timestamp(ms),Current(uA)
102.01,9.486
102.02,9.311
102.03,9.223
102.04,9.574
102.05,9.794
102.06,9.355
102.07,9.135
102.08,9.223
102.09,9.399
102.1,9.618
102.11,9.530
102.12,9.706
102.13,9.399
102.14,9.618
102.15,9.662
102.16,9.399
102.17,9.794
102.18,9.926
102.19,9.355
102.2,9.355
102.21,9.970
102.22,9.926
102.23,9.442
102.24,9.574
102.25,9.399
102.26,9.662
102.27,9.574
102.28,9.838
102.29,9.662
102.3,9.530
102.31,9.970
102.32,10.145
102.33,9.574
102.34,9.618
102.35,9.882
102.36,9.706
102.37,9.618
102.38,9.311
102.39,9.486
102.4,9.179
102.41,9.750
102.42,10.321
102.43,10.365
102.44,11.068
102.45,10.453
102.46,10.101
102.47,9.926
102.48,9.574
102.49,9.926
102.5,9.442
102.51,10.321
102.52,10.541
102.53,10.716
102.54,10.541
102.55,10.057
102.56,9.662
102.57,9.442
102.58,9.399
102.59,9.530
102.6,10.365
102.61,10.892
102.62,10.672
102.63,10.233
102.64,10.101
102.65,9.750
102.66,9.662
102.67,9.838
102.68,10.014
102.69,10.277
102.7,10.629
102.71,10.936
102.72,10.936
102.73,10.453
102.74,10.057
102.75,9.574
102.76,9.618
102.77,10.145
102.78,10.453
102.79,10.936
102.8,11.024
102.81,10.716
102.82,9.750
102.83,9.574
102.84,9.399
102.85,9.926
102.86,10.189
102.87,10.409
102.88,10.453
102.89,10.716
102.9,10.277
102.91,9.750
102.92,9.706
102.93,9.179
102.94,9.574
102.95,10.145
102.96,10.277
102.97,10.321
102.98,10.365
102.99,9.926
103,9.311
103.01,9.311
103.02,9.355
103.03,9.618
103.04,10.101
103.05,10.189
103.06,10.057
103.07,10.145
103.08,10.145
103.09,9.223
103.1,9.003
103.11,9.574
103.12,10.101
103.13,10.541
103.14,10.497
103.15,10.233
103.16,9.926
103.17,9.970
103.18,9.706
103.19,9.530
103.2,9.091
103.21,10.233
103.22,10.936
103.23,10.716
103.24,10.760
103.25,10.101
103.26,10.101
103.27,9.618
103.28,9.574
103.29,9.970
103.3,10.101
103.31,10.409
103.32,10.716
103.33,10.101
103.34,9.970
103.35,9.706
103.36,9.882
103.37,9.618
103.38,9.399
103.39,9.135
103.4,9.091
103.41,9.267
103.42,10.145
103.43,10.760
103.44,10.497
103.45,10.321
103.46,9.794
103.47,9.706
103.48,9.355
103.49,9.442
103.5,9.618
103.51,9.926
103.52,10.277
103.53,10.453
103.54,10.716
103.55,10.189
103.56,9.662
103.57,9.223
103.58,9.399
103.59,9.794
103.6,10.233
103.61,10.189
103.62,10.189
103.63,10.453
103.64,10.189
103.65,9.574
103.66,9.267
103.67,9.135
103.68,9.355
103.69,9.794
103.7,10.057
103.71,10.453
103.72,10.189
103.73,9.970
103.74,9.794
103.75,9.135
103.76,8.915
103.77,9.486
103.78,10.101
103.79,10.057
103.8,10.629
103.81,10.101
103.82,9.399
103.83,9.135
103.84,9.399
103.85,9.399
103.86,9.706
103.87,10.101
103.88,10.145
103.89,10.321
103.9,10.014
103.91,9.530
103.92,9.355
103.93,9.311
103.94,9.399
103.95,10.014
103.96,10.453
103.97,10.321
103.98,10.145
103.99,10.014
104,9.574
104.01,9.355
104.02,9.706
104.03,9.750
104.04,9.838
104.05,10.760
104.06,10.453
104.07,10.189
104.08,9.882
104.09,9.223
104.1,9.530
104.11,10.145
104.12,10.189
104.13,10.541
104.14,10.760
104.15,10.101
104.16,10.409
104.17,9.970
104.18,9.399
104.19,9.135
104.2,9.662
104.21,10.189
104.22,10.189
104.23,10.453
104.24,10.541
104.25,9.838
104.26,9.574
104.27,9.442
104.28,9.530
104.29,9.706
104.3,9.662
104.31,10.057
104.32,10.497
104.33,10.453
104.34,9.530
104.35,9.618
104.36,9.311
104.37,9.003
104.38,8.871
104.39,9.442
104.4,9.355
104.41,9.355
104.42,9.618
104.43,10.365
104.44,10.277
104.45,10.101
104.46,10.014
104.47,9.530
104.48,9.179
104.49,9.135
104.5,9.882
104.51,10.014
104.52,10.057
104.53,10.497
104.54,10.760
104.55,10.057
104.56,9.399
104.57,9.399
104.58,9.574
104.59,9.223
104.6,9.882
104.61,10.453
104.62,10.497
104.63,10.101
104.64,9.882
104.65,9.706
104.66,9.442
104.67,9.179
104.68,9.486
104.69,9.926
104.7,10.145
104.71,10.145
104.72,10.145
104.73,9.618
104.74,9.355
104.75,9.135
104.76,9.179
104.77,9.574
104.78,9.926
104.79,10.101
104.8,10.365
104.81,10.277
104.82,9.530
104.83,9.179
104.84,9.179
104.85,9.442
104.86,9.882
104.87,9.882
104.88,10.189
104.89,10.453
104.9,10.101
104.91,9.618
104.92,9.047
104.93,9.003
104.94,9.399
104.95,10.014
104.96,10.409
104.97,10.101
104.98,10.321
104.99,10.014
105,9.882
105.01,9.662
105.02,9.442
105.03,9.486
105.04,10.453
105.05,10.365
105.06,10.672
105.07,10.453
105.08,9.750
105.09,9.574
105.1,9.794
105.11,9.926
105.12,10.277
105.13,10.365
105.14,10.233
105.15,10.277
105.16,10.409
105.17,9.882
105.18,9.486
105.19,8.959
105.2,8.871
105.21,9.970
105.22,10.585
105.23,10.716
105.24,10.541
105.25,9.882
105.26,9.574
105.27,9.882
105.28,9.794
105.29,9.794
105.3,9.706
105.31,9.223
105.32,9.091
105.33,9.486
105.34,9.618
105.35,9.794
105.36,9.442
105.37,9.091
105.38,9.267
105.39,9.618
105.4,9.399
105.41,9.618
105.42,9.442
105.43,9.399
105.44,9.442
105.45,9.618
105.46,9.530
105.47,8.915
105.48,8.827
105.49,9.618
105.5,9.574
105.51,9.311
105.52,9.135
105.53,9.399
105.54,9.179
105.55,9.662
105.56,9.311
105.57,9.311
105.58,9.355
105.59,9.794
105.6,9.706
105.61,9.530
105.62,9.442
105.63,9.267
105.64,9.135
105.65,9.794
105.66,9.486
105.67,9.662
105.68,9.662
105.69,9.882
105.7,9.838
105.71,9.750
105.72,9.662
105.73,9.618
105.74,10.014
105.75,10.233
105.76,9.530
105.77,9.179
105.78,9.662
105.79,9.794
105.8,9.486
105.81,9.003
105.82,9.047
105.83,9.618
105.84,9.662
105.85,9.267
105.86,9.618
105.87,9.970
105.88,9.355
105.89,9.135
105.9,9.355
105.91,9.530
105.92,9.267
105.93,9.267
105.94,9.662
105.95,9.618
105.96,9.442
105.97,9.267
105.98,9.223
105.99,9.442
106,9.399
106.01,9.267
106.02,9.486
106.03,9.442
106.04,9.618
106.05,9.223
106.06,9.223
106.07,9.574
106.08,9.838
106.09,9.091
106.1,8.696
106.11,8.959
106.12,9.618
106.13,9.091
106.14,8.871
106.15,8.871
106.16,9.399
106.17,9.223
106.18,9.047
106.19,8.959
106.2,9.442
106.21,9.486
106.22,9.179
106.23,9.091
106.24,9.399
106.25,9.794
106.26,9.574
106.27,9.267
106.28,9.135
106.29,9.311
106.3,9.135
106.31,9.311
106.32,9.486
106.33,9.267
106.34,9.223
106.35,9.135
106.36,9.399
106.37,9.047
106.38,8.915
106.39,9.355
106.4,9.223
106.41,9.267
106.42,9.135
106.43,9.135
106.44,9.530
106.45,9.311
106.46,9.355
106.47,9.091
106.48,9.047
106.49,9.311
106.5,9.442
106.51,9.442
106.52,9.355
106.53,8.740
106.54,9.091
106.55,9.399
106.56,9.003
106.57,9.091
106.58,9.047
106.59,9.442
106.6,9.135
106.61,9.091
106.62,9.442
106.63,9.135
106.64,9.442
106.65,8.871
106.66,9.091
106.67,9.135
106.68,9.530
106.69,9.618
106.7,9.311
106.71,8.871
106.72,9.047
106.73,9.399
106.74,9.486
106.75,9.135
106.76,9.047
106.77,9.135
106.78,9.311
106.79,8.959
106.8,9.091
106.81,9.442
106.82,9.618
106.83,9.091
106.84,9.442
106.85,9.399
106.86,9.003
106.87,8.827
106.88,9.267
106.89,9.267
106.9,9.399
106.91,8.915
106.92,8.696
106.93,9.047
106.94,9.223
106.95,9.355
106.96,8.608
106.97,8.564
106.98,8.827
106.99,9.399
107,9.091
107.01,8.827
107.02,8.520
107.03,9.091
107.04,9.223
107.05,9.047
107.06,8.827
107.07,9.267
107.08,9.311
107.09,9.047
107.1,8.959
107.11,9.003
107.12,9.530
107.13,9.618
107.14,9.091
107.15,8.915
107.16,8.915
107.17,9.267
107.18,9.311
107.19,9.311
107.2,9.399
107.21,9.091
107.22,9.135
107.23,9.223
107.24,9.794
107.25,9.574
107.26,9.486
107.27,9.003
107.28,9.179
107.29,9.047
107.3,9.135
107.31,9.091
107.32,8.784
107.33,8.784
107.34,9.135
107.35,9.267
107.36,9.003
107.37,9.179
107.38,8.827
107.39,9.618
107.4,9.442
107.41,9.135
107.42,9.179
107.43,9.311
107.44,9.442
107.45,9.442
107.46,9.223
107.47,9.267
107.48,9.311
107.49,9.223
107.5,9.530
107.51,9.706
107.52,10.145
107.53,10.585
107.54,10.453
107.55,9.882
107.56,9.399
107.57,9.135
107.58,9.442
107.59,9.135
107.6,9.355
107.61,9.135
107.62,9.179
107.63,9.530
107.64,10.145
107.65,10.365
107.66,10.277
107.67,9.970
107.68,9.882
107.69,9.926
107.7,9.486
107.71,9.179
107.72,9.267
107.73,9.750
107.74,9.970
107.75,9.970
107.76,10.101
107.77,9.882
107.78,9.399
107.79,9.662
107.8,9.399
107.81,9.047
107.82,9.311
107.83,10.145
107.84,10.189
107.85,10.101
107.86,9.618
107.87,8.915
107.88,8.696
107.89,9.135
107.9,9.970
107.91,10.189
107.92,10.145
107.93,10.672
107.94,10.409
107.95,10.014
107.96,9.311
107.97,9.267
107.98,9.574
107.99,10.014
108,10.365
108.01,10.585
108.02,10.497
108.03,10.057
108.04,9.970
108.05,10.014
108.06,9.838
108.07,9.970
108.08,10.189
108.09,10.585
108.1,11.024
108.11,10.629
108.12,10.057
108.13,9.486
108.14,9.486
108.15,9.574
108.16,10.145
108.17,10.277
108.18,10.453
108.19,10.321
108.2,10.014
108.21,10.057
108.22,9.530
108.23,9.047
108.24,9.442
108.25,10.101
108.26,10.189
108.27,10.541
108.28,10.365
108.29,10.101
108.3,9.794
108.31,9.355
108.32,9.442
108.33,9.179
108.34,9.750
108.35,10.014
108.36,10.541
108.37,10.585
108.38,9.750
108.39,9.223
108.4,9.399
108.41,9.442
108.42,10.014
108.43,10.409
108.44,10.233
108.45,10.277
108.46,10.277
108.47,9.970
108.48,8.959
108.49,9.355
108.5,9.530
108.51,9.838
108.52,10.014
108.53,10.541
108.54,10.629
108.55,10.233
108.56,9.442
108.57,9.618
108.58,9.574
108.59,10.321
108.6,10.409
108.61,10.365
108.62,10.321
108.63,10.101
108.64,9.838
108.65,9.618
108.66,9.662
108.67,9.574
108.68,9.618
108.69,9.882
108.7,9.970
108.71,10.321
108.72,10.629
108.73,10.497
108.74,9.926
108.75,9.311
108.76,9.355
108.77,10.233
108.78,10.848
108.79,10.672
108.8,10.892
108.81,10.892
108.82,10.233
108.83,9.574
108.84,9.618
108.85,10.014
108.86,10.365
108.87,10.760
108.88,11.156
108.89,10.980
108.9,10.980
108.91,10.453
108.92,10.321
108.93,10.101
108.94,10.277
108.95,10.892
108.96,10.980
108.97,11.331
108.98,11.024
108.99,10.409
109,10.189
109.01,9.926
109.02,9.838
109.03,10.409
109.04,10.760
109.05,11.068
109.06,10.848
109.07,10.716
109.08,10.321
109.09,9.530
109.1,9.618
109.11,9.926
109.12,10.321
109.13,10.716
109.14,10.629
109.15,10.672
109.16,10.101
109.17,10.145
109.18,9.750
109.19,9.750
109.2,9.750
109.21,10.145
109.22,10.672
109.23,10.980
109.24,10.365
109.25,10.409
109.26,9.970
109.27,9.267
109.28,9.618
109.29,9.794
109.3,10.189
109.31,10.453
109.32,10.453
109.33,10.101
109.34,9.882
109.35,9.267
109.36,9.047
109.37,9.091
109.38,9.179
109.39,8.740
109.4,9.091
109.41,9.399
109.42,9.970
109.43,10.145
109.44,10.541
109.45,10.585
109.46,10.101
109.47,9.530
109.48,9.618
109.49,9.442
109.5,9.135
109.51,9.882
109.52,10.145
109.53,10.497
109.54,10.277
109.55,10.189
109.56,9.794
109.57,9.442
109.58,9.311
109.59,9.838
109.6,10.321
109.61,10.497
109.62,10.365
109.63,11.068
109.64,10.321
109.65,9.838
109.66,9.486
109.67,9.838
109.68,10.057
109.69,10.189
109.7,10.321
109.71,10.892
109.72,10.629
109.73,10.189
109.74,9.574
109.75,9.574
109.76,9.530
109.77,10.101
109.78,10.101
109.79,10.277
109.8,10.672
109.81,10.541
109.82,10.057
109.83,9.442
109.84,9.706
109.85,9.706
109.86,9.706
109.87,10.189
109.88,10.760
109.89,10.716
109.9,10.233
109.91,9.706
109.92,9.794
109.93,9.530
109.94,9.838
109.95,10.409
109.96,10.453
109.97,10.497
109.98,10.277
109.99,9.926
110,9.926
110.01,9.970
110.02,9.838
110.03,10.497
110.04,11.068
110.05,10.936
110.06,10.936
110.07,11.024
110.08,10.453
110.09,9.706
110.1,9.926
110.11,10.145
110.12,10.585
110.13,10.453
110.14,10.892
110.15,10.848
110.16,9.970
110.17,10.014
110.18,9.794
110.19,9.399
110.2,9.267
110.21,9.794
110.22,10.497
110.23,10.585
110.24,10.321
110.25,10.145
110.26,9.442
110.27,8.827
110.28,8.784
110.29,9.750
110.3,9.970
110.31,9.882
110.32,10.233
110.33,10.321
110.34,9.530
110.35,9.223
110.36,9.399
110.37,9.311
110.38,8.608
110.39,9.311
110.4,9.179
110.41,9.355
110.42,9.399
110.43,9.530
110.44,9.706
110.45,9.267
110.46,9.267
110.47,9.179
110.48,9.442
110.49,9.003
110.5,9.135
110.51,9.179
110.52,9.355
110.53,9.311
110.54,9.179
110.55,9.047
110.56,9.530
110.57,9.618
110.58,9.311
110.59,9.179
110.6,9.355
110.61,9.486
110.62,9.311
110.63,9.179
110.64,9.574
110.65,9.442
110.66,9.267
110.67,8.784
110.68,9.135
110.69,9.618
110.7,9.618
110.71,9.091
110.72,9.267
110.73,9.574
110.74,9.574
110.75,9.530
110.76,9.662
110.77,9.574
110.78,9.486
110.79,9.442
110.8,9.618
110.81,9.970
110.82,9.530
110.83,9.486
110.84,9.486
110.85,9.355
110.86,9.399
110.87,9.355
110.88,10.014
110.89,9.706
110.9,9.399
110.91,9.311
110.92,9.399
110.93,9.574
110.94,9.135
110.95,9.135
110.96,9.618
110.97,9.662
110.98,9.399
110.99,9.750
111,9.486
111.01,9.399
111.02,9.091
111.03,9.442
111.04,9.794
111.05,9.442
111.06,9.267
111.07,9.311
111.08,9.618
111.09,9.047
111.1,9.179
111.11,9.486
111.12,9.530
111.13,9.355
111.14,9.223
111.15,9.530
111.16,9.618
111.17,9.223
111.18,9.399
111.19,9.618
111.2,9.618
111.21,9.530
111.22,9.267
111.23,9.486
111.24,9.399
111.25,9.267
111.26,9.179
111.27,9.442
111.28,9.223
111.29,8.915
111.3,9.179
111.31,9.223
111.32,8.784
111.33,8.915
111.34,9.442
111.35,9.355
111.36,9.267
111.37,8.915
111.38,9.442
111.39,9.574
111.4,8.959
111.41,9.355
111.42,9.267
111.43,9.223
111.44,9.135
111.45,8.784
111.46,9.267
111.47,9.135
111.48,8.784
111.49,9.267
111.5,9.179
111.51,9.530
111.52,9.486
111.53,9.399
111.54,9.442
111.55,9.267
111.56,9.311
111.57,9.486
111.58,9.267
111.59,9.442
111.6,9.267
111.61,9.223
111.62,9.662
111.63,9.399
111.64,9.091
111.65,9.355
111.66,9.618
111.67,9.179
111.68,9.047
111.69,9.486
111.7,9.442
111.71,9.047
111.72,8.915
111.73,9.223
111.74,9.223
111.75,9.267
111.76,8.740
111.77,9.311
111.78,9.399
111.79,9.223
111.8,9.355
111.81,9.135
111.82,9.486
111.83,9.662
111.84,9.794
111.85,9.750
111.86,9.618
111.87,9.486
111.88,9.530
111.89,9.355
111.9,9.838
111.91,9.794
111.92,9.179
111.93,9.311
111.94,9.399
111.95,9.574
111.96,9.970
111.97,9.311
111.98,9.311
111.99,9.662
112,9.970
112.01,9.530
112.02,9.311
112.03,9.223
112.04,9.442
112.05,9.706
112.06,9.618
112.07,9.442
112.08,9.442
112.09,9.223
112.1,9.267
112.11,9.794
112.12,9.750
112.13,9.794
112.14,9.574
112.15,9.091
112.16,9.311
112.17,9.618
112.18,9.574
112.19,9.399
112.2,9.530
112.21,9.223
112.22,9.486
112.23,9.530
112.24,9.618
112.25,9.574
112.26,9.047
112.27,9.618
112.28,9.838
112.29,9.882
112.3,9.838
112.31,9.311
112.32,9.179
112.33,9.399
112.34,9.926
112.35,10.014
112.36,9.970
112.37,9.486
112.38,9.442
112.39,9.662
112.4,9.794
112.41,9.882
112.42,9.179
112.43,9.179
112.44,9.399
112.45,9.574
112.46,9.838
112.47,9.706
112.48,9.267
112.49,9.135
112.5,9.706
112.51,9.486
112.52,9.442
112.53,9.355
112.54,8.520
112.55,9.047
112.56,9.838
112.57,9.794
112.58,9.794
112.59,9.091
112.6,9.267
112.61,9.706
112.62,9.926
112.63,10.101
112.64,9.794
112.65,9.970
112.66,10.277
112.67,11.068
112.68,11.068
112.69,10.760
112.7,9.794
112.71,9.311
112.72,9.618
112.73,10.321
112.74,10.101
112.75,9.794
112.76,9.618
112.77,9.838
112.78,10.321
112.79,10.760
112.8,11.244
112.81,11.156
112.82,10.672
112.83,10.057
112.84,10.101
112.85,9.882
112.86,10.101
112.87,10.277
112.88,10.585
112.89,11.112
112.9,10.892
112.91,10.321
112.92,9.970
112.93,9.530
112.94,9.442
112.95,10.101
112.96,10.585
112.97,10.629
112.98,11.024
112.99,10.497
113,10.233
113.01,9.750
113.02,10.101
113.03,9.574
113.04,9.706
113.05,10.101
113.06,10.409
113.07,10.892
113.08,10.629
113.09,10.145
113.1,9.311
113.11,9.091
113.12,9.882
113.13,10.189
113.14,10.277
113.15,10.277
113.16,10.497
113.17,10.409
113.18,10.057
113.19,9.838
113.2,9.530
113.21,9.530
113.22,10.145
113.23,10.409
113.24,10.892
113.25,10.892
113.26,10.189
113.27,10.057
113.28,10.101
113.29,10.101
113.3,10.453
113.31,10.453
113.32,10.892
113.33,11.068
113.34,10.980
113.35,10.101
113.36,9.662
113.37,9.706
113.38,9.574
113.39,9.311
113.4,9.618
113.41,9.530
113.42,9.926
113.43,10.892
113.44,11.156
113.45,11.068
113.46,10.014
113.47,9.530
113.48,9.618
113.49,9.486
113.5,9.618
113.51,9.135
113.52,9.267
113.53,9.442
113.54,9.926
113.55,10.101
113.56,10.145
113.57,10.101
113.58,10.233
113.59,9.794
113.6,9.618
113.61,9.223
113.62,9.223
113.63,9.926
113.64,10.057
113.65,10.233
113.66,10.497
113.67,10.321
113.68,10.057
113.69,9.750
113.7,9.223
113.71,9.530
113.72,10.145
113.73,10.321
113.74,10.453
113.75,9.882
113.76,9.926
113.77,9.486
113.78,9.486
113.79,9.530
113.8,9.618
113.81,10.014
113.82,10.497
113.83,10.936
113.84,10.497
113.85,9.750
113.86,9.223
113.87,9.618
113.88,10.101
113.89,10.321
113.9,10.453
113.91,11.200
113.92,11.200
113.93,10.541
113.94,10.145
113.95,9.486
113.96,9.794
113.97,10.101
113.98,10.409
113.99,10.585
114,10.629
114.01,10.804
114.02,10.453
114.03,10.101
114.04,9.662
114.05,9.530
114.06,9.574
114.07,10.233
114.08,10.672
114.09,10.585
114.1,10.453
114.11,10.321
114.12,9.662
114.13,9.486
114.14,9.442
114.15,9.706
114.16,10.014
114.17,10.453
114.18,10.541
114.19,10.409
114.2,9.970
114.21,9.223
114.22,9.267
114.23,9.662
114.24,10.233
114.25,10.365
114.26,10.321
114.27,10.321
114.28,10.014
114.29,9.706
114.3,9.618
114.31,9.223
114.32,9.706
114.33,10.497
114.34,10.541
114.35,10.541
114.36,10.189
114.37,9.530
114.38,9.311
114.39,9.179
114.4,9.399
114.41,9.530
114.42,9.838
114.43,10.277
114.44,10.629
114.45,10.760
114.46,10.277
114.47,9.355
114.48,9.135
114.49,9.794
114.5,9.442
114.51,9.135
114.52,9.003
114.53,8.959
114.54,9.750
114.55,10.541
114.56,10.365
114.57,10.101
114.58,10.497
114.59,9.926
114.6,9.399
114.61,9.179
114.62,9.091
114.63,9.882
114.64,10.233
114.65,10.321
114.66,10.321
114.67,9.926
114.68,9.618
114.69,9.311
114.7,9.311
114.71,9.486
114.72,9.926
114.73,9.750
114.74,10.277
114.75,10.409
114.76,10.057
114.77,9.838
114.78,9.355
114.79,8.740
114.8,9.486
114.81,10.233
114.82,10.585
114.83,10.716
114.84,10.629
114.85,9.750
114.86,9.662
114.87,9.223
114.88,9.442
114.89,10.277
114.9,10.233
114.91,10.541
114.92,10.277
114.93,10.321
114.94,9.926
114.95,9.618
114.96,9.355
114.97,9.399
114.98,10.101
114.99,10.233
115,10.321
115.01,10.145
115.02,9.882
115.03,9.574
115.04,9.486
115.05,9.399
115.06,9.574
115.07,9.882
115.08,10.365
115.09,10.409
115.1,10.497
115.11,10.057
115.12,9.574
115.13,9.223
115.14,9.135
115.15,10.409
115.16,10.629
115.17,10.321
115.18,10.277
115.19,10.629
115.2,10.145
115.21,9.662
115.22,9.618
115.23,9.399
115.24,9.882
115.25,10.497
115.26,10.541
115.27,10.365
115.28,9.750
115.29,9.662
115.3,9.399
115.31,9.399
115.32,9.706
115.33,10.057
115.34,10.321
115.35,10.277
115.36,10.057
115.37,9.926
115.38,9.223
115.39,8.871
115.4,8.959
115.41,9.267
115.42,9.486
115.43,10.233
115.44,10.365
115.45,10.277
115.46,9.794
115.47,9.574
115.48,9.750
115.49,9.486
115.5,9.311
115.51,9.003
115.52,9.179
115.53,9.399
115.54,9.926
115.55,10.189
115.56,10.585
115.57,10.233
115.58,10.145
115.59,9.618
115.6,9.574
115.61,9.618
115.62,9.530
115.63,9.311
115.64,9.311
115.65,9.618
115.66,9.486
115.67,9.486
115.68,9.355
115.69,9.486
115.7,9.706
115.71,9.838
115.72,9.399
115.73,8.915
115.74,9.003
115.75,9.311
115.76,9.530
115.77,9.223
115.78,8.915
115.79,8.784
115.8,9.442
115.81,9.442
115.82,9.223
115.83,9.003
115.84,9.750
115.85,9.618
115.86,9.311
115.87,9.311
115.88,9.530
115.89,9.311
115.9,9.223
115.91,9.750
115.92,9.179
115.93,9.706
115.94,9.794
115.95,9.267
115.96,9.574
115.97,9.135
115.98,9.003
115.99,9.311
116,9.574
116.01,9.179
116.02,9.223
116.03,9.179
116.04,9.135
116.05,9.618
116.06,9.618
116.07,9.311
116.08,9.223
116.09,9.750
116.1,9.750
116.11,9.311
116.12,9.311
116.13,9.486
116.14,9.442
116.15,9.267
116.16,9.442
116.17,9.442
116.18,9.662
116.19,9.706
116.2,9.267
116.21,9.574
116.22,9.750
116.23,9.662
116.24,9.662
116.25,9.486
116.26,9.574
116.27,9.618
116.28,9.618
116.29,9.442
116.3,9.003
116.31,9.311
116.32,9.662
116.33,9.267
116.34,9.311
116.35,9.311
116.36,9.794
116.37,9.311
116.38,9.091
116.39,9.574
116.4,9.399
116.41,9.442
116.42,9.223
116.43,9.574
116.44,9.486
116.45,9.091
116.46,9.135
116.47,9.662
116.48,9.135
116.49,9.179
116.5,9.223
116.51,9.442
116.52,9.618
116.53,9.486
116.54,9.135
116.55,9.486
116.56,9.618
116.57,9.223
116.58,9.091
116.59,9.618
116.6,9.399
116.61,9.135
116.62,8.784
116.63,9.355
116.64,9.311
116.65,9.486
116.66,8.959
116.67,9.047
116.68,9.223
116.69,9.442
116.7,9.267
116.71,9.135
116.72,9.311
116.73,9.486
116.74,8.959
116.75,8.915
116.76,9.135
116.77,9.267
116.78,8.915
116.79,9.047
116.8,9.442
116.81,9.223
116.82,8.915
116.83,9.179
116.84,9.574
116.85,9.091
116.86,9.267
116.87,9.135
116.88,9.179
116.89,9.574
116.9,9.399
116.91,9.311
116.92,9.223
116.93,9.442
116.94,9.223
116.95,9.223
116.96,9.530
116.97,9.530
116.98,9.179
116.99,9.486
117,9.486
117.01,9.223
117.02,9.091
117.03,9.530
117.04,9.574
117.05,9.355
117.06,9.223
117.07,9.355
117.08,9.750
117.09,9.530
117.1,9.399
117.11,9.662
117.12,9.442
117.13,9.267
117.14,9.223
117.15,9.662
117.16,9.135
117.17,9.003
117.18,9.574
117.19,9.311
117.2,9.223
117.21,9.355
117.22,9.706
117.23,9.311
117.24,9.135
117.25,9.311
117.26,9.618
117.27,9.047
117.28,9.223
117.29,9.091
117.3,9.355
117.31,9.311
117.32,9.311
117.33,9.267
117.34,9.794
117.35,9.399
117.36,9.003
117.37,8.871
117.38,9.486
117.39,9.486
117.4,9.355
117.41,9.618
117.42,9.486
117.43,9.838
117.44,9.794
117.45,9.618
117.46,9.750
117.47,10.057
117.48,10.014
117.49,10.145
117.5,9.530
117.51,9.530
117.52,9.442
117.53,9.750
117.54,9.794
117.55,9.574
117.56,9.442
117.57,9.574
117.58,9.662
117.59,9.223
117.6,9.486
117.61,9.838
117.62,9.442
117.63,9.091
117.64,9.486
117.65,9.574
117.66,9.267
117.67,9.442
117.68,9.355
117.69,9.574
117.7,9.574
117.71,9.486
117.72,9.530
117.73,9.399
117.74,10.365
117.75,10.585
117.76,10.497
117.77,10.804
117.78,10.233
117.79,9.882
117.8,9.970
117.81,9.882
117.82,9.574
117.83,9.662
117.84,9.574
117.85,9.399
117.86,9.662
117.87,10.277
117.88,10.892
117.89,10.848
117.9,10.409
117.91,10.321
117.92,10.057
117.93,9.442
117.94,9.530
117.95,9.926
117.96,10.497
117.97,10.541
117.98,11.200
117.99,11.024
118,10.541
118.01,10.057
118.02,9.794
118.03,9.486
118.04,10.101
118.05,10.848
118.06,10.453
118.07,10.497
118.08,10.980
118.09,10.848
118.1,9.926
118.11,9.970
118.12,9.882
118.13,10.277
118.14,10.980
118.15,11.200
118.16,10.716
118.17,10.277
118.18,10.145
118.19,10.014
118.2,9.399
118.21,9.486
118.22,10.365
118.23,10.321
118.24,10.541
118.25,10.585
118.26,10.321
118.27,9.926
118.28,9.267
118.29,9.574
118.3,10.233
118.31,10.453
118.32,10.365
118.33,10.892
118.34,10.629
118.35,9.970
118.36,9.311
118.37,9.706
118.38,9.399
118.39,9.223
118.4,9.355
118.41,9.662
118.42,10.321
118.43,10.277
118.44,10.453
118.45,10.760
118.46,10.189
118.47,9.838
118.48,9.311
118.49,9.047
118.5,9.618
118.51,9.355
118.52,9.135
118.53,9.179
118.54,9.926
118.55,10.189
118.56,10.848
118.57,10.848
118.58,10.585
118.59,10.101
118.6,9.970
118.61,9.530
118.62,9.794
118.63,10.145
118.64,10.804
118.65,10.892
118.66,10.453
118.67,10.497
118.68,10.101
118.69,9.662
118.7,9.706
118.71,10.101
118.72,10.101
118.73,10.277
118.74,10.716
118.75,10.409
118.76,9.970
118.77,9.882
118.78,9.486
118.79,9.662
118.8,10.365
118.81,10.629
118.82,10.585
118.83,10.980
118.84,10.629
118.85,9.926
118.86,9.838
118.87,9.970
118.88,10.101
118.89,10.365
118.9,10.497
118.91,10.980
118.92,10.980
118.93,10.716
118.94,10.145
118.95,9.926
118.96,9.926
118.97,9.838
118.98,10.189
118.99,10.716
119,10.980
119.01,10.980
119.02,10.189
119.03,10.145
119.04,9.750
119.05,9.706
119.06,9.838
119.07,10.497
119.08,10.541
119.09,10.804
119.1,10.672
119.11,9.970
119.12,9.838
119.13,9.882
119.14,9.091
119.15,9.530
119.16,10.672
119.17,10.497
119.18,10.716
119.19,10.189
119.2,9.618
119.21,9.750
119.22,10.145
119.23,9.530
119.24,9.750
119.25,10.189
119.26,10.365
119.27,10.848
119.28,10.365
119.29,9.574
119.3,9.750
119.31,9.706
119.32,10.321
119.33,10.585
119.34,10.365
119.35,10.453
119.36,10.541
119.37,9.970
119.38,9.267
119.39,8.959
119.4,9.179
119.41,9.486
119.42,10.233
119.43,10.453
119.44,10.453
119.45,10.497
119.46,10.672
119.47,9.926
119.48,9.442
119.49,9.442
119.5,9.618
119.51,9.706
119.52,9.399
119.53,9.047
119.54,9.618
119.55,10.189
119.56,10.497
119.57,10.541
119.58,10.321
119.59,9.750
119.6,9.311
119.61,9.530
119.62,9.442
119.63,9.926
119.64,10.101
119.65,10.497
119.66,10.672
119.67,10.321
119.68,9.970
119.69,9.442
119.7,9.486
119.71,9.838
119.72,9.794
119.73,10.365
119.74,10.453
119.75,10.189
119.76,9.970
119.77,9.706
119.78,9.882
119.79,9.311
119.8,9.662
119.81,9.750
119.82,10.145
119.83,10.321
119.84,10.014
119.85,9.794
119.86,9.399
119.87,9.355
119.88,9.618
119.89,9.574
119.9,9.574
119.91,10.453
119.92,10.189
119.93,9.618
119.94,9.223
119.95,9.706
119.96,9.486
119.97,9.267
119.98,9.399
119.99,10.145
120,10.716
120.01,10.672
120.02,10.101
120.03,9.706
120.04,9.399
120.05,9.311
120.06,9.706
120.07,9.706
120.08,10.365
120.09,10.321
120.1,10.497
120.11,9.970
120.12,9.750
120.13,9.486
120.14,9.486
120.15,9.838
120.16,9.926
120.17,10.585
120.18,10.541
120.19,10.277
120.2,9.794
120.21,9.618
120.22,10.014
120.23,9.970
120.24,10.629
120.25,10.453
120.26,10.804
120.27,10.936
120.28,10.365
120.29,10.057
120.3,9.618
120.31,10.057
120.32,10.189
120.33,10.321
120.34,10.233
120.35,10.716
120.36,10.541
120.37,10.145
120.38,9.794
120.39,9.047
120.4,9.091
120.41,9.662
120.42,10.321
120.43,10.321
120.44,10.145
120.45,10.277
120.46,9.926
120.47,9.618
120.48,9.399
120.49,9.135
120.5,10.057
120.51,10.189
120.52,9.882
120.53,10.321
120.54,10.233
120.55,9.750
120.56,9.838
120.57,9.047
120.58,9.399
120.59,10.014
120.6,10.101
120.61,10.365
120.62,9.926
120.63,9.706
120.64,9.706
120.65,9.618
120.66,9.355
120.67,9.135
120.68,9.179
120.69,9.530
120.7,9.486
120.71,9.750
120.72,9.794
120.73,9.706
120.74,9.179
120.75,9.530
120.76,9.926
120.77,9.882
120.78,9.706
120.79,9.706
120.8,9.399
120.81,9.311
120.82,9.706
120.83,9.399
120.84,9.618
120.85,9.311
120.86,8.915
120.87,9.355
120.88,9.574
120.89,9.618
120.9,9.311
120.91,9.267
120.92,9.794
120.93,9.706
120.94,9.442
120.95,9.135
120.96,9.794
120.97,9.311
120.98,9.399
120.99,9.179
121,9.399
121.01,9.442
121.02,9.662
121.03,9.179
121.04,9.047
121.05,9.267
121.06,9.399
121.07,9.355
121.08,8.915
121.09,9.091
121.1,9.399
121.11,9.355
121.12,9.355
121.13,8.827
121.14,9.399
121.15,9.530
121.16,9.486
121.17,9.355
121.18,9.091
121.19,9.355
121.2,9.618
121.21,9.267
121.22,9.135
121.23,9.267
121.24,9.399
121.25,9.442
121.26,9.135
121.27,9.442
121.28,9.574
121.29,9.355
121.3,9.311
121.31,9.267
121.32,9.442
121.33,9.399
121.34,9.267
121.35,8.915
121.36,9.135
121.37,9.355
121.38,9.311
121.39,9.486
121.4,9.442
121.41,9.794
121.42,9.750
121.43,9.486
121.44,9.355
121.45,9.399
121.46,9.794
121.47,9.838
121.48,9.574
121.49,9.311
121.5,9.750
121.51,9.838
121.52,9.794
121.53,9.399
121.54,9.442
121.55,9.706
121.56,9.399
121.57,9.355
121.58,9.267
121.59,8.959
121.6,9.003
121.61,9.267
121.62,9.223
121.63,9.355
121.64,9.047
121.65,9.047
121.66,9.091
121.67,9.311
121.68,9.091
121.69,9.794
121.7,9.442
121.71,8.915
121.72,8.915
121.73,9.311
121.74,9.486
121.75,9.355
121.76,9.486
121.77,9.311
121.78,9.267
121.79,9.530
121.8,9.618
121.81,9.355
121.82,9.706
121.83,9.179
121.84,8.871
121.85,9.442
121.86,9.882
121.87,9.838
121.88,9.662
121.89,9.486
121.9,9.618
121.91,9.399
121.92,9.267
121.93,9.662
121.94,9.618
121.95,9.486
121.96,9.179
121.97,9.355
121.98,9.399
121.99,9.794
122,9.970
122.01,9.838
122.02,9.662
122.03,9.267
122.04,9.486
122.05,9.574
122.06,9.530
122.07,9.838
122.08,9.706
122.09,9.794
122.1,9.574
122.11,9.399
122.12,9.355
122.13,9.486
122.14,9.662
122.15,9.486
122.16,9.223
122.17,9.311
122.18,9.574
122.19,9.574
122.2,9.442
122.21,9.442
122.22,9.267
122.23,9.047
122.24,9.486
122.25,9.486
122.26,9.486
122.27,9.179
122.28,9.091
122.29,9.794
122.3,9.486
122.31,9.750
122.32,9.530
122.33,9.267
122.34,9.135
122.35,9.442
122.36,9.970
122.37,9.135
122.38,9.311
122.39,9.486
122.4,9.267
122.41,9.355
122.42,9.486
122.43,9.223
122.44,9.530
122.45,9.442
122.46,9.442
122.47,9.442
122.48,9.794
122.49,9.223
122.5,9.047
122.51,9.442
122.52,9.442
122.53,9.135
122.54,9.706
122.55,9.179
122.56,9.530
122.57,9.750
122.58,9.399
122.59,9.882
122.6,9.662
122.61,9.267
122.62,9.311
122.63,9.267
122.64,9.355
122.65,9.530
122.66,9.530
122.67,9.662
122.68,8.959
122.69,9.223
122.7,9.530
122.71,9.662
122.72,9.091
122.73,8.959
122.74,9.091
122.75,9.223
122.76,9.091
122.77,8.784
122.78,8.959
122.79,9.003
122.8,9.003
122.81,8.915
122.82,9.267
122.83,9.311
122.84,9.179
122.85,9.442
122.86,9.311
122.87,9.882
122.88,10.277
122.89,10.277
122.9,10.057
122.91,9.574
122.92,9.574
122.93,9.047
122.94,9.399
122.95,9.091
122.96,9.530
122.97,9.882
122.98,10.057
122.99,9.926
123,9.838
123.01,9.135
123.02,9.135
123.03,8.959
123.04,9.267
123.05,9.618
123.06,9.882
123.07,9.926
123.08,10.145
123.09,9.706
123.1,9.047
123.11,9.179
123.12,8.959
123.13,9.355
123.14,10.145
123.15,10.321
123.16,9.970
123.17,10.189
123.18,10.014
123.19,9.267
123.2,9.311
123.21,9.662
123.22,9.574
123.23,9.970
123.24,10.365
123.25,10.057
123.26,9.706
123.27,9.442
123.28,9.179
123.29,9.003
123.3,9.442
123.31,10.277
123.32,10.101
123.33,10.365
123.34,10.453
123.35,10.365
123.36,9.399
123.37,9.399
123.38,9.355
123.39,9.618
123.4,9.267
123.41,9.574
123.42,10.497
123.43,10.541
123.44,10.409
123.45,10.585
123.46,10.848
123.47,10.321
123.48,9.399
123.49,9.311
123.5,9.574
123.51,9.574
123.52,9.267
123.53,9.047
123.54,9.662
123.55,9.926
123.56,10.014
123.57,10.233
123.58,10.145
123.59,9.706
123.6,9.618
123.61,9.179
123.62,9.311
123.63,9.970
123.64,10.189
123.65,10.189
123.66,10.365
123.67,10.145
123.68,9.618
123.69,9.355
123.7,9.135
123.71,9.355
123.72,9.970
123.73,10.189
123.74,10.145
123.75,10.409
123.76,10.057
123.77,9.355
123.78,9.135
123.79,9.399
123.8,9.311
123.81,9.970
123.82,9.926
123.83,10.365
123.84,10.233
123.85,10.189
123.86,9.794
123.87,9.355
123.88,9.003
123.89,9.399
123.9,10.233
123.91,10.409
123.92,10.321
123.93,10.365
123.94,9.838
123.95,9.486
123.96,9.530
123.97,9.047
123.98,9.442
123.99,10.145
124,10.409
124.01,10.365
124.02,10.057
124.03,9.486
124.04,9.311
124.05,9.179
124.06,9.486
124.07,10.145
124.08,10.321
124.09,10.497
124.1,10.760
124.11,10.541
124.12,10.101
124.13,9.618
124.14,9.311
124.15,9.574
124.16,10.321
124.17,10.365
124.18,10.233
124.19,10.277
124.2,9.662
124.21,9.047
124.22,9.267
124.23,9.267
124.24,9.618
124.25,10.057
124.26,10.101
124.27,10.409
124.28,9.970
124.29,9.355
124.3,9.311
124.31,9.311
124.32,9.223
124.33,9.399
124.34,9.662
124.35,10.189
124.36,10.716
124.37,10.760
124.38,9.706
124.39,9.311
124.4,9.750
124.41,9.794
124.42,9.399
124.43,9.355
124.44,9.926
124.45,10.365
124.46,10.497
124.47,10.409
124.48,10.233
124.49,10.189
124.5,9.662
124.51,9.267
124.52,9.223
124.53,9.618
124.54,9.486
124.55,9.574
124.56,9.882
124.57,10.541
124.58,10.760
124.59,10.892
124.6,10.848
124.61,10.497
124.62,10.365
124.63,9.970
124.64,9.838
124.65,10.365
124.66,10.980
124.67,11.112
124.68,10.760
124.69,10.277
124.7,10.101
124.71,10.145
124.72,9.662
124.73,9.662
124.74,10.321
124.75,11.024
124.76,10.629
124.77,10.453
124.78,10.189
124.79,9.574
124.8,9.442
124.81,9.179
124.82,9.838
124.83,10.277
124.84,10.277
124.85,10.189
124.86,9.970
124.87,9.442
124.88,9.530
124.89,9.311
124.9,9.574
124.91,9.706
124.92,10.233
124.93,10.453
124.94,10.409
124.95,10.101
124.96,9.882
124.97,9.662
124.98,9.311
124.99,9.399
125,10.014
125.01,10.497
125.02,10.233
125.03,10.189
125.04,10.497
125.05,9.882
125.06,9.355
125.07,8.915
125.08,9.355
125.09,10.277
125.1,10.189
125.11,10.277
125.12,10.541
125.13,10.365
125.14,9.662
125.15,9.267
125.16,9.355
125.17,10.189
125.18,10.057
125.19,10.057
125.2,10.365
125.21,10.848
125.22,10.189
125.23,9.223
125.24,9.618
125.25,9.706
125.26,10.189
125.27,9.926
125.28,10.101
125.29,10.497
125.3,9.882
125.31,9.267
125.32,9.179
125.33,9.179
125.34,8.959
125.35,9.179
125.36,8.827
125.37,9.135
125.38,9.223
125.39,9.311
125.4,8.959
125.41,8.959
125.42,10.014
125.43,10.672
125.44,10.321
125.45,9.794
125.46,9.486
125.47,9.662
125.48,9.442
125.49,9.047
125.5,8.871
125.51,8.915
125.52,9.047
125.53,9.135
125.54,9.223
125.55,9.618
125.56,10.189
125.57,10.189
125.58,9.970
125.59,9.311
125.6,8.784
125.61,9.223
125.62,9.267
125.63,9.750
125.64,9.882
125.65,9.750
125.66,10.101
125.67,10.189
125.68,9.926
125.69,9.486
125.7,9.442
125.71,9.442
125.72,10.101
125.73,10.716
125.74,10.629
125.75,10.409
125.76,9.970
125.77,9.355
125.78,9.091
125.79,9.223
125.8,9.926
125.81,10.365
125.82,10.585
125.83,10.189
125.84,9.750
125.85,9.574
125.86,9.530
125.87,9.442
125.88,9.574
125.89,9.486
125.9,9.223
125.91,9.091
125.92,9.003
125.93,9.311
125.94,9.399
125.95,9.399
125.96,9.574
125.97,9.399
125.98,9.267
125.99,9.223
126,8.871
126.01,9.442
126.02,9.047
126.03,9.091
126.04,9.091
126.05,9.135
126.06,8.871
126.07,9.003
126.08,8.959
126.09,9.135
126.1,9.223
126.11,9.135
126.12,8.740
126.13,8.696
126.14,9.047
126.15,9.179
126.16,9.267
126.17,9.179
126.18,9.179
126.19,9.135
126.2,9.442
126.21,9.399
126.22,9.399
126.23,9.091
126.24,8.915
126.25,8.871
126.26,9.311
126.27,9.355
126.28,9.530
126.29,9.267
126.3,9.179
126.31,9.223
126.32,9.003
126.33,9.267
126.34,9.179
126.35,8.740
126.36,8.784
126.37,9.091
126.38,9.223
126.39,9.047
126.4,9.047
126.41,9.091
126.42,9.267
126.43,9.486
126.44,9.574
126.45,9.574
126.46,9.267
126.47,9.311
126.48,9.355
126.49,9.486
126.5,9.442
126.51,9.442
126.52,9.399
126.53,9.267
126.54,9.838
126.55,9.794
126.56,9.574
126.57,9.267
126.58,9.662
126.59,9.442
126.6,9.486
126.61,9.662
126.62,9.267
126.63,9.091
126.64,9.179
126.65,9.530
126.66,9.794
126.67,9.750
126.68,9.486
126.69,9.399
126.7,9.750
126.71,9.706
126.72,9.882
126.73,9.311
126.74,9.442
126.75,9.399
126.76,9.574
126.77,9.399
126.78,9.399
126.79,9.267
126.8,9.135
126.81,9.618
126.82,9.530
126.83,9.311
126.84,9.311
126.85,9.355
126.86,9.486
126.87,9.442
126.88,9.442
126.89,9.091
126.9,9.179
126.91,9.355
126.92,9.355
126.93,9.970
126.94,9.750
126.95,9.311
126.96,9.838
126.97,9.794
126.98,9.838
126.99,9.486
127,9.442
127.01,9.662
127.02,9.706
127.03,9.574
127.04,9.311
127.05,9.223
127.06,9.486
127.07,9.530
127.08,9.838
127.09,9.662
127.1,9.267
127.11,9.355
127.12,9.355
127.13,9.618
127.14,9.530
127.15,9.618
127.16,9.179
127.17,9.091
127.18,9.223
127.19,9.442
127.2,9.399
127.21,9.442
127.22,9.223
127.23,8.871
127.24,8.959
127.25,9.399
127.26,9.047
127.27,9.267
127.28,8.959
127.29,8.959
127.3,9.091
127.31,9.750
127.32,9.486
127.33,9.399
127.34,9.399
127.35,9.135
127.36,9.311
127.37,9.399
127.38,9.574
127.39,9.530
127.4,9.311
127.41,9.223
127.42,9.442
127.43,9.618
127.44,10.057
127.45,9.442
127.46,9.135
127.47,9.179
127.48,9.486
127.49,9.486
127.5,9.486
127.51,9.442
127.52,9.047
127.53,9.179
127.54,9.223
127.55,9.574
127.56,9.267
127.57,9.355
127.58,9.091
127.59,9.399
127.6,9.486
127.61,9.662
127.62,9.662
127.63,9.355
127.64,8.959
127.65,9.179
127.66,9.399
127.67,9.442
127.68,9.399
127.69,9.267
127.7,9.311
127.71,9.135
127.72,9.706
127.73,9.794
127.74,9.530
127.75,9.486
127.76,9.223
127.77,9.135
127.78,9.311
127.79,9.794
127.8,9.399
127.81,9.223
127.82,9.135
127.83,9.486
127.84,9.574
127.85,9.530
127.86,9.662
127.87,9.486
127.88,9.311
127.89,9.399
127.9,9.618
127.91,9.794
127.92,9.574
127.93,9.442
127.94,9.530
127.95,9.618
127.96,9.750
127.97,9.750
127.98,9.706
127.99,9.267
128,9.794
128.01,10.145
128.02,10.804
128.03,10.629
128.04,10.233
128.05,9.970
128.06,9.794
128.07,9.706
128.08,9.662
128.09,10.189
128.1,10.189
128.11,10.321
128.12,10.672
128.13,10.497
128.14,9.882
128.15,9.486
128.16,8.871
128.17,9.750
128.18,10.101
128.19,10.189
128.2,9.970
128.21,10.145
128.22,9.794
128.23,9.267
128.24,9.267
128.25,9.135
128.26,9.618
128.27,10.057
128.28,10.541
128.29,10.321
128.3,9.926
128.31,9.662
128.32,9.311
128.33,9.486
128.34,9.047
128.35,9.003
128.36,8.608
128.37,9.223
128.38,9.047
128.39,9.223
128.4,8.959
128.41,8.915
128.42,9.486
128.43,10.497
128.44,10.804
128.45,10.365
128.46,9.706
128.47,9.223
128.48,9.355
128.49,9.442
128.5,9.530
128.51,9.838
128.52,10.145
128.53,10.189
128.54,10.629
128.55,10.057
128.56,9.618
128.57,9.267
128.58,9.706
128.59,9.794
128.6,10.497
128.61,10.365
128.62,10.497
128.63,10.453
128.64,9.838
128.65,9.486
128.66,9.486
128.67,9.091
128.68,9.135
128.69,10.101
128.7,10.321
128.71,10.365
128.72,10.145
128.73,9.706
128.74,9.838
128.75,9.574
128.76,9.267
128.77,9.706
128.78,9.750
128.79,10.233
128.8,10.716
128.81,10.760
128.82,10.101
128.83,9.135
128.84,9.047
128.85,9.970
128.86,10.804
128.87,11.024
128.88,10.629
128.89,10.541
128.9,10.277
128.91,10.760
128.92,9.882
128.93,9.750
128.94,9.926
128.95,10.585
128.96,10.760
128.97,11.200
128.98,11.156
128.99,10.497
129,9.970
129.01,9.486
129.02,10.189
129.03,10.453
129.04,11.112
129.05,10.980
129.06,10.716
129.07,10.365
129.08,10.189
129.09,10.233
129.1,9.794
129.11,9.838
129.12,10.014
129.13,10.497
129.14,11.112
129.15,10.629
129.16,10.189
129.17,9.530
129.18,9.662
129.19,9.223
129.2,9.530
129.21,10.145
129.22,10.321
129.23,10.233
129.24,10.672
129.25,10.541
129.26,9.882
129.27,9.794
129.28,9.091
129.29,9.442
129.3,10.321
129.31,10.629
129.32,10.585
129.33,10.321
129.34,10.145
129.35,9.486
129.36,9.442
129.37,9.794
129.38,9.970
129.39,9.618
129.4,9.355
129.41,9.355
129.42,10.057
129.43,10.497
129.44,10.541
129.45,10.716
129.46,10.365
129.47,9.970
129.48,9.706
129.49,9.662
129.5,9.618
129.51,10.145
129.52,10.453
129.53,10.672
129.54,10.760
129.55,10.629
129.56,10.497
129.57,9.926
129.58,9.706
129.59,10.233
129.6,10.585
129.61,10.497
129.62,10.189
129.63,10.497
129.64,10.057
129.65,9.882
129.66,9.442
129.67,8.959
129.68,9.530
129.69,10.277
129.7,10.277
129.71,10.848
129.72,10.145
129.73,9.750
129.74,9.486
129.75,9.662
129.76,9.047
129.77,9.882
129.78,10.145
129.79,10.321
129.8,10.848
129.81,10.365
129.82,10.409
129.83,9.750
129.84,9.574
129.85,9.399
129.86,10.277
129.87,10.497
129.88,10.409
129.89,10.629
129.9,10.233
129.91,9.311
129.92,9.355
129.93,8.871
129.94,9.794
129.95,10.189
129.96,9.970
129.97,10.365
129.98,10.101
129.99,9.662
130,9.399
130.01,9.223
130.02,9.091
130.03,9.750
130.04,9.662
130.05,9.926
130.06,10.233
130.07,9.399
130.08,9.399
130.09,9.091
130.1,8.871
130.11,9.530
130.12,10.014
130.13,9.486
130.14,9.926
130.15,10.277
130.16,9.442
130.17,9.135
130.18,8.784
130.19,9.179
130.2,8.959
130.21,9.530
130.22,10.233
130.23,10.189
130.24,10.145
130.25,10.101
130.26,9.486
130.27,9.179
130.28,9.355
130.29,9.223
130.3,9.970
130.31,10.277
130.32,10.101
130.33,10.101
130.34,9.882
130.35,9.223
130.36,9.047
130.37,9.355
130.38,9.223
130.39,9.003
130.4,9.223
130.41,9.355
130.42,9.970
130.43,9.882
130.44,10.365
130.45,10.497
130.46,9.574
130.47,9.311
130.48,9.355
130.49,9.311
130.5,9.091
130.51,9.618
130.52,10.277
130.53,10.233
130.54,9.926
130.55,9.882
130.56,9.838
130.57,9.179
130.58,9.223
130.59,9.970
130.6,10.233
130.61,10.057
130.62,10.497
130.63,9.970
130.64,9.838
130.65,9.442
130.66,9.223
130.67,9.179
130.68,9.530
130.69,9.926
130.7,10.189
130.71,10.365
130.72,10.760
130.73,10.145
130.74,9.355
130.75,9.399
130.76,9.574
130.77,10.365
130.78,10.277
130.79,10.585
130.8,10.716
130.81,10.541
130.82,9.970
130.83,10.014
130.84,10.014
130.85,10.145
130.86,10.277
130.87,10.760
130.88,10.848
130.89,10.980
130.9,10.409
130.91,10.145
130.92,9.838
130.93,9.750
130.94,9.442
130.95,9.399
130.96,9.662
130.97,9.706
130.98,9.223
130.99,9.399
131,9.574
131.01,9.311
131.02,9.399
131.03,9.706
131.04,9.706
131.05,8.915
131.06,9.223
131.07,9.530
131.08,9.442
131.09,9.706
131.1,9.399
131.11,9.047
131.12,9.223
131.13,9.706
131.14,9.706
131.15,9.442
131.16,9.442
131.17,9.530
131.18,9.486
131.19,9.179
131.2,9.442
131.21,9.486
131.22,9.618
131.23,9.135
131.24,9.091
131.25,9.267
131.26,9.618
131.27,9.355
131.28,9.179
131.29,9.574
131.3,9.662
131.31,9.618
131.32,9.399
131.33,9.486
131.34,9.486
131.35,9.486
131.36,9.267
131.37,9.399
131.38,9.442
131.39,8.959
131.4,9.047
131.41,9.662
131.42,9.486
131.43,9.442
131.44,9.223
131.45,9.311
131.46,9.530
131.47,9.486
131.48,9.267
131.49,9.355
131.5,9.706
131.51,9.399
131.52,9.486
131.53,9.311
131.54,9.091
131.55,9.399
131.56,9.486
131.57,9.838
131.58,9.399
131.59,9.311
131.6,9.618
131.61,9.926
131.62,9.662
131.63,9.750
131.64,9.794
131.65,9.794
131.66,9.355
131.67,9.794
131.68,9.706
131.69,9.574
131.7,9.311
131.71,9.794
131.72,9.399
131.73,9.574
131.74,9.618
131.75,9.794
131.76,9.926
131.77,9.399
131.78,10.014
131.79,9.750
131.8,9.486
131.81,9.838
131.82,10.101
131.83,9.530
131.84,9.311
131.85,9.706
131.86,9.970
131.87,9.706
131.88,9.662
131.89,9.574
131.9,9.750
131.91,9.486
131.92,9.882
131.93,9.662
131.94,9.486
131.95,9.267
131.96,9.486
131.97,9.574
131.98,9.574
131.99,9.618
132,9.618
132.01,9.267
132.02,9.399
132.03,9.530
132.04,9.442
132.05,9.135
132.06,9.618
132.07,9.486
132.08,9.442
132.09,9.399
132.1,9.618
132.11,9.223
132.12,9.486
132.13,9.486
132.14,9.706
132.15,9.267
132.16,9.267
132.17,9.486
132.18,9.662
132.19,9.267
132.2,9.047
132.21,9.311
132.22,9.399
132.23,9.355
132.24,9.838
132.25,9.926
132.26,9.618
132.27,9.926
132.28,9.486
132.29,9.618
132.3,9.442
132.31,9.662
132.32,9.926
132.33,9.530
132.34,9.486
132.35,9.882
132.36,9.486
132.37,9.399
132.38,9.574
132.39,9.662
132.4,9.530
132.41,9.838
132.42,9.662
132.43,9.223
132.44,9.574
132.45,9.882
132.46,9.530
132.47,9.442
132.48,9.926
132.49,9.618
132.5,9.574
132.51,9.355
132.52,9.838
132.53,9.574
132.54,9.311
132.55,9.662
132.56,9.926
132.57,9.486
132.58,9.486
132.59,9.662
132.6,9.706
132.61,9.706
132.62,9.574
132.63,10.014
132.64,9.618
132.65,9.618
132.66,9.355
132.67,9.838
132.68,9.574
132.69,9.442
132.7,9.530
132.71,9.794
132.72,9.794
132.73,9.311
132.74,9.355
132.75,9.574
132.76,9.882
132.77,9.574
132.78,9.574
132.79,9.574
132.8,9.706
132.81,9.399
132.82,9.442
132.83,9.970
132.84,10.233
132.85,9.838
132.86,9.750
132.87,9.442
132.88,9.750
132.89,9.970
132.9,9.662
132.91,9.662
132.92,9.574
132.93,9.355
132.94,9.618
132.95,9.442
132.96,9.442
132.97,9.399
132.98,9.442
132.99,9.442
133,9.003
133.01,9.223
133.02,9.399
133.03,9.355
133.04,9.047
133.05,9.091
133.06,8.871
133.07,9.486
133.08,9.399
133.09,9.530
133.1,9.091
133.11,9.926
133.12,10.497
133.13,10.277
133.14,10.409
133.15,10.321
133.16,10.101
133.17,9.882
133.18,9.355
133.19,9.355
133.2,9.618
133.21,9.223
133.22,9.135
133.23,8.915
133.24,9.882
133.25,10.760
133.26,10.541
133.27,10.365
133.28,10.629
133.29,10.321
133.3,9.882
133.31,9.838
133.32,9.662
133.33,10.057
133.34,10.145
133.35,10.892
133.36,11.068
133.37,10.672
133.38,9.926
133.39,9.838
133.4,9.926
133.41,9.838
133.42,9.926
133.43,10.629
133.44,10.892
133.45,10.892
133.46,10.585
133.47,10.629
133.48,10.057
133.49,9.970
133.5,9.750
133.51,9.486
133.52,9.794
133.53,9.838
133.54,9.882
133.55,10.453
133.56,10.892
133.57,10.936
133.58,10.804
133.59,10.189
133.6,10.057
133.61,9.838
133.62,10.057
133.63,9.662
133.64,10.585
133.65,10.585
133.66,10.716
133.67,10.716
133.68,10.145
133.69,10.233
133.7,10.321
133.71,9.882
133.72,9.794
133.73,10.409
133.74,10.892
133.75,10.848
133.76,10.541
133.77,10.585
133.78,10.453
133.79,9.794
133.8,9.794
133.81,10.014
133.82,10.629
133.83,10.980
133.84,10.892
133.85,10.541
133.86,10.585
133.87,9.926
133.88,10.101
133.89,9.618
133.9,9.926
133.91,10.453
133.92,11.244
133.93,10.980
133.94,10.585
133.95,10.277
133.96,10.145
133.97,9.706
133.98,9.926
133.99,10.365
134,10.497
134.01,10.672
134.02,10.365
134.03,10.453
134.04,10.057
134.05,9.223
134.06,8.871
134.07,9.750
134.08,10.189
134.09,10.760
134.1,10.497
134.11,10.497
134.12,10.321
134.13,9.750
134.14,9.267
134.15,9.442
134.16,10.145
134.17,10.189
134.18,9.970
134.19,10.101
134.2,10.145
134.21,9.794
134.22,9.047
134.23,9.047
134.24,9.794
134.25,10.145
134.26,10.189
134.27,10.541
134.28,10.672
134.29,10.277
134.3,9.486
134.31,9.574
134.32,9.486
134.33,9.399
134.34,10.145
134.35,10.629
134.36,10.716
134.37,10.453
134.38,10.760
134.39,10.014
134.4,9.574
134.41,9.486
134.42,9.926
134.43,10.497
134.44,10.497
134.45,10.277
134.46,10.365
134.47,10.145
134.48,9.794
134.49,9.486
134.5,10.057
134.51,10.189
134.52,10.277
134.53,10.936
134.54,10.936
134.55,10.716
134.56,10.497
134.57,9.574
134.58,9.794
134.59,10.453
134.6,10.936
134.61,10.672
134.62,11.024
134.63,10.804
134.64,10.321
134.65,9.399
134.66,9.838
134.67,9.838
134.68,9.750
134.69,10.101
134.7,10.672
134.71,11.200
134.72,10.804
134.73,10.541
134.74,9.970
134.75,9.750
134.76,9.399
134.77,10.233
134.78,10.409
134.79,10.672
134.8,10.716
134.81,10.936
134.82,10.277
134.83,9.574
134.84,9.574
134.85,10.014
134.86,10.101
134.87,10.321
134.88,10.409
134.89,10.672
134.9,10.101
134.91,10.014
134.92,9.618
134.93,9.662
134.94,9.794
134.95,10.233
134.96,10.629
134.97,10.936
134.98,10.277
134.99,10.145
135,9.794
135.01,9.355
135.02,9.267
135.03,10.145
135.04,10.277
135.05,10.541
135.06,10.145
135.07,10.014
135.08,10.057
135.09,8.959
135.1,8.959
135.11,9.486
135.12,10.101
135.13,9.882
135.14,10.365
135.15,10.321
135.16,9.794
135.17,9.442
135.18,9.530
135.19,9.267
135.2,9.574
135.21,9.970
135.22,9.926
135.23,10.101
135.24,10.233
135.25,9.618
135.26,9.618
135.27,9.223
135.28,9.179
135.29,9.399
135.3,10.057
135.31,10.101
135.32,10.541
135.33,10.497
135.34,9.618
135.35,9.618
135.36,9.135
135.37,9.135
135.38,8.959
135.39,9.267
135.4,8.959
135.41,9.750
135.42,10.233
135.43,10.189
135.44,10.189
135.45,10.497
135.46,10.189
135.47,9.355
135.48,9.530
135.49,9.223
135.5,9.047
135.51,9.530
135.52,10.497
135.53,10.145
135.54,10.101
135.55,9.882
135.56,9.530
135.57,8.784
135.58,8.959
135.59,9.442
135.6,9.574
135.61,9.838
135.62,10.101
135.63,10.145
135.64,9.442
135.65,9.355
135.66,9.311
135.67,9.355
135.68,9.442
135.69,10.233
135.7,10.189
135.71,10.277
135.72,10.629
135.73,9.838
135.74,9.882
135.75,9.223
135.76,9.003
135.77,9.618
135.78,10.365
135.79,10.101
135.8,10.189
135.81,10.189
135.82,10.233
135.83,9.838
135.84,9.355
135.85,9.399
135.86,9.794
135.87,10.453
135.88,10.233
135.89,10.497
135.9,10.233
135.91,9.574
135.92,9.091
135.93,9.311
135.94,10.057
135.95,10.189
135.96,10.145
135.97,10.760
135.98,10.101
135.99,9.706
136,9.267
136.01,9.399
136.02,9.706
136.03,9.442
136.04,9.223
136.05,9.135
136.06,9.003
136.07,9.311
136.08,9.618
136.09,9.574
136.1,9.442
136.11,9.399
136.12,9.223
136.13,9.223
136.14,9.794
136.15,9.662
136.16,9.618
136.17,9.267
136.18,9.355
136.19,9.223
136.2,9.311
136.21,9.311
136.22,9.618
136.23,9.399
136.24,9.179
136.25,9.003
136.26,9.223
136.27,9.135
136.28,8.959
136.29,9.135
136.3,9.267
136.31,9.399
136.32,9.003
136.33,9.179
136.34,9.311
136.35,9.399
136.36,9.574
136.37,9.486
136.38,9.311
136.39,9.047
136.4,9.574
136.41,9.399
136.42,9.311
136.43,9.662
136.44,9.662
136.45,9.179
136.46,9.047
136.47,8.784
136.48,9.179
136.49,9.399
136.5,9.530
136.51,9.179
136.52,8.915
136.53,9.179
136.54,9.399
136.55,9.574
136.56,9.047
136.57,9.135
136.58,9.223
136.59,9.135
136.6,9.399
136.61,9.486
136.62,9.223
136.63,9.091
136.64,9.574
136.65,9.267
136.66,9.311
136.67,9.442
136.68,9.047
136.69,9.399
136.7,9.311
136.71,9.003
136.72,9.047
136.73,9.618
136.74,9.399
136.75,9.355
136.76,9.179
136.77,9.135
136.78,9.047
136.79,9.091
136.8,9.135
136.81,9.618
136.82,9.311
136.83,9.135
136.84,9.355
136.85,9.047
136.86,9.135
136.87,9.311
136.88,9.311
136.89,8.915
136.9,9.355
136.91,9.267
136.92,9.223
136.93,8.959
136.94,8.915
136.95,9.135
136.96,9.442
136.97,9.047
136.98,9.223
136.99,9.794
137,9.355
137.01,9.091
137.02,9.355
137.03,9.574
137.04,9.618
137.05,9.794
137.06,9.530
137.07,9.223
137.08,9.135
137.09,9.794
137.1,9.399
137.11,9.179
137.12,9.223
137.13,9.355
137.14,8.959
137.15,9.442
137.16,9.794
137.17,9.442
137.18,9.311
137.19,9.530
137.2,9.442
137.21,9.486
137.22,9.267
137.23,9.750
137.24,9.574
137.25,9.794
137.26,9.794
137.27,9.355
137.28,9.486
137.29,9.530
137.3,9.399
137.31,9.223
137.32,9.486
137.33,9.574
137.34,9.267
137.35,9.618
137.36,9.794
137.37,9.267
137.38,9.135
137.39,9.442
137.4,9.662
137.41,9.486
137.42,9.399
137.43,9.706
137.44,9.399
137.45,9.486
137.46,9.486
137.47,9.311
137.48,9.355
137.49,9.618
137.5,9.706
137.51,9.486
137.52,9.047
137.53,8.959
137.54,9.486
137.55,9.794
137.56,9.267
137.57,9.442
137.58,9.574
137.59,9.486
137.6,9.486
137.61,9.574
137.62,9.267
137.63,9.047
137.64,9.618
137.65,9.486
137.66,9.047
137.67,9.047
137.68,9.223
137.69,9.618
137.7,9.311
137.71,8.696
137.72,8.959
137.73,9.179
137.74,9.223
137.75,9.267
137.76,8.871
137.77,9.091
137.78,9.047
137.79,8.959
137.8,8.915
137.81,8.740
137.82,8.827
137.83,9.179
137.84,8.959
137.85,9.003
137.86,9.091
137.87,9.179
137.88,9.091
137.89,8.959
137.9,8.784
137.91,9.047
137.92,9.179
137.93,9.091
137.94,9.179
137.95,9.091
137.96,9.047
137.97,9.486
137.98,9.794
137.99,9.223
138,9.530
138.01,9.399
138.02,9.486
138.03,9.223
138.04,8.871
138.05,9.574
138.06,9.355
138.07,9.618
138.08,9.135
138.09,9.267
138.1,9.618
138.11,9.662
138.12,9.355
138.13,9.750
138.14,9.223
138.15,9.442
138.16,9.618
138.17,9.267
138.18,9.574
138.19,9.530
138.2,9.399
138.21,9.442
138.22,9.486
138.23,9.399
138.24,9.926
138.25,10.189
138.26,10.365
138.27,10.497
138.28,10.189
138.29,10.057
138.3,9.662
138.31,9.442
138.32,9.355
138.33,10.101
138.34,10.277
138.35,10.145
138.36,10.233
138.37,10.497
138.38,9.794
138.39,9.135
138.4,9.091
138.41,9.091
138.42,9.970
138.43,10.629
138.44,10.497
138.45,10.277
138.46,9.926
138.47,10.014
138.48,9.355
138.49,9.355
138.5,9.311
138.51,9.179
138.52,9.047
138.53,9.223
138.54,9.311
138.55,9.618
138.56,10.189
138.57,10.321
138.58,10.541
138.59,9.970
138.6,9.442
138.61,8.784
138.62,9.179
138.63,9.618
138.64,10.145
138.65,10.145
138.66,10.189
138.67,10.629
138.68,10.409
138.69,9.662
138.7,9.135
138.71,9.091
138.72,9.530
138.73,10.189
138.74,10.277
138.75,10.716
138.76,10.365
138.77,9.794
138.78,9.794
138.79,9.223
138.8,8.871
138.81,9.662
138.82,10.189
138.83,10.277
138.84,10.453
138.85,10.409
138.86,9.838
138.87,9.662
138.88,9.838
138.89,9.574
138.9,9.530
138.91,9.926
138.92,10.233
138.93,10.716
138.94,10.453
138.95,9.794
138.96,9.091
138.97,9.442
138.98,9.486
138.99,9.882
139,9.926
139.01,10.189
139.02,10.277
139.03,9.882
139.04,9.574
139.05,9.003
139.06,8.915
139.07,9.618
139.08,10.101
139.09,10.057
139.1,10.014
139.11,9.970
139.12,9.355
139.13,9.530
139.14,9.179
139.15,8.915
139.16,9.399
139.17,10.145
139.18,10.453
139.19,10.365
139.2,9.926
139.21,9.267
139.22,9.223
139.23,9.574
139.24,9.355
139.25,9.838
139.26,9.926
139.27,10.277
139.28,10.541
139.29,10.189
139.3,9.574
139.31,9.267
139.32,9.530
139.33,9.618
139.34,10.145
139.35,10.101
139.36,10.629
139.37,10.629
139.38,9.838
139.39,9.179
139.4,8.915
139.41,9.223
139.42,9.926
139.43,10.014
139.44,9.926
139.45,10.409
139.46,10.189
139.47,9.794
139.48,9.091
139.49,8.871
139.5,9.223
139.51,9.794
139.52,9.926
139.53,9.750
139.54,9.970
139.55,9.750
139.56,9.574
139.57,9.047
139.58,9.003
139.59,9.311
139.6,9.926
139.61,10.233
139.62,10.409
139.63,10.189
139.64,9.442
139.65,9.267
139.66,9.091
139.67,9.179
139.68,9.706
139.69,10.189
139.7,10.145
139.71,10.233
139.72,10.629
139.73,10.189
139.74,9.662
139.75,9.311
139.76,9.091
139.77,9.486
139.78,10.321
139.79,10.409
139.8,10.804
139.81,10.453
139.82,9.574
139.83,9.442
139.84,9.311
139.85,9.311
139.86,9.750
139.87,10.365
139.88,10.497
139.89,10.189
139.9,9.794
139.91,9.750
139.92,9.838
139.93,9.970
139.94,10.057
139.95,10.365
139.96,11.112
139.97,10.848
139.98,10.409
139.99,10.365
140,9.838
140.01,9.750
140.02,9.442
140.03,9.794
140.04,10.716
140.05,10.453
140.06,10.585
140.07,10.101
140.08,9.662
140.09,9.530
140.1,9.706
140.11,9.838
140.12,9.926
140.13,10.101
140.14,10.321
140.15,10.321
140.16,9.706
140.17,9.399
140.18,9.530
140.19,9.486
140.2,9.530
140.21,9.882
140.22,10.145
140.23,10.277
140.24,10.629
140.25,10.277
140.26,9.530
140.27,9.530
140.28,9.618
140.29,9.926
140.3,10.409
140.31,10.716
140.32,10.760
140.33,10.629
140.34,9.794
140.35,9.486
140.36,9.399
140.37,9.530
140.38,9.399
140.39,9.618
140.4,9.311
140.41,9.267
140.42,10.101
140.43,10.804
140.44,10.892
140.45,10.497
140.46,9.970
140.47,9.399
140.48,9.311
140.49,9.267
140.5,9.355
140.51,9.794
140.52,10.189
140.53,10.365
140.54,10.453
140.55,10.277
140.56,9.882
140.57,9.179
140.58,8.871
140.59,9.267
140.6,10.101
140.61,10.629
140.62,10.453
140.63,10.145
140.64,9.486
140.65,8.915
140.66,8.827
140.67,9.091
140.68,9.267
140.69,10.189
140.7,9.970
140.71,10.189
140.72,9.794
140.73,9.794
140.74,9.486
140.75,9.882
140.76,9.530
140.77,10.101
140.78,10.497
140.79,10.804
140.8,10.716
140.81,10.936
140.82,10.057
140.83,9.574
140.84,9.662
140.85,9.574
140.86,10.057
140.87,10.233
140.88,10.672
140.89,10.541
140.9,10.277
140.91,9.662
140.92,9.311
140.93,9.091
140.94,9.530
140.95,10.189
140.96,10.585
140.97,10.716
140.98,10.365
140.99,9.706
141,9.618
141.01,9.223
141.02,9.794
141.03,10.189
141.04,10.453
141.05,10.321
141.06,10.189
141.07,9.794
141.08,9.794
141.09,9.706
141.1,9.486
141.11,9.311
141.12,9.047
141.13,9.135
141.14,9.399
141.15,9.970
141.16,9.926
141.17,9.574
141.18,9.442
141.19,9.486
141.2,9.179
141.21,9.838
141.22,9.486
141.23,9.750
141.24,9.618
141.25,8.959
141.26,9.135
141.27,9.442
141.28,9.442
141.29,9.223
141.3,9.399
141.31,9.355
141.32,9.442
141.33,9.662
141.34,9.311
141.35,9.311
141.36,9.442
141.37,9.267
141.38,8.696
141.39,8.696
141.4,9.091
141.41,9.530
141.42,9.399
141.43,9.003
141.44,9.179
141.45,9.442
141.46,9.618
141.47,9.442
141.48,9.442
141.49,9.267
141.5,9.442
141.51,9.618
141.52,9.223
141.53,8.959
141.54,9.486
141.55,9.486
141.56,9.574
141.57,9.618
141.58,9.223
141.59,9.311
141.6,9.486
141.61,9.662
141.62,9.530
141.63,9.618
141.64,9.003
141.65,9.442
141.66,9.530
141.67,9.926
141.68,9.926
141.69,9.267
141.7,9.267
141.71,9.399
141.72,9.750
141.73,9.706
141.74,9.530
141.75,9.135
141.76,9.267
141.77,9.530
141.78,9.662
141.79,9.706
141.8,9.355
141.81,9.311
141.82,9.311
141.83,9.486
141.84,9.838
141.85,9.442
141.86,9.355
141.87,9.179
141.88,9.662
141.89,9.486
141.9,9.618
141.91,9.399
141.92,9.091
141.93,9.618
141.94,9.838
141.95,9.618
141.96,9.399
141.97,9.267
141.98,9.047
141.99,9.223
142,9.574
142.01,9.574
142.02,9.662
142.03,9.399
142.04,9.399
142.05,9.838
142.06,9.926
142.07,9.750
142.08,9.399
142.09,9.179
142.1,9.794
142.11,9.442
142.12,9.399
142.13,9.838
142.14,9.486
142.15,9.267
142.16,9.530
142.17,10.101
142.18,9.530
142.19,9.838
142.2,9.135
142.21,9.223
142.22,9.355
142.23,9.618
142.24,9.574
142.25,9.574
142.26,9.223
142.27,9.047
142.28,9.091
142.29,9.399
142.3,9.442
142.31,9.662
142.32,9.311
142.33,8.959
142.34,9.267
142.35,9.267
142.36,9.355
142.37,9.399
142.38,9.355
142.39,9.135
142.4,8.959
142.41,9.355
142.42,9.355
142.43,9.442
142.44,9.574
142.45,9.574
142.46,9.442
142.47,8.871
142.48,8.652
142.49,9.047
142.5,9.399
142.51,9.486
142.52,9.574
142.53,9.574
142.54,9.399
142.55,9.135
142.56,9.267
142.57,9.355
142.58,9.882
142.59,9.486
142.6,9.618
142.61,9.750
142.62,9.838
142.63,9.574
142.64,9.399
142.65,9.311
142.66,9.399
142.67,9.794
142.68,9.794
142.69,9.970
142.7,9.970
142.71,9.486
142.72,9.442
142.73,9.267
142.74,9.399
142.75,9.662
142.76,9.794
142.77,9.662
142.78,9.794
142.79,9.311
142.8,9.442
142.81,9.355
142.82,9.399
142.83,9.355
142.84,9.882
142.85,9.574
142.86,10.057
142.87,9.486
142.88,9.267
142.89,9.091
142.9,8.915
142.91,9.442
142.92,9.486
142.93,9.267
142.94,9.574
142.95,9.794
142.96,9.662
142.97,9.355
142.98,9.267
142.99,9.486
143,9.706
143.01,9.662
143.02,9.486
143.03,9.311
143.04,9.311
143.05,9.442
143.06,9.442
143.07,9.618
143.08,9.970
143.09,9.970
143.1,9.750
143.11,9.794
143.12,9.355
143.13,9.135
143.14,9.399
143.15,10.101
143.16,9.750
143.17,10.014
143.18,9.882
143.19,9.355
143.2,9.618
143.21,10.057
143.22,9.574
143.23,9.399
143.24,9.399
143.25,9.486
143.26,9.662
143.27,9.882
143.28,9.486
143.29,9.442
143.3,9.838
143.31,9.838
143.32,9.662
143.33,10.014
143.34,9.970
143.35,9.794
143.36,9.882
143.37,9.662
143.38,9.530
143.39,9.355
143.4,9.355
143.41,9.442
143.42,9.970
143.43,9.970
143.44,9.970
143.45,10.672
143.46,10.145
143.47,9.574
143.48,9.442
143.49,9.442
143.5,9.574
143.51,10.101
143.52,10.365
143.53,10.365
143.54,10.497
143.55,10.277
143.56,10.057
143.57,9.530
143.58,9.399
143.59,9.706
143.6,10.057
143.61,10.189
143.62,10.672
143.63,10.453
143.64,10.057
143.65,9.530
143.66,9.618
143.67,9.267
143.68,9.486
143.69,10.189
143.7,10.321
143.71,10.541
143.72,10.936
143.73,10.629
143.74,9.750
143.75,9.179
143.76,9.530
143.77,10.365
143.78,10.101
143.79,10.233
143.8,10.760
143.81,10.672
143.82,9.750
143.83,10.145
143.84,9.662
143.85,9.442
143.86,10.321
143.87,10.672
143.88,11.024
143.89,11.024
143.9,10.848
143.91,10.277
143.92,9.970
143.93,9.574
143.94,10.057
143.95,10.892
143.96,10.629
143.97,10.497
143.98,10.585
143.99,10.453
144,10.145
144.01,9.750
144.02,9.399
144.03,10.277
144.04,10.804
144.05,10.672
144.06,10.145
144.07,9.750
144.08,9.486
144.09,9.926
144.1,9.618
144.11,9.618
144.12,10.453
144.13,10.936
144.14,11.156
144.15,10.629
144.16,10.101
144.17,9.926
144.18,9.926
144.19,9.750
144.2,9.530
144.21,10.189
144.22,10.672
144.23,10.716
144.24,10.672
144.25,10.189
144.26,10.321
144.27,9.662
144.28,9.399
144.29,9.970
144.3,10.409
144.31,10.629
144.32,10.760
144.33,10.233
144.34,9.706
144.35,9.882
144.36,9.882
144.37,9.618
144.38,9.135
144.39,9.135
144.4,9.311
144.41,9.662
144.42,10.145
144.43,10.277
144.44,10.277
144.45,10.629
144.46,10.145
144.47,9.662
144.48,9.486
144.49,9.706
144.5,9.882
144.51,9.970
144.52,10.321
144.53,10.760
144.54,10.760
144.55,10.409
144.56,9.838
144.57,9.618
144.58,9.311
144.59,9.926
144.6,10.541
144.61,10.541
144.62,10.541
144.63,10.057
144.64,10.014
144.65,9.574
144.66,9.442
144.67,9.486
144.68,9.706
144.69,10.057
144.7,10.057
144.71,10.541
144.72,10.541
144.73,10.101
144.74,9.794
144.75,9.179
144.76,9.267
144.77,9.926
144.78,10.233
144.79,10.629
144.8,10.365
144.81,10.014
144.82,9.442
144.83,9.223
144.84,9.574
144.85,9.355
144.86,9.838
144.87,10.057
144.88,10.189
144.89,10.453
144.9,10.321
144.91,9.794
144.92,9.662
144.93,9.355
144.94,9.618
144.95,10.189
144.96,10.277
144.97,10.760
144.98,10.585
144.99,9.618
145,9.135
145.01,9.618
145.02,9.794
145.03,10.277
145.04,10.277
145.05,10.101
145.06,10.365
145.07,10.277
145.08,9.662
145.09,9.486
145.1,8.915
145.11,9.355
145.12,10.189
145.13,10.277
145.14,10.233
145.15,10.365
145.16,10.014
145.17,9.882
145.18,9.618
145.19,8.915
145.2,9.179
145.21,10.189
145.22,10.760
145.23,10.365
145.24,10.189
145.25,9.882
145.26,9.530
145.27,9.311
145.28,9.091
145.29,9.574
145.3,10.057
145.31,10.321
145.32,9.970
145.33,10.189
145.34,9.706
145.35,9.399
145.36,8.915
145.37,8.959
145.38,9.267
145.39,9.179
145.4,8.959
145.41,9.267
145.42,9.882
145.43,10.145
145.44,9.926
145.45,10.101
145.46,10.145
145.47,9.926
145.48,9.311
145.49,9.135
145.5,9.486
145.51,9.882
145.52,9.794
145.53,9.926
145.54,10.321
145.55,10.145
145.56,9.047
145.57,9.179
145.58,9.399
145.59,9.618
145.6,9.574
145.61,9.838
145.62,10.014
145.63,10.277
145.64,9.179
145.65,8.959
145.66,8.959
145.67,9.223
145.68,9.135
145.69,9.355
145.7,9.706
145.71,10.321
145.72,10.014
145.73,9.267
145.74,9.135
145.75,8.959
145.76,8.915
145.77,9.135
145.78,9.882
145.79,10.233
145.8,10.277
145.81,9.530
145.82,9.399
145.83,9.574
145.84,9.047
145.85,9.223
145.86,9.399
145.87,9.970
145.88,10.189
145.89,10.101
145.9,9.442
145.91,9.267
145.92,9.267
145.93,9.179
145.94,9.091
145.95,9.618
145.96,10.057
145.97,10.014
145.98,9.794
145.99,9.179
146,8.915
146.01,9.003
146.02,9.267
146.03,9.442
146.04,9.794
146.05,9.750
146.06,10.277
146.07,10.101
146.08,9.442
146.09,9.091
146.1,9.091
146.11,9.399
146.12,9.794
146.13,10.014
146.14,10.541
146.15,10.541
146.16,9.882
146.17,9.486
146.18,9.223
146.19,9.618
146.2,9.530
146.21,9.926
146.22,10.233
146.23,10.453
146.24,10.541
146.25,10.365
146.26,9.882
146.27,9.223
146.28,9.618
146.29,9.486
146.3,9.574
146.31,9.091
146.32,9.091
146.33,9.442
146.34,9.794
146.35,9.311
146.36,9.179
146.37,9.618
146.38,9.618
146.39,9.530
146.4,9.091
146.41,9.047
146.42,9.794
146.43,9.794
146.44,9.311
146.45,8.827
146.46,9.047
146.47,9.179
146.48,9.530
146.49,9.355
146.5,9.091
146.51,8.959
146.52,9.399
146.53,9.486
146.54,9.530
146.55,9.267
146.56,8.915
146.57,9.442
146.58,9.662
146.59,9.311
146.6,9.311
146.61,9.003
146.62,9.135
146.63,9.486
146.64,10.014
146.65,9.574
146.66,9.706
146.67,9.530
146.68,9.442
146.69,9.750
146.7,9.838
146.71,9.618
146.72,9.574
146.73,9.442
146.74,9.091
146.75,9.267
146.76,9.794
146.77,10.057
146.78,9.838
146.79,9.442
146.8,9.311
146.81,9.399
146.82,9.618
146.83,9.662
146.84,9.486
146.85,9.662
146.86,9.267
146.87,9.047
146.88,9.399
146.89,9.794
146.9,9.442
146.91,9.442
146.92,9.442
146.93,9.267
146.94,9.179
146.95,9.618
146.96,9.662
146.97,9.311
146.98,9.311
146.99,8.915
147,9.355
147.01,9.486
147.02,9.706
147.03,9.486
147.04,8.696
147.05,8.784
147.06,9.179
147.07,9.311
147.08,9.223
147.09,9.267
147.1,9.091
147.11,9.223
147.12,9.574
147.13,9.486
147.14,9.311
147.15,9.355
147.16,9.838
147.17,9.135
147.18,9.486
147.19,9.530
147.2,9.135
147.21,9.179
147.22,8.959
147.23,9.091
147.24,9.179
147.25,9.223
147.26,8.915
147.27,9.091
147.28,9.399
147.29,9.311
147.3,9.267
147.31,8.740
147.32,9.267
147.33,8.959
147.34,9.311
147.35,9.003
147.36,9.267
147.37,9.003
147.38,9.003
147.39,9.311
147.4,9.442
147.41,9.618
147.42,9.442
147.43,9.179
147.44,9.179
147.45,9.442
147.46,9.618
147.47,9.442
147.48,9.267
147.49,8.915
147.5,8.915
147.51,9.091
147.52,9.223
147.53,9.399
147.54,9.179
147.55,8.784
147.56,9.091
147.57,9.091
147.58,9.399
147.59,9.530
147.6,9.223
147.61,9.179
147.62,9.003
147.63,9.530
147.64,9.399
147.65,9.530
147.66,9.399
147.67,9.311
147.68,9.311
147.69,9.311
147.7,9.530
147.71,9.574
147.72,9.486
147.73,9.223
147.74,8.959
147.75,9.267
147.76,9.267
147.77,9.662
147.78,9.399
147.79,9.355
147.8,9.267
147.81,9.179
147.82,9.223
147.83,9.223
147.84,9.311
147.85,9.267
147.86,9.355
147.87,9.091
147.88,8.915
147.89,9.091
147.9,9.574
147.91,9.794
147.92,9.486
147.93,9.399
147.94,9.267
147.95,9.486
147.96,9.442
147.97,9.047
147.98,9.926
147.99,9.750
148,9.838
148.01,9.135
148.02,9.442
148.03,9.135
148.04,9.574
148.05,9.618
148.06,9.794
148.07,9.530
148.08,9.311
148.09,8.959
148.1,9.179
148.11,9.179
148.12,9.311
148.13,9.706
148.14,9.399
148.15,9.267
148.16,9.003
148.17,9.179
148.18,9.574
148.19,9.311
148.2,9.706
148.21,9.618
148.22,9.486
148.23,9.223
148.24,9.267
148.25,9.179
148.26,9.179
148.27,9.486
148.28,9.574
148.29,9.355
148.3,9.223
148.31,9.047
148.32,9.442
148.33,9.091
148.34,9.135
148.35,9.442
148.36,9.047
148.37,8.915
148.38,9.179
148.39,9.442
148.4,9.750
148.41,9.442
148.42,9.442
148.43,9.486
148.44,9.091
148.45,9.179
148.46,10.497
148.47,10.629
148.48,10.672
148.49,10.497
148.5,9.926
148.51,9.574
148.52,9.706
148.53,9.442
148.54,9.223
148.55,9.442
148.56,9.223
148.57,8.871
148.58,9.311
148.59,10.189
148.6,10.541
148.61,10.409
148.62,10.189
148.63,9.706
148.64,9.355
148.65,9.662
148.66,9.355
148.67,10.145
148.68,10.629
148.69,10.189
148.7,10.321
148.71,10.277
148.72,10.145
148.73,9.882
148.74,9.618
148.75,9.618
148.76,10.145
148.77,10.453
148.78,10.672
148.79,10.672
148.8,10.541
148.81,9.618
148.82,9.135
148.83,9.223
148.84,9.794
148.85,10.365
148.86,10.453
148.87,10.497
148.88,10.233
148.89,10.101
148.9,9.794
148.91,9.574
148.92,9.355
148.93,9.706
148.94,10.145
148.95,10.409
148.96,10.848
148.97,10.804
148.98,10.057
148.99,9.970
149,9.355
149.01,9.618
149.02,10.101
149.03,10.497
149.04,10.585
149.05,10.453
149.06,10.101
149.07,9.574
149.08,9.838
149.09,9.486
149.1,9.662
149.11,9.970
149.12,10.233
149.13,11.200
149.14,10.409
149.15,10.189
149.16,9.794
149.17,9.399
149.18,9.267
149.19,10.057
149.2,10.629
149.21,10.936
149.22,10.716
149.23,10.453
149.24,10.409
149.25,9.882
149.26,9.662
149.27,9.486
149.28,9.970
149.29,10.233
149.3,10.189
149.31,10.101
149.32,10.365
149.33,10.014
149.34,9.355
149.35,9.047
149.36,8.871
149.37,9.223
149.38,9.618
149.39,9.838
149.4,9.399
149.41,9.486
149.42,9.970
149.43,10.541
149.44,11.024
149.45,10.804
149.46,10.672
149.47,9.794
149.48,9.311
149.49,9.091
149.5,8.959
149.51,9.399
149.52,9.442
149.53,8.959
149.54,9.442
149.55,9.750
149.56,10.189
149.57,10.145
149.58,10.101
149.59,9.794
149.6,9.399
149.61,9.355
149.62,8.915
149.63,9.970
149.64,10.453
149.65,10.497
149.66,10.365
149.67,9.662
149.68,9.530
149.69,9.486
149.7,9.399
149.71,10.145
149.72,10.277
149.73,9.970
149.74,10.145
149.75,10.453
149.76,10.233
149.77,9.662
149.78,9.442
149.79,9.179
149.8,9.794
149.81,10.145
149.82,10.848
149.83,10.804
149.84,10.233
149.85,9.882
149.86,9.135
149.87,9.223
149.88,9.662
149.89,10.497
149.9,10.365
149.91,10.497
149.92,10.233
149.93,9.662
149.94,9.706
149.95,9.838
149.96,9.662
149.97,9.530
149.98,10.189
149.99,10.277
150,10.497
150.01,10.497
150.02,10.541
150.03,10.189
150.04,9.486
150.05,9.135
150.06,9.970
150.07,10.277
150.08,10.848
150.09,10.716
150.1,10.672
150.11,9.794
150.12,9.530
150.13,9.750
150.14,9.618
150.15,9.618
150.16,9.970
150.17,10.672
150.18,10.760
150.19,10.057
150.2,9.794
150.21,9.530
150.22,9.618
150.23,9.794
150.24,10.233
150.25,10.233
150.26,10.409
150.27,10.365
150.28,10.057
150.29,9.750
150.3,9.618
150.31,9.662
150.32,10.233
150.33,10.453
150.34,10.672
150.35,10.629
150.36,10.321
150.37,9.882
150.38,9.442
150.39,9.223
150.4,9.223
150.41,9.838
150.42,10.497
150.43,10.716
150.44,10.365
150.45,10.189
150.46,10.189
150.47,9.750
150.48,9.486
150.49,9.442
150.5,9.091
150.51,8.696
150.52,8.959
150.53,9.267
150.54,9.750
150.55,10.365
150.56,10.453
150.57,10.321
150.58,10.453
150.59,9.794
150.6,9.970
150.61,9.267
150.62,9.662
150.63,10.145
150.64,10.189
150.65,10.848
150.66,10.672
150.67,10.760
150.68,10.101
150.69,9.794
150.7,9.750
150.71,10.014
150.72,10.321
150.73,10.321
150.74,10.760
150.75,10.848
150.76,9.838
150.77,10.233
150.78,9.574
150.79,9.442
150.8,10.189
150.81,10.541
150.82,10.848
150.83,10.716
150.84,10.321
150.85,10.321
150.86,9.838
150.87,9.267
150.88,9.750
150.89,10.145
150.9,10.189
150.91,10.585
150.92,10.277
150.93,9.926
150.94,9.223
150.95,9.618
150.96,9.838
150.97,9.662
150.98,10.101
150.99,10.453
151,10.892
151.01,10.233
151.02,9.926
151.03,9.794
151.04,9.442
151.05,9.399
151.06,9.838
151.07,10.365
151.08,10.497
151.09,10.672
151.1,10.585
151.11,9.838
151.12,9.706
151.13,9.530
151.14,9.574
151.15,10.145
151.16,10.716
151.17,10.848
151.18,10.497
151.19,10.145
151.2,10.145
151.21,9.530
151.22,9.223
151.23,9.311
151.24,10.585
151.25,10.321
151.26,10.277
151.27,10.365
151.28,9.926
151.29,9.530
151.3,9.179
151.31,8.871
151.32,9.794
151.33,10.101
151.34,10.189
151.35,10.277
151.36,10.321
151.37,9.926
151.38,9.662
151.39,9.355
151.4,8.871
151.41,9.267
151.42,9.618
151.43,9.003
151.44,9.003
151.45,9.399
151.46,9.750
151.47,9.355
151.48,9.311
151.49,9.091
151.5,9.442
151.51,9.486
151.52,9.355
151.53,9.355
151.54,9.135
151.55,9.223
151.56,9.618
151.57,9.618
151.58,9.486
151.59,9.179
151.6,9.047
151.61,9.794
151.62,9.311
151.63,9.355
151.64,9.355
151.65,9.311
151.66,9.399
151.67,9.530
151.68,9.530
151.69,9.135
151.7,9.135
151.71,9.662
151.72,9.442
151.73,9.794
151.74,9.223
151.75,8.915
151.76,9.267
151.77,9.442
151.78,9.530
151.79,9.047
151.8,9.047
151.81,8.871
151.82,9.399
151.83,9.574
151.84,9.267
151.85,9.355
151.86,9.091
151.87,8.827
151.88,9.618
151.89,9.926
151.9,9.399
151.91,9.223
151.92,9.311
151.93,9.047
151.94,9.091
151.95,9.486
151.96,9.223
151.97,9.399
151.98,9.267
151.99,8.959
152,9.574
152.01,9.442
152.02,9.574
152.03,9.135
152.04,8.740
152.05,9.135
152.06,9.355
152.07,9.135
152.08,9.267
152.09,9.311
152.1,8.915
152.11,9.267
152.12,9.399
152.13,9.530
152.14,9.223
152.15,9.091
152.16,8.959
152.17,9.442
152.18,9.311
152.19,9.223
152.2,9.135
152.21,8.915
152.22,9.267
152.23,9.442
152.24,9.311
152.25,9.135
152.26,9.311
152.27,9.442
152.28,9.267
152.29,9.135
152.3,9.311
152.31,9.794
152.32,9.530
152.33,9.399
152.34,9.311
152.35,9.706
152.36,9.399
152.37,9.926
152.38,9.618
152.39,9.442
152.4,9.486
152.41,10.057
152.42,9.750
152.43,9.970
152.44,10.014
152.45,9.838
152.46,9.618
152.47,9.794
152.48,9.618
152.49,9.574
152.5,9.442
152.51,9.618
152.52,9.486
152.53,9.618
152.54,9.355
152.55,9.135
152.56,9.574
152.57,9.926
152.58,9.442
152.59,9.355
152.6,9.794
152.61,9.662
152.62,9.267
152.63,9.047
152.64,9.399
152.65,9.618
152.66,9.311
152.67,9.091
152.68,9.442
152.69,9.574
152.7,9.267
152.71,9.223
152.72,9.135
152.73,9.750
152.74,9.399
152.75,9.135
152.76,9.662
152.77,9.970
152.78,9.574
152.79,9.311
152.8,9.399
152.81,9.574
152.82,9.574
152.83,9.399
152.84,9.311
152.85,9.794
152.86,9.618
152.87,9.223
152.88,9.399
152.89,9.662
152.9,9.311
152.91,9.750
152.92,9.662
152.93,9.706
152.94,9.662
152.95,9.618
152.96,9.794
152.97,9.706
152.98,9.442
152.99,9.311
153,9.750
153.01,9.486
153.02,9.442
153.03,9.750
153.04,9.662
153.05,9.267
153.06,9.838
153.07,9.618
153.08,9.794
153.09,9.355
153.1,9.662
153.11,9.530
153.12,9.442
153.13,9.530
153.14,9.530
153.15,9.442
153.16,9.399
153.17,9.530
153.18,9.223
153.19,9.662
153.2,9.355
153.21,9.091
153.22,9.442
153.23,9.355
153.24,9.618
153.25,9.267
153.26,9.442
153.27,9.662
153.28,9.486
153.29,9.179
153.3,8.784
153.31,9.530
153.32,9.662
153.33,9.311
153.34,9.267
153.35,9.311
153.36,9.355
153.37,9.135
153.38,9.135
153.39,9.442
153.4,9.530
153.41,9.267
153.42,9.047
153.43,8.959
153.44,9.486
153.45,9.706
153.46,9.399
153.47,9.750
153.48,9.618
153.49,9.574
153.5,9.311
153.51,9.267
153.52,9.838
153.53,9.574
153.54,9.442
153.55,9.223
153.56,9.662
153.57,9.882
153.58,9.486
153.59,9.047
153.6,9.223
153.61,10.145
153.62,10.409
153.63,10.409
153.64,10.014
153.65,9.574
153.66,9.442
153.67,9.442
153.68,9.399
153.69,9.047
153.7,8.871
153.71,9.135
153.72,9.135
153.73,9.794
153.74,10.057
153.75,10.189
153.76,10.672
153.77,10.453
153.78,10.014
153.79,9.662
153.8,9.574
153.81,9.706
153.82,9.882
153.83,9.706
153.84,10.101
153.85,10.497
153.86,10.409
153.87,9.706
153.88,9.311
153.89,8.827
153.9,9.223
153.91,9.926
153.92,10.321
153.93,9.926
153.94,9.794
153.95,10.101
153.96,9.926
153.97,9.135
153.98,9.003
153.99,8.652
154,9.618
154.01,10.277
154.02,10.760
154.03,10.541
154.04,10.277
154.05,10.101
154.06,9.486
154.07,9.574
154.08,9.311
154.09,10.014
154.1,10.277
154.11,10.541
154.12,10.057
154.13,9.794
154.14,9.574
154.15,9.179
154.16,9.047
154.17,9.047
154.18,9.882
154.19,10.233
154.2,10.409
154.21,10.233
154.22,9.442
154.23,9.267
154.24,9.311
154.25,9.135
154.26,9.618
154.27,9.882
154.28,10.365
154.29,10.716
154.3,10.101
154.31,9.706
154.32,9.618
154.33,9.618
154.34,9.530
154.35,9.267
154.36,8.652
154.37,8.959
154.38,9.442
154.39,9.355
154.4,9.442
154.41,9.223
154.42,9.662
154.43,10.365
154.44,11.068
154.45,10.848
154.46,10.497
154.47,9.618
154.48,9.442
154.49,9.442
154.5,10.189
154.51,9.399
154.52,9.135
154.53,9.047
154.54,9.838
154.55,10.409
154.56,10.892
154.57,10.453
154.58,10.365
154.59,10.101
154.6,9.926
154.61,9.486
154.62,9.486
154.63,10.014
154.64,10.277
154.65,10.585
154.66,10.497
154.67,10.145
154.68,9.442
154.69,9.399
154.7,9.486
154.71,9.838
154.72,10.277
154.73,10.321
154.74,10.541
154.75,10.409
154.76,10.014
154.77,9.618
154.78,9.311
154.79,9.179
154.8,9.794
154.81,10.321
154.82,10.321
154.83,10.365
154.84,10.233
154.85,10.145
154.86,9.530
154.87,9.355
154.88,9.618
154.89,10.101
154.9,10.409
154.91,10.804
154.92,10.760
154.93,10.321
154.94,9.926
154.95,9.135
154.96,9.223
154.97,9.442
154.98,10.233
154.99,10.321
155,10.321
155.01,10.145
155.02,10.145
155.03,10.321
155.04,9.574
155.05,9.355
155.06,9.794
155.07,9.926
155.08,10.189
155.09,10.629
155.1,10.277
155.11,9.926
155.12,9.618
155.13,9.047
155.14,9.179
155.15,9.574
155.16,10.585
155.17,10.716
155.18,11.024
155.19,10.365
155.2,10.101
155.21,9.750
155.22,9.662
155.23,9.926
155.24,10.409
155.25,10.672
155.26,10.716
155.27,10.848
155.28,10.585
155.29,10.189
155.3,9.750
155.31,9.486
155.32,9.574
155.33,10.014
155.34,10.848
155.35,10.892
155.36,10.189
155.37,9.926
155.38,9.399
155.39,9.267
155.4,9.223
155.41,9.267
155.42,10.057
155.43,10.277
155.44,10.497
155.45,10.453
155.46,10.101
155.47,9.970
155.48,9.662
155.49,9.618
155.5,9.838
155.51,9.926
155.52,9.926
155.53,10.365
155.54,10.497
155.55,10.057
155.56,9.574
155.57,9.618
155.58,9.135
155.59,9.618
155.6,10.233
155.61,10.541
155.62,10.672
155.63,10.189
155.64,9.574
155.65,9.267
155.66,9.047
155.67,9.486
155.68,10.101
155.69,9.926
155.7,10.014
155.71,10.101
155.72,9.970
155.73,9.926
155.74,9.838
155.75,9.486
155.76,9.486
155.77,10.057
155.78,10.189
155.79,10.453
155.8,10.233
155.81,9.970
155.82,9.530
155.83,9.267
155.84,9.486
155.85,10.014
155.86,10.321
155.87,10.585
155.88,10.365
155.89,10.189
155.9,10.014
155.91,9.706
155.92,9.794
155.93,9.399
155.94,9.662
155.95,9.970
155.96,10.848
155.97,11.112
155.98,10.453
155.99,9.926
156,9.399
156.01,9.662
156.02,9.750
156.03,10.145
156.04,10.277
156.05,10.145
156.06,10.409
156.07,9.926
156.08,9.970
156.09,9.750
156.1,9.355
156.11,9.574
156.12,10.277
156.13,10.497
156.14,10.585
156.15,10.057
156.16,9.530
156.17,9.355
156.18,9.355
156.19,9.618
156.2,10.014
156.21,10.145
156.22,10.233
156.23,9.838
156.24,10.057
156.25,9.794
156.26,9.399
156.27,9.267
156.28,9.618
156.29,10.189
156.3,10.497
156.31,10.848
156.32,10.497
156.33,10.014
156.34,9.618
156.35,9.750
156.36,9.662
156.37,9.574
156.38,9.135
156.39,9.399
156.4,9.442
156.41,9.970
156.42,10.365
156.43,10.453
156.44,10.585
156.45,10.716
156.46,10.497
156.47,10.321
156.48,9.794
156.49,9.530
156.5,9.750
156.51,10.145
156.52,10.365
156.53,10.672
156.54,10.672
156.55,10.321
156.56,10.014
156.57,9.882
156.58,9.794
156.59,9.574
156.6,9.926
156.61,9.530
156.62,9.179
156.63,9.662
156.64,9.970
156.65,9.794
156.66,9.399
156.67,9.399
156.68,9.794
156.69,9.970
156.7,10.057
156.71,9.706
156.72,9.530
156.73,9.530
156.74,9.618
156.75,9.223
156.76,9.355
156.77,9.574
156.78,9.091
156.79,9.135
156.8,9.486
156.81,9.442
156.82,9.662
156.83,9.442
156.84,9.574
156.85,9.267
156.86,8.959
156.87,9.047
156.88,9.618
156.89,9.574
156.9,9.179
156.91,8.871
156.92,9.442
156.93,9.706
156.94,9.486
156.95,9.047
156.96,9.267
156.97,9.486
156.98,9.399
156.99,9.135
157,9.355
157.01,9.399
157.02,9.442
157.03,9.662
157.04,9.486
157.05,9.311
157.06,9.135
157.07,9.179
157.08,9.223
157.09,9.618
157.1,9.267
157.11,9.047
157.12,9.530
157.13,9.618
157.14,9.574
157.15,9.135
157.16,9.223
157.17,9.486
157.18,9.618
157.19,9.794
157.2,9.926
157.21,9.926
157.22,10.014
157.23,9.662
157.24,9.442
157.25,9.486
157.26,9.399
157.27,9.223
157.28,9.267
157.29,9.574
157.3,9.618
157.31,9.574
157.32,9.486
157.33,9.486
157.34,9.574
157.35,9.794
157.36,9.574
157.37,9.442
157.38,9.838
157.39,9.706
157.4,9.355
157.41,9.618
157.42,9.355
157.43,9.223
157.44,9.311
157.45,9.442
157.46,9.618
157.47,9.838
157.48,9.486
157.49,9.179
157.5,9.267
157.51,9.003
157.52,9.091
157.53,9.399
157.54,9.311
157.55,9.223
157.56,9.662
157.57,9.399
157.58,9.047
157.59,9.135
157.6,9.794
157.61,9.530
157.62,9.442
157.63,9.135
157.64,9.970
157.65,9.662
157.66,9.442
157.67,9.399
157.68,9.618
157.69,9.486
157.7,9.223
157.71,9.135
157.72,9.267
157.73,9.574
157.74,9.179
157.75,9.135
157.76,9.399
157.77,9.530
157.78,9.355
157.79,9.091
157.8,9.311
157.81,9.530
157.82,9.618
157.83,9.662
157.84,9.838
157.85,9.399
157.86,9.355
157.87,9.399
157.88,9.399
157.89,9.574
157.9,9.662
157.91,9.267
157.92,9.267
157.93,9.794
157.94,9.926
157.95,9.662
157.96,9.267
157.97,9.706
157.98,9.530
157.99,9.311
158,9.442
158.01,9.311
158.02,9.267
158.03,9.486
158.04,9.662
158.05,9.267
158.06,9.223
158.07,9.486
158.08,9.223
158.09,9.399
158.1,8.740
158.11,8.827
158.12,9.530
158.13,9.442
158.14,9.223
158.15,8.784
158.16,9.091
158.17,9.399
158.18,9.882
158.19,9.047
158.2,8.915
158.21,9.003
158.22,9.706
158.23,9.970
158.24,9.530
158.25,9.091
158.26,9.442
158.27,9.750
158.28,9.618
158.29,9.267
158.3,9.399
158.31,9.267
158.32,9.486
158.33,9.355
158.34,9.442
158.35,9.135
158.36,9.574
158.37,9.926
158.38,9.486
158.39,9.486
158.4,9.135
158.41,9.706
158.42,9.706
158.43,9.882
158.44,9.882
158.45,9.882
158.46,9.794
158.47,9.618
158.48,9.530
158.49,9.399
158.5,9.003
158.51,9.706
158.52,9.706
158.53,9.442
158.54,9.530
158.55,9.223
158.56,9.618
158.57,9.574
158.58,9.442
158.59,9.223
158.6,9.442
158.61,9.486
158.62,9.135
158.63,8.871
158.64,9.442
158.65,9.618
158.66,9.355
158.67,9.179
158.68,9.706
158.69,10.409
158.7,10.409
158.71,10.672
158.72,10.585
158.73,10.409
158.74,10.233
158.75,9.970
158.76,9.442
158.77,9.047
158.78,9.399
158.79,9.794
158.8,9.355
158.81,9.179
158.82,9.838
158.83,9.926
158.84,10.585
158.85,10.541
158.86,10.365
158.87,9.794
158.88,9.442
158.89,9.399
158.9,9.706
158.91,10.145
158.92,10.189
158.93,10.101
158.94,10.233
158.95,10.365
158.96,9.970
158.97,9.442
158.98,9.355
158.99,9.267
159,10.145
159.01,10.365
159.02,11.024
159.03,10.848
159.04,10.541
159.05,10.277
159.06,10.189
159.07,9.442
159.08,9.442
159.09,9.926
159.1,10.321
159.11,10.716
159.12,10.497
159.13,10.014
159.14,9.574
159.15,9.530
159.16,9.574
159.17,9.618
159.18,10.057
159.19,10.453
159.2,10.409
159.21,10.014
159.22,9.662
159.23,9.574
159.24,9.179
159.25,9.486
159.26,10.145
159.27,10.409
159.28,10.541
159.29,10.892
159.3,10.629
159.31,9.926
159.32,9.530
159.33,9.882
159.34,9.882
159.35,9.662
159.36,9.223
159.37,9.838
159.38,9.662
159.39,9.442
159.4,9.486
159.41,9.926
159.42,10.233
159.43,10.145
159.44,10.321
159.45,10.804
159.46,10.014
159.47,9.442
159.48,9.003
159.49,9.399
159.5,9.574
159.51,9.091
159.52,9.135
159.53,9.311
159.54,9.970
159.55,9.970
159.56,10.497
159.57,10.672
159.58,10.409
159.59,9.794
159.6,9.135
159.61,9.091
159.62,9.442
159.63,9.530
159.64,10.145
159.65,10.585
159.66,10.497
159.67,10.014
159.68,9.223
159.69,9.442
159.7,9.530
159.71,9.355
159.72,9.706
159.73,9.970
159.74,10.541
159.75,9.882
159.76,9.574
159.77,9.399
159.78,9.223
159.79,8.871
159.8,9.794
159.81,9.750
159.82,10.365
159.83,9.970
159.84,10.497
159.85,9.970
159.86,9.267
159.87,8.915
159.88,9.399
159.89,10.145
159.9,10.057
159.91,10.716
159.92,10.892
159.93,10.233
159.94,9.574
159.95,9.399
159.96,9.486
159.97,9.311
159.98,9.926
159.99,10.541
160,10.629
160.01,10.541
160.02,10.365
160.03,10.014
160.04,9.882
160.05,9.530
160.06,9.838
160.07,10.585
160.08,10.497
160.09,10.321
160.1,10.760
160.11,10.453
160.12,9.486
160.13,9.706
160.14,9.574
160.15,9.970
160.16,10.409
160.17,10.804
160.18,10.365
160.19,10.277
160.2,9.838
160.21,9.486
160.22,9.223
160.23,9.179
160.24,10.497
160.25,10.760
160.26,10.233
160.27,10.321
160.28,10.145
160.29,9.618
160.3,8.871
160.31,9.047
160.32,9.574
160.33,9.926
160.34,9.882
160.35,10.321
160.36,10.189
160.37,9.223
160.38,8.827
160.39,8.915
160.4,9.135
160.41,9.091
160.42,9.223
160.43,10.057
160.44,10.233
160.45,10.145
160.46,9.399
160.47,9.267
160.48,9.091
160.49,9.311
160.5,9.003
160.51,8.740
160.52,8.871
160.53,9.003
160.54,9.574
160.55,9.662
160.56,10.453
160.57,10.585
160.58,10.233
160.59,9.794
160.6,9.223
160.61,9.267
160.62,9.135
160.63,9.662
160.64,9.926
160.65,10.365
160.66,10.629
160.67,10.233
160.68,9.530
160.69,9.135
160.7,9.574
160.71,9.706
160.72,10.277
160.73,9.706
160.74,10.233
160.75,10.277
160.76,10.321
160.77,9.267
160.78,8.871
160.79,9.047
160.8,9.530
160.81,9.838
160.82,9.574
160.83,9.794
160.84,9.882
160.85,9.574
160.86,9.179
160.87,8.827
160.88,8.827
160.89,9.662
160.9,9.618
160.91,10.321
160.92,10.189
160.93,9.355
160.94,9.355
160.95,9.574
160.96,9.574
160.97,9.574
160.98,9.926
160.99,10.145
161,10.672
161.01,10.672
161.02,10.409
161.03,9.794
161.04,9.179
161.05,8.915
161.06,9.530
161.07,10.365
161.08,10.365
161.09,9.838
161.1,9.574
161.11,9.267
161.12,9.311
161.13,9.355
161.14,9.047
161.15,9.267
161.16,9.618
161.17,10.101
161.18,10.277
161.19,9.838
161.2,9.047
161.21,8.784
161.22,8.564
161.23,9.267
161.24,9.838
161.25,9.794
161.26,9.618
161.27,9.838
161.28,9.838
161.29,9.355
161.3,8.871
161.31,8.959
161.32,9.706
161.33,10.321
161.34,10.014
161.35,10.145
161.36,10.057
161.37,9.618
161.38,9.091
161.39,9.003
161.4,8.696
161.41,9.091
161.42,9.618
161.43,9.794
161.44,9.530
161.45,9.926
161.46,9.618
161.47,9.135
161.48,9.047
161.49,9.003
161.5,8.915
161.51,9.003
161.52,9.047
161.53,9.267
161.54,9.618
161.55,9.706
161.56,10.277
161.57,10.321
161.58,10.365
161.59,9.662
161.6,9.311
161.61,9.442
161.62,9.135
161.63,9.970
161.64,10.057
161.65,10.101
161.66,10.453
161.67,9.970
161.68,9.530
161.69,9.047
161.7,9.047
161.71,9.442
161.72,9.135
161.73,9.091
161.74,8.740
161.75,9.003
161.76,9.486
161.77,9.442
161.78,9.047
161.79,9.355
161.8,9.399
161.81,9.399
161.82,9.267
161.83,9.003
161.84,9.442
161.85,9.311
161.86,9.442
161.87,9.135
161.88,9.047
161.89,9.179
161.9,9.355
161.91,9.355
161.92,8.915
161.93,8.915
161.94,9.003
161.95,9.311
161.96,9.091
161.97,8.827
161.98,8.740
161.99,9.135
162,9.223
162.01,9.047
162.02,9.267
162.03,9.179
162.04,9.267
162.05,9.311
162.06,8.959
162.07,9.486
162.08,9.574
162.09,9.355
162.1,9.135
162.11,9.223
162.12,9.442
162.13,9.267
162.14,9.223
162.15,8.784
162.16,9.003
162.17,9.442
162.18,9.355
162.19,8.740
162.2,9.179
162.21,9.047
162.22,9.223
162.23,9.355
162.24,9.091
162.25,9.442
162.26,9.486
162.27,9.311
162.28,9.135
162.29,9.091
162.3,9.486
162.31,9.399
162.32,9.179
162.33,9.091
162.34,9.267
162.35,9.486
162.36,9.794
162.37,9.794
162.38,9.486
162.39,9.706
162.4,9.618
162.41,9.706
162.42,9.223
162.43,9.267
162.44,9.530
162.45,9.399
162.46,9.750
162.47,9.706
162.48,9.135
162.49,9.135
162.5,9.399
162.51,9.486
162.52,9.838
162.53,9.267
162.54,9.267
162.55,9.047
162.56,9.662
162.57,9.442
162.58,9.047
162.59,8.959
162.6,9.574
162.61,9.662
162.62,9.311
162.63,9.311
162.64,9.618
162.65,9.442
162.66,9.662
162.67,9.442
162.68,8.959
162.69,9.618
162.7,9.662
162.71,9.179
162.72,9.311
162.73,9.311
162.74,9.662
162.75,9.706
162.76,9.662
162.77,9.486
162.78,9.442
162.79,9.618
162.8,9.970
162.81,9.618
162.82,9.530
162.83,9.267
162.84,9.442
162.85,9.794
162.86,9.574
162.87,9.267
162.88,9.574
162.89,9.662
162.9,9.355
162.91,9.223
162.92,9.750
162.93,9.355
162.94,9.179
162.95,9.442
162.96,9.442
162.97,9.311
162.98,8.959
162.99,9.311
163,9.530
163.01,9.442
163.02,9.267
163.03,9.179
163.04,9.311
163.05,9.574
163.06,9.574
163.07,9.267
163.08,9.135
163.09,9.618
163.1,9.223
163.11,9.311
163.12,9.442
163.13,9.399
163.14,10.057
163.15,9.750
163.16,9.574
163.17,9.486
163.18,9.179
163.19,9.618
163.2,10.057
163.21,9.662
163.22,9.442
163.23,9.574
163.24,9.618
163.25,9.794
163.26,9.574
163.27,9.618
163.28,9.574
163.29,9.926
163.3,10.145
163.31,9.970
163.32,9.574
163.33,9.882
163.34,9.750
163.35,9.882
163.36,9.706
163.37,9.399
163.38,9.223
163.39,9.442
163.4,9.442
163.41,9.662
163.42,9.750
163.43,9.399
163.44,9.311
163.45,9.838
163.46,9.530
163.47,9.750
163.48,9.486
163.49,9.662
163.5,9.399
163.51,9.399
163.52,9.399
163.53,9.442
163.54,9.486
163.55,9.706
163.56,9.574
163.57,9.355
163.58,9.355
163.59,9.662
163.6,10.014
163.61,9.618
163.62,9.179
163.63,9.399
163.64,9.706
163.65,9.618
163.66,9.618
163.67,9.179
163.68,9.399
163.69,9.618
163.7,9.486
163.71,9.399
163.72,9.530
163.73,9.618
163.74,9.399
163.75,9.442
163.76,9.267
163.77,9.223
163.78,9.311
163.79,9.530
163.8,9.442
163.81,9.486
163.82,10.057
163.83,10.365
163.84,10.365
163.85,10.365
163.86,10.189
163.87,10.233
163.88,9.750
163.89,9.618
163.9,9.486
163.91,9.442
163.92,9.750
163.93,9.618
163.94,10.101
163.95,9.970
163.96,10.409
163.97,10.716
163.98,10.716
163.99,10.233
164,9.574
164.01,9.486
164.02,9.267
164.03,9.706
164.04,9.926
164.05,10.321
164.06,10.541
164.07,10.541
164.08,9.750
164.09,10.101
164.1,9.750
164.11,9.223
164.12,9.574
164.13,10.145
164.14,10.585
164.15,10.541
164.16,10.848
164.17,10.409
164.18,9.574
164.19,9.267
164.2,9.179
164.21,9.838
164.22,10.145
164.23,10.585
164.24,11.024
164.25,10.277
164.26,9.706
164.27,9.574
164.28,9.574
164.29,9.442
164.3,9.926
164.31,9.970
164.32,10.497
164.33,10.145
164.34,10.101
164.35,10.101
164.36,9.706
164.37,9.882
164.38,9.399
164.39,9.223
164.4,9.003
164.41,9.574
164.42,10.277
164.43,10.409
164.44,10.365
164.45,10.629
164.46,10.277
164.47,9.706
164.48,9.311
164.49,9.618
164.5,9.530
164.51,9.750
164.52,10.365
164.53,10.541
164.54,10.365
164.55,10.804
164.56,10.233
164.57,9.574
164.58,9.179
164.59,9.574
164.6,9.882
164.61,10.233
164.62,10.716
164.63,10.541
164.64,10.277
164.65,10.233
164.66,9.486
164.67,9.794
164.68,9.750
164.69,9.750
164.7,10.541
164.71,10.453
164.72,10.541
164.73,10.585
164.74,9.882
164.75,10.145
164.76,9.970
164.77,9.882
164.78,10.629
164.79,10.585
164.8,11.112
164.81,11.068
164.82,10.321
164.83,10.189
164.84,9.442
164.85,9.706
164.86,10.321
164.87,10.145
164.88,10.233
164.89,10.936
164.9,10.672
164.91,10.057
164.92,9.662
164.93,9.486
164.94,9.618
164.95,9.574
164.96,9.926
164.97,10.453
164.98,10.760
164.99,10.233
165,10.365
165.01,10.014
165.02,9.311
165.03,9.091
165.04,10.014
165.05,10.453
165.06,10.365
165.07,10.277
165.08,10.321
165.09,10.233
165.1,9.311
165.11,9.047
165.12,9.530
165.13,10.277
165.14,10.453
165.15,10.629
165.16,10.892
165.17,10.321
165.18,9.926
165.19,9.399
165.2,9.486
165.21,10.233
165.22,10.497
165.23,10.497
165.24,10.980
165.25,10.804
165.26,10.057
165.27,9.926
165.28,9.882
165.29,9.618
165.3,9.442
165.31,10.453
165.32,10.848
165.33,10.716
165.34,10.145
165.35,9.706
165.36,9.750
165.37,9.706
165.38,9.355
165.39,9.486
165.4,9.179
165.41,9.311
165.42,10.233
165.43,10.672
165.44,10.541
165.45,10.277
165.46,10.409
165.47,10.057
165.48,9.530
165.49,9.355
165.5,9.047
165.51,9.442
165.52,9.442
165.53,9.442
165.54,10.057
165.55,10.497
165.56,10.804
165.57,10.585
165.58,10.672
165.59,10.014
165.6,9.399
165.61,9.355
165.62,9.530
165.63,10.057
165.64,10.014
165.65,10.321
165.66,10.057
165.67,10.277
165.68,9.530
165.69,9.311
165.7,9.267
165.71,10.057
165.72,10.189
165.73,10.101
165.74,10.497
165.75,10.277
165.76,10.057
165.77,9.574
165.78,9.399
165.79,9.486
165.8,10.145
165.81,10.145
165.82,10.321
165.83,10.848
165.84,10.189
165.85,9.838
165.86,9.882
165.87,9.530
165.88,9.486
165.89,9.530
165.9,9.926
165.91,10.453
165.92,10.672
165.93,10.014
165.94,9.179
165.95,9.399
165.96,9.838
165.97,9.750
165.98,9.970
165.99,10.101
166,10.541
166.01,10.716
166.02,9.926
166.03,9.574
166.04,9.442
166.05,9.442
166.06,9.574
166.07,10.233
166.08,10.189
166.09,10.233
166.1,9.926
166.11,9.970
166.12,9.662
166.13,9.135
166.14,9.179
166.15,9.750
166.16,10.014
166.17,10.145
166.18,10.145
166.19,10.233
166.2,9.223
166.21,9.267
166.22,9.442
166.23,9.662
166.24,9.794
166.25,10.145
166.26,10.672
166.27,10.233
166.28,9.838
166.29,9.355
166.3,9.355
166.31,9.399
166.32,10.057
166.33,10.409
166.34,10.189
166.35,10.014
166.36,10.760
166.37,10.321
166.38,9.618
166.39,9.399
166.4,9.706
166.41,9.706
166.42,10.189
166.43,10.453
166.44,10.321
166.45,10.321
166.46,9.926
166.47,9.486
166.48,9.442
166.49,9.530
166.5,9.706
166.51,9.135
166.52,9.223
166.53,9.399
166.54,9.926
166.55,10.409
166.56,10.541
166.57,10.541
166.58,10.629
166.59,10.277
166.6,9.618
166.61,9.399
166.62,10.057
166.63,10.233
166.64,10.189
166.65,10.497
166.66,10.804
166.67,10.453
166.68,9.706
166.69,9.486
166.7,9.618
166.71,9.794
166.72,10.014
166.73,10.629
166.74,10.672
166.75,10.189
166.76,10.277
166.77,9.662
166.78,9.399
166.79,9.267
166.8,9.794
166.81,9.706
166.82,9.047
166.83,9.486
166.84,9.486
166.85,9.399
166.86,8.959
166.87,9.399
166.88,9.794
166.89,9.311
166.9,9.311
166.91,9.486
166.92,9.179
166.93,9.179
166.94,9.442
166.95,9.399
166.96,8.915
166.97,9.486
166.98,9.530
166.99,9.179
167,9.574
167.01,9.794
167.02,9.135
167.03,9.442
167.04,9.574
167.05,9.706
167.06,9.618
167.07,9.794
167.08,9.794
167.09,9.530
167.1,9.970
167.11,9.926
167.12,9.662
167.13,9.442
167.14,9.618
167.15,9.618
167.16,9.706
167.17,9.618
167.18,9.530
167.19,9.442
167.2,9.574
167.21,9.223
167.22,9.179
167.23,9.311
167.24,9.442
167.25,9.311
167.26,9.267
167.27,9.399
167.28,9.882
167.29,9.267
167.3,9.399
167.31,9.574
167.32,9.355
167.33,9.486
167.34,9.618
167.35,9.530
167.36,9.267
167.37,9.223
167.38,9.486
167.39,9.838
167.4,9.530
167.41,9.618
167.42,9.618
167.43,9.399
167.44,9.486
167.45,9.574
167.46,9.970
167.47,9.750
167.48,9.530
167.49,9.486
167.5,9.486
167.51,9.355
167.52,9.223
167.53,9.574
167.54,9.838
167.55,9.355
167.56,9.179
167.57,9.486
167.58,10.057
167.59,9.486
167.6,9.047
167.61,9.311
167.62,9.750
167.63,9.750
167.64,9.442
167.65,9.574
167.66,9.618
167.67,9.618
167.68,9.442
167.69,9.223
167.7,9.662
167.71,10.189
167.72,9.838
167.73,9.355
167.74,9.399
167.75,9.530
167.76,9.486
167.77,9.618
167.78,9.399
167.79,9.750
167.8,9.838
167.81,9.662
167.82,9.442
167.83,9.179
167.84,9.135
167.85,9.442
167.86,9.486
167.87,9.047
167.88,9.486
167.89,9.399
167.9,9.399
167.91,9.355
167.92,8.959
167.93,9.267
167.94,9.442
167.95,9.223
167.96,8.915
167.97,9.135
167.98,9.355
167.99,9.574
168,9.486
168.01,9.574
168.02,9.442
168.03,9.662
168.04,9.794
168.05,9.486
168.06,9.311
168.07,9.486
168.08,9.223
168.09,9.486
168.1,9.399
168.11,9.399
168.12,9.662
168.13,9.267
168.14,9.135
168.15,8.871
168.16,9.267
168.17,9.399
168.18,9.442
168.19,9.267
168.2,9.442
168.21,8.959
168.22,9.267
168.23,9.267
168.24,8.959
168.25,9.442
168.26,9.618
168.27,9.311
168.28,9.135
168.29,8.959
168.3,9.399
168.31,9.662
168.32,9.486
168.33,9.399
168.34,9.135
168.35,9.047
168.36,9.662
168.37,9.794
168.38,8.959
168.39,9.311
168.4,9.486
168.41,9.750
168.42,9.618
168.43,9.179
168.44,9.047
168.45,9.486
168.46,9.442
168.47,9.618
168.48,9.311
168.49,9.355
168.5,9.399
168.51,9.662
168.52,9.486
168.53,9.311
168.54,9.267
168.55,9.574
168.56,9.794
168.57,9.530
168.58,9.442
168.59,9.311
168.6,9.574
168.61,9.442
168.62,9.311
168.63,9.135
168.64,9.003
168.65,9.442
168.66,9.442
168.67,9.706
168.68,9.662
168.69,9.970
168.7,9.442
168.71,9.179
168.72,9.970
168.73,9.486
168.74,9.311
168.75,9.267
168.76,8.915
168.77,9.091
168.78,9.355
168.79,9.311
168.8,9.223
168.81,9.179
168.82,9.399
168.83,9.311
168.84,9.223
168.85,9.574
168.86,9.223
168.87,9.223
168.88,9.267
168.89,9.355
168.9,9.311
168.91,9.399
168.92,9.838
168.93,10.233
168.94,10.409
168.95,10.321
168.96,10.848
168.97,10.848
168.98,10.057
168.99,9.399
169,9.091
169.01,9.355
169.02,9.618
169.03,9.662
169.04,10.101
169.05,10.233
169.06,10.804
169.07,10.629
169.08,10.585
169.09,9.706
169.1,9.486
169.11,9.530
169.12,9.706
169.13,9.399
169.14,9.047
169.15,9.618
169.16,10.145
169.17,10.321
169.18,10.189
169.19,10.365
169.2,10.365
169.21,10.145
169.22,9.574
169.23,9.355
169.24,9.442
169.25,9.794
169.26,9.970
169.27,10.189
169.28,10.365
169.29,10.014
169.3,9.399
169.31,9.179
169.32,9.530
169.33,9.574
169.34,9.355
169.35,9.926
169.36,10.409
169.37,10.716
169.38,9.838
169.39,9.267
169.4,9.267
169.41,9.047
169.42,8.784
169.43,9.442
169.44,9.706
169.45,9.882
169.46,10.365
169.47,10.716
169.48,10.541
169.49,9.794
169.5,9.399
169.51,9.355
169.52,9.618
169.53,9.355
169.54,9.047
169.55,9.179
169.56,9.838
169.57,10.145
169.58,10.014
169.59,10.365
169.6,10.321
169.61,9.794
169.62,9.267
169.63,9.442
169.64,9.574
169.65,10.057
169.66,10.189
169.67,10.497
169.68,10.409
169.69,10.409
169.7,9.618
169.71,9.442
169.72,9.311
169.73,10.014
169.74,10.057
169.75,10.277
169.76,10.716
169.77,10.892
169.78,9.794
169.79,9.311
169.8,9.530
169.81,9.794
169.82,10.145
169.83,10.101
169.84,10.277
169.85,10.716
169.86,10.057
169.87,9.838
169.88,9.794
169.89,9.355
169.9,9.223
169.91,10.057
169.92,10.145
169.93,10.365
169.94,10.365
169.95,10.277
169.96,9.838
169.97,9.311
169.98,9.047
169.99,9.355
170,10.014
170.01,10.189
170.02,10.321
170.03,10.585
170.04,10.760
170.05,10.014
170.06,9.530
170.07,9.311
170.08,9.574
170.09,9.926
170.1,10.497
170.11,10.804
170.12,10.629
170.13,10.277
170.14,9.794
170.15,9.355
170.16,9.530
170.17,9.926
170.18,10.541
170.19,10.629
170.2,10.541
170.21,10.672
170.22,10.453
170.23,10.014
170.24,9.970
170.25,9.750
170.26,10.145
170.27,10.716
170.28,10.848
170.29,10.672
170.3,10.497
170.31,10.145
170.32,9.442
170.33,9.399
170.34,9.486
170.35,10.014
170.36,9.926
170.37,9.574
170.38,9.486
170.39,9.618
170.4,9.794
170.41,9.926
170.42,10.980
170.43,10.848
170.44,10.541
170.45,10.409
170.46,10.409
170.47,10.233
170.48,10.014
170.49,9.838
170.5,9.355
170.51,9.355
170.52,9.530
170.53,9.838
170.54,10.277
170.55,10.541
170.56,10.365
170.57,10.365
170.58,10.629
170.59,9.970
170.6,9.926
170.61,9.882
170.62,9.794
170.63,9.574
170.64,10.101
170.65,10.672
170.66,10.936
170.67,10.453
170.68,10.101
170.69,9.530
170.7,9.267
170.71,9.530
170.72,9.750
170.73,10.057
170.74,10.585
170.75,10.365
170.76,9.970
170.77,9.486
170.78,9.311
170.79,9.091
170.8,9.794
170.81,10.277
170.82,10.541
170.83,10.453
170.84,9.882
170.85,9.179
170.86,9.750
170.87,9.706
170.88,9.706
170.89,10.145
170.9,10.189
170.91,10.497
170.92,10.672
170.93,10.541
170.94,9.882
170.95,9.794
170.96,9.399
170.97,9.486
170.98,10.233
170.99,10.453
171,10.497
171.01,10.585
171.02,10.453
171.03,10.145
171.04,9.399
171.05,9.047
171.06,9.574
171.07,10.233
171.08,10.497
171.09,10.716
171.1,10.629
171.11,9.970
171.12,9.442
171.13,9.223
171.14,9.223
171.15,9.267
171.16,9.926
171.17,10.321
171.18,10.277
171.19,10.233
171.2,10.101
171.21,9.882
171.22,9.750
171.23,9.970
171.24,9.970
171.25,9.970
171.26,10.409
171.27,10.145
171.28,9.706
171.29,9.311
171.3,9.355
171.31,9.311
171.32,9.970
171.33,10.277
171.34,10.101
171.35,10.101
171.36,9.794
171.37,9.618
171.38,9.838
171.39,9.311
171.4,9.047
171.41,9.355
171.42,9.926
171.43,10.541
171.44,10.980
171.45,11.024
171.46,10.936
171.47,10.101
171.48,10.057
171.49,9.662
171.5,9.618
171.51,9.223
171.52,9.355
171.53,9.486
171.54,9.530
171.55,10.057
171.56,10.541
171.57,10.497
171.58,10.014
171.59,9.926
171.6,9.574
171.61,9.399
171.62,9.223
171.63,9.970
171.64,10.145
171.65,10.409
171.66,10.453
171.67,10.233
171.68,9.574
171.69,9.311
171.7,9.486
171.71,9.399
171.72,9.486
171.73,10.321
171.74,10.541
171.75,10.014
171.76,10.145
171.77,9.442
171.78,9.223
171.79,9.179
171.8,9.355
171.81,9.926
171.82,10.014
171.83,10.760
171.84,10.409
171.85,9.706
171.86,9.794
171.87,9.618
171.88,9.311
171.89,9.311
171.9,10.233
171.91,10.101
171.92,10.233
171.93,10.409
171.94,9.970
171.95,9.442
171.96,9.311
171.97,9.003
171.98,9.442
171.99,9.179
172,9.442
172.01,9.970
172.02,9.223
172.03,9.135
172.04,9.486
172.05,9.530
172.06,9.442
172.07,9.223
172.08,9.223
172.09,9.530
172.1,9.135
172.11,9.091
172.12,9.179
172.13,9.662
172.14,9.091
172.15,9.311
172.16,9.399
172.17,9.442
172.18,9.442
172.19,9.399
172.2,9.618
172.21,9.442
172.22,9.618
172.23,9.091
172.24,9.135
172.25,9.750
172.26,9.750
172.27,9.530
172.28,9.355
172.29,8.959
172.3,9.706
172.31,9.574
172.32,9.838
172.33,9.399
172.34,9.442
172.35,9.135
172.36,9.267
172.37,9.750
172.38,9.706
172.39,9.794
172.4,9.442
172.41,9.223
172.42,9.486
172.43,9.926
172.44,9.706
172.45,9.442
172.46,9.442
172.47,9.574
172.48,9.618
172.49,9.618
172.5,9.223
172.51,9.618
172.52,9.838
172.53,9.442
172.54,9.399
172.55,9.179
172.56,9.311
172.57,9.091
172.58,9.311
172.59,9.442
172.6,9.486
172.61,9.135
172.62,9.267
172.63,9.047
172.64,9.399
172.65,9.135
172.66,9.442
172.67,9.706
172.68,9.442
172.69,9.486
172.7,9.442
172.71,9.706
172.72,9.530
172.73,9.662
172.74,9.486
172.75,10.145
172.76,9.486
172.77,9.442
172.78,9.442
172.79,9.970
172.8,9.618
172.81,9.311
172.82,9.311
172.83,9.618
172.84,9.838
172.85,9.706
172.86,9.311
172.87,9.047
172.88,9.399
172.89,9.838
172.9,9.486
172.91,9.091
172.92,9.223
172.93,9.530
172.94,9.574
172.95,9.399
172.96,9.047
172.97,9.267
172.98,9.047
172.99,9.486
173,9.223
173.01,8.959
173.02,9.267
173.03,9.486
173.04,9.662
173.05,9.399
173.06,9.091
173.07,9.486
173.08,9.618
173.09,9.926
173.1,9.311
173.11,8.871
173.12,9.311
173.13,9.662
173.14,9.838
173.15,9.355
173.16,9.442
173.17,9.486
173.18,9.838
173.19,9.574
173.2,9.311
173.21,9.530
173.22,9.662
173.23,9.486
173.24,9.311
173.25,9.442
173.26,9.530
173.27,9.662
173.28,9.530
173.29,9.486
173.3,9.486
173.31,10.189
173.32,9.574
173.33,9.223
173.34,9.355
173.35,9.926
173.36,9.530
173.37,9.574
173.38,9.618
173.39,9.970
173.4,9.574
173.41,9.223
173.42,9.926
173.43,10.057
173.44,9.486
173.45,9.970
173.46,10.057
173.47,9.794
173.48,9.662
173.49,9.662
173.5,9.838
173.51,9.662
173.52,9.794
173.53,10.277
173.54,10.057
173.55,9.530
173.56,9.574
173.57,9.882
173.58,9.838
173.59,9.355
173.6,9.618
173.61,9.794
173.62,9.794
173.63,9.311
173.64,9.662
173.65,9.530
173.66,9.530
173.67,9.618
173.68,9.530
173.69,9.135
173.7,9.706
173.71,9.486
173.72,9.399
173.73,9.750
173.74,9.618
173.75,9.311
173.76,9.399
173.77,9.355
173.78,9.530
173.79,9.486
173.8,9.399
173.81,9.530
173.82,9.486
173.83,9.399
173.84,9.311
173.85,9.311
173.86,9.135
173.87,9.530
173.88,9.223
173.89,8.871
173.9,9.223
173.91,9.442
173.92,9.091
173.93,9.399
173.94,9.486
173.95,9.399
173.96,9.047
173.97,9.399
173.98,9.223
173.99,9.355
174,9.267
174.01,8.784
174.02,8.959
174.03,9.311
174.04,9.399
174.05,9.486
174.06,9.047
174.07,9.618
174.08,9.882
174.09,9.926
174.1,10.233
174.11,10.409
174.12,10.716
174.13,10.497
174.14,10.014
174.15,9.794
174.16,9.838
174.17,9.838
174.18,9.399
174.19,9.267
174.2,9.267
174.21,9.970
174.22,10.277
174.23,10.541
174.24,10.409
174.25,10.497
174.26,10.101
174.27,9.750
174.28,9.442
174.29,9.047
174.3,9.442
174.31,10.014
174.32,10.277
174.33,10.541
174.34,10.497
174.35,10.321
174.36,10.189
174.37,9.618
174.38,9.618
174.39,9.618
174.4,9.223
174.41,9.574
174.42,10.497
174.43,10.892
174.44,10.848
174.45,10.277
174.46,10.321
174.47,9.926
174.48,10.014
174.49,9.574
174.5,10.321
174.51,10.409
174.52,10.497
174.53,10.629
174.54,11.024
174.55,10.409
174.56,9.662
174.57,9.486
174.58,9.355
174.59,10.189
174.6,10.980
174.61,10.716
174.62,10.672
174.63,10.453
174.64,10.321
174.65,10.145
174.66,9.574
174.67,9.574
174.68,10.189
174.69,10.804
174.7,10.672
174.71,10.409
174.72,10.014
174.73,9.882
174.74,9.970
174.75,9.574
174.76,10.101
174.77,9.970
174.78,10.804
174.79,10.848
174.8,10.672
174.81,9.926
174.82,9.794
174.83,9.882
174.84,9.794
174.85,10.014
174.86,10.233
174.87,10.497
174.88,10.892
174.89,10.848
174.9,10.145
174.91,9.355
174.92,9.399
174.93,9.882
174.94,10.497
174.95,10.672
174.96,10.716
174.97,10.497
174.98,10.629
174.99,9.970
175,9.618
175.01,9.574
175.02,10.057
175.03,10.541
175.04,10.716
175.05,10.936
175.06,10.585
175.07,10.057
175.08,9.530
175.09,9.750
175.1,9.750
175.11,10.145
175.12,10.541
175.13,10.585
175.14,10.672
175.15,10.541
175.16,10.541
175.17,9.750
175.18,9.311
175.19,9.486
175.2,10.497
175.21,10.409
175.22,10.716
175.23,10.672
175.24,10.321
175.25,9.750
175.26,9.574
175.27,9.574
175.28,9.750
175.29,9.926
175.3,10.321
175.31,10.453
175.32,10.497
175.33,10.101
175.34,9.486
175.35,9.091
175.36,9.267
175.37,9.486
175.38,9.267
175.39,9.135
175.4,9.442
175.41,9.355
175.42,10.101
175.43,10.365
175.44,10.277
175.45,10.277
175.46,9.618
175.47,9.135
175.48,9.530
175.49,9.662
175.5,9.794
175.51,9.750
175.52,10.409
175.53,10.541
175.54,10.585
175.55,9.970
175.56,9.750
175.57,9.355
175.58,9.179
175.59,9.970
175.6,10.804
175.61,11.244
175.62,10.848
175.63,10.145
175.64,10.057
175.65,9.399
175.66,9.706
175.67,9.618
175.68,9.794
175.69,10.321
175.7,10.365
175.71,10.804
175.72,10.848
175.73,10.497
175.74,10.101
175.75,9.574
175.76,9.355
175.77,9.662
175.78,10.497
175.79,10.541
175.8,10.629
175.81,10.497
175.82,9.662
175.83,9.135
175.84,9.047
175.85,9.662
175.86,10.277
175.87,10.760
175.88,10.672
175.89,10.101
175.9,10.145
175.91,9.882
175.92,9.486
175.93,9.618
175.94,10.101
175.95,10.497
175.96,10.629
175.97,10.629
175.98,10.321
175.99,10.057
176,9.750
176.01,9.794
176.02,9.618
176.03,10.057
176.04,10.497
176.05,10.672
176.06,10.936
176.07,10.497
176.08,10.145
176.09,9.838
176.1,9.442
176.11,9.882
176.12,10.409
176.13,10.672
176.14,10.672
176.15,10.585
176.16,9.399
176.17,9.179
176.18,9.399
176.19,9.442
176.2,9.794
176.21,10.233
176.22,10.145
176.23,10.277
176.24,10.101
176.25,10.233
176.26,9.970
176.27,9.574
176.28,9.530
176.29,9.706
176.3,10.233
176.31,10.585
176.32,10.804
176.33,10.672
176.34,10.014
176.35,9.662
176.36,9.135
176.37,9.618
176.38,9.311
176.39,9.530
176.4,9.662
176.41,9.706
176.42,10.057
176.43,10.189
176.44,10.585
176.45,10.848
176.46,10.233
176.47,10.057
176.48,9.574
176.49,9.223
176.5,9.486
176.51,9.970
176.52,10.365
176.53,10.672
176.54,10.585
176.55,10.277
176.56,9.926
176.57,9.135
176.58,9.399
176.59,10.189
176.6,10.453
176.61,10.189
176.62,10.453
176.63,10.541
176.64,10.101
176.65,9.926
176.66,9.311
176.67,9.311
176.68,8.959
176.69,9.882
176.7,10.497
176.71,10.497
176.72,10.497
176.73,9.574
176.74,9.355
176.75,9.355
176.76,9.135
176.77,9.662
176.78,9.838
176.79,9.706
176.8,10.014
176.81,9.926
176.82,9.574
176.83,9.442
176.84,9.179
176.85,9.223
176.86,9.574
176.87,9.926
176.88,10.321
176.89,10.145
176.9,9.750
176.91,9.838
176.92,9.223
176.93,9.311
176.94,9.442
176.95,9.530
176.96,10.057
176.97,10.453
176.98,10.321
176.99,9.574
177,9.442
177.01,9.047
177.02,9.399
177.03,9.355
177.04,9.574
177.05,9.267
177.06,9.179
177.07,9.091
177.08,9.267
177.09,9.662
177.1,9.970
177.11,9.706
177.12,9.399
177.13,9.267
177.14,9.750
177.15,9.794
177.16,9.574
177.17,9.311
177.18,9.442
177.19,9.311
177.2,9.706
177.21,9.399
177.22,9.399
177.23,9.399
177.24,9.047
177.25,9.355
177.26,9.574
177.27,9.223
177.28,9.311
177.29,9.135
177.3,8.871
177.31,8.827
177.32,8.871
177.33,9.618
177.34,9.311
177.35,9.399
177.36,9.267
177.37,9.091
177.38,9.091
177.39,9.311
177.4,9.223
177.41,9.486
177.42,9.179
177.43,9.267
177.44,9.091
177.45,9.838
177.46,9.750
177.47,9.267
177.48,9.135
177.49,8.959
177.5,9.267
177.51,8.959
177.52,9.442
177.53,9.486
177.54,9.223
177.55,8.959
177.56,9.135
177.57,9.267
177.58,9.223
177.59,9.399
177.6,9.223
177.61,9.442
177.62,9.223
177.63,8.784
177.64,9.135
177.65,9.399
177.66,9.355
177.67,9.311
177.68,8.959
177.69,8.827
177.7,8.915
177.71,9.003
177.72,8.959
177.73,9.047
177.74,9.355
177.75,9.003
177.76,9.091
177.77,9.355
177.78,9.179
177.79,9.047
177.8,9.399
177.81,9.311
177.82,9.135
177.83,9.135
177.84,9.223
177.85,9.399
177.86,9.442
177.87,9.355
177.88,9.399
177.89,9.311
177.9,9.399
177.91,9.486
177.92,9.970
177.93,9.838
177.94,9.442
177.95,9.135
177.96,9.399
177.97,9.706
177.98,9.618
177.99,9.267
178,9.530
178.01,9.618
178.02,9.135
178.03,9.355
178.04,9.662
178.05,9.530
178.06,9.618
178.07,9.794
178.08,9.530
178.09,9.355
178.1,9.355
178.11,9.486
178.12,9.223
178.13,9.179
178.14,9.399
178.15,9.267
178.16,9.311
178.17,9.091
178.18,8.915
178.19,8.827
178.2,9.003
178.21,9.223
178.22,9.355
178.23,9.355
178.24,9.750
178.25,9.486
178.26,9.442
178.27,9.399
178.28,9.794
178.29,9.135
178.3,9.047
178.31,9.135
178.32,9.267
178.33,9.267
178.34,9.355
178.35,9.486
178.36,9.442
178.37,9.311
178.38,9.179
178.39,9.574
178.4,9.267
178.41,9.091
178.42,9.003
178.43,9.486
178.44,9.442
178.45,9.574
178.46,9.091
178.47,9.179
178.48,9.355
178.49,9.486
178.5,9.179
178.51,8.915
178.52,9.047
178.53,9.311
178.54,8.959
178.55,9.223
178.56,9.399
178.57,9.135
178.58,9.267
178.59,8.784
178.6,8.915
178.61,9.355
178.62,9.179
178.63,8.784
178.64,8.696
178.65,9.223
178.66,8.959
178.67,9.311
178.68,8.827
178.69,9.311
178.7,9.442
178.71,9.135
178.72,9.047
178.73,9.311
178.74,9.179
178.75,9.091
178.76,9.486
178.77,9.267
178.78,9.399
178.79,9.267
178.8,9.574
178.81,9.355
178.82,9.794
178.83,9.135
178.84,9.574
178.85,9.442
178.86,9.091
178.87,9.003
178.88,9.355
178.89,9.706
178.9,9.355
178.91,9.574
178.92,9.926
178.93,10.145
178.94,9.706
178.95,9.442
178.96,9.311
178.97,9.355
178.98,9.486
178.99,9.179
179,9.223
179.01,9.135
179.02,9.486
179.03,8.915
179.04,9.091
179.05,9.267
179.06,9.442
179.07,9.355
179.08,8.959
179.09,9.047
179.1,9.223
179.11,9.135
179.12,9.267
179.13,8.959
179.14,9.047
179.15,9.091
179.16,9.003
179.17,9.442
179.18,9.794
179.19,9.618
179.2,10.057
179.21,10.453
179.22,10.716
179.23,10.585
179.24,10.453
179.25,9.618
179.26,9.706
179.27,9.355
179.28,9.267
179.29,9.706
179.3,9.399
179.31,9.750
179.32,10.277
179.33,10.629
179.34,10.848
179.35,10.189
179.36,9.442
179.37,9.267
179.38,9.662
179.39,9.486
179.4,9.574
179.41,9.794
179.42,9.970
179.43,10.409
179.44,10.365
179.45,10.892
179.46,10.541
179.47,9.794
179.48,9.399
179.49,9.750
179.5,10.057
179.51,9.706
179.52,9.486
179.53,9.179
179.54,9.399
179.55,10.189
179.56,10.716
179.57,10.892
179.58,10.760
179.59,10.145
179.6,9.794
179.61,10.101
179.62,10.014
179.63,10.101
179.64,10.497
179.65,10.321
179.66,10.716
179.67,10.848
179.68,10.365
179.69,9.882
179.7,9.662
179.71,9.662
179.72,10.321
179.73,10.848
179.74,10.892
179.75,10.541
179.76,10.365
179.77,10.101
179.78,9.794
179.79,9.618
179.8,9.574
179.81,9.530
179.82,10.497
179.83,10.716
179.84,11.024
179.85,10.365
179.86,9.750
179.87,9.574
179.88,9.706
179.89,10.057
179.9,10.629
179.91,10.629
179.92,10.672
179.93,10.804
179.94,10.672
179.95,10.409
179.96,9.970
179.97,9.442
179.98,10.409
179.99,10.716
180,10.848
180.01,10.716
180.02,10.804
180.03,10.453
180.04,10.497
180.05,9.970
180.06,9.794
180.07,10.409
180.08,10.848
180.09,10.936
180.1,10.760
180.11,10.189
180.12,9.838
180.13,9.882
180.14,9.882
180.15,9.750
180.16,10.189
180.17,10.760
180.18,10.760
180.19,10.541
180.2,9.882
180.21,9.794
180.22,9.442
180.23,9.618
180.24,9.662
180.25,10.672
180.26,10.629
180.27,10.365
180.28,10.321
180.29,9.794
180.3,9.794
180.31,9.574
180.32,9.047
180.33,9.662
180.34,10.409
180.35,10.716
180.36,10.233
180.37,10.233
180.38,9.970
180.39,9.574
180.4,9.399
180.41,9.223
180.42,9.926
180.43,10.277
180.44,10.409
180.45,10.453
180.46,10.233
180.47,9.926
180.48,9.574
180.49,9.618
180.5,9.486
180.51,9.574
180.52,9.399
180.53,9.486
180.54,9.355
180.55,10.453
180.56,10.804
180.57,10.409
180.58,10.672
180.59,10.497
180.6,9.882
180.61,9.267
180.62,9.355
180.63,9.750
180.64,10.321
180.65,10.453
180.66,10.541
180.67,10.497
180.68,10.145
180.69,9.355
180.7,9.486
180.71,9.530
180.72,9.530
180.73,9.618
180.74,10.145
180.75,10.585
180.76,10.189
180.77,9.926
180.78,9.574
180.79,9.135
180.8,9.399
180.81,9.574
180.82,10.101
180.83,10.101
180.84,10.716
180.85,10.233
180.86,9.794
180.87,9.706
180.88,9.442
180.89,9.091
180.9,9.530
180.91,10.189
180.92,10.145
180.93,10.585
180.94,10.277
180.95,9.750
180.96,9.179
180.97,9.486
180.98,9.486
180.99,9.750
181,10.057
181.01,10.497
181.02,10.014
181.03,9.662
181.04,9.574
181.05,9.311
181.06,9.179
181.07,9.882
181.08,10.014
181.09,9.882
181.1,10.672
181.11,10.101
181.12,9.267
181.13,9.223
181.14,9.135
181.15,8.959
181.16,9.530
181.17,10.057
181.18,10.453
181.19,9.838
181.2,9.662
181.21,9.311
181.22,9.135
181.23,9.003
181.24,8.696
181.25,9.442
181.26,9.838
181.27,10.189
181.28,10.497
181.29,9.926
181.3,9.618
181.31,9.223
181.32,9.267
181.33,9.618
181.34,9.882
181.35,10.014
181.36,10.453
181.37,10.541
181.38,9.926
181.39,9.399
181.4,9.574
181.41,9.135
181.42,10.057
181.43,10.672
181.44,10.716
181.45,10.760
181.46,10.277
181.47,9.882
181.48,9.838
181.49,9.838
181.5,9.794
181.51,9.794
181.52,9.926
181.53,10.101
181.54,10.409
181.55,10.145
181.56,9.486
181.57,8.959
181.58,9.047
181.59,9.399
181.6,9.838
181.61,9.926
181.62,9.750
181.63,10.233
181.64,10.057
181.65,9.442
181.66,8.959
181.67,9.442
181.68,9.486
181.69,10.189
181.7,10.277
181.71,10.145
181.72,10.453
181.73,10.189
181.74,9.618
181.75,9.179
181.76,9.267
181.77,9.926
181.78,10.453
181.79,10.277
181.8,10.321
181.81,10.145
181.82,9.750
181.83,9.662
181.84,9.706
181.85,9.399
181.86,9.926
181.87,10.233
181.88,10.716
181.89,10.716
181.9,10.145
181.91,9.706
181.92,10.101
181.93,10.233
181.94,10.189
181.95,10.233
181.96,10.321
181.97,10.716
181.98,10.629
181.99,10.277
182,9.794
182.01,9.267
182.02,9.223
182.03,10.145
182.04,10.365
182.05,10.277
182.06,10.409
182.07,10.145
182.08,9.618
182.09,9.838
182.1,9.882
182.11,9.618
182.12,9.223
182.13,9.794
182.14,9.574
182.15,9.838
182.16,9.399
182.17,9.618
182.18,9.442
182.19,9.882
182.2,9.574
182.21,9.662
182.22,9.530
182.23,9.311
182.24,9.135
182.25,9.486
182.26,9.179
182.27,9.047
182.28,8.959
182.29,9.399
182.3,9.706
182.31,9.618
182.32,9.311
182.33,9.047
182.34,9.047
182.35,9.442
182.36,9.267
182.37,9.530
182.38,9.091
182.39,9.003
182.4,9.311
182.41,9.618
182.42,9.311
182.43,9.223
182.44,9.003
182.45,9.091
182.46,9.442
182.47,9.794
182.48,9.618
182.49,9.311
182.5,9.223
182.51,9.311
182.52,9.399
182.53,9.706
182.54,9.399
182.55,9.267
182.56,9.530
182.57,9.311
182.58,9.442
182.59,9.135
182.6,9.135
182.61,9.574
182.62,9.267
182.63,9.311
182.64,9.442
182.65,9.442
182.66,9.179
182.67,9.135
182.68,9.530
182.69,9.970
182.7,9.794
182.71,9.618
182.72,9.926
182.73,9.926
182.74,9.486
182.75,9.574
182.76,9.794
182.77,9.618
182.78,9.486
182.79,9.047
182.8,9.179
182.81,9.486
182.82,9.442
182.83,9.442
182.84,9.135
182.85,9.442
182.86,9.486
182.87,9.442
182.88,9.135
182.89,9.091
182.9,9.662
182.91,9.794
182.92,9.486
182.93,9.618
182.94,9.135
182.95,9.091
182.96,9.399
182.97,9.486
182.98,9.530
182.99,9.311
183,9.223
183.01,8.959
183.02,9.047
183.03,9.267
183.04,9.311
183.05,9.091
183.06,8.915
183.07,8.915
183.08,9.399
183.09,9.179
183.1,9.179
183.11,8.871
183.12,9.311
183.13,9.662
183.14,9.706
183.15,9.662
183.16,9.486
183.17,9.135
183.18,9.355
183.19,9.530
183.2,9.530
183.21,9.662
183.22,9.618
183.23,9.135
183.24,8.915
183.25,9.267
183.26,9.399
183.27,9.267
183.28,9.311
183.29,9.091
183.3,9.135
183.31,9.311
183.32,9.486
183.33,9.267
183.34,9.442
183.35,9.135
183.36,9.223
183.37,9.047
183.38,9.047
183.39,9.355
183.4,9.486
183.41,9.442
183.42,9.662
183.43,9.399
183.44,9.267
183.45,9.399
183.46,9.882
183.47,9.486
183.48,9.355
183.49,9.486
183.5,9.618
183.51,9.530
183.52,9.267
183.53,9.179
183.54,9.970
183.55,9.486
183.56,9.091
183.57,8.959
183.58,9.486
183.59,9.706
183.6,9.794
183.61,9.574
183.62,9.486
183.63,9.530
183.64,9.442
183.65,9.486
183.66,9.442
183.67,9.970
183.68,9.838
183.69,9.486
183.7,9.135
183.71,9.179
183.72,9.662
183.73,9.311
183.74,9.399
183.75,9.662
183.76,9.355
183.77,9.355
183.78,9.311
183.79,9.355
183.8,9.442
183.81,9.486
183.82,9.706
183.83,9.223
183.84,9.355
183.85,9.399
183.86,9.970
183.87,9.574
183.88,9.970
183.89,9.355
183.9,9.486
183.91,9.179
183.92,9.574
183.93,9.574
183.94,9.750
183.95,9.486
183.96,9.311
183.97,9.179
183.98,9.223
183.99,9.091
184,9.618
184.01,9.574
184.02,9.355
184.03,9.267
184.04,9.179
184.05,9.047
184.06,9.486
184.07,9.618
184.08,9.267
184.09,9.311
184.1,9.267
184.11,9.355
184.12,9.574
184.13,9.706
184.14,9.574
184.15,9.618
184.16,9.486
184.17,9.267
184.18,9.399
184.19,9.662
184.2,9.442
184.21,9.838
184.22,9.662
184.23,9.267
184.24,9.179
184.25,9.355
184.26,9.750
184.27,9.794
184.28,9.794
184.29,9.091
184.3,9.267
184.31,9.970
184.32,10.277
184.33,10.321
184.34,10.497
184.35,10.233
184.36,10.014
184.37,9.355
184.38,8.871
184.39,9.047
184.4,8.784
184.41,9.530
184.42,10.145
184.43,9.970
184.44,9.882
184.45,9.926
184.46,10.014
184.47,9.223
184.48,9.311
184.49,8.915
184.5,9.091
184.51,9.486
184.52,10.189
184.53,10.277
184.54,10.057
184.55,9.794
184.56,9.530
184.57,9.223
184.58,9.091
184.59,9.399
184.6,10.145
184.61,10.585
184.62,10.629
184.63,10.277
184.64,9.530
184.65,9.574
184.66,9.486
184.67,9.530
184.68,9.838
184.69,9.794
184.7,10.189
184.71,10.145
184.72,10.453
184.73,10.101
184.74,9.662
184.75,9.223
184.76,9.179
184.77,9.574
184.78,10.541
184.79,10.716
184.8,10.497
184.81,10.233
184.82,9.882
184.83,9.223
184.84,9.223
184.85,9.618
184.86,10.145
184.87,10.321
184.88,10.365
184.89,10.629
184.9,10.321
184.91,9.574
184.92,9.267
184.93,9.047
184.94,9.926
184.95,10.409
184.96,10.497
184.97,10.277
184.98,10.233
184.99,9.618
185,9.574
185.01,9.267
185.02,9.047
185.03,9.838
185.04,10.057
185.05,10.804
185.06,10.980
185.07,9.970
185.08,10.145
185.09,9.794
185.1,9.574
185.11,9.838
185.12,10.277
185.13,10.497
185.14,10.585
185.15,10.672
185.16,10.189
185.17,9.618
185.18,9.179
185.19,9.047
185.2,9.003
185.21,9.662
185.22,10.014
185.23,10.453
185.24,10.189
185.25,9.838
185.26,9.750
185.27,9.311
185.28,9.003
185.29,9.399
185.3,10.101
185.31,10.101
185.32,10.277
185.33,9.970
185.34,10.101
185.35,9.574
185.36,9.135
185.37,9.311
185.38,9.662
185.39,9.399
185.4,9.223
185.41,9.223
185.42,10.101
185.43,10.321
185.44,10.365
185.45,10.585
185.46,9.882
185.47,9.442
185.48,9.311
185.49,9.223
185.5,9.486
185.51,10.233
185.52,10.014
185.53,10.233
185.54,10.541
185.55,10.014
185.56,9.530
185.57,9.355
185.58,9.267
185.59,9.399
185.6,9.882
185.61,10.585
185.62,11.024
185.63,10.101
185.64,9.838
185.65,9.662
185.66,9.662
185.67,9.618
185.68,9.794
185.69,9.882
185.7,9.926
185.71,10.760
185.72,10.760
185.73,10.101
185.74,9.486
185.75,9.223
185.76,9.530
185.77,10.321
185.78,10.541
185.79,10.145
185.8,10.453
185.81,10.277
185.82,10.233
185.83,9.750
185.84,9.399
185.85,9.794
185.86,10.145
185.87,10.497
185.88,10.409
185.89,10.145
185.9,9.882
185.91,9.970
185.92,9.399
185.93,9.530
185.94,10.014
185.95,10.014
185.96,10.277
185.97,10.936
185.98,10.980
185.99,10.014
186,9.486
186.01,9.311
186.02,9.926
186.03,10.101
186.04,10.497
186.05,10.672
186.06,10.409
186.07,10.277
186.08,10.057
186.09,9.574
186.1,9.135
186.11,9.442
186.12,10.145
186.13,10.409
186.14,10.541
186.15,10.365
186.16,9.574
186.17,9.399
186.18,9.794
186.19,9.223
186.2,9.574
186.21,10.014
186.22,10.453
186.23,10.541
186.24,10.672
186.25,10.277
186.26,9.530
186.27,9.662
186.28,9.486
186.29,9.882
186.3,9.926
186.31,10.453
186.32,10.541
186.33,10.409
186.34,9.706
186.35,9.530
186.36,8.871
186.37,9.135
186.38,9.399
186.39,9.355
186.4,9.223
186.41,9.179
186.42,10.145
186.43,10.321
186.44,10.014
186.45,10.365
186.46,10.189
186.47,9.750
186.48,9.530
186.49,8.959
186.5,9.399
186.51,9.926
186.52,10.585
186.53,10.585
186.54,10.189
186.55,10.014
186.56,10.189
186.57,9.574
186.58,9.442
186.59,9.311
186.6,10.057
186.61,10.365
186.62,10.629
186.63,10.497
186.64,9.838
186.65,9.442
186.66,9.179
186.67,9.750
186.68,10.014
186.69,10.453
186.7,10.365
186.71,10.189
186.72,10.672
186.73,10.453
186.74,10.233
186.75,9.399
186.76,9.267
186.77,9.882
186.78,9.926
186.79,10.672
186.8,10.804
186.81,10.541
186.82,9.926
186.83,9.179
186.84,9.223
186.85,9.838
186.86,10.365
186.87,10.321
186.88,10.629
186.89,10.321
186.9,9.618
186.91,9.706
186.92,9.574
186.93,9.355
186.94,9.882
186.95,10.145
186.96,10.629
186.97,10.541
186.98,10.848
186.99,10.277
187,9.618
187.01,9.267
187.02,9.794
187.03,9.838
187.04,10.497
187.05,10.629
187.06,10.409
187.07,10.321
187.08,10.189
187.09,9.574
187.1,9.530
187.11,9.574
187.12,10.585
187.13,10.497
187.14,10.497
187.15,10.277
187.16,9.750
187.17,9.970
187.18,9.838
187.19,9.794
187.2,9.223
187.21,9.399
187.22,9.662
187.23,9.311
187.24,9.091
187.25,9.179
187.26,9.003
187.27,9.003
187.28,9.135
187.29,9.399
187.3,9.003
187.31,8.871
187.32,9.047
187.33,8.959
187.34,8.959
187.35,8.959
187.36,8.915
187.37,9.486
187.38,9.399
187.39,8.652
187.4,8.608
187.41,9.179
187.42,9.223
187.43,8.959
187.44,8.608
187.45,9.135
187.46,9.003
187.47,9.003
187.48,9.003
187.49,9.355
187.5,9.399
187.51,9.486
187.52,9.486
187.53,9.486
187.54,9.267
187.55,9.003
187.56,9.091
187.57,9.267
187.58,9.047
187.59,9.003
187.6,8.915
187.61,9.091
187.62,9.355
187.63,9.179
187.64,8.915
187.65,8.959
187.66,9.311
187.67,9.267
187.68,8.959
187.69,8.959
187.7,9.135
187.71,9.311
187.72,9.267
187.73,8.871
187.74,8.915
187.75,9.223
187.76,9.355
187.77,8.827
187.78,8.608
187.79,9.135
187.8,9.442
187.81,9.135
187.82,8.696
187.83,9.047
187.84,9.486
187.85,9.135
187.86,8.959
187.87,9.135
187.88,9.442
187.89,9.179
187.9,9.091
187.91,8.784
187.92,9.399
187.93,9.442
187.94,9.135
187.95,9.179
187.96,9.355
187.97,9.399
187.98,9.267
187.99,9.179
188,8.784
188.01,9.442
188.02,9.618
188.03,9.311
188.04,9.267
188.05,9.311
188.06,9.618
188.07,9.618
188.08,9.311
188.09,9.486
188.1,9.399
188.11,9.311
188.12,9.223
188.13,9.486
188.14,9.794
188.15,9.662
188.16,9.442
188.17,8.959
188.18,9.618
188.19,9.838
188.2,9.486
188.21,9.486
188.22,9.179
188.23,9.618
188.24,9.530
188.25,9.530
188.26,9.047
188.27,9.135
188.28,9.135
188.29,9.399
188.3,9.486
188.31,9.399
188.32,9.091
188.33,8.915
188.34,9.091
188.35,9.486
188.36,9.662
188.37,9.574
188.38,9.267
188.39,8.915
188.4,8.871
188.41,9.267
188.42,9.267
188.43,9.135
188.44,9.091
188.45,8.915
188.46,9.091
188.47,9.135
188.48,9.618
188.49,9.311
188.5,9.223
188.51,8.959
188.52,9.135
188.53,9.399
188.54,9.442
188.55,9.486
188.56,8.871
188.57,9.047
188.58,9.530
188.59,9.267
188.6,9.442
188.61,9.311
188.62,9.530
188.63,9.135
188.64,9.267
188.65,9.311
188.66,9.750
188.67,9.926
188.68,9.486
188.69,9.311
188.7,9.486
188.71,9.399
188.72,9.794
188.73,9.618
188.74,9.574
188.75,9.047
188.76,9.135
188.77,9.223
188.78,9.662
188.79,9.355
188.8,9.662
188.81,9.486
188.82,9.047
188.83,9.047
188.84,9.179
188.85,9.618
188.86,9.047
188.87,9.486
188.88,9.311
188.89,9.311
188.9,8.827
188.91,8.959
188.92,9.311
188.93,9.442
188.94,9.442
188.95,9.135
188.96,9.091
188.97,9.135
188.98,9.706
188.99,9.706
189,9.970
189.01,9.882
189.02,9.530
189.03,9.442
189.04,9.970
189.05,9.882
189.06,10.145
189.07,9.530
189.08,9.794
189.09,9.574
189.1,9.706
189.11,9.399
189.12,9.355
189.13,9.442
189.14,9.618
189.15,9.486
189.16,9.750
189.17,10.101
189.18,9.399
189.19,9.179
189.2,9.486
189.21,9.442
189.22,9.486
189.23,9.399
189.24,9.355
189.25,9.223
189.26,9.047
189.27,9.706
189.28,9.662
189.29,9.618
189.3,9.794
189.31,9.399
189.32,9.574
189.33,9.750
189.34,9.662
189.35,9.574
189.36,9.794
189.37,9.618
189.38,9.442
189.39,9.399
189.4,9.794
189.41,10.145
189.42,10.277
189.43,10.277
189.44,10.804
189.45,10.760
189.46,10.453
189.47,9.926
189.48,9.486
189.49,9.179
189.5,9.530
189.51,9.486
189.52,9.223
189.53,9.223
189.54,9.179
189.55,10.101
189.56,10.629
189.57,10.497
189.58,10.189
189.59,10.101
189.6,9.574
189.61,9.794
189.62,9.399
189.63,9.530
189.64,8.871
189.65,9.311
189.66,10.321
189.67,10.760
189.68,10.585
189.69,10.541
189.7,10.453
189.71,10.189
189.72,9.970
189.73,9.530
189.74,9.442
189.75,9.091
189.76,9.442
189.77,9.442
189.78,9.970
189.79,10.277
189.8,10.672
189.81,10.980
189.82,10.233
189.83,10.014
189.84,9.662
189.85,9.442
189.86,9.662
189.87,10.014
189.88,10.365
189.89,10.585
189.9,10.321
189.91,10.936
189.92,10.409
189.93,9.750
189.94,9.618
189.95,9.442
189.96,10.101
189.97,10.585
189.98,10.585
189.99,10.672
190,10.760
190.01,10.014
190.02,9.882
190.03,9.838
190.04,9.442
190.05,10.145
190.06,10.145
190.07,10.716
190.08,10.629
190.09,10.101
190.1,9.970
190.11,9.926
190.12,9.574
190.13,9.750
190.14,10.057
190.15,10.848
190.16,10.980
190.17,10.497
190.18,10.101
190.19,9.442
190.2,9.223
190.21,9.662
190.22,10.277
190.23,10.101
190.24,10.497
190.25,10.585
190.26,10.409
190.27,9.926
190.28,9.574
190.29,9.311
190.3,9.311
190.31,10.101
190.32,10.365
190.33,10.233
190.34,10.014
190.35,10.277
190.36,9.662
190.37,9.399
190.38,9.135
190.39,9.442
190.4,9.267
190.41,9.179
190.42,9.750
190.43,10.145
190.44,10.629
190.45,10.409
190.46,9.970
190.47,9.750
190.48,9.486
190.49,9.311
190.5,9.223
190.51,10.101
190.52,10.541
190.53,10.804
190.54,10.541
190.55,9.574
190.56,9.442
190.57,9.750
190.58,9.223
190.59,9.838
190.6,9.926
190.61,10.145
190.62,10.716
190.63,10.277
190.64,9.838
190.65,9.267
190.66,9.047
190.67,9.223
190.68,9.838
190.69,10.101
190.7,10.497
190.71,10.277
190.72,10.716
190.73,10.277
190.74,10.057
190.75,9.750
190.76,9.267
190.77,9.618
190.78,10.453
190.79,10.453
190.8,10.848
190.81,10.365
190.82,9.399
190.83,9.706
190.84,9.882
190.85,9.750
190.86,10.409
190.87,10.101
190.88,10.365
190.89,10.848
190.9,10.365
190.91,9.882
190.92,9.530
190.93,9.047
190.94,9.838
190.95,10.321
190.96,10.848
190.97,10.585
190.98,10.101
190.99,9.750
191,9.882
191.01,9.662
191.02,9.794
191.03,10.057
191.04,10.585
191.05,10.760
191.06,10.848
191.07,10.541
191.08,10.101
191.09,9.442
191.1,9.311
191.11,9.706
191.12,10.365
191.13,10.409
191.14,10.409
191.15,10.321
191.16,9.970
191.17,9.662
191.18,9.574
191.19,9.179
191.2,9.794
191.21,10.014
191.22,10.541
191.23,10.760
191.24,10.365
191.25,10.014
191.26,9.926
191.27,9.926
191.28,9.179
191.29,9.399
191.3,10.409
191.31,10.760
191.32,10.980
191.33,10.321
191.34,9.442
191.35,9.442
191.36,9.047
191.37,9.706
191.38,9.223
191.39,9.003
191.4,9.091
191.41,9.530
191.42,10.101
191.43,10.277
191.44,10.145
191.45,10.233
191.46,9.706
191.47,9.486
191.48,9.223
191.49,9.135
191.5,8.959
191.51,9.838
191.52,10.277
191.53,10.101
191.54,9.838
191.55,9.838
191.56,9.223
191.57,9.706
191.58,9.442
191.59,9.399
191.6,9.882
191.61,10.233
191.62,10.716
191.63,10.541
191.64,9.882
191.65,9.486
191.66,9.399
191.67,9.618
191.68,9.706
191.69,9.970
191.7,10.101
191.71,10.716
191.72,10.541
191.73,9.838
191.74,9.355
191.75,9.355
191.76,9.223
191.77,9.706
191.78,9.882
191.79,9.926
191.8,10.321
191.81,10.014
191.82,9.574
191.83,9.091
191.84,9.267
191.85,9.442
191.86,9.838
191.87,10.277
191.88,11.024
191.89,10.497
191.9,10.233
191.91,9.530
191.92,9.618
191.93,9.838
191.94,10.057
191.95,10.365
191.96,10.453
191.97,10.277
191.98,10.057
191.99,9.882
192,9.970
192.01,9.311
192.02,9.574
192.03,10.057
192.04,10.057
192.05,10.189
192.06,10.057
192.07,10.497
192.08,9.926
192.09,9.486
192.1,9.442
192.11,9.267
192.12,9.706
192.13,10.145
192.14,10.629
192.15,10.629
192.16,9.882
192.17,9.574
192.18,9.706
192.19,9.618
192.2,9.355
192.21,10.057
192.22,10.277
192.23,11.024
192.24,10.365
192.25,10.409
192.26,9.486
192.27,9.442
192.28,9.530
192.29,9.794
192.3,10.541
192.31,10.760
192.32,10.585
192.33,10.541
192.34,10.014
192.35,9.618
192.36,9.618
192.37,9.399
192.38,9.047
192.39,9.267
192.4,8.915
192.41,9.311
192.42,9.442
192.43,9.179
192.44,9.091
192.45,9.618
192.46,9.486
192.47,9.442
192.48,9.179
192.49,9.179
192.5,9.091
192.51,9.267
192.52,8.959
192.53,9.047
192.54,8.696
192.55,9.442
192.56,9.399
192.57,9.047
192.58,8.827
192.59,9.179
192.6,8.871
192.61,8.784
192.62,8.564
192.63,8.784
192.64,9.091
192.65,8.740
192.66,8.564
192.67,8.564
192.68,8.915
192.69,9.047
192.7,8.696
192.71,8.520
192.72,8.696
192.73,8.959
192.74,8.915
192.75,8.432
192.76,9.047
192.77,9.091
192.78,8.608
192.79,8.784
192.8,9.091
192.81,8.740
192.82,8.696
192.83,8.696
192.84,9.135
192.85,8.784
192.86,8.915
192.87,9.267
192.88,8.740
192.89,8.871
192.9,9.179
192.91,8.784
192.92,8.652
192.93,9.223
192.94,9.047
192.95,9.047
192.96,9.047
192.97,9.223
192.98,9.311
192.99,9.003
193,9.179
193.01,9.267
193.02,9.091
193.03,9.047
193.04,9.267
193.05,9.047
193.06,9.311
193.07,9.530
193.08,9.311
193.09,9.003
193.1,9.267
193.11,9.135
193.12,9.135
193.13,9.442
193.14,9.486
193.15,9.047
193.16,9.355
193.17,9.618
193.18,9.618
193.19,9.047
193.2,9.135
193.21,9.223
193.22,9.442
193.23,9.091
193.24,9.355
193.25,9.223
193.26,9.442
193.27,9.574
193.28,9.574
193.29,9.574
193.3,9.311
193.31,9.267
193.32,9.442
193.33,9.442
193.34,9.003
193.35,9.311
193.36,9.399
193.37,9.399
193.38,9.267
193.39,9.530
193.4,9.442
193.41,9.355
193.42,9.047
193.43,9.399
193.44,9.838
193.45,9.399
193.46,9.223
193.47,9.267
193.48,9.091
193.49,9.047
193.5,9.135
193.51,9.442
193.52,9.179
193.53,8.959
193.54,9.618
193.55,9.311
193.56,9.311
193.57,9.223
193.58,9.574
193.59,9.574
193.6,9.618
193.61,9.706
193.62,9.750
193.63,9.442
193.64,9.399
193.65,9.618
193.66,9.267
193.67,9.486
193.68,9.662
193.69,9.618
193.7,9.311
193.71,9.355
193.72,9.311
193.73,9.311
193.74,9.794
193.75,9.486
193.76,9.399
193.77,9.399
193.78,9.486
193.79,9.442
193.8,9.399
193.81,9.574
193.82,9.838
193.83,9.574
193.84,9.486
193.85,9.618
193.86,9.662
193.87,9.399
193.88,9.311
193.89,9.838
193.9,9.926
193.91,9.618
193.92,9.530
193.93,10.145
193.94,9.706
193.95,9.530
193.96,9.530
193.97,9.794
193.98,9.574
193.99,9.838
194,9.926
194.01,9.662
194.02,9.442
194.03,9.223
194.04,9.662
194.05,9.926
194.06,9.662
194.07,9.618
194.08,9.662
194.09,9.794
194.1,9.442
194.11,9.794
194.12,10.101
194.13,9.486
194.14,9.706
194.15,9.486
194.16,9.574
194.17,9.442
194.18,9.794
194.19,9.662
194.2,9.311
194.21,9.794
194.22,9.706
194.23,9.530
194.24,9.355
194.25,9.311
194.26,9.882
194.27,9.970
194.28,9.399
194.29,10.321
194.3,9.618
194.31,9.662
194.32,9.003
194.33,9.750
194.34,9.970
194.35,9.267
194.36,9.926
194.37,9.926
194.38,9.399
194.39,9.223
194.4,9.618
194.41,9.750
194.42,9.486
194.43,9.399
194.44,9.574
194.45,9.486
194.46,9.486
194.47,9.486
194.48,9.486
194.49,9.399
194.5,9.574
194.51,9.662
194.52,9.442
194.53,9.311
194.54,10.189
194.55,10.672
194.56,10.672
194.57,10.497
194.58,10.541
194.59,10.057
194.6,9.486
194.61,9.355
194.62,9.618
194.63,9.882
194.64,9.267
194.65,9.530
194.66,10.453
194.67,10.277
194.68,10.629
194.69,10.848
194.7,10.541
194.71,9.706
194.72,9.838
194.73,9.662
194.74,9.442
194.75,9.750
194.76,10.409
194.77,10.453
194.78,10.629
194.79,10.277
194.8,10.321
194.81,9.838
194.82,9.267
194.83,9.706
194.84,10.321
194.85,10.453
194.86,10.365
194.87,10.541
194.88,10.101
194.89,9.311
194.9,9.399
194.91,9.442
194.92,9.838
194.93,10.057
194.94,10.541
194.95,10.497
194.96,10.321
194.97,9.794
194.98,9.355
194.99,9.047
195,8.871
195.01,10.014
195.02,10.365
195.03,10.233
195.04,10.189
195.05,10.277
195.06,9.574
195.07,9.355
195.08,9.486
195.09,9.399
195.1,9.926
195.11,10.057
195.12,10.497
195.13,10.233
195.14,9.399
195.15,9.618
195.16,9.574
195.17,9.574
195.18,9.355
195.19,9.970
195.2,10.233
195.21,10.189
195.22,10.497
195.23,10.189
195.24,9.618
195.25,9.135
195.26,9.399
195.27,10.189
195.28,10.277
195.29,10.101
195.3,10.497
195.31,10.409
195.32,9.750
195.33,9.662
195.34,9.267
195.35,9.091
195.36,8.915
195.37,9.091
195.38,8.652
195.39,8.740
195.4,8.740
195.41,9.442
195.42,9.794
195.43,10.321
195.44,10.453
195.45,10.321
195.46,10.321
195.47,9.574
195.48,9.355
195.49,9.530
195.5,9.574
195.51,9.750
195.52,10.541
195.53,10.672
195.54,10.541
195.55,10.453
195.56,9.882
195.57,9.706
195.58,9.530
195.59,9.399
195.6,10.365
195.61,10.277
195.62,10.541
195.63,10.672
195.64,10.453
195.65,10.409
195.66,9.750
195.67,9.662
195.68,9.399
195.69,10.145
195.7,10.233
195.71,10.541
195.72,10.585
195.73,10.277
195.74,9.838
195.75,9.355
195.76,9.618
195.77,9.311
195.78,10.014
195.79,9.970
195.8,10.629
195.81,10.145
195.82,10.101
195.83,9.794
195.84,9.135
195.85,9.574
195.86,9.926
195.87,10.277
195.88,10.101
195.89,10.541
195.9,10.189
195.91,9.399
195.92,9.135
195.93,9.355
195.94,9.574
195.95,9.838
195.96,10.321
195.97,10.629
195.98,10.189
195.99,9.574
196,9.706
196.01,9.486
196.02,9.574
196.03,10.189
196.04,10.672
196.05,10.760
196.06,10.716
196.07,10.497
196.08,10.189
196.09,9.838
196.1,9.618
196.11,9.882
196.12,10.014
196.13,10.233
196.14,10.321
196.15,10.585
196.16,10.848
196.17,10.365
196.18,9.838
196.19,9.223
196.2,9.794
196.21,10.014
196.22,10.409
196.23,10.321
196.24,10.497
196.25,10.321
196.26,10.233
196.27,9.618
196.28,9.267
196.29,9.442
196.3,10.497
196.31,10.453
196.32,10.629
196.33,10.365
196.34,9.926
196.35,9.662
196.36,9.794
196.37,9.486
196.38,9.179
196.39,8.915
196.4,9.267
196.41,9.794
196.42,10.014
196.43,10.365
196.44,10.365
196.45,10.365
196.46,10.365
196.47,9.574
196.48,9.442
196.49,9.399
196.5,9.311
196.51,10.057
196.52,10.101
196.53,10.409
196.54,10.321
196.55,10.189
196.56,10.453
196.57,9.662
196.58,9.662
196.59,9.442
196.6,9.442
196.61,10.233
196.62,10.672
196.63,10.980
196.64,10.804
196.65,10.277
196.66,9.399
196.67,9.311
196.68,9.530
196.69,9.926
196.7,10.365
196.71,10.672
196.72,10.277
196.73,9.926
196.74,10.101
196.75,9.794
196.76,9.574
196.77,9.618
196.78,10.057
196.79,10.541
196.8,11.068
196.81,10.672
196.82,10.277
196.83,10.101
196.84,9.223
196.85,9.091
196.86,9.882
196.87,10.189
196.88,10.365
196.89,10.365
196.9,10.014
196.91,9.574
196.92,9.355
196.93,9.399
196.94,9.267
196.95,9.135
196.96,9.355
196.97,9.926
196.98,10.277
196.99,10.233
197,9.794
197.01,9.091
197.02,8.784
197.03,9.179
197.04,9.399
197.05,10.233
197.06,10.277
197.07,10.014
197.08,9.926
197.09,9.530
197.1,9.399
197.11,9.399
197.12,9.267
197.13,9.574
197.14,10.057
197.15,10.014
197.16,10.409
197.17,10.321
197.18,9.838
197.19,9.135
197.2,9.135
197.21,9.486
197.22,10.233
197.23,10.014
197.24,10.014
197.25,10.409
197.26,9.882
197.27,9.794
197.28,9.926
197.29,9.399
197.3,9.442
197.31,10.145
197.32,10.585
197.33,10.848
197.34,10.189
197.35,9.794
197.36,9.662
197.37,9.355
197.38,9.179
197.39,9.311
197.4,9.355
197.41,9.882
197.42,10.233
197.43,10.321
197.44,10.629
197.45,10.936
197.46,10.365
197.47,9.882
197.48,9.838
197.49,9.706
197.5,9.794
197.51,9.662
197.52,9.442
197.53,9.355
197.54,9.311
197.55,9.838
197.56,9.926
197.57,9.706
197.58,9.574
197.59,9.355
197.6,9.530
197.61,9.530
197.62,9.442
197.63,9.267
197.64,9.179
197.65,9.135
197.66,9.442
197.67,9.179
197.68,9.047
197.69,9.179
197.7,9.311
197.71,9.486
197.72,9.574
197.73,9.574
197.74,9.618
197.75,9.399
197.76,9.662
197.77,9.091
197.78,9.530
197.79,9.486
197.8,9.486
197.81,9.442
197.82,9.486
197.83,9.618
197.84,9.091
197.85,9.091
197.86,9.838
197.87,9.662
197.88,9.882
197.89,9.750
197.9,9.267
197.91,9.311
197.92,9.399
197.93,9.574
197.94,9.970
197.95,9.530
197.96,9.618
197.97,9.794
197.98,10.057
197.99,10.101
198,9.706
198.01,9.267
198.02,9.574
198.03,9.486
198.04,9.750
198.05,9.882
198.06,9.618
198.07,9.574
198.08,9.794
198.09,9.970
198.1,9.750
198.11,9.662
198.12,9.486
198.13,9.223
198.14,9.486
198.15,9.970
198.16,9.838
198.17,9.838
198.18,9.399
198.19,9.486
198.2,9.970
198.21,9.926
198.22,9.970
198.23,9.794
198.24,9.794
198.25,9.442
198.26,9.442
198.27,9.267
198.28,9.926
198.29,9.574
198.3,9.794
198.31,9.618
198.32,9.618
198.33,9.399
198.34,9.662
198.35,9.882
198.36,9.530
198.37,9.618
198.38,9.223
198.39,9.794
198.4,9.750
198.41,9.530
198.42,9.618
198.43,9.047
198.44,9.399
198.45,9.223
198.46,9.486
198.47,9.618
198.48,9.486
198.49,9.223
198.5,9.091
198.51,9.355
198.52,9.442
198.53,9.618
198.54,9.574
198.55,9.486
198.56,9.442
198.57,9.223
198.58,9.223
198.59,9.574
198.6,9.486
198.61,9.618
198.62,9.311
198.63,9.135
198.64,9.091
198.65,9.486
198.66,9.399
198.67,9.442
198.68,9.399
198.69,9.091
198.7,9.662
198.71,9.662
198.72,9.706
198.73,9.530
198.74,9.311
198.75,9.662
198.76,9.486
198.77,9.486
198.78,8.959
198.79,9.399
198.8,9.662
198.81,9.311
198.82,9.311
198.83,8.871
198.84,9.135
198.85,9.662
198.86,9.223
198.87,9.355
198.88,9.486
198.89,9.618
198.9,9.355
198.91,9.530
198.92,9.442
198.93,9.442
198.94,9.618
198.95,9.926
198.96,9.750
198.97,9.618
198.98,9.838
198.99,9.750
199,9.355
199.01,9.267
199.02,9.662
199.03,9.706
199.04,9.486
199.05,9.530
199.06,9.838
199.07,9.442
199.08,9.926
199.09,9.838
199.1,9.618
199.11,9.618
199.12,9.662
199.13,9.838
199.14,9.794
199.15,9.882
199.16,9.618
199.17,9.926
199.18,9.618
199.19,10.057
199.2,9.574
199.21,9.355
199.22,9.926
199.23,9.662
199.24,9.311
199.25,9.311
199.26,9.442
199.27,9.794
199.28,9.794
199.29,9.662
199.3,9.223
199.31,9.838
199.32,9.574
199.33,9.750
199.34,9.794
199.35,9.486
199.36,9.399
199.37,9.442
199.38,9.970
199.39,9.750
199.4,9.706
199.41,9.882
199.42,10.014
199.43,9.794
199.44,9.574
199.45,9.574
199.46,9.311
199.47,9.618
199.48,9.399
199.49,9.530
199.5,9.838
199.51,9.662
199.52,9.311
199.53,9.091
199.54,9.047
199.55,9.091
199.56,9.574
199.57,9.442
199.58,9.047
199.59,9.179
199.6,9.311
199.61,9.662
199.62,9.399
199.63,9.750
199.64,9.399
199.65,9.926
199.66,9.750
199.67,9.486
199.68,9.486
199.69,9.750
199.7,10.497
199.71,10.497
199.72,10.585
199.73,10.629
199.74,10.101
199.75,9.706
199.76,9.399
199.77,9.355
199.78,9.399
199.79,9.442
199.8,9.267
199.81,8.959
199.82,9.970
199.83,10.409
199.84,10.541
199.85,10.497
199.86,10.014
199.87,9.399
199.88,9.311
199.89,9.223
199.9,9.399
199.91,9.838
199.92,9.750
199.93,10.365
199.94,10.365
199.95,9.926
199.96,9.442
199.97,9.091
199.98,9.223
199.99,9.223
200,9.486
200.01,10.189
200.02,10.189
200.03,10.057
200.04,9.794
200.05,9.706
200.06,9.311
200.07,9.223
200.08,9.223
200.09,10.101
200.1,10.145
200.11,10.409
200.12,10.409
200.13,9.970
200.14,9.355
200.15,9.223
200.16,9.223
200.17,9.618
200.18,10.145
200.19,9.882
200.2,9.926
200.21,9.706
200.22,9.618
200.23,9.662
200.24,9.179
200.25,9.047
200.26,9.442
200.27,10.189
200.28,10.629
200.29,10.365
200.3,9.882
200.31,9.267
200.32,8.915
200.33,9.091
200.34,8.915
200.35,9.179
200.36,8.784
200.37,8.696
200.38,8.608
200.39,9.003
200.4,8.915
200.41,8.784
200.42,9.047
200.43,9.399
200.44,9.662
200.45,9.926
200.46,9.574
200.47,9.003
200.48,9.003
200.49,8.564
200.5,8.344
200.51,9.003
200.52,9.003
200.53,8.652
200.54,8.915
200.55,9.926
200.56,10.321
200.57,10.409
200.58,9.970
200.59,9.311
200.6,9.223
200.61,9.267
200.62,9.091
200.63,9.399
200.64,9.882
200.65,10.277
200.66,10.716
200.67,10.101
200.68,10.233
200.69,9.486
200.7,9.794
200.71,10.057
200.72,10.409
200.73,10.541
200.74,10.277
200.75,10.057
200.76,10.101
200.77,9.970
200.78,9.486
200.79,9.223
200.8,9.530
200.81,10.101
200.82,10.716
200.83,10.804
200.84,10.101
200.85,9.399
200.86,9.091
200.87,9.047
200.88,9.399
200.89,10.014
200.9,9.882
200.91,10.321
200.92,10.716
200.93,10.057
200.94,9.486
200.95,9.399
200.96,9.267
200.97,9.223
200.98,10.321
200.99,10.233
201,9.970
201.01,10.848
201.02,10.716
201.03,9.706
201.04,9.355
201.05,9.267
201.06,9.442
201.07,10.233
201.08,10.145
201.09,10.014
201.1,10.365
201.11,10.145
201.12,9.530
201.13,9.399
201.14,9.486
201.15,9.882
201.16,10.277
201.17,10.453
201.18,10.409
201.19,10.365
201.2,9.574
201.21,9.530
201.22,9.574
201.23,10.014
201.24,10.057
201.25,10.848
201.26,10.760
201.27,10.453
201.28,10.497
201.29,10.189
201.3,9.486
201.31,9.091
201.32,10.145
201.33,10.629
201.34,10.585
201.35,10.629
201.36,10.321
201.37,10.101
201.38,9.882
201.39,9.574
201.4,9.399
201.41,10.101
201.42,10.057
201.43,10.541
201.44,10.277
201.45,10.672
201.46,10.277
201.47,9.970
201.48,9.399
201.49,9.003
201.5,10.101
201.51,10.760
201.52,10.497
201.53,10.716
201.54,10.277
201.55,9.926
201.56,9.662
201.57,9.530
201.58,9.530
201.59,10.629
201.6,10.629
201.61,10.892
201.62,10.848
201.63,10.365
201.64,10.233
201.65,9.970
201.66,9.399
201.67,9.750
201.68,10.672
201.69,10.848
201.7,10.541
201.71,10.189
201.72,10.057
201.73,9.750
201.74,9.618
201.75,9.618
201.76,9.926
201.77,10.365
201.78,10.716
201.79,10.585
201.8,10.189
201.81,9.970
201.82,9.618
201.83,10.014
201.84,9.794
201.85,10.014
201.86,10.585
201.87,10.585
201.88,10.672
201.89,9.926
201.9,9.574
201.91,9.486
201.92,9.530
201.93,9.706
201.94,9.838
201.95,10.716
201.96,10.672
201.97,10.892
201.98,10.277
201.99,9.486
202,9.355
202.01,9.311
202.02,9.970
202.03,10.365
202.04,10.409
202.05,10.365
202.06,9.926
202.07,10.101
202.08,9.399
202.09,9.135
202.1,8.871
202.11,9.574
202.12,10.277
202.13,10.409
202.14,10.453
202.15,10.057
202.16,9.486
202.17,8.959
202.18,9.267
202.19,9.530
202.2,10.145
202.21,10.101
202.22,10.409
202.23,9.838
202.24,9.530
202.25,9.311
202.26,9.267
202.27,9.574
202.28,10.321
202.29,10.497
202.3,10.101
202.31,10.189
202.32,10.145
202.33,9.706
202.34,9.442
202.35,9.882
202.36,9.223
202.37,8.871
202.38,8.652
202.39,9.047
202.4,9.618
202.41,9.618
202.42,10.145
202.43,10.145
202.44,10.057
202.45,10.233
202.46,10.014
202.47,9.794
202.48,9.442
202.49,9.750
202.5,9.882
202.51,9.706
202.52,9.267
202.53,9.267
202.54,10.233
202.55,10.672
202.56,10.848
202.57,10.453
202.58,10.014
202.59,10.321
202.6,9.926
202.61,9.618
202.62,9.838
202.63,9.882
202.64,10.409
202.65,10.585
202.66,10.760
202.67,10.980
202.68,10.189
202.69,9.794
202.7,9.267
202.71,9.311
202.72,9.574
202.73,9.706
202.74,9.706
202.75,9.706
202.76,9.442
202.77,9.223
202.78,9.574
202.79,9.574
202.8,10.101
202.81,9.750
202.82,9.355
202.83,9.355
202.84,9.794
202.85,9.486
202.86,9.574
202.87,9.399
202.88,9.223
202.89,9.267
202.9,9.355
202.91,9.399
202.92,9.706
202.93,9.179
202.94,9.311
202.95,9.091
202.96,9.267
202.97,9.223
202.98,9.662
202.99,9.574
203,9.223
203.01,9.091
203.02,9.399
203.03,9.926
203.04,9.662
203.05,9.574
203.06,9.794
203.07,9.486
203.08,9.618
203.09,9.530
203.1,9.574
203.11,9.442
203.12,9.530
203.13,9.618
203.14,9.311
203.15,9.267
203.16,9.355
203.17,9.530
203.18,9.618
203.19,9.355
203.2,9.135
203.21,9.662
203.22,9.574
203.23,9.355
203.24,9.135
203.25,9.135
203.26,9.530
203.27,9.442
203.28,9.794
203.29,9.311
203.3,9.442
203.31,9.882
203.32,9.662
203.33,9.838
203.34,9.530
203.35,9.179
203.36,9.311
203.37,9.223
203.38,9.442
203.39,9.882
203.4,9.706
203.41,9.486
203.42,9.442
203.43,9.706
203.44,9.794
203.45,9.618
203.46,9.882
203.47,9.574
203.48,9.223
203.49,9.442
203.5,9.574
203.51,9.750
203.52,9.574
203.53,9.486
203.54,9.442
203.55,9.311
203.56,9.574
203.57,9.662
203.58,9.267
203.59,9.618
203.6,9.442
203.61,9.091
203.62,9.091
203.63,9.442
203.64,9.530
203.65,9.486
203.66,9.618
203.67,9.355
203.68,9.223
203.69,9.399
203.7,9.223
203.71,9.442
203.72,9.399
203.73,9.486
203.74,9.047
203.75,9.311
203.76,9.442
203.77,9.486
203.78,9.442
203.79,9.135
203.8,9.399
203.81,9.662
203.82,9.574
203.83,9.311
203.84,9.223
203.85,8.915
203.86,9.179
203.87,9.223
203.88,9.486
203.89,9.223
203.9,9.223
203.91,9.047
203.92,9.047
203.93,9.486
203.94,9.311
203.95,9.311
203.96,9.179
203.97,9.442
203.98,9.267
203.99,9.618
204,9.311
204.01,9.003
204.02,8.784
204.03,9.267
204.04,9.355
204.05,9.618
204.06,9.574
204.07,8.915
204.08,9.047
204.09,9.047
204.1,9.311
204.11,9.574
204.12,9.311
204.13,9.311
204.14,9.530
204.15,9.091
204.16,9.311
204.17,9.794
204.18,9.926
204.19,9.618
204.2,9.355
204.21,9.223
204.22,9.530
204.23,9.311
204.24,9.311
204.25,9.311
204.26,9.442
204.27,9.267
204.28,9.091
204.29,8.959
204.3,9.662
204.31,9.706
204.32,9.486
204.33,9.135
204.34,9.311
204.35,9.135
204.36,9.442
204.37,9.442
204.38,9.486
204.39,9.311
204.4,8.827
204.41,9.047
204.42,9.486
204.43,9.486
204.44,9.399
204.45,9.267
204.46,9.047
204.47,9.399
204.48,9.047
204.49,9.442
204.5,9.399
204.51,9.091
204.52,9.047
204.53,9.399
204.54,9.706
204.55,9.442
204.56,9.399
204.57,9.486
204.58,9.311
204.59,9.135
204.6,9.486
204.61,9.530
204.62,9.267
204.63,9.530
204.64,9.267
204.65,9.399
204.66,9.442
204.67,9.574
204.68,9.530
204.69,9.442
204.7,9.003
204.71,8.827
204.72,9.267
204.73,9.794
204.74,9.838
204.75,8.871
204.76,8.696
204.77,9.047
204.78,9.311
204.79,9.442
204.8,10.189
204.81,10.189
204.82,10.453
204.83,10.716
204.84,10.233
204.85,10.014
204.86,9.618
204.87,9.179
204.88,9.223
204.89,9.179
204.9,9.530
204.91,10.145
204.92,10.497
204.93,10.321
204.94,10.321
204.95,10.497
204.96,10.321
204.97,9.618
204.98,9.706
204.99,9.882
205,9.355
205.01,9.311
205.02,9.355
205.03,9.750
205.04,10.453
205.05,10.672
205.06,10.453
205.07,10.145
205.08,9.838
205.09,10.409
205.1,9.750
205.11,9.706
205.12,9.706
205.13,10.321
205.14,10.409
205.15,10.672
205.16,10.892
205.17,10.321
205.18,9.838
205.19,9.530
205.2,9.223
205.21,9.794
205.22,10.409
205.23,10.760
205.24,10.936
205.25,10.716
205.26,9.794
205.27,9.706
205.28,9.970
205.29,9.574
205.3,9.794
205.31,10.014
205.32,10.453
205.33,10.497
205.34,10.321
205.35,9.486
205.36,9.047
205.37,9.267
205.38,9.223
205.39,9.442
205.4,9.355
205.41,9.486
205.42,9.794
205.43,9.926
205.44,10.365
205.45,10.672
205.46,10.145
205.47,9.399
205.48,9.267
205.49,9.442
205.5,9.662
205.51,10.233
205.52,10.365
205.53,10.145
205.54,10.189
205.55,9.926
205.56,10.101
205.57,10.145
205.58,9.618
205.59,9.355
205.6,9.486
205.61,10.409
205.62,10.716
205.63,10.760
205.64,11.068
205.65,10.541
205.66,9.970
205.67,9.399
205.68,9.486
205.69,9.794
205.7,10.629
205.71,10.453
205.72,10.497
205.73,10.321
205.74,9.618
205.75,9.794
205.76,9.970
205.77,9.530
205.78,10.057
205.79,10.057
205.8,10.189
205.81,10.189
205.82,10.145
205.83,9.311
205.84,9.399
205.85,9.311
205.86,9.970
205.87,10.145
205.88,10.585
205.89,10.892
205.9,10.585
205.91,10.057
205.92,9.442
205.93,8.827
205.94,8.915
205.95,9.706
205.96,9.970
205.97,9.882
205.98,10.101
205.99,10.365
206,10.057
206.01,9.399
206.02,9.091
206.03,9.442
206.04,9.970
206.05,10.189
206.06,10.585
206.07,10.804
206.08,10.936
206.09,10.365
206.1,9.574
206.11,9.486
206.12,9.706
206.13,10.409
206.14,10.497
206.15,10.453
206.16,10.497
206.17,10.189
206.18,9.750
206.19,9.970
206.2,9.530
206.21,9.486
206.22,10.145
206.23,10.189
206.24,10.541
206.25,10.233
206.26,10.014
206.27,9.706
206.28,9.399
206.29,9.311
206.3,10.101
206.31,10.629
206.32,10.321
206.33,10.804
206.34,10.497
206.35,9.838
206.36,9.750
206.37,9.530
206.38,8.959
206.39,8.784
206.4,9.179
206.41,9.574
206.42,9.970
206.43,10.672
206.44,10.321
206.45,10.321
206.46,10.189
206.47,9.618
206.48,9.486
206.49,9.706
206.5,9.618
206.51,9.223
206.52,9.355
206.53,9.399
206.54,9.618
206.55,10.321
206.56,10.541
206.57,10.365
206.58,9.970
206.59,9.926
206.6,9.882
206.61,9.223
206.62,9.223
206.63,9.838
206.64,10.145
206.65,10.145
206.66,10.672
206.67,10.101
206.68,9.355
206.69,9.091
206.7,9.399
206.71,9.706
206.72,10.014
206.73,10.672
206.74,10.716
206.75,10.321
206.76,10.585
206.77,9.970
206.78,9.486
206.79,9.179
206.8,10.233
206.81,10.497
206.82,10.277
206.83,10.453
206.84,10.585
206.85,10.014
206.86,9.399
206.87,9.442
206.88,9.794
206.89,10.277
206.9,10.145
206.91,10.233
206.92,10.497
206.93,10.014
206.94,9.618
206.95,9.223
206.96,9.179
206.97,9.267
206.98,10.014
206.99,9.926
207,10.145
207.01,10.365
207.02,10.014
207.03,9.706
207.04,9.399
207.05,9.267
207.06,9.618
207.07,10.057
207.08,10.497
207.09,10.629
207.1,10.760
207.11,10.101
207.12,9.618
207.13,9.750
207.14,9.442
207.15,9.574
207.16,10.277
207.17,10.672
207.18,10.585
207.19,10.145
207.2,10.189
207.21,9.574
207.22,9.618
207.23,9.838
207.24,10.101
207.25,10.541
207.26,10.848
207.27,10.189
207.28,9.926
207.29,9.882
207.3,9.926
207.31,9.486
207.32,9.838
207.33,10.277
207.34,10.101
207.35,10.365
207.36,10.541
207.37,9.926
207.38,9.486
207.39,8.608
207.4,8.827
207.41,9.399
207.42,10.145
207.43,10.409
207.44,10.453
207.45,10.409
207.46,9.574
207.47,9.223
207.48,9.618
207.49,9.311
207.5,10.189
207.51,10.189
207.52,10.365
207.53,10.409
207.54,10.057
207.55,9.794
207.56,9.838
207.57,9.486
207.58,10.101
207.59,10.541
207.6,10.541
207.61,10.629
207.62,11.112
207.63,10.672
207.64,10.409
207.65,9.574
207.66,9.574
207.67,9.838
207.68,10.014
207.69,10.145
207.7,10.365
207.71,10.365
207.72,10.101
207.73,9.486
207.74,9.223
207.75,9.047
207.76,9.399
207.77,9.267
207.78,9.486
207.79,9.399
207.8,9.442
207.81,9.355
207.82,9.179
207.83,9.530
207.84,9.135
207.85,8.959
207.86,8.564
207.87,8.652
207.88,9.179
207.89,9.267
207.9,9.179
207.91,8.915
207.92,9.003
207.93,9.530
207.94,9.091
207.95,8.827
207.96,8.740
207.97,9.267
207.98,9.179
207.99,9.311
208,8.959
208.01,8.696
208.02,9.135
208.03,9.135
208.04,9.047
208.05,9.003
208.06,9.267
208.07,9.399
208.08,9.442
208.09,9.223
208.1,9.399
208.11,9.267
208.12,9.091
208.13,9.047
208.14,9.442
208.15,9.399
208.16,8.915
208.17,9.267
208.18,9.311
208.19,9.399
208.2,9.267
208.21,9.530
208.22,9.794
208.23,9.442
208.24,9.442
208.25,9.574
208.26,9.311
208.27,9.179
208.28,9.355
208.29,9.442
208.3,9.311
208.31,9.311
208.32,9.794
208.33,9.618
208.34,9.223
208.35,9.486
208.36,9.399
208.37,9.662
208.38,9.355
208.39,9.530
208.4,9.399
208.41,9.355
208.42,9.003
208.43,9.442
208.44,9.618
208.45,9.311
208.46,9.574
208.47,9.399
208.48,9.574
208.49,9.486
208.5,9.135
208.51,9.223
208.52,9.530
208.53,9.399
208.54,9.135
208.55,9.091
208.56,9.486
208.57,9.311
208.58,9.003
208.59,8.871
208.6,9.047
208.61,9.223
208.62,9.047
208.63,8.915
208.64,9.618
208.65,9.662
208.66,8.959
208.67,8.959
208.68,9.486
208.69,9.486
208.7,9.135
208.71,8.827
208.72,9.179
208.73,9.355
208.74,9.442
208.75,9.003
208.76,9.442
208.77,9.311
208.78,9.135
208.79,9.091
208.8,9.311
208.81,9.179
208.82,9.311
208.83,9.267
208.84,9.399
208.85,9.267
208.86,9.706
208.87,9.179
208.88,9.091
208.89,9.223
208.9,9.355
208.91,9.179
208.92,8.827
208.93,9.135
208.94,9.355
208.95,9.267
208.96,8.959
208.97,9.135
208.98,9.135
208.99,9.442
209,9.267
209.01,9.179
209.02,8.959
209.03,9.047
209.04,9.486
209.05,9.442
209.06,9.486
209.07,9.223
209.08,9.091
209.09,9.135
209.1,9.486
209.11,9.486
209.12,9.311
209.13,9.442
209.14,9.574
209.15,9.135
209.16,9.179
209.17,9.574
209.18,9.223
209.19,9.355
209.2,9.355
209.21,9.135
209.22,9.267
209.23,9.267
209.24,9.442
209.25,9.882
209.26,9.706
209.27,9.530
209.28,9.442
209.29,9.442
209.3,9.179
209.31,9.442
209.32,9.882
209.33,9.794
209.34,9.662
209.35,9.486
209.36,9.179
209.37,9.618
209.38,9.486
209.39,9.486
209.4,9.399
209.41,9.706
209.42,9.794
209.43,9.399
209.44,9.486
209.45,9.223
209.46,9.442
209.47,9.662
209.48,9.442
209.49,9.662
209.5,9.355
209.51,9.311
209.52,9.486
209.53,9.750
209.54,9.618
209.55,9.970
209.56,9.618
209.57,9.442
209.58,8.915
209.59,8.915
209.6,9.311
209.61,9.618
209.62,9.750
209.63,9.399
209.64,9.442
209.65,9.355
209.66,9.311
209.67,9.442
209.68,9.311
209.69,9.838
209.7,9.530
209.71,9.442
209.72,9.311
209.73,9.486
209.74,9.574
209.75,9.926
209.76,9.399
209.77,9.399
209.78,9.574
209.79,9.223
209.8,9.618
209.81,9.706
209.82,9.442
209.83,9.355
209.84,9.574
209.85,9.399
209.86,9.662
209.87,9.399
209.88,9.618
209.89,9.926
209.9,9.618
209.91,10.057
209.92,10.189
209.93,10.365
209.94,10.541
209.95,10.409
209.96,9.882
209.97,9.530
209.98,9.047
209.99,9.311
210,10.233
210.01,10.629
210.02,10.497
210.03,10.101
210.04,9.750
210.05,9.442
210.06,9.794
210.07,9.399
210.08,9.706
210.09,10.497
210.1,10.760
210.11,10.804
210.12,10.629
210.13,10.321
210.14,9.838
210.15,9.486
210.16,9.399
210.17,10.189
210.18,10.409
210.19,10.760
210.2,10.672
210.21,10.409
210.22,10.233
210.23,9.970
210.24,9.750
210.25,9.486
210.26,10.189
210.27,10.760
210.28,10.629
210.29,10.892
210.3,10.321
210.31,10.189
210.32,9.574
210.33,9.794
210.34,9.926
210.35,9.574
210.36,9.399
210.37,9.662
210.38,9.926
210.39,9.970
210.4,9.838
210.41,9.794
210.42,10.321
210.43,10.497
210.44,11.156
210.45,11.331
210.46,10.409
210.47,9.882
210.48,9.442
210.49,9.926
210.5,9.882
210.51,10.057
210.52,9.794
210.53,9.486
210.54,9.838
210.55,10.716
210.56,11.156
210.57,10.936
210.58,10.629
210.59,10.014
210.6,9.970
210.61,9.926
210.62,9.970
210.63,10.057
210.64,10.453
210.65,10.980
210.66,11.200
210.67,10.760
210.68,9.970
210.69,9.838
210.7,9.399
210.71,10.101
210.72,10.321
210.73,10.453
210.74,10.672
210.75,10.629
210.76,10.233
210.77,10.014
210.78,9.838
210.79,9.311
210.8,9.970
210.81,10.716
210.82,10.672
210.83,10.936
210.84,10.409
210.85,10.101
210.86,9.794
210.87,9.794
210.88,9.618
210.89,10.409
210.9,10.585
210.91,10.541
210.92,10.409
210.93,10.145
210.94,9.574
210.95,9.223
210.96,9.135
210.97,9.750
210.98,10.101
210.99,10.497
211,10.497
211.01,10.541
211.02,10.189
211.03,10.014
211.04,9.574
211.05,9.662
211.06,9.838
211.07,10.057
211.08,10.277
211.09,11.375
211.1,11.287
211.11,10.760
211.12,10.014
211.13,10.057
211.14,9.926
211.15,10.189
211.16,10.409
211.17,10.497
211.18,10.804
211.19,10.409
211.2,9.399
211.21,9.530
211.22,9.618
211.23,9.970
211.24,10.233
211.25,10.145
211.26,10.453
211.27,10.716
211.28,10.057
211.29,9.794
211.3,9.091
211.31,8.959
211.32,10.014
211.33,10.716
211.34,10.848
211.35,10.716
211.36,10.321
211.37,10.321
211.38,10.057
211.39,9.706
211.4,9.794
211.41,9.399
211.42,10.057
211.43,10.629
211.44,10.980
211.45,10.848
211.46,10.409
211.47,9.794
211.48,9.662
211.49,10.014
211.5,9.794
211.51,10.101
211.52,10.057
211.53,10.453
211.54,10.629
211.55,10.321
211.56,9.662
211.57,9.267
211.58,9.442
211.59,10.145
211.6,10.629
211.61,10.497
211.62,10.321
211.63,10.453
211.64,9.662
211.65,9.618
211.66,9.574
211.67,9.486
211.68,9.618
211.69,10.277
211.7,10.629
211.71,10.629
211.72,10.453
211.73,9.662
211.74,9.355
211.75,9.355
211.76,9.442
211.77,10.365
211.78,10.672
211.79,10.541
211.8,10.233
211.81,9.179
211.82,9.223
211.83,9.223
211.84,9.091
211.85,9.662
211.86,10.057
211.87,10.189
211.88,10.145
211.89,10.014
211.9,9.970
211.91,9.574
211.92,8.959
211.93,9.355
211.94,9.750
211.95,10.277
211.96,10.409
211.97,10.497
211.98,9.926
211.99,9.794
212,9.399
212.01,9.618
212.02,9.794
212.03,9.970
212.04,9.926
212.05,10.101
212.06,10.145
212.07,10.321
212.08,10.014
212.09,9.486
212.1,9.223
212.11,9.618
212.12,10.541
212.13,10.233
212.14,10.629
212.15,10.189
212.16,9.706
212.17,9.311
212.18,9.355
212.19,9.662
212.2,10.014
212.21,10.321
212.22,10.453
212.23,10.189
212.24,9.882
212.25,9.574
212.26,9.662
212.27,9.706
212.28,9.926
212.29,10.277
212.3,9.926
212.31,10.101
212.32,10.453
212.33,9.926
212.34,9.750
212.35,9.442
212.36,9.091
212.37,9.091
212.38,9.091
212.39,8.959
212.4,9.223
212.41,9.882
212.42,10.497
212.43,10.716
212.44,10.365
212.45,10.497
212.46,10.321
212.47,9.838
212.48,9.618
212.49,9.794
212.5,9.706
212.51,9.794
212.52,10.233
212.53,10.453
212.54,10.848
212.55,10.541
212.56,9.882
212.57,9.355
212.58,9.486
212.59,9.794
212.6,10.321
212.61,10.585
212.62,10.848
212.63,10.189
212.64,9.574
212.65,9.574
212.66,9.442
212.67,9.399
212.68,9.442
212.69,10.145
212.7,10.629
212.71,10.672
212.72,10.497
212.73,9.838
212.74,9.706
212.75,9.399
212.76,9.179
212.77,10.101
212.78,10.453
212.79,10.409
212.8,10.409
212.81,10.277
212.82,9.838
212.83,9.486
212.84,9.267
212.85,8.915
212.86,8.740
212.87,9.135
212.88,8.915
212.89,9.003
212.9,9.223
212.91,9.135
212.92,9.223
212.93,9.003
212.94,8.959
212.95,8.827
212.96,8.959
212.97,8.959
212.98,9.047
212.99,9.355
213,9.135
213.01,9.003
213.02,9.091
213.03,9.135
213.04,9.442
213.05,9.003
213.06,8.608
213.07,8.959
213.08,9.179
213.09,9.003
213.1,9.003
213.11,8.959
213.12,9.223
213.13,9.179
213.14,9.135
213.15,9.267
213.16,9.047
213.17,9.399
213.18,9.091
213.19,9.091
213.2,9.442
213.21,9.135
213.22,8.959
213.23,9.311
213.24,9.267
213.25,9.047
213.26,9.179
213.27,9.179
213.28,8.959
213.29,9.399
213.3,9.574
213.31,9.530
213.32,9.267
213.33,9.223
213.34,9.530
213.35,9.574
213.36,9.399
213.37,9.574
213.38,9.794
213.39,9.311
213.4,9.882
213.41,9.618
213.42,9.618
213.43,9.574
213.44,9.574
213.45,9.618
213.46,9.311
213.47,9.574
213.48,9.750
213.49,9.223
213.5,9.311
213.51,9.662
213.52,9.750
213.53,9.223
213.54,9.618
213.55,9.442
213.56,9.486
213.57,9.311
213.58,9.662
213.59,9.399
213.6,9.355
213.61,9.530
213.62,9.750
213.63,9.442
213.64,9.486
213.65,9.486
213.66,9.794
213.67,9.399
213.68,9.267
213.69,9.662
213.7,9.574
213.71,9.223
213.72,9.399
213.73,9.970
213.74,9.794
213.75,9.267
213.76,9.530
213.77,9.970
213.78,9.618
213.79,9.223
213.8,9.355
213.81,9.618
213.82,9.662
213.83,9.355
213.84,9.530
213.85,9.267
213.86,9.223
213.87,9.442
213.88,9.091
213.89,9.530
213.9,9.442
213.91,9.882
213.92,9.311
213.93,9.311
213.94,9.486
213.95,9.442
213.96,9.399
213.97,9.047
213.98,9.179
213.99,9.135
214,9.311
214.01,9.091
214.02,8.827
214.03,9.223
214.04,9.618
214.05,9.442
214.06,9.442
214.07,9.135
214.08,8.784
214.09,9.530
214.1,9.794
214.11,9.047
214.12,9.047
214.13,9.574
214.14,9.750
214.15,9.662
214.16,9.179
214.17,9.135
214.18,9.794
214.19,9.311
214.2,8.915
214.21,9.311
214.22,9.574
214.23,9.574
214.24,9.311
214.25,9.442
214.26,9.267
214.27,9.530
214.28,9.574
214.29,9.442
214.3,9.618
214.31,9.047
214.32,9.706
214.33,9.135
214.34,8.959
214.35,9.135
214.36,9.003
214.37,9.091
214.38,9.442
214.39,9.442
214.4,9.223
214.41,9.399
214.42,9.355
214.43,9.311
214.44,9.047
214.45,9.311
214.46,9.486
214.47,9.486
214.48,9.442
214.49,9.047
214.5,9.311
214.51,10.014
214.52,9.926
214.53,10.014
214.54,9.926
214.55,9.267
214.56,9.091
214.57,9.442
214.58,9.662
214.59,9.794
214.6,9.442
214.61,9.355
214.62,9.267
214.63,9.530
214.64,9.399
214.65,9.794
214.66,9.486
214.67,9.530
214.68,9.223
214.69,9.311
214.7,9.486
214.71,8.959
214.72,9.355
214.73,9.530
214.74,9.442
214.75,9.179
214.76,9.442
214.77,9.706
214.78,9.838
214.79,10.014
214.8,9.486
214.81,9.486
214.82,9.662
214.83,9.618
214.84,9.618
214.85,9.530
214.86,9.355
214.87,9.882
214.88,9.618
214.89,9.530
214.9,9.355
214.91,9.223
214.92,9.003
214.93,9.267
214.94,9.530
214.95,9.399
214.96,9.267
214.97,9.311
214.98,9.442
214.99,9.442
215,9.662
215.01,9.618
215.02,9.223
215.03,9.530
215.04,10.057
215.05,10.541
215.06,10.672
215.07,10.365
215.08,10.585
215.09,10.277
215.1,10.233
215.11,9.970
215.12,9.530
215.13,9.618
215.14,9.530
215.15,9.486
215.16,9.662
215.17,9.926
215.18,10.409
215.19,10.541
215.2,10.980
215.21,10.804
215.22,10.189
215.23,9.311
215.24,9.267
215.25,9.574
215.26,10.189
215.27,10.541
215.28,10.277
215.29,10.453
215.3,10.409
215.31,10.321
215.32,10.145
215.33,9.355
215.34,9.662
215.35,9.662
215.36,9.750
215.37,9.750
215.38,9.530
215.39,9.574
215.4,10.145
215.41,10.145
215.42,10.760
215.43,10.760
215.44,10.629
215.45,11.156
215.46,10.980
215.47,10.541
215.48,9.970
215.49,10.277
215.5,10.233
215.51,11.200
215.52,10.892
215.53,11.024
215.54,11.331
215.55,10.892
215.56,10.365
215.57,9.574
215.58,9.882
215.59,10.760
215.6,10.936
215.61,10.804
215.62,10.760
215.63,10.716
215.64,10.057
215.65,9.706
215.66,9.530
215.67,9.794
215.68,9.574
215.69,10.145
215.7,10.233
215.71,10.233
215.72,10.716
215.73,10.057
215.74,9.223
215.75,9.223
215.76,9.399
215.77,9.926
215.78,9.970
215.79,9.926
215.8,10.672
215.81,10.057
215.82,9.706
215.83,9.267
215.84,9.618
215.85,9.706
215.86,10.233
215.87,10.014
215.88,10.804
215.89,10.804
215.9,10.629
215.91,10.101
215.92,9.750
215.93,9.706
215.94,10.453
215.95,10.541
215.96,10.585
215.97,10.980
215.98,10.672
215.99,10.321
216,9.618
216.01,9.047
216.02,9.311
216.03,10.321
216.04,10.672
216.05,10.585
216.06,10.014
216.07,9.750
216.08,10.101
216.09,9.486
216.1,9.486
216.11,9.486
216.12,9.926
216.13,10.453
216.14,10.541
216.15,10.629
216.16,10.057
216.17,9.399
216.18,9.223
216.19,9.618
216.2,9.574
216.21,10.145
216.22,10.365
216.23,10.321
216.24,10.277
216.25,10.233
216.26,10.101
216.27,9.442
216.28,9.442
216.29,9.574
216.3,10.145
216.31,10.497
216.32,10.497
216.33,10.453
216.34,9.530
216.35,9.047
216.36,9.179
216.37,9.530
216.38,9.355
216.39,9.442
216.4,9.223
216.41,9.311
216.42,9.838
216.43,10.321
216.44,10.936
216.45,10.497
216.46,10.014
216.47,9.574
216.48,9.355
216.49,9.706
216.5,9.882
216.51,10.101
216.52,10.233
216.53,10.145
216.54,10.321
216.55,10.321
216.56,9.882
216.57,9.399
216.58,8.959
216.59,9.223
216.6,9.838
216.61,10.057
216.62,10.277
216.63,10.321
216.64,9.442
216.65,9.135
216.66,8.520
216.67,8.871
216.68,9.179
216.69,10.145
216.7,9.750
216.71,9.970
216.72,10.189
216.73,9.442
216.74,9.223
216.75,9.442
216.76,9.091
216.77,9.618
216.78,10.233
216.79,10.057
216.8,9.882
216.81,10.014
216.82,9.882
216.83,9.706
216.84,9.618
216.85,9.311
216.86,9.486
216.87,9.926
216.88,10.409
216.89,10.365
216.9,10.101
216.91,9.706
216.92,9.399
216.93,9.442
216.94,9.574
216.95,10.277
216.96,10.497
216.97,10.585
216.98,10.321
216.99,10.145
217,9.926
217.01,9.135
217.02,9.091
217.03,9.662
217.04,10.453
217.05,10.233
217.06,10.277
217.07,10.101
217.08,9.223
217.09,8.915
217.1,8.915
217.11,9.530
217.12,10.453
217.13,10.277
217.14,10.629
217.15,10.804
217.16,10.101
217.17,9.750
217.18,9.838
217.19,9.662
217.2,9.838
217.21,10.233
217.22,10.321
217.23,10.189
217.24,10.321
217.25,10.321
217.26,9.970
217.27,9.794
217.28,9.970
217.29,10.101
217.3,10.321
217.31,10.365
217.32,10.804
217.33,10.629
217.34,10.101
217.35,9.486
217.36,9.442
217.37,9.355
217.38,9.486
217.39,9.399
217.4,9.750
217.41,9.926
217.42,10.189
217.43,10.497
217.44,10.365
217.45,10.497
217.46,10.057
217.47,10.014
217.48,9.882
217.49,9.530
217.5,9.399
217.51,9.882
217.52,10.365
217.53,10.672
217.54,10.672
217.55,10.014
217.56,9.442
217.57,9.267
217.58,9.442
217.59,9.618
217.6,10.014
217.61,9.970
217.62,9.794
217.63,10.233
217.64,9.618
217.65,9.794
217.66,9.618
217.67,8.784
217.68,9.091
217.69,9.838
217.7,10.101
217.71,10.672
217.72,10.409
217.73,10.277
217.74,9.838
217.75,9.530
217.76,9.267
217.77,10.321
217.78,10.760
217.79,10.760
217.8,10.716
217.81,10.057
217.82,9.618
217.83,9.486
217.84,9.750
217.85,9.794
217.86,10.101
217.87,10.101
217.88,10.277
217.89,10.321
217.9,10.409
217.91,9.618
217.92,9.355
217.93,8.871
217.94,9.179
217.95,9.530
217.96,10.014
217.97,10.321
217.98,10.321
217.99,9.838
218,9.223
218.01,9.311
218.02,8.915
218.03,9.355
218.04,9.003
218.05,9.223
218.06,9.355
218.07,9.267
218.08,9.486
218.09,9.838
218.1,9.618
218.11,9.750
218.12,9.618
218.13,9.267
218.14,9.267
218.15,9.706
218.16,9.574
218.17,9.486
218.18,9.179
218.19,9.267
218.2,8.959
218.21,9.486
218.22,9.135
218.23,9.223
218.24,9.399
218.25,9.267
218.26,9.311
218.27,9.047
218.28,9.926
218.29,9.574
218.3,9.179
218.31,9.223
218.32,9.442
218.33,9.794
218.34,9.838
218.35,9.574
218.36,9.530
218.37,9.486
218.38,9.970
218.39,10.057
218.4,9.530
218.41,9.662
218.42,9.486
218.43,9.442
218.44,9.882
218.45,9.838
218.46,9.574
218.47,9.267
218.48,8.915
218.49,9.442
218.5,9.399
218.51,9.486
218.52,9.662
218.53,9.311
218.54,9.311
218.55,9.179
218.56,9.442
218.57,9.706
218.58,9.530
218.59,9.047
218.6,9.135
218.61,9.223
218.62,9.750
218.63,9.311
218.64,9.311
218.65,9.618
218.66,9.179
218.67,9.662
218.68,9.838
218.69,9.750
218.7,9.662
218.71,9.442
218.72,9.618
218.73,9.706
218.74,9.486
218.75,9.486
218.76,9.267
218.77,9.355
218.78,9.399
218.79,9.618
218.8,9.486
218.81,9.442
218.82,9.355
218.83,9.355
218.84,9.223
218.85,9.399
218.86,9.618
218.87,9.750
218.88,9.662
218.89,9.750
218.9,9.618
218.91,9.355
218.92,9.794
218.93,9.926
218.94,9.574
218.95,9.442
218.96,9.267
218.97,8.959
218.98,8.784
218.99,8.915
219,9.574
219.01,9.486
219.02,9.135
219.03,8.740
219.04,9.091
219.05,8.959
219.06,9.135
219.07,9.091
219.08,9.047
219.09,9.003
219.1,8.959
219.11,9.355
219.12,9.442
219.13,9.135
219.14,8.871
219.15,8.871
219.16,9.311
219.17,9.618
219.18,9.486
219.19,9.442
219.2,9.311
219.21,9.355
219.22,9.882
219.23,9.794
219.24,9.970
219.25,9.662
219.26,9.662
219.27,9.618
219.28,9.311
219.29,9.355
219.3,9.794
219.31,10.189
219.32,9.750
219.33,9.486
219.34,9.267
219.35,9.662
219.36,9.750
219.37,9.750
219.38,9.442
219.39,9.267
219.4,9.662
219.41,10.014
219.42,10.014
219.43,9.574
219.44,9.486
219.45,9.750
219.46,9.882
219.47,9.926
219.48,9.399
219.49,9.311
219.5,9.399
219.51,9.442
219.52,9.530
219.53,9.399
219.54,9.442
219.55,9.442
219.56,9.091
219.57,9.311
219.58,9.135
219.59,9.135
219.6,9.574
219.61,9.486
219.62,8.959
219.63,8.871
219.64,9.355
219.65,9.179
219.66,8.959
219.67,9.003
219.68,9.047
219.69,9.091
219.7,9.486
219.71,9.003
219.72,9.047
219.73,9.135
219.74,8.827
219.75,8.915
219.76,8.871
219.77,9.135
219.78,9.486
219.79,9.355
219.8,9.267
219.81,9.047
219.82,9.091
219.83,9.047
219.84,9.267
219.85,9.135
219.86,9.047
219.87,9.267
219.88,9.267
219.89,9.574
219.9,9.223
219.91,9.355
219.92,9.399
219.93,9.530
219.94,9.267
219.95,9.135
219.96,9.179
219.97,9.530
219.98,9.399
219.99,9.091
220,9.047
220.01,9.267
220.02,9.047
220.03,9.003
220.04,9.179
220.05,9.003
220.06,9.091
220.07,8.915
220.08,9.091
220.09,9.091
220.1,8.827
220.11,8.827
220.12,9.399
220.13,9.355
220.14,9.003
220.15,9.091
220.16,9.311
220.17,9.530
220.18,9.970
220.19,10.145
220.2,10.145
220.21,9.926
220.22,9.794
220.23,9.267
220.24,9.267
220.25,9.267
220.26,9.267
220.27,9.047
220.28,9.091
220.29,9.442
220.3,10.014
220.31,9.926
220.32,10.277
220.33,10.541
220.34,10.145
220.35,9.618
220.36,9.662
220.37,9.399
220.38,9.179
220.39,9.311
220.4,9.355
220.41,9.618
220.42,9.970
220.43,10.409
220.44,10.321
220.45,10.409
220.46,10.189
220.47,9.838
220.48,9.267
220.49,9.486
220.5,9.399
220.51,9.091
220.52,9.091
220.53,9.618
220.54,9.794
220.55,10.321
220.56,10.497
220.57,10.541
220.58,10.101
220.59,9.970
220.6,9.750
220.61,9.442
220.62,9.442
220.63,9.838
220.64,10.585
220.65,10.672
220.66,10.233
220.67,9.838
220.68,9.750
220.69,9.223
220.7,9.003
220.71,9.311
220.72,9.926
220.73,10.057
220.74,10.101
220.75,10.365
220.76,10.277
220.77,9.662
220.78,9.311
220.79,9.223
220.8,9.574
220.81,10.233
220.82,10.453
220.83,10.672
220.84,9.882
220.85,9.486
220.86,9.706
220.87,9.618
220.88,9.574
220.89,9.926
220.9,9.794
220.91,10.277
220.92,10.453
220.93,10.101
220.94,9.618
220.95,9.267
220.96,9.135
220.97,9.530
220.98,10.014
220.99,10.233
221,10.629
221.01,10.716
221.02,10.145
221.03,9.399
221.04,9.179
221.05,9.047
221.06,9.838
221.07,10.233
221.08,10.760
221.09,10.233
221.1,10.014
221.11,10.145
221.12,9.794
221.13,9.618
221.14,9.047
221.15,9.970
221.16,10.629
221.17,10.848
221.18,10.804
221.19,10.760
221.2,10.321
221.21,9.311
221.22,9.970
221.23,10.321
221.24,10.409
221.25,10.365
221.26,10.277
221.27,10.892
221.28,10.848
221.29,10.189
221.3,9.882
221.31,9.838
221.32,10.101
221.33,10.365
221.34,10.453
221.35,10.804
221.36,10.453
221.37,10.409
221.38,9.838
221.39,9.662
221.4,9.794
221.41,9.838
221.42,10.189
221.43,10.716
221.44,10.936
221.45,10.453
221.46,10.321
221.47,10.145
221.48,9.486
221.49,9.311
221.5,10.145
221.51,10.233
221.52,10.409
221.53,10.541
221.54,10.365
221.55,9.574
221.56,9.355
221.57,9.179
221.58,9.486
221.59,10.189
221.6,10.321
221.61,10.629
221.62,10.277
221.63,9.838
221.64,9.618
221.65,9.530
221.66,9.311
221.67,9.882
221.68,10.321
221.69,10.453
221.7,10.277
221.71,10.409
221.72,9.970
221.73,9.442
221.74,9.399
221.75,9.750
221.76,10.277
221.77,10.233
221.78,10.233
221.79,10.629
221.8,10.541
221.81,9.794
221.82,8.959
221.83,9.355
221.84,9.662
221.85,9.970
221.86,9.970
221.87,10.365
221.88,10.409
221.89,9.618
221.9,9.311
221.91,9.223
221.92,9.135
221.93,9.179
221.94,9.838
221.95,10.189
221.96,10.365
221.97,10.233
221.98,9.662
221.99,9.311
222,9.662
222.01,9.355
222.02,9.530
222.03,10.014
222.04,10.453
222.05,10.629
222.06,10.497
222.07,9.838
222.08,9.794
222.09,9.003
222.1,9.618
222.11,10.277
222.12,10.101
222.13,10.321
222.14,10.453
222.15,10.145
222.16,9.794
222.17,9.618
222.18,9.618
222.19,10.101
222.2,10.541
222.21,10.453
222.22,10.497
222.23,10.277
222.24,10.014
222.25,9.574
222.26,9.267
222.27,9.399
222.28,10.365
222.29,10.145
222.3,10.497
222.31,10.321
222.32,10.189
222.33,9.574
222.34,9.618
222.35,9.662
222.36,9.399
222.37,9.135
222.38,8.915
222.39,9.574
222.4,9.618
222.41,9.530
222.42,9.970
222.43,10.585
222.44,10.804
222.45,10.497
222.46,10.365
222.47,10.014
222.48,9.662
222.49,9.442
222.5,9.662
222.51,9.794
222.52,9.750
222.53,9.442
222.54,10.365
222.55,10.716
222.56,10.804
222.57,10.321
222.58,10.189
222.59,9.750
222.6,9.662
222.61,9.486
222.62,9.618
222.63,10.409
222.64,10.409
222.65,10.145
222.66,10.189
222.67,10.277
222.68,10.014
222.69,9.399
222.7,9.135
222.71,9.882
222.72,10.145
222.73,10.277
222.74,10.453
222.75,10.409
222.76,9.926
222.77,9.399
222.78,9.223
222.79,9.662
222.8,9.662
222.81,10.057
222.82,10.233
222.83,10.365
222.84,10.014
222.85,9.442
222.86,9.442
222.87,9.399
222.88,9.047
222.89,9.530
222.9,10.233
222.91,10.277
222.92,10.145
222.93,9.838
222.94,9.794
222.95,9.486
222.96,9.179
222.97,8.871
222.98,9.574
222.99,10.233
223,10.189
223.01,9.838
223.02,9.970
223.03,9.706
223.04,9.574
223.05,8.915
223.06,9.311
223.07,10.101
223.08,10.453
223.09,10.321
223.1,10.101
223.11,9.794
223.12,9.574
223.13,9.223
223.14,9.003
223.15,8.959
223.16,9.223
223.17,9.091
223.18,9.091
223.19,9.003
223.2,9.091
223.21,9.179
223.22,9.355
223.23,9.135
223.24,9.003
223.25,8.959
223.26,9.267
223.27,9.135
223.28,8.915
223.29,8.784
223.3,9.223
223.31,9.179
223.32,9.135
223.33,9.047
223.34,9.267
223.35,9.618
223.36,9.355
223.37,9.003
223.38,9.047
223.39,9.442
223.4,9.135
223.41,8.959
223.42,9.267
223.43,8.740
223.44,9.091
223.45,8.827
223.46,9.003
223.47,8.608
223.48,9.091
223.49,9.003
223.5,9.047
223.51,9.047
223.52,9.179
223.53,9.223
223.54,9.223
223.55,9.311
223.56,9.179
223.57,8.959
223.58,9.442
223.59,8.871
223.6,9.047
223.61,9.442
223.62,9.267
223.63,9.179
223.64,9.486
223.65,9.135
223.66,9.091
223.67,9.574
223.68,9.662
223.69,9.091
223.7,8.696
223.71,9.223
223.72,9.267
223.73,8.915
223.74,8.871
223.75,9.618
223.76,9.442
223.77,8.959
223.78,9.223
223.79,9.135
223.8,8.915
223.81,9.003
223.82,9.091
223.83,8.959
223.84,9.223
223.85,9.355
223.86,9.047
223.87,8.959
223.88,9.267
223.89,9.355
223.9,8.959
223.91,9.267
223.92,9.179
223.93,9.091
223.94,9.091
223.95,9.662
223.96,9.486
223.97,9.223
223.98,9.442
223.99,9.223
224,9.003
224.01,9.223
224.02,9.135
224.03,9.223
224.04,9.442
224.05,9.179
224.06,8.959
224.07,8.696
224.08,9.399
224.09,9.135
224.1,8.959
224.11,9.091
224.12,9.135
224.13,9.355
224.14,9.442
224.15,8.959
224.16,8.784
224.17,9.267
224.18,9.706
224.19,9.267
224.2,8.915
224.21,9.311
224.22,9.399
224.23,9.267
224.24,9.311
224.25,9.311
224.26,9.091
224.27,9.091
224.28,9.267
224.29,9.135
224.3,9.223
224.31,9.179
224.32,9.267
224.33,8.959
224.34,8.915
224.35,9.267
224.36,9.135
224.37,9.135
224.38,8.564
224.39,8.784
224.4,9.047
224.41,9.442
224.42,9.311
224.43,8.959
224.44,9.399
224.45,9.618
224.46,9.530
224.47,9.223
224.48,8.959
224.49,9.091
224.5,9.135
224.51,9.223
224.52,8.784
224.53,9.311
224.54,9.355
224.55,9.135
224.56,9.267
224.57,9.135
224.58,9.486
224.59,9.618
224.6,9.355
224.61,8.959
224.62,8.915
224.63,9.399
224.64,9.399
224.65,9.267
224.66,9.135
224.67,9.355
224.68,9.442
224.69,9.618
224.7,9.311
224.71,9.091
224.72,9.003
224.73,9.662
224.74,9.399
224.75,9.442
224.76,9.311
224.77,9.486
224.78,9.355
224.79,9.311
224.8,9.047
224.81,9.135
224.82,9.662
224.83,9.838
224.84,9.355
224.85,9.399
224.86,10.057
224.87,9.882
224.88,9.530
224.89,9.882
224.9,9.838
224.91,9.750
224.92,9.662
224.93,9.574
224.94,9.882
224.95,9.706
224.96,9.706
224.97,9.355
224.98,9.618
224.99,9.838
225,9.926
225.01,9.706
225.02,10.145
225.03,10.145
225.04,9.794
225.05,9.706
225.06,9.970
225.07,9.618
225.08,9.574
225.09,9.618
225.1,9.662
225.11,9.618
225.12,9.442
225.13,9.794
225.14,9.794
225.15,9.706
225.16,9.882
225.17,9.530
225.18,9.091
225.19,9.267
225.2,9.662
225.21,9.618
225.22,9.662
225.23,9.618
225.24,9.355
225.25,9.574
225.26,10.365
225.27,10.716
225.28,10.453
225.29,10.585
225.3,10.365
225.31,9.882
225.32,9.662
225.33,9.179
225.34,9.179
225.35,8.871
225.36,9.486
225.37,9.706
225.38,9.574
225.39,9.618
225.4,9.399
225.41,9.355
225.42,10.014
225.43,10.541
225.44,10.672
225.45,10.409
225.46,10.189
225.47,9.970
225.48,9.970
225.49,9.970
225.5,10.145
225.51,10.453
225.52,10.365
225.53,10.409
225.54,10.804
225.55,10.716
225.56,10.145
225.57,9.486
225.58,9.355
225.59,9.970
225.6,10.585
225.61,10.936
225.62,10.716
225.63,10.541
225.64,9.662
225.65,9.662
225.66,9.486
225.67,9.926
225.68,10.145
225.69,10.321
225.7,10.277
225.71,10.892
225.72,10.716
225.73,10.541
225.74,9.794
225.75,9.399
225.76,9.135
225.77,9.574
225.78,10.409
225.79,10.629
225.8,11.068
225.81,10.629
225.82,9.926
225.83,9.179
225.84,9.047
225.85,9.047
225.86,9.838
225.87,10.277
225.88,10.453
225.89,10.541
225.9,10.189
225.91,9.618
225.92,9.267
225.93,9.267
225.94,10.233
225.95,10.057
225.96,10.409
225.97,10.453
225.98,10.189
225.99,9.530
226,9.618
226.01,9.311
226.02,9.618
226.03,10.101
226.04,10.321
226.05,10.365
226.06,10.365
226.07,10.145
226.08,9.970
226.09,9.442
226.1,9.838
226.11,9.970
226.12,10.101
226.13,10.233
226.14,10.101
226.15,10.497
226.16,10.189
226.17,9.486
226.18,9.399
226.19,9.486
226.2,9.750
226.21,10.101
226.22,10.541
226.23,10.892
226.24,10.189
226.25,10.014
226.26,10.321
226.27,9.750
226.28,9.442
226.29,9.882
226.3,10.409
226.31,10.277
226.32,10.321
226.33,10.629
226.34,10.321
226.35,9.399
226.36,9.662
226.37,9.486
226.38,9.047
226.39,9.267
226.4,9.223
226.41,9.399
226.42,10.233
226.43,9.838
226.44,10.101
226.45,10.848
226.46,10.497
226.47,9.442
226.48,9.047
226.49,9.399
226.5,9.838
226.51,10.014
226.52,10.101
226.53,10.672
226.54,10.365
226.55,10.101
226.56,10.057
226.57,9.794
226.58,9.442
226.59,9.970
226.6,10.277
226.61,10.321
226.62,10.804
226.63,10.980
226.64,10.057
226.65,9.223
226.66,9.486
226.67,9.662
226.68,9.706
226.69,9.926
226.7,10.277
226.71,10.629
226.72,10.497
226.73,9.838
226.74,9.223
226.75,9.486
226.76,9.486
226.77,9.706
226.78,10.057
226.79,10.541
226.8,10.848
226.81,10.409
226.82,10.145
226.83,9.882
226.84,9.530
226.85,9.618
226.86,10.233
226.87,10.409
226.88,10.365
226.89,10.672
226.9,10.277
226.91,10.277
226.92,10.057
226.93,9.574
226.94,10.014
226.95,10.321
226.96,10.629
226.97,10.585
226.98,10.101
226.99,10.014
227,9.618
227.01,9.442
227.02,9.355
227.03,9.794
227.04,10.101
227.05,10.233
227.06,10.672
227.07,10.189
227.08,9.399
227.09,9.135
227.1,8.827
227.11,9.486
227.12,10.101
227.13,9.706
227.14,10.014
227.15,10.541
227.16,9.267
227.17,9.311
227.18,8.915
227.19,9.091
227.2,9.530
227.21,9.750
227.22,9.970
227.23,10.453
227.24,10.409
227.25,9.882
227.26,9.662
227.27,9.047
227.28,8.740
227.29,9.399
227.3,9.750
227.31,10.145
227.32,10.321
227.33,9.794
227.34,9.574
227.35,9.311
227.36,9.135
227.37,9.311
227.38,9.179
227.39,9.223
227.4,9.047
227.41,9.355
227.42,9.926
227.43,10.233
227.44,9.926
227.45,10.277
227.46,10.541
227.47,9.794
227.48,8.871
227.49,8.915
227.5,9.355
227.51,10.057
227.52,10.453
227.53,10.189
227.54,10.145
227.55,10.057
227.56,9.838
227.57,9.003
227.58,8.827
227.59,9.486
227.6,9.926
227.61,9.794
227.62,10.145
227.63,9.926
227.64,9.662
227.65,9.442
227.66,9.223
227.67,9.223
227.68,9.662
227.69,10.541
227.7,10.541
227.71,10.629
227.72,11.112
227.73,10.453
227.74,9.970
227.75,9.574
227.76,9.486
227.77,10.057
227.78,10.497
227.79,10.848
227.8,10.497
227.81,10.365
227.82,9.970
227.83,10.101
227.84,9.794
227.85,9.574
227.86,10.233
227.87,10.760
227.88,10.892
227.89,10.936
227.9,10.365
227.91,10.014
227.92,9.970
227.93,9.486
227.94,9.794
227.95,10.277
227.96,10.760
227.97,10.936
227.98,10.189
227.99,10.057
228,9.838
228.01,9.574
228.02,9.399
228.03,9.574
228.04,10.233
228.05,10.629
228.06,10.541
228.07,10.101
228.08,9.882
228.09,9.574
228.1,9.706
228.11,9.794
228.12,9.970
228.13,9.970
228.14,10.233
228.15,10.541
228.16,10.014
228.17,9.574
228.18,9.047
228.19,9.179
228.2,9.355
228.21,9.223
228.22,8.871
228.23,9.486
228.24,9.267
228.25,9.530
228.26,9.442
228.27,9.135
228.28,9.574
228.29,9.662
228.3,9.574
228.31,9.399
228.32,9.047
228.33,9.047
228.34,9.135
228.35,9.662
228.36,9.355
228.37,9.442
228.38,9.355
228.39,9.399
228.4,9.486
228.41,9.355
228.42,9.311
228.43,9.135
228.44,8.959
228.45,9.486
228.46,9.706
228.47,9.399
228.48,8.959
228.49,9.442
228.5,9.442
228.51,9.794
228.52,9.135
228.53,8.959
228.54,9.223
228.55,9.574
228.56,9.442
228.57,9.003
228.58,9.135
228.59,9.399
228.6,9.442
228.61,9.618
228.62,9.179
228.63,9.530
228.64,9.618
228.65,9.442
228.66,9.662
228.67,9.618
228.68,9.486
228.69,9.091
228.7,9.135
228.71,9.530
228.72,9.399
228.73,9.355
228.74,9.311
228.75,9.047
228.76,9.047
228.77,9.750
228.78,9.442
228.79,9.135
228.8,9.267
228.81,9.662
228.82,10.014
228.83,9.618
228.84,9.662
228.85,9.442
228.86,9.662
228.87,9.926
228.88,9.838
228.89,9.311
228.9,9.267
228.91,9.486
228.92,9.618
228.93,9.091
228.94,9.486
228.95,9.486
228.96,9.355
228.97,9.442
228.98,9.355
228.99,9.486
229,9.355
229.01,9.179
229.02,9.311
229.03,9.267
229.04,9.311
229.05,9.618
229.06,9.486
229.07,9.311
229.08,9.311
229.09,9.838
229.1,9.399
229.11,9.091
229.12,9.355
229.13,9.486
229.14,9.179
229.15,9.355
229.16,9.706
229.17,9.794
229.18,9.179
229.19,8.959
229.2,9.442
229.21,9.662
229.22,9.179
229.23,9.047
229.24,9.794
229.25,9.970
229.26,9.662
229.27,9.530
229.28,9.662
229.29,9.618
229.3,9.794
229.31,9.750
229.32,9.486
229.33,9.618
229.34,9.794
229.35,9.442
229.36,9.442
229.37,9.442
229.38,9.662
229.39,9.530
229.4,9.047
229.41,9.311
229.42,9.926
229.43,9.706
229.44,9.135
229.45,9.618
229.46,9.926
229.47,9.574
229.48,9.311
229.49,9.442
229.5,9.486
229.51,9.442
229.52,9.179
229.53,9.267
229.54,9.311
229.55,9.355
229.56,9.135
229.57,9.311
229.58,9.794
229.59,9.003
229.6,9.267
229.61,9.794
229.62,9.574
229.63,9.486
229.64,9.838
229.65,9.399
229.66,9.003
229.67,9.399
229.68,9.530
229.69,9.223
229.7,9.486
229.71,9.618
229.72,9.442
229.73,9.267
229.74,9.442
229.75,9.135
229.76,9.179
229.77,9.179
229.78,9.355
229.79,9.794
229.8,9.662
229.81,9.486
229.82,9.486
229.83,9.662
229.84,9.662
229.85,9.223
229.86,9.794
229.87,9.838
229.88,9.355
229.89,9.047
229.9,9.311
229.91,9.399
229.92,9.662
229.93,9.882
229.94,9.706
229.95,9.574
229.96,9.794
229.97,10.057
229.98,10.014
229.99,9.882
230,9.442
230.01,9.486
230.02,9.794
230.03,9.882
230.04,9.926
230.05,9.442
230.06,9.355
230.07,9.091
230.08,9.618
230.09,9.662
230.1,9.574
230.11,9.882
230.12,9.530
230.13,9.794
230.14,10.057
230.15,10.233
230.16,9.750
230.17,9.399
230.18,9.179
230.19,9.399
230.2,9.750
230.21,9.618
230.22,9.223
230.23,9.442
230.24,9.530
230.25,9.486
230.26,9.311
230.27,9.267
230.28,9.486
230.29,9.311
230.3,8.871
230.31,9.091
230.32,9.486
230.33,9.530
230.34,9.223
230.35,9.267
230.36,9.267
230.37,9.574
230.38,9.838
230.39,9.399
230.4,9.091
230.41,9.574
230.42,10.453
230.43,10.629
230.44,10.585
230.45,10.585
230.46,10.365
230.47,10.277
230.48,10.014
230.49,9.838
230.5,9.530
230.51,10.321
230.52,10.892
230.53,10.629
230.54,10.541
230.55,10.014
230.56,9.794
230.57,9.618
230.58,10.014
230.59,10.233
230.6,10.497
230.61,10.804
230.62,10.760
230.63,10.936
230.64,10.057
230.65,9.794
230.66,9.442
230.67,9.223
230.68,9.618
230.69,10.145
230.7,10.760
230.71,10.321
230.72,10.233
230.73,9.926
230.74,9.662
230.75,9.355
230.76,9.618
230.77,9.750
230.78,10.145
230.79,10.629
230.8,10.892
230.81,10.629
230.82,10.145
230.83,9.486
230.84,9.047
230.85,9.311
230.86,10.101
230.87,10.409
230.88,10.453
230.89,10.233
230.9,9.838
230.91,10.014
230.92,9.574
230.93,9.794
230.94,9.750
230.95,9.706
230.96,10.541
230.97,10.980
230.98,10.497
230.99,9.926
231,9.399
231.01,9.091
231.02,9.355
231.03,10.057
231.04,10.321
231.05,10.365
231.06,10.145
231.07,10.233
231.08,9.970
231.09,9.486
231.1,9.135
231.11,9.091
231.12,9.618
231.13,10.233
231.14,10.585
231.15,10.409
231.16,9.882
231.17,9.091
231.18,9.267
231.19,9.355
231.2,9.530
231.21,10.101
231.22,10.277
231.23,10.189
231.24,10.409
231.25,10.321
231.26,9.574
231.27,9.179
231.28,9.135
231.29,9.882
231.3,10.409
231.31,10.497
231.32,10.541
231.33,10.189
231.34,9.442
231.35,9.486
231.36,9.442
231.37,9.399
231.38,9.267
231.39,8.827
231.4,8.784
231.41,9.003
231.42,10.145
231.43,10.189
231.44,9.970
231.45,9.926
231.46,9.838
231.47,9.618
231.48,9.355
231.49,8.871
231.5,9.223
231.51,9.926
231.52,10.321
231.53,10.585
231.54,9.970
231.55,10.101
231.56,9.838
231.57,9.530
231.58,9.135
231.59,9.794
231.6,10.233
231.61,10.365
231.62,10.145
231.63,10.145
231.64,9.882
231.65,9.574
231.66,9.530
231.67,9.618
231.68,9.223
231.69,10.145
231.7,10.233
231.71,10.585
231.72,10.541
231.73,9.970
231.74,9.618
231.75,9.399
231.76,9.794
231.77,9.882
231.78,10.277
231.79,10.277
231.8,10.716
231.81,10.453
231.82,10.014
231.83,9.882
231.84,9.530
231.85,9.091
231.86,10.497
231.87,10.541
231.88,10.321
231.89,10.672
231.9,10.277
231.91,10.014
231.92,9.662
231.93,9.530
231.94,10.189
231.95,10.321
231.96,10.233
231.97,10.804
231.98,10.980
231.99,10.233
232,9.618
232.01,9.399
232.02,9.662
232.03,10.233
232.04,10.672
232.05,10.760
232.06,10.672
232.07,10.233
232.08,10.145
232.09,9.838
232.1,9.750
232.11,10.014
232.12,10.145
232.13,10.497
232.14,10.936
232.15,10.804
232.16,10.321
232.17,10.145
232.18,9.706
232.19,9.618
232.2,9.794
232.21,10.585
232.22,11.112
232.23,10.892
232.24,10.497
232.25,10.453
232.26,10.057
232.27,9.970
232.28,9.706
232.29,9.662
232.3,10.189
232.31,10.497
232.32,10.848
232.33,10.848
232.34,9.970
232.35,9.706
232.36,9.311
232.37,9.442
232.38,9.399
232.39,9.399
232.4,9.486
232.41,9.223
232.42,10.145
232.43,10.936
232.44,10.629
232.45,10.365
232.46,10.321
232.47,9.530
232.48,9.618
232.49,9.618
232.5,9.179
232.51,9.794
232.52,9.970
232.53,10.804
232.54,10.804
232.55,10.277
232.56,9.618
232.57,9.399
232.58,9.530
232.59,9.926
232.6,10.277
232.61,10.321
232.62,10.672
232.63,10.409
232.64,9.882
232.65,9.618
232.66,9.530
232.67,9.442
232.68,9.750
232.69,10.409
232.7,10.453
232.71,10.629
232.72,10.541
232.73,10.453
232.74,10.189
232.75,9.794
232.76,9.267
232.77,9.618
232.78,10.189
232.79,10.277
232.8,10.716
232.81,10.101
232.82,9.486
232.83,9.223
232.84,9.311
232.85,9.838
232.86,9.970
232.87,10.014
232.88,10.145
232.89,10.014
232.9,9.706
232.91,9.662
232.92,9.486
232.93,9.003
232.94,9.442
232.95,9.750
232.96,9.926
232.97,10.453
232.98,10.365
232.99,9.442
233,9.091
233.01,9.223
233.02,8.827
233.03,9.750
233.04,10.014
233.05,10.145
233.06,9.882
233.07,9.662
233.08,9.750
233.09,9.267
233.1,9.442
233.11,9.618
233.12,9.838
233.13,9.706
233.14,9.926
233.15,10.321
233.16,9.882
233.17,9.530
233.18,9.091
233.19,9.003
233.2,8.871
233.21,9.442
233.22,9.926
233.23,10.321
233.24,10.585
233.25,9.838
233.26,9.311
233.27,9.223
233.28,9.003
233.29,8.871
233.3,9.355
233.31,9.311
233.32,8.784
233.33,9.267
233.34,9.267
233.35,9.135
233.36,9.179
233.37,8.915
233.38,8.871
233.39,9.091
233.4,9.223
233.41,9.399
233.42,9.574
233.43,9.223
233.44,9.003
233.45,8.915
233.46,8.696
233.47,9.223
233.48,9.223
233.49,8.959
233.5,9.223
233.51,9.355
233.52,9.179
233.53,8.871
233.54,9.179
233.55,9.003
233.56,8.959
233.57,8.740
233.58,9.355
233.59,9.355
233.6,9.311
233.61,8.959
233.62,8.784
233.63,9.003
233.64,8.959
233.65,9.003
233.66,9.311
233.67,9.662
233.68,9.442
233.69,9.355
233.7,9.091
233.71,8.784
233.72,9.442
233.73,9.662
233.74,9.662
233.75,9.223
233.76,9.311
233.77,9.223
233.78,9.750
233.79,9.574
233.8,9.047
233.81,9.223
233.82,9.706
233.83,9.223
233.84,9.091
233.85,8.871
233.86,9.442
233.87,9.003
233.88,8.520
233.89,8.915
233.9,8.915
233.91,9.179
233.92,8.608
233.93,9.135
233.94,9.135
233.95,9.047
233.96,9.486
233.97,9.135
233.98,9.179
233.99,9.135
234,9.003
234.01,8.959
234.02,9.267
234.03,9.267
234.04,8.871
234.05,9.047
234.06,9.047
234.07,8.652
234.08,9.179
234.09,9.047
234.1,9.179
234.11,9.355
234.12,9.442
234.13,9.135
234.14,9.486
234.15,9.355
234.16,9.311
234.17,9.311
234.18,9.486
234.19,9.530
234.2,9.311
234.21,9.618
234.22,9.399
234.23,9.267
234.24,9.486
234.25,9.574
234.26,9.267
234.27,9.794
234.28,9.618
234.29,9.355
234.3,9.311
234.31,9.618
234.32,9.970
234.33,9.311
234.34,9.135
234.35,9.794
234.36,9.486
234.37,9.442
234.38,9.267
234.39,9.442
234.4,9.267
234.41,9.574
234.42,9.223
234.43,9.442
234.44,9.574
234.45,9.794
234.46,9.882
234.47,9.442
234.48,9.355
234.49,9.442
234.5,9.267
234.51,9.486
234.52,9.486
234.53,9.267
234.54,9.311
234.55,9.618
234.56,10.101
234.57,9.442
234.58,9.838
234.59,9.442
234.6,9.135
234.61,9.486
234.62,9.486
234.63,9.442
234.64,9.003
234.65,9.311
234.66,9.530
234.67,9.399
234.68,9.399
234.69,9.003
234.7,8.784
234.71,9.442
234.72,9.223
234.73,9.399
234.74,9.223
234.75,8.959
234.76,9.355
234.77,9.486
234.78,9.486
234.79,9.618
234.8,9.311
234.81,9.442
234.82,9.662
234.83,9.179
234.84,9.311
234.85,9.135
234.86,9.267
234.87,9.311
234.88,9.355
234.89,9.267
234.9,9.003
234.91,8.959
234.92,9.223
234.93,9.442
234.94,9.399
234.95,9.267
234.96,8.871
234.97,8.959
234.98,9.486
234.99,9.574
235,9.267
235.01,8.959
235.02,8.827
235.03,9.047
235.04,9.662
235.05,9.574
235.06,9.442
235.07,9.442
235.08,9.047
235.09,9.047
235.1,9.399
235.11,9.750
235.12,9.618
235.13,9.662
235.14,9.486
235.15,9.267
235.16,9.442
235.17,9.530
235.18,9.794
235.19,9.662
235.2,9.442
235.21,9.486
235.22,9.486
235.23,9.442
235.24,10.101
235.25,10.101
235.26,9.882
235.27,9.926
235.28,9.486
235.29,9.442
235.3,9.442
235.31,9.926
235.32,9.794
235.33,9.706
235.34,9.399
235.35,9.311
235.36,9.530
235.37,9.355
235.38,9.574
235.39,9.794
235.4,9.442
235.41,9.091
235.42,9.267
235.43,9.179
235.44,9.355
235.45,9.618
235.46,9.530
235.47,9.706
235.48,9.530
235.49,9.399
235.5,9.970
235.51,10.453
235.52,10.804
235.53,10.804
235.54,10.672
235.55,9.970
235.56,9.399
235.57,9.838
235.58,9.618
235.59,9.574
235.6,9.618
235.61,9.267
235.62,9.486
235.63,10.101
235.64,10.453
235.65,10.672
235.66,10.365
235.67,10.365
235.68,10.365
235.69,9.970
235.7,9.706
235.71,9.399
235.72,9.486
235.73,10.145
235.74,10.541
235.75,10.497
235.76,10.365
235.77,9.838
235.78,10.057
235.79,9.926
235.8,9.355
235.81,9.574
235.82,10.014
235.83,10.848
235.84,10.848
235.85,10.936
235.86,10.189
235.87,10.101
235.88,10.189
235.89,9.838
235.9,10.321
235.91,10.409
235.92,10.453
235.93,10.892
235.94,10.585
235.95,9.794
235.96,9.838
235.97,9.662
235.98,9.838
235.99,10.453
236,10.277
236.01,10.453
236.02,10.936
236.03,10.233
236.04,9.838
236.05,9.267
236.06,9.399
236.07,10.014
236.08,10.321
236.09,10.145
236.1,10.409
236.11,10.321
236.12,9.838
236.13,9.618
236.14,9.179
236.15,9.794
236.16,10.365
236.17,10.848
236.18,10.716
236.19,10.277
236.2,10.277
236.21,10.277
236.22,9.618
236.23,9.135
236.24,9.091
236.25,10.321
236.26,10.453
236.27,10.541
236.28,10.453
236.29,10.497
236.3,9.970
236.31,9.399
236.32,9.091
236.33,9.838
236.34,10.277
236.35,10.453
236.36,10.365
236.37,10.365
236.38,10.409
236.39,10.014
236.4,9.442
236.41,9.047
236.42,10.101
236.43,10.497
236.44,10.716
236.45,10.804
236.46,10.672
236.47,10.277
236.48,9.970
236.49,9.838
236.5,9.970
236.51,10.672
236.52,10.848
236.53,10.629
236.54,10.672
236.55,10.453
236.56,10.014
236.57,9.442
236.58,9.530
236.59,9.706
236.6,10.321
236.61,10.760
236.62,10.277
236.63,10.189
236.64,10.145
236.65,9.926
236.66,9.223
236.67,9.003
236.68,9.442
236.69,10.453
236.7,10.365
236.71,10.057
236.72,10.277
236.73,9.926
236.74,9.486
236.75,9.091
236.76,9.091
236.77,9.794
236.78,10.453
236.79,10.233
236.8,10.497
236.81,10.101
236.82,9.882
236.83,9.838
236.84,9.530
236.85,9.442
236.86,9.706
236.87,10.321
236.88,10.541
236.89,10.497
236.9,10.365
236.91,9.882
236.92,9.399
236.93,8.871
236.94,9.618
236.95,10.409
236.96,10.453
236.97,10.716
236.98,10.321
236.99,9.618
237,9.003
237.01,9.355
237.02,9.574
237.03,9.926
237.04,10.453
237.05,10.497
237.06,10.277
237.07,9.926
237.08,9.970
237.09,9.399
237.1,9.794
237.11,9.574
237.12,10.101
237.13,10.057
237.14,10.321
237.15,10.497
237.16,10.409
237.17,9.706
237.18,9.574
237.19,9.267
237.2,9.486
237.21,9.838
237.22,10.277
237.23,10.848
237.24,10.892
237.25,10.365
237.26,9.882
237.27,9.355
237.28,9.223
237.29,9.838
237.3,10.277
237.31,10.716
237.32,10.672
237.33,10.365
237.34,9.442
237.35,9.091
237.36,9.003
237.37,9.530
237.38,9.267
237.39,9.311
237.4,9.135
237.41,9.091
237.42,9.355
237.43,10.014
237.44,10.321
237.45,10.189
237.46,10.497
237.47,9.399
237.48,9.311
237.49,9.091
237.5,9.135
237.51,10.101
237.52,10.453
237.53,10.804
237.54,10.716
237.55,10.321
237.56,9.223
237.57,9.311
237.58,9.267
237.59,10.057
237.6,10.233
237.61,10.541
237.62,10.453
237.63,10.057
237.64,9.399
237.65,9.311
237.66,9.530
237.67,9.486
237.68,9.838
237.69,10.145
237.7,9.970
237.71,10.321
237.72,10.365
237.73,10.277
237.74,9.926
237.75,9.574
237.76,9.267
237.77,9.662
237.78,10.101
237.79,10.101
237.8,10.497
237.81,10.716
237.82,9.882
237.83,9.530
237.84,9.267
237.85,9.486
237.86,10.189
237.87,10.277
237.88,10.672
237.89,10.365
237.9,9.926
237.91,9.662
237.92,9.618
237.93,9.486
237.94,10.101
237.95,10.672
237.96,9.970
237.97,10.365
237.98,10.189
237.99,10.101
238,9.838
238.01,9.442
238.02,9.223
238.03,9.574
238.04,10.453
238.05,10.453
238.06,10.453
238.07,10.189
238.08,9.223
238.09,8.784
238.1,9.091
238.11,9.486
238.12,10.277
238.13,10.321
238.14,10.277
238.15,10.189
238.16,10.541
238.17,10.014
238.18,10.145
238.19,9.882
238.2,10.014
238.21,9.926
238.22,10.365
238.23,10.804
238.24,10.936
238.25,10.497
238.26,10.101
238.27,9.486
238.28,9.267
238.29,9.882
238.3,10.497
238.31,10.453
238.32,10.585
238.33,10.057
238.34,9.223
238.35,9.574
238.36,9.530
238.37,9.355
238.38,9.091
238.39,9.267
238.4,9.179
238.41,9.047
238.42,9.574
238.43,9.311
238.44,9.223
238.45,9.091
238.46,9.442
238.47,9.574
238.48,9.662
238.49,9.574
238.5,9.486
238.51,9.135
238.52,8.915
238.53,9.135
238.54,9.486
238.55,9.662
238.56,9.399
238.57,8.959
238.58,9.442
238.59,9.618
238.6,9.223
238.61,9.311
238.62,9.223
238.63,9.399
238.64,9.794
238.65,9.399
238.66,9.618
238.67,9.223
238.68,9.530
238.69,9.574
238.7,9.662
238.71,9.530
238.72,9.442
238.73,9.135
238.74,9.794
238.75,9.706
238.76,9.486
238.77,9.750
238.78,9.442
238.79,9.223
238.8,9.970
238.81,9.970
238.82,9.442
238.83,9.267
238.84,9.135
238.85,9.442
238.86,9.399
238.87,9.399
238.88,9.618
238.89,9.047
238.9,9.179
238.91,9.618
238.92,9.662
238.93,9.706
238.94,9.399
238.95,9.267
238.96,9.355
238.97,9.574
238.98,9.399
238.99,9.574
239,9.267
239.01,8.915
239.02,9.091
239.03,9.091
239.04,9.047
239.05,9.267
239.06,8.784
239.07,8.696
239.08,8.784
239.09,9.135
239.1,9.311
239.11,9.091
239.12,8.827
239.13,8.696
239.14,8.959
239.15,9.047
239.16,9.091
239.17,9.267
239.18,8.959
239.19,8.959
239.2,8.915
239.21,8.959
239.22,9.003
239.23,9.047
239.24,9.047
239.25,9.003
239.26,9.003
239.27,8.915
239.28,9.179
239.29,9.399
239.3,9.135
239.31,9.047
239.32,8.827
239.33,9.311
239.34,9.486
239.35,9.135
239.36,9.267
239.37,9.135
239.38,8.915
239.39,9.091
239.4,9.355
239.41,9.047
239.42,9.574
239.43,9.311
239.44,9.399
239.45,9.003
239.46,9.311
239.47,9.662
239.48,9.486
239.49,9.486
239.5,9.267
239.51,9.091
239.52,9.091
239.53,9.355
239.54,9.486
239.55,9.223
239.56,9.179
239.57,9.135
239.58,9.267
239.59,9.179
239.6,9.311
239.61,9.399
239.62,9.047
239.63,9.047
239.64,9.179
239.65,9.091
239.66,9.223
239.67,9.311
239.68,9.091
239.69,9.091
239.7,9.091
239.71,9.091
239.72,9.047
239.73,9.662
239.74,9.442
239.75,9.135
239.76,8.915
239.77,8.740
239.78,9.047
239.79,9.311
239.8,9.794
239.81,9.179
239.82,9.091
239.83,9.091
239.84,9.311
239.85,9.530
239.86,9.794
239.87,9.662
239.88,9.311
239.89,9.091
239.9,9.442
239.91,9.706
239.92,9.838
239.93,9.618
239.94,9.574
239.95,9.442
239.96,9.355
239.97,9.399
239.98,9.442
239.99,9.442
240,9.486
240.01,9.135
240.02,9.047
240.03,9.047
240.04,9.530
240.05,9.838
240.06,9.399
240.07,9.311
240.08,8.915
240.09,8.740
240.1,9.003
240.11,8.959
240.12,9.003
240.13,9.135
240.14,9.179
240.15,8.827
240.16,8.784
240.17,8.652
240.18,9.311
240.19,9.003
240.2,9.399
240.21,9.399
240.22,9.267
240.23,9.091
240.24,9.486
240.25,9.442
240.26,9.530
240.27,9.530
240.28,9.355
240.29,9.267
240.3,9.267
240.31,9.267
240.32,9.442
240.33,9.618
240.34,9.486
240.35,9.618
240.36,9.311
240.37,9.662
240.38,9.399
240.39,9.442
240.4,9.530
240.41,9.223
240.42,9.091
240.43,9.355
240.44,9.618
240.45,9.179
240.46,9.047
240.47,9.267
240.48,9.399
240.49,9.267
240.5,9.267
240.51,9.135
240.52,9.223
240.53,9.399
240.54,9.267
240.55,9.223
240.56,9.399
240.57,9.399
240.58,9.618
240.59,9.223
240.6,8.915
240.61,9.003
240.62,9.179
240.63,9.047
240.64,9.355
240.65,9.662
240.66,10.101
240.67,10.365
240.68,10.453
240.69,9.970
240.7,9.442
240.71,9.267
240.72,9.442
240.73,9.399
240.74,9.486
240.75,9.574
240.76,9.267
240.77,9.179
240.78,9.662
240.79,10.321
240.8,10.848
240.81,10.453
240.82,10.057
240.83,9.618
240.84,9.486
240.85,9.794
240.86,9.662
240.87,10.014
240.88,10.541
240.89,10.716
240.9,10.101
240.91,10.101
240.92,10.014
240.93,9.223
240.94,9.355
240.95,9.750
240.96,10.277
240.97,10.101
240.98,10.277
240.99,10.629
241,10.189
241.01,9.662
241.02,9.838
241.03,9.882
241.04,10.057
241.05,10.101
241.06,10.453
241.07,11.024
241.08,10.892
241.09,9.838
241.1,9.135
241.11,9.047
241.12,9.618
241.13,10.233
241.14,10.189
241.15,10.760
241.16,10.629
241.17,10.101
241.18,9.355
241.19,9.662
241.2,9.486
241.21,9.882
241.22,10.014
241.23,10.014
241.24,10.716
241.25,11.156
241.26,10.233
241.27,9.574
241.28,9.618
241.29,9.530
241.3,10.014
241.31,10.585
241.32,10.848
241.33,10.804
241.34,10.101
241.35,10.101
241.36,9.530
241.37,9.442
241.38,9.355
241.39,9.311
241.4,9.355
241.41,9.618
241.42,10.101
241.43,10.804
241.44,11.112
241.45,10.629
241.46,10.497
241.47,10.189
241.48,9.838
241.49,9.355
241.5,9.355
241.51,9.530
241.52,9.399
241.53,9.530
241.54,9.794
241.55,9.926
241.56,10.629
241.57,10.760
241.58,10.321
241.59,10.145
241.6,9.530
241.61,9.574
241.62,9.355
241.63,10.189
241.64,10.672
241.65,10.804
241.66,10.629
241.67,10.277
241.68,9.970
241.69,9.618
241.7,9.355
241.71,9.794
241.72,10.145
241.73,10.101
241.74,10.409
241.75,10.541
241.76,10.057
241.77,9.355
241.78,9.179
241.79,9.091
241.8,9.838
241.81,10.145
241.82,10.233
241.83,10.541
241.84,10.277
241.85,9.618
241.86,9.179
241.87,9.574
241.88,9.486
241.89,9.882
241.9,10.233
241.91,10.760
241.92,10.277
241.93,9.926
241.94,9.794
241.95,9.442
241.96,9.179
241.97,9.355
241.98,9.970
241.99,10.101
242,10.409
242.01,10.585
242.02,10.145
242.03,9.574
242.04,9.355
242.05,9.003
242.06,9.574
242.07,10.014
242.08,10.277
242.09,10.716
242.1,10.892
242.11,9.794
242.12,9.926
242.13,9.618
242.14,9.399
242.15,10.277
242.16,10.760
242.17,10.672
242.18,10.453
242.19,10.497
242.2,10.409
242.21,9.838
242.22,9.794
242.23,10.189
242.24,10.189
242.25,10.233
242.26,10.716
242.27,10.980
242.28,10.277
242.29,9.618
242.3,9.750
242.31,9.838
242.32,10.057
242.33,10.057
242.34,10.497
242.35,10.804
242.36,10.145
242.37,9.706
242.38,9.618
242.39,9.179
242.4,9.355
242.41,9.662
242.42,10.101
242.43,10.233
242.44,10.541
242.45,10.365
242.46,9.662
242.47,9.311
242.48,9.179
242.49,9.135
242.5,9.355
242.51,9.926
242.52,10.101
242.53,10.014
242.54,10.145
242.55,9.706
242.56,8.915
242.57,9.135
242.58,9.794
242.59,10.014
242.6,9.926
242.61,10.892
242.62,10.541
242.63,9.706
242.64,9.662
242.65,9.794
242.66,9.574
242.67,9.574
242.68,9.530
242.69,10.101
242.7,10.672
242.71,10.365
242.72,9.574
242.73,9.311
242.74,9.311
242.75,9.486
242.76,9.838
242.77,9.926
242.78,10.189
242.79,10.629
242.8,10.057
242.81,9.706
242.82,8.959
242.83,9.047
242.84,10.014
242.85,10.145
242.86,10.014
242.87,10.321
242.88,10.585
242.89,10.321
242.9,9.355
242.91,9.179
242.92,9.311
242.93,9.486
242.94,10.101
242.95,9.926
242.96,10.497
242.97,10.409
242.98,10.145
242.99,9.442
243,9.311
243.01,9.355
243.02,9.750
243.03,9.926
243.04,10.497
243.05,10.453
243.06,10.277
243.07,9.223
243.08,8.915
243.09,9.618
243.1,9.662
243.11,9.882
243.12,9.926
243.13,10.189
243.14,10.936
243.15,10.233
243.16,9.530
243.17,9.399
243.18,9.574
243.19,9.970
243.2,9.926
243.21,10.365
243.22,10.848
243.23,10.409
243.24,9.399
243.25,9.135
243.26,9.486
243.27,9.926
243.28,9.970
243.29,9.926
243.3,10.409
243.31,10.892
243.32,10.321
243.33,9.574
243.34,9.530
243.35,9.618
243.36,9.442
243.37,9.311
243.38,9.311
243.39,9.399
243.4,9.311
243.41,9.223
243.42,9.882
243.43,10.453
243.44,10.497
243.45,10.277
243.46,10.453
243.47,10.014
243.48,9.794
243.49,9.267
243.5,9.091
243.51,9.135
243.52,9.267
243.53,9.135
243.54,9.399
243.55,9.926
243.56,10.497
243.57,10.409
243.58,10.189
243.59,9.530
243.6,9.486
243.61,9.662
243.62,9.047
243.63,9.003
243.64,8.871
243.65,9.399
243.66,9.003
243.67,9.223
243.68,9.267
243.69,9.135
243.7,9.047
243.71,9.486
243.72,9.355
243.73,9.179
243.74,9.399
243.75,9.399
243.76,9.794
243.77,9.135
243.78,9.135
243.79,9.267
243.8,9.091
243.81,9.574
243.82,9.311
243.83,9.135
243.84,8.871
243.85,9.091
243.86,9.311
243.87,9.442
243.88,9.355
243.89,9.003
243.9,9.135
243.91,9.399
243.92,9.486
243.93,9.179
243.94,8.959
243.95,8.959
243.96,9.311
243.97,9.355
243.98,9.135
243.99,9.179
244,9.486
244.01,9.355
244.02,9.355
244.03,9.618
244.04,9.267
244.05,9.486
244.06,9.311
244.07,9.794
244.08,9.355
244.09,9.091
244.1,9.355
244.11,9.530
244.12,9.135
244.13,9.091
244.14,9.091
244.15,9.267
244.16,9.179
244.17,9.047
244.18,9.223
244.19,8.871
244.2,8.915
244.21,9.091
244.22,9.179
244.23,9.267
244.24,9.135
244.25,9.091
244.26,9.267
244.27,9.311
244.28,9.135
244.29,8.827
244.3,8.871
244.31,9.135
244.32,9.091
244.33,9.442
244.34,9.311
244.35,8.871
244.36,9.179
244.37,9.311
244.38,9.311
244.39,9.179
244.4,9.091
244.41,9.047
244.42,8.871
244.43,8.871
244.44,9.486
244.45,9.574
244.46,9.574
244.47,9.091
244.48,8.959
244.49,9.486
244.5,9.311
244.51,9.530
244.52,9.574
244.53,9.618
244.54,9.091
244.55,9.003
244.56,9.223
244.57,9.794
244.58,9.706
244.59,9.399
244.6,9.662
244.61,9.486
244.62,9.355
244.63,9.267
244.64,9.311
244.65,9.838
244.66,9.574
244.67,9.838
244.68,9.618
244.69,9.223
244.7,9.399
244.71,9.355
244.72,9.442
244.73,9.662
244.74,9.838
244.75,9.486
244.76,9.091
244.77,9.223
244.78,9.794
244.79,9.662
244.8,9.355
244.81,9.311
244.82,9.486
244.83,9.355
244.84,9.267
244.85,9.399
244.86,9.179
244.87,9.355
244.88,9.618
244.89,9.399
244.9,9.442
244.91,9.135
244.92,9.047
244.93,9.574
244.94,9.618
244.95,9.618
244.96,9.311
244.97,8.827
244.98,8.871
244.99,8.915
245,9.706
245.01,9.706
245.02,9.486
245.03,9.399
245.04,9.135
245.05,9.223
245.06,9.486
245.07,9.618
245.08,9.574
245.09,9.662
245.1,9.223
245.11,9.223
245.12,9.442
245.13,9.750
245.14,9.662
245.15,9.662
245.16,9.442
245.17,9.223
245.18,9.311
245.19,9.662
245.2,9.794
245.21,9.970
245.22,9.355
245.23,9.311
245.24,9.267
245.25,9.399
245.26,9.926
245.27,9.486
245.28,9.706
245.29,9.311
245.3,9.091
245.31,9.662
245.32,9.486
245.33,9.794
245.34,9.399
245.35,9.091
245.36,8.959
245.37,9.135
245.38,9.091
245.39,9.574
245.4,9.618
245.41,9.442
245.42,9.267
245.43,8.827
245.44,9.091
245.45,9.486
245.46,9.355
245.47,9.267
245.48,9.267
245.49,9.267
245.5,9.179
245.51,9.574
245.52,9.486
245.53,9.442
245.54,9.091
245.55,9.047
245.56,9.662
245.57,9.267
245.58,9.223
245.59,9.135
245.6,8.696
245.61,8.827
245.62,9.047
245.63,9.311
245.64,9.179
245.65,9.223
245.66,8.827
245.67,8.959
245.68,8.871
245.69,9.091
245.7,9.442
245.71,9.091
245.72,9.091
245.73,9.179
245.74,9.970
245.75,10.453
245.76,10.321
245.77,10.233
245.78,9.706
245.79,9.530
245.8,9.179
245.81,9.442
245.82,9.179
245.83,9.047
245.84,9.003
245.85,9.091
245.86,9.706
245.87,10.189
245.88,10.541
245.89,10.233
245.9,10.101
245.91,10.057
245.92,10.145
245.93,9.882
245.94,9.530
245.95,9.399
245.96,10.145
245.97,10.101
245.98,10.804
245.99,10.672
246,10.409
246.01,10.014
246.02,9.399
246.03,9.267
246.04,10.101
246.05,10.409
246.06,10.497
246.07,10.233
246.08,10.365
246.09,9.970
246.1,9.926
246.11,9.882
246.12,9.530
246.13,9.970
246.14,10.409
246.15,10.365
246.16,10.629
246.17,10.365
246.18,9.618
246.19,9.223
246.2,9.047
246.21,9.311
246.22,10.101
246.23,10.365
246.24,10.497
246.25,10.101
246.26,10.233
246.27,9.399
246.28,9.267
246.29,9.267
246.3,9.399
246.31,9.794
246.32,9.926
246.33,10.672
246.34,10.365
246.35,9.486
246.36,9.486
246.37,9.223
246.38,9.267
246.39,9.267
246.4,9.223
246.41,9.618
246.42,9.926
246.43,9.838
246.44,9.926
246.45,10.101
246.46,9.970
246.47,9.794
246.48,9.926
246.49,9.223
246.5,9.135
246.51,9.091
246.52,9.267
246.53,9.442
246.54,9.750
246.55,10.277
246.56,10.541
246.57,10.014
246.58,9.926
246.59,9.970
246.6,9.399
246.61,9.135
246.62,9.047
246.63,9.618
246.64,10.057
246.65,10.145
246.66,10.057
246.67,9.926
246.68,9.794
246.69,9.442
246.7,9.267
246.71,9.662
246.72,9.706
246.73,9.926
246.74,10.233
246.75,10.233
246.76,10.189
246.77,9.442
246.78,9.047
246.79,8.871
246.8,9.355
246.81,10.101
246.82,10.629
246.83,10.629
246.84,10.497
246.85,9.442
246.86,9.223
246.87,9.003
246.88,9.574
246.89,10.014
246.9,10.409
246.91,10.277
246.92,10.233
246.93,9.926
246.94,9.574
246.95,9.179
246.96,9.355
246.97,9.179
246.98,9.662
246.99,9.750
247,10.145
247.01,10.101
247.02,10.101
247.03,9.838
247.04,9.003
247.05,8.784
247.06,9.179
247.07,9.662
247.08,10.014
247.09,9.970
247.1,10.145
247.11,9.355
247.12,8.915
247.13,8.696
247.14,8.915
247.15,9.179
247.16,9.794
247.17,9.794
247.18,9.750
247.19,9.486
247.2,9.355
247.21,9.267
247.22,9.223
247.23,9.223
247.24,10.014
247.25,9.750
247.26,10.057
247.27,10.233
247.28,9.926
247.29,9.486
247.3,8.740
247.31,8.915
247.32,9.662
247.33,9.794
247.34,9.970
247.35,10.365
247.36,10.057
247.37,9.530
247.38,9.355
247.39,9.091
247.4,9.355
247.41,9.399
247.42,10.014
247.43,10.321
247.44,10.716
247.45,10.101
247.46,9.970
247.47,9.970
247.48,9.750
247.49,9.355
247.5,9.794
247.51,9.970
247.52,10.233
247.53,10.409
247.54,10.057
247.55,10.057
247.56,10.014
247.57,9.970
247.58,10.145
247.59,10.716
247.6,10.760
247.61,10.716
247.62,10.804
247.63,9.970
247.64,9.223
247.65,9.091
247.66,9.047
247.67,9.882
247.68,10.145
247.69,10.321
247.7,10.760
247.71,10.321
247.72,9.750
247.73,9.399
247.74,9.179
247.75,9.267
247.76,10.057
247.77,10.321
247.78,10.585
247.79,10.145
247.8,9.794
247.81,9.223
247.82,9.135
247.83,9.047
247.84,9.135
247.85,10.014
247.86,10.057
247.87,9.882
247.88,10.233
247.89,9.926
247.9,9.311
247.91,8.915
247.92,9.091
247.93,9.838
247.94,10.233
247.95,10.277
247.96,10.365
247.97,10.541
247.98,10.057
247.99,9.618
248,9.618
248.01,9.530
248.02,9.706
248.03,9.970
248.04,10.277
248.05,10.497
248.06,10.321
248.07,9.838
248.08,9.223
248.09,9.926
248.1,9.838
248.11,10.101
248.12,9.970
248.13,10.629
248.14,10.629
248.15,10.057
248.16,9.399
248.17,9.311
248.18,9.355
248.19,9.926
248.2,10.101
248.21,10.321
248.22,10.585
248.23,10.497
248.24,10.189
248.25,9.838
248.26,9.399
248.27,9.618
248.28,10.057
248.29,10.365
248.3,10.497
248.31,10.453
248.32,10.321
248.33,9.486
248.34,9.135
248.35,9.223
248.36,9.574
248.37,9.091
248.38,9.179
248.39,9.486
248.4,9.135
248.41,9.267
248.42,9.882
248.43,10.145
248.44,10.365
248.45,10.014
248.46,9.926
248.47,9.882
248.48,9.355
248.49,8.696
248.5,8.740
248.51,9.179
248.52,8.959
248.53,9.091
248.54,9.267
248.55,9.794
248.56,10.189
248.57,10.497
248.58,10.189
248.59,9.926
248.6,9.750
248.61,9.926
248.62,9.223
248.63,9.926
248.64,10.629
248.65,10.672
248.66,10.629
248.67,9.970
248.68,9.794
248.69,9.530
248.7,9.442
248.71,9.530
248.72,8.784
248.73,9.003
248.74,9.486
248.75,9.399
248.76,8.959
248.77,9.530
248.78,9.399
248.79,9.003
248.8,8.959
248.81,9.223
248.82,9.355
248.83,9.574
248.84,9.311
248.85,8.915
248.86,8.915
248.87,9.267
248.88,9.442
248.89,9.047
248.9,8.871
248.91,9.003
248.92,9.223
248.93,9.223
248.94,9.047
248.95,8.784
248.96,8.740
248.97,9.442
248.98,9.574
248.99,9.355
249,9.223
249.01,9.267
249.02,9.135
249.03,9.311
249.04,9.223
249.05,8.959
249.06,9.267
249.07,9.311
249.08,9.662
249.09,9.618
249.1,9.442
249.11,9.442
249.12,9.223
249.13,9.794
249.14,9.662
249.15,9.486
249.16,9.047
249.17,9.662
249.18,9.399
249.19,9.794
249.2,9.486
249.21,8.871
249.22,8.827
249.23,9.091
249.24,9.574
249.25,9.530
249.26,9.267
249.27,9.091
249.28,9.442
249.29,9.662
249.3,9.267
249.31,8.915
249.32,9.267
249.33,9.135
249.34,9.486
249.35,9.442
249.36,9.091
249.37,8.564
249.38,8.827
249.39,9.618
249.4,9.223
249.41,9.135
249.42,8.959
249.43,8.784
249.44,9.442
249.45,9.311
249.46,9.135
249.47,9.091
249.48,9.223
249.49,9.355
249.5,9.267
249.51,9.355
249.52,9.399
249.53,9.267
249.54,9.003
249.55,9.091
249.56,9.179
249.57,9.442
249.58,9.794
249.59,9.442
249.6,9.311
249.61,9.267
249.62,9.311
249.63,9.486
249.64,9.047
249.65,9.223
249.66,9.574
249.67,9.399
249.68,9.223
249.69,9.267
249.7,9.794
249.71,9.530
249.72,9.223
249.73,9.267
249.74,9.355
249.75,9.618
249.76,9.574
249.77,9.267
249.78,9.574
249.79,9.399
249.8,9.399
249.81,9.223
249.82,9.618
249.83,9.399
249.84,9.047
249.85,9.047
249.86,9.135
249.87,9.355
249.88,9.311
249.89,9.135
249.9,10.057
249.91,9.750
249.92,9.618
249.93,9.574
249.94,10.101
249.95,9.970
249.96,9.882
249.97,9.794
249.98,10.014
249.99,9.750
250,9.486
250.01,9.662
250.02,9.970
250.03,9.662
250.04,9.574
250.05,9.530
250.06,9.794
250.07,9.355
250.08,9.355
250.09,9.618
250.1,9.662
250.11,9.530
250.12,9.838
250.13,9.618
250.14,9.662
250.15,9.838
250.16,9.970
250.17,9.662
250.18,9.223
250.19,9.662
250.2,9.970
250.21,9.618
250.22,9.442
250.23,9.706
250.24,9.442
250.25,9.267
250.26,9.442
250.27,9.442
250.28,9.574
250.29,9.355
250.3,9.223
250.31,9.574
250.32,9.399
250.33,8.959
250.34,9.135
250.35,9.442
250.36,9.399
250.37,9.047
250.38,9.486
250.39,9.355
250.4,9.179
250.41,8.784
250.42,8.784
250.43,9.003
250.44,9.355
250.45,9.047
250.46,9.047
250.47,9.574
250.48,9.662
250.49,9.267
250.5,9.003
250.51,9.399
250.52,9.311
250.53,9.530
250.54,9.399
250.55,9.223
250.56,9.399
250.57,9.047
250.58,9.399
250.59,9.399
250.6,9.838
250.61,9.486
250.62,9.442
250.63,9.399
250.64,9.311
250.65,9.530
250.66,9.486
250.67,9.486
250.68,9.442
250.69,9.311
250.7,9.267
250.71,9.442
250.72,9.179
250.73,9.838
250.74,9.355
250.75,9.179
250.76,9.223
250.77,9.442
250.78,9.574
250.79,9.355
250.8,9.091
250.81,9.399
250.82,9.442
250.83,9.882
250.84,9.530
250.85,9.442
250.86,9.530
250.87,10.321
250.88,10.365
250.89,10.716
250.9,10.453
250.91,10.014
250.92,9.882
250.93,9.486
250.94,9.442
250.95,9.311
250.96,10.014
250.97,10.497
250.98,10.101
250.99,10.365
251,9.750
251.01,9.442
251.02,9.442
251.03,9.530
251.04,9.794
251.05,9.838
251.06,10.409
251.07,10.145
251.08,10.145
251.09,9.838
251.1,9.135
251.11,9.355
251.12,9.267
251.13,9.750
251.14,10.145
251.15,10.014
251.16,10.057
251.17,10.145
251.18,9.662
251.19,8.915
251.2,8.871
251.21,9.794
251.22,9.970
251.23,10.057
251.24,10.145
251.25,10.277
251.26,10.101
251.27,9.794
251.28,9.442
251.29,9.355
251.3,9.794
251.31,10.541
251.32,10.541
251.33,10.497
251.34,10.321
251.35,9.794
251.36,9.882
251.37,9.530
251.38,9.223
251.39,9.003
251.4,9.267
251.41,9.486
251.42,10.057
251.43,10.321
251.44,10.453
251.45,10.453
251.46,10.409
251.47,9.618
251.48,9.882
251.49,9.794
251.5,9.838
251.51,9.223
251.52,8.959
251.53,9.574
251.54,10.101
251.55,10.277
251.56,10.277
251.57,10.585
251.58,10.848
251.59,10.409
251.6,9.750
251.61,9.618
251.62,9.662
251.63,10.189
251.64,10.497
251.65,10.365
251.66,10.804
251.67,10.980
251.68,9.926
251.69,9.267
251.7,9.135
251.71,9.706
251.72,9.926
251.73,9.970
251.74,10.233
251.75,10.365
251.76,10.453
251.77,9.706
251.78,9.442
251.79,9.267
251.8,9.970
251.81,10.277
251.82,10.497
251.83,10.629
251.84,10.409
251.85,9.442
251.86,9.442
251.87,9.706
251.88,9.442
251.89,9.574
251.9,9.926
251.91,10.497
251.92,10.277
251.93,9.442
251.94,9.267
251.95,9.091
251.96,9.311
251.97,9.399
251.98,9.926
251.99,10.321
252,10.321
252.01,10.541
252.02,10.145
252.03,9.574
252.04,9.311
252.05,9.442
252.06,9.970
252.07,10.321
252.08,10.277
252.09,11.024
252.1,10.672
252.11,10.321
252.12,9.486
252.13,9.794
252.14,9.882
252.15,10.057
252.16,10.321
252.17,10.453
252.18,10.629
252.19,10.101
252.2,9.882
252.21,9.706
252.22,9.355
252.23,9.135
252.24,10.101
252.25,10.672
252.26,10.365
252.27,10.321
252.28,10.057
252.29,9.706
252.3,9.399
252.31,9.267
252.32,9.662
252.33,10.145
252.34,10.629
252.35,10.497
252.36,10.014
252.37,9.970
252.38,9.706
252.39,9.355
252.4,9.091
252.41,9.486
252.42,10.629
252.43,10.892
252.44,10.629
252.45,10.541
252.46,10.145
252.47,9.574
252.48,9.794
252.49,9.267
252.5,9.662
252.51,10.321
252.52,10.453
252.53,10.101
252.54,10.057
252.55,10.057
252.56,9.750
252.57,9.838
252.58,9.662
252.59,10.233
252.6,10.189
252.61,10.453
252.62,10.497
252.63,10.145
252.64,9.970
252.65,9.355
252.66,9.794
252.67,9.794
252.68,10.145
252.69,10.541
252.7,10.629
252.71,10.541
252.72,9.794
252.73,9.618
252.74,9.311
252.75,9.486
252.76,9.750
252.77,10.321
252.78,10.057
252.79,10.277
252.8,10.189
252.81,9.442
252.82,9.399
252.83,9.838
252.84,10.233
252.85,10.541
252.86,10.804
252.87,11.156
252.88,10.848
252.89,10.409
252.9,9.618
252.91,9.662
252.92,9.970
252.93,10.014
252.94,10.145
252.95,10.585
252.96,10.365
252.97,10.497
252.98,9.970
252.99,9.750
253,9.574
253.01,9.574
253.02,9.794
253.03,10.145
253.04,10.804
253.05,10.936
253.06,10.804
253.07,9.970
253.08,9.882
253.09,9.750
253.1,9.750
253.11,10.189
253.12,10.233
253.13,10.716
253.14,10.672
253.15,10.321
253.16,9.442
253.17,9.442
253.18,9.618
253.19,9.794
253.2,10.277
253.21,10.541
253.22,10.804
253.23,10.365
253.24,9.926
253.25,9.662
253.26,9.750
253.27,9.442
253.28,9.750
253.29,10.189
253.3,10.629
253.31,10.629
253.32,10.321
253.33,9.574
253.34,9.574
253.35,9.442
253.36,9.311
253.37,9.223
253.38,9.311
253.39,9.442
253.4,9.618
253.41,9.267
253.42,9.838
253.43,10.716
253.44,10.365
253.45,10.409
253.46,10.145
253.47,9.794
253.48,9.355
253.49,9.442
253.5,9.047
253.51,9.442
253.52,9.486
253.53,9.486
253.54,9.882
253.55,10.497
253.56,11.024
253.57,10.629
253.58,10.672
253.59,10.277
253.6,9.970
253.61,9.530
253.62,9.442
253.63,10.321
253.64,10.585
253.65,10.321
253.66,10.497
253.67,10.365
253.68,9.926
253.69,9.355
253.7,9.618
253.71,10.233
253.72,10.365
253.73,10.057
253.74,10.101
253.75,10.541
253.76,10.145
253.77,9.618
253.78,9.355
253.79,9.047
253.8,9.047
253.81,9.442
253.82,9.223
253.83,9.486
253.84,9.574
253.85,9.091
253.86,9.486
253.87,9.486
253.88,9.574
253.89,9.267
253.9,9.574
253.91,9.794
253.92,9.486
253.93,9.311
253.94,9.223
253.95,9.267
253.96,9.486
253.97,9.399
253.98,9.223
253.99,8.871
254,9.618
254.01,9.399
254.02,9.355
254.03,9.442
254.04,8.959
254.05,9.047
254.06,9.442
254.07,9.486
254.08,9.618
254.09,9.179
254.1,8.959
254.11,9.399
254.12,9.750
254.13,9.530
254.14,9.223
254.15,9.355
254.16,9.486
254.17,9.530
254.18,9.486
254.19,9.135
254.2,9.530
254.21,9.574
254.22,9.750
254.23,9.574
254.24,9.135
254.25,9.794
254.26,9.794
254.27,9.442
254.28,9.618
254.29,9.574
254.3,9.486
254.31,9.486
254.32,9.267
254.33,9.442
254.34,9.926
254.35,9.267
254.36,9.267
254.37,9.442
254.38,9.442
254.39,9.574
254.4,9.486
254.41,9.574
254.42,9.091
254.43,9.970
254.44,9.926
254.45,9.618
254.46,9.267
254.47,9.267
254.48,9.267
254.49,9.399
254.5,9.662
254.51,9.794
254.52,9.091
254.53,9.135
254.54,9.442
254.55,9.486
254.56,9.399
254.57,9.047
254.58,9.135
254.59,9.003
254.6,8.784
254.61,9.003
254.62,9.267
254.63,9.135
254.64,8.827
254.65,9.135
254.66,9.355
254.67,8.784
254.68,9.135
254.69,9.399
254.7,8.959
254.71,9.179
254.72,9.135
254.73,9.091
254.74,9.047
254.75,9.135
254.76,8.871
254.77,8.871
254.78,9.047
254.79,9.311
254.8,9.047
254.81,8.959
254.82,9.355
254.83,8.740
254.84,9.091
254.85,8.915
254.86,9.091
254.87,9.311
254.88,9.223
254.89,9.135
254.9,9.135
254.91,9.179
254.92,9.135
254.93,9.311
254.94,8.871
254.95,9.091
254.96,9.223
254.97,9.267
254.98,9.223
254.99,9.047
255,9.486
255.01,9.838
255.02,9.223
255.03,9.311
255.04,9.399
255.05,9.530
255.06,9.574
255.07,8.915
255.08,9.399
255.09,9.618
255.1,9.223
255.11,9.135
255.12,9.530
255.13,9.530
255.14,8.959
255.15,9.047
255.16,9.574
255.17,9.267
255.18,8.915
255.19,9.135
255.2,9.047
255.21,9.442
255.22,8.871
255.23,9.003
255.24,9.091
255.25,9.267
255.26,9.223
255.27,8.784
255.28,9.135
255.29,9.267
255.3,9.003
255.31,9.179
255.32,9.267
255.33,9.399
255.34,8.696
255.35,9.003
255.36,9.179
255.37,9.486
255.38,9.047
255.39,9.267
255.4,9.223
255.41,8.915
255.42,8.959
255.43,9.135
255.44,9.355
255.45,9.442
255.46,9.311
255.47,9.311
255.48,9.091
255.49,9.267
255.5,9.179
255.51,9.530
255.52,9.135
255.53,9.355
255.54,9.794
255.55,9.223
255.56,9.091
255.57,9.442
255.58,9.530
255.59,9.442
255.6,9.091
255.61,9.179
255.62,9.706
255.63,9.399
255.64,9.179
255.65,9.706
255.66,9.486
255.67,9.091
255.68,9.179
255.69,9.355
255.7,9.311
255.71,9.223
255.72,9.706
255.73,9.882
255.74,9.355
255.75,9.530
255.76,9.442
255.77,9.530
255.78,9.267
255.79,9.662
255.8,9.442
255.81,9.179
255.82,9.530
255.83,9.267
255.84,9.267
255.85,9.442
255.86,9.399
255.87,9.003
255.88,9.179
255.89,9.618
255.9,9.882
255.91,9.618
255.92,9.574
255.93,9.442
255.94,9.530
255.95,9.574
255.96,9.706
255.97,9.267
255.98,9.442
255.99,9.399
256,9.574
256.01,10.277
256.02,10.629
256.03,10.321
256.04,10.189
256.05,10.014
256.06,9.486
256.07,9.135
256.08,9.399
256.09,10.145
256.1,10.057
256.11,10.409
256.12,10.585
256.13,9.926
256.14,9.794
256.15,9.750
256.16,9.706
256.17,9.662
256.18,10.497
256.19,10.629
256.2,10.409
256.21,10.716
256.22,10.145
256.23,9.750
256.24,9.442
256.25,9.882
256.26,10.233
256.27,10.409
256.28,10.409
256.29,10.233
256.3,10.453
256.31,10.189
256.32,9.530
256.33,9.618
256.34,9.179
256.35,9.047
256.36,9.135
256.37,9.486
256.38,9.223
256.39,9.223
256.4,9.091
256.41,9.442
256.42,10.321
256.43,10.365
256.44,10.321
256.45,10.277
256.46,9.970
256.47,9.486
256.48,9.355
256.49,9.135
256.5,9.223
256.51,10.057
256.52,10.453
256.53,10.453
256.54,10.409
256.55,10.145
256.56,9.970
256.57,9.530
256.58,9.091
256.59,9.662
256.6,10.014
256.61,10.585
256.62,10.233
256.63,9.970
256.64,10.014
256.65,9.750
256.66,9.486
256.67,9.135
256.68,9.442
256.69,9.838
256.7,10.189
256.71,10.277
256.72,9.794
256.73,9.267
256.74,9.574
256.75,9.618
256.76,9.091
256.77,9.486
256.78,10.189
256.79,10.892
256.8,10.716
256.81,10.365
256.82,10.014
256.83,9.838
256.84,9.838
256.85,9.794
256.86,10.365
256.87,10.409
256.88,10.672
256.89,10.892
256.9,10.233
256.91,9.706
256.92,9.662
256.93,9.618
256.94,10.057
256.95,10.057
256.96,10.629
256.97,10.760
256.98,10.848
256.99,10.057
257,9.486
257.01,9.574
257.02,9.882
257.03,9.970
257.04,10.409
257.05,10.672
257.06,10.672
257.07,10.233
257.08,9.662
257.09,9.530
257.1,9.706
257.11,10.145
257.12,10.189
257.13,10.365
257.14,10.629
257.15,10.716
257.16,10.585
257.17,9.794
257.18,9.618
257.19,9.882
257.2,9.882
257.21,10.233
257.22,10.321
257.23,10.760
257.24,10.716
257.25,10.145
257.26,9.882
257.27,9.662
257.28,9.574
257.29,9.750
257.3,10.233
257.31,10.672
257.32,10.804
257.33,10.277
257.34,10.057
257.35,10.057
257.36,9.399
257.37,9.311
257.38,9.486
257.39,9.530
257.4,9.179
257.41,9.311
257.42,10.321
257.43,10.541
257.44,10.760
257.45,10.233
257.46,9.926
257.47,10.145
257.48,9.530
257.49,9.179
257.5,9.486
257.51,10.057
257.52,10.453
257.53,10.233
257.54,10.365
257.55,10.365
257.56,9.530
257.57,9.003
257.58,9.355
257.59,9.355
257.6,9.574
257.61,10.321
257.62,10.497
257.63,9.838
257.64,9.794
257.65,9.135
257.66,8.784
257.67,8.784
257.68,9.399
257.69,9.926
257.7,10.101
257.71,9.838
257.72,10.014
257.73,9.882
257.74,9.399
257.75,9.355
257.76,9.091
257.77,9.574
257.78,10.277
257.79,10.057
257.8,10.497
257.81,10.189
257.82,9.574
257.83,9.530
257.84,9.135
257.85,9.179
257.86,9.838
257.87,10.057
257.88,10.014
257.89,10.497
257.9,9.882
257.91,9.442
257.92,9.574
257.93,8.959
257.94,9.486
257.95,9.750
257.96,9.970
257.97,10.101
257.98,10.497
257.99,9.574
258,9.135
258.01,8.740
258.02,9.618
258.03,9.970
258.04,9.838
258.05,10.014
258.06,9.970
258.07,9.530
258.08,9.442
258.09,9.311
258.1,8.871
258.11,9.442
258.12,9.882
258.13,10.453
258.14,10.497
258.15,10.409
258.16,9.882
258.17,9.794
258.18,9.442
258.19,9.223
258.2,9.311
258.21,10.189
258.22,10.760
258.23,10.804
258.24,10.629
258.25,10.321
258.26,9.574
258.27,9.442
258.28,9.355
258.29,10.189
258.3,10.409
258.31,10.014
258.32,10.365
258.33,10.672
258.34,10.057
258.35,9.970
258.36,9.706
258.37,9.267
258.38,9.442
258.39,9.486
258.4,9.530
258.41,9.618
258.42,9.970
258.43,10.145
258.44,10.277
258.45,10.453
258.46,10.233
258.47,9.838
258.48,9.530
258.49,9.135
258.5,9.267
258.51,10.145
258.52,10.585
258.53,10.672
258.54,10.672
258.55,10.189
258.56,9.662
258.57,9.926
258.58,9.794
258.59,9.882
258.6,10.321
258.61,10.014
258.62,10.497
258.63,10.453
258.64,10.145
258.65,9.486
258.66,9.486
258.67,8.871
258.68,9.618
258.69,10.189
258.7,10.409
258.71,10.277
258.72,10.365
258.73,9.970
258.74,9.355
258.75,9.618
258.76,9.399
258.77,9.926
258.78,10.409
258.79,10.629
258.8,10.892
258.81,10.277
258.82,9.882
258.83,9.486
258.84,9.399
258.85,9.662
258.86,10.321
258.87,10.716
258.88,10.672
258.89,10.409
258.9,9.882
258.91,9.662
258.92,9.750
258.93,9.794
258.94,9.442
258.95,9.355
258.96,9.223
258.97,9.486
258.98,9.882
258.99,10.014
259,9.399
259.01,9.442
259.02,9.618
259.03,9.794
259.04,9.926
259.05,9.750
259.06,9.311
259.07,9.574
259.08,9.618
259.09,9.662
259.1,9.618
259.11,9.442
259.12,9.399
259.13,9.530
259.14,9.442
259.15,9.267
259.16,9.267
259.17,9.267
259.18,9.399
259.19,9.486
259.2,9.047
259.21,8.915
259.22,9.355
259.23,9.618
259.24,9.047
259.25,9.267
259.26,9.135
259.27,9.047
259.28,8.871
259.29,9.223
259.3,9.355
259.31,9.223
259.32,8.915
259.33,8.696
259.34,9.091
259.35,9.223
259.36,9.442
259.37,9.047
259.38,9.574
259.39,9.311
259.4,9.267
259.41,9.267
259.42,9.267
259.43,9.003
259.44,9.047
259.45,9.442
259.46,9.618
259.47,9.486
259.48,9.135
259.49,8.959
259.5,9.267
259.51,9.486
259.52,9.179
259.53,8.696
259.54,8.915
259.55,9.267
259.56,9.486
259.57,9.442
259.58,8.915
259.59,9.091
259.6,9.311
259.61,9.179
259.62,9.267
259.63,8.827
259.64,8.915
259.65,9.179
259.66,9.091
259.67,9.223
259.68,9.135
259.69,8.784
259.7,9.047
259.71,9.442
259.72,9.574
259.73,9.267
259.74,9.223
259.75,9.135
259.76,9.486
259.77,9.618
259.78,9.311
259.79,8.959
259.8,9.135
259.81,9.618
259.82,9.311
259.83,9.135
259.84,9.267
259.85,9.179
259.86,9.311
259.87,9.267
259.88,9.135
259.89,9.311
259.9,9.267
259.91,9.618
259.92,9.091
259.93,9.399
259.94,9.530
259.95,9.838
259.96,9.530
259.97,9.530
259.98,9.486
259.99,9.618
260,9.618
260.01,9.618
260.02,9.267
260.03,9.091
260.04,9.091
260.05,9.486
260.06,9.662
260.07,9.179
260.08,9.091
260.09,8.959
260.1,9.311
260.11,9.530
260.12,9.706
260.13,9.574
260.14,9.794
260.15,10.277
260.16,10.189
260.17,9.794
260.18,9.618
260.19,9.706
260.2,9.926
260.21,10.014
260.22,9.970
260.23,9.706
260.24,9.223
260.25,9.618
260.26,10.145
260.27,10.057
260.28,9.926
260.29,9.530
260.3,9.750
260.31,10.014
260.32,10.014
260.33,9.838
260.34,9.486
260.35,9.530
260.36,9.442
260.37,9.355
260.38,9.574
260.39,9.574
260.4,9.311
260.41,9.618
260.42,9.926
260.43,9.574
260.44,9.618
260.45,9.267
260.46,9.442
260.47,9.838
260.48,9.618
260.49,9.486
260.5,9.399
260.51,9.223
260.52,9.223
260.53,9.794
260.54,10.014
260.55,9.662
260.56,9.706
260.57,9.223
260.58,9.618
260.59,9.618
260.6,9.794
260.61,9.618
260.62,9.311
260.63,9.223
260.64,9.574
260.65,9.838
260.66,10.057
260.67,9.618
260.68,9.750
260.69,9.399
260.7,10.145
260.71,10.233
260.72,10.453
260.73,10.585
260.74,10.321
260.75,9.838
260.76,9.706
260.77,10.321
260.78,10.057
260.79,10.145
260.8,10.101
260.81,9.794
260.82,9.970
260.83,9.794
260.84,9.750
260.85,9.970
260.86,9.838
260.87,10.145
260.88,9.618
260.89,9.574
260.9,9.662
260.91,9.882
260.92,9.662
260.93,9.926
260.94,9.706
260.95,9.486
260.96,9.355
260.97,9.618
260.98,9.486
260.99,9.970
261,9.662
261.01,9.399
261.02,9.223
261.03,9.047
261.04,9.574
261.05,9.882
261.06,9.706
261.07,9.574
261.08,9.399
261.09,9.135
261.1,9.003
261.11,9.486
261.12,9.530
261.13,9.486
261.14,10.233
261.15,10.101
261.16,10.409
261.17,10.145
261.18,9.706
261.19,9.706
261.2,9.223
261.21,9.267
261.22,9.223
261.23,9.047
261.24,9.267
261.25,9.355
261.26,9.618
261.27,10.277
261.28,10.629
261.29,10.453
261.3,10.057
261.31,9.662
261.32,9.618
261.33,9.530
261.34,9.223
261.35,9.179
261.36,9.355
261.37,9.442
261.38,9.574
261.39,9.311
261.4,9.003
261.41,9.442
261.42,10.321
261.43,10.716
261.44,10.672
261.45,10.321
261.46,9.706
261.47,9.399
261.48,9.574
261.49,9.662
261.5,9.574
261.51,9.970
261.52,10.145
261.53,10.409
261.54,10.409
261.55,9.574
261.56,9.618
261.57,9.530
261.58,9.530
261.59,9.574
261.6,10.453
261.61,10.541
261.62,10.453
261.63,9.662
261.64,9.750
261.65,9.618
261.66,9.442
261.67,9.003
261.68,9.574
261.69,10.014
261.7,10.365
261.71,10.541
261.72,10.277
261.73,9.706
261.74,9.618
261.75,9.355
261.76,8.959
261.77,9.530
261.78,10.189
261.79,10.716
261.8,10.277
261.81,10.497
261.82,9.838
261.83,9.355
261.84,9.355
261.85,9.750
261.86,9.882
261.87,10.057
261.88,10.365
261.89,10.497
261.9,10.409
261.91,9.530
261.92,9.662
261.93,9.223
261.94,9.794
261.95,10.365
261.96,10.629
261.97,10.409
261.98,10.014
261.99,10.057
262,9.442
262.01,8.871
262.02,9.135
262.03,10.321
262.04,10.189
262.05,10.672
262.06,10.409
262.07,10.321
262.08,9.486
262.09,9.794
262.1,9.618
262.11,9.794
262.12,10.409
262.13,10.497
262.14,10.629
262.15,10.277
262.16,9.794
262.17,10.014
262.18,9.882
262.19,9.662
262.2,10.014
262.21,10.453
262.22,10.497
262.23,10.365
262.24,10.804
262.25,10.497
262.26,9.970
262.27,9.442
262.28,9.486
262.29,10.233
262.3,10.585
262.31,10.497
262.32,10.365
262.33,10.760
262.34,10.321
262.35,9.662
262.36,9.091
262.37,9.003
262.38,9.179
262.39,9.091
262.4,9.267
262.41,8.784
262.42,9.662
262.43,10.277
262.44,10.409
262.45,10.145
262.46,9.618
262.47,9.442
262.48,9.223
262.49,8.915
262.5,8.696
262.51,9.838
262.52,10.321
262.53,10.321
262.54,9.926
262.55,9.838
262.56,9.618
262.57,9.442
262.58,8.608
262.59,9.223
262.6,9.882
262.61,10.189
262.62,9.838
262.63,9.530
262.64,9.267
262.65,9.223
262.66,9.223
262.67,8.740
262.68,9.091
262.69,9.750
262.7,9.970
262.71,10.541
262.72,9.970
262.73,9.750
262.74,8.915
262.75,9.003
262.76,9.486
262.77,9.618
262.78,10.365
262.79,10.365
262.8,10.541
262.81,9.970
262.82,9.530
262.83,9.486
262.84,9.399
262.85,9.179
262.86,9.486
262.87,10.409
262.88,10.629
262.89,10.365
262.9,9.970
262.91,9.706
262.92,8.915
262.93,8.959
262.94,9.047
262.95,9.970
262.96,10.014
262.97,9.926
262.98,9.706
262.99,9.355
263,9.091
263.01,9.399
263.02,8.915
263.03,9.311
263.04,9.926
263.05,10.848
263.06,10.453
263.07,9.574
263.08,9.442
263.09,9.223
263.1,9.311
263.11,9.399
263.12,9.706
263.13,9.750
263.14,10.453
263.15,10.277
263.16,9.706
263.17,9.223
263.18,9.486
263.19,9.311
263.2,9.706
263.21,9.794
263.22,9.706
263.23,10.409
263.24,10.145
263.25,10.101
263.26,9.574
263.27,9.091
263.28,9.091
263.29,9.838
263.3,10.233
263.31,9.970
263.32,10.541
263.33,10.233
263.34,9.618
263.35,9.530
263.36,9.794
263.37,9.574
263.38,9.355
263.39,9.486
263.4,9.706
263.41,9.311
263.42,10.014
263.43,10.585
263.44,10.804
263.45,10.716
263.46,9.882
263.47,9.618
263.48,9.706
263.49,9.267
263.5,9.399
263.51,9.926
263.52,10.497
263.53,10.716
263.54,10.277
263.55,9.926
263.56,9.882
263.57,9.355
263.58,9.355
263.59,9.618
263.6,10.101
263.61,10.101
263.62,9.970
263.63,10.672
263.64,10.057
263.65,9.267
263.66,9.486
263.67,9.618
263.68,9.618
263.69,10.277
263.7,10.321
263.71,10.453
263.72,10.321
263.73,10.321
263.74,9.706
263.75,9.223
263.76,9.135
263.77,9.970
263.78,10.497
263.79,10.321
263.8,10.629
263.81,10.189
263.82,10.014
263.83,9.794
263.84,9.486
263.85,9.442
263.86,10.014
263.87,10.233
263.88,10.541
263.89,10.365
263.9,10.497
263.91,10.145
263.92,9.355
263.93,9.047
263.94,9.618
263.95,10.409
263.96,10.409
263.97,10.453
263.98,10.629
263.99,9.882
264,9.486
264.01,9.311
264.02,9.530
264.03,10.101
264.04,10.101
264.05,10.453
264.06,10.541
264.07,10.145
264.08,9.706
264.09,9.618
264.1,9.706
264.11,9.267
264.12,9.355
264.13,9.311
264.14,9.399
264.15,9.179
264.16,9.574
264.17,9.750
264.18,9.442
264.19,9.179
264.2,9.399
264.21,9.486
264.22,9.442
264.23,9.091
264.24,9.486
264.25,9.179
264.26,8.827
264.27,9.311
264.28,9.662
264.29,9.486
264.3,9.355
264.31,9.618
264.32,9.311
264.33,9.003
264.34,9.179
264.35,9.223
264.36,8.871
264.37,9.355
264.38,9.530
264.39,8.915
264.4,9.223
264.41,9.574
264.42,9.091
264.43,9.223
264.44,9.267
264.45,8.696
264.46,9.311
264.47,9.223
264.48,9.750
264.49,9.486
264.5,9.267
264.51,9.399
264.52,9.794
264.53,9.618
264.54,9.135
264.55,9.355
264.56,9.706
264.57,9.399
264.58,9.355
264.59,9.794
264.6,9.530
264.61,9.618
264.62,9.399
264.63,9.486
264.64,9.223
264.65,9.706
264.66,9.574
264.67,9.618
264.68,9.574
264.69,9.706
264.7,9.399
264.71,9.618
264.72,9.618
264.73,9.486
264.74,9.486
264.75,9.882
264.76,9.706
264.77,9.355
264.78,9.223
264.79,9.442
264.8,9.706
264.81,9.135
264.82,9.267
264.83,9.135
264.84,9.179
264.85,8.959
264.86,9.618
264.87,9.882
264.88,9.486
264.89,9.574
264.9,9.399
264.91,9.442
264.92,9.135
264.93,9.311
264.94,9.442
264.95,9.574
264.96,9.530
264.97,9.618
264.98,9.047
264.99,9.003
265,9.399
265.01,9.179
265.02,9.223
265.03,9.267
265.04,9.135
265.05,9.091
265.06,9.223
265.07,9.311
265.08,9.618
265.09,9.618
265.1,9.442
265.11,9.267
265.12,8.915
265.13,9.135
265.14,9.662
265.15,9.794
265.16,9.618
265.17,9.882
265.18,9.530
265.19,9.135
265.2,9.135
265.21,10.145
265.22,9.574
265.23,9.399
265.24,9.574
265.25,9.442
265.26,9.399
265.27,9.311
265.28,9.091
265.29,9.267
265.3,9.223
265.31,9.267
265.32,9.355
265.33,9.135
265.34,9.091
265.35,8.871
265.36,9.091
265.37,9.047
265.38,9.311
265.39,9.267
265.4,9.135
265.41,9.047
265.42,9.091
265.43,9.355
265.44,9.618
265.45,10.014
265.46,9.486
265.47,9.399
265.48,9.223
265.49,9.047
265.5,9.311
265.51,9.662
265.52,9.882
265.53,9.750
265.54,9.442
265.55,9.135
265.56,9.311
265.57,9.662
265.58,9.662
265.59,9.530
265.6,9.399
265.61,9.091
265.62,9.179
265.63,9.618
265.64,9.267
265.65,9.311
265.66,9.399
265.67,9.091
265.68,9.003
265.69,9.267
265.7,9.223
265.71,9.662
265.72,9.662
265.73,9.355
265.74,9.135
265.75,9.135
265.76,9.442
265.77,9.838
265.78,9.442
265.79,9.311
265.8,9.135
265.81,9.223
265.82,9.223
265.83,9.442
265.84,9.530
265.85,9.838
265.86,9.486
265.87,9.442
265.88,9.662
265.89,9.794
265.9,10.057
265.91,9.838
265.92,9.442
265.93,9.442
265.94,9.574
265.95,9.882
265.96,10.101
265.97,10.057
265.98,9.750
265.99,9.399
266,9.442
266.01,9.794
266.02,9.970
266.03,9.574
266.04,9.486
266.05,9.179
266.06,9.091
266.07,9.618
266.08,10.014
266.09,9.574
266.1,9.750
266.11,9.311
266.12,9.618
266.13,9.794
266.14,9.750
266.15,9.399
266.16,9.003
266.17,9.486
266.18,9.311
266.19,9.399
266.2,9.486
266.21,9.399
266.22,9.970
266.23,10.101
266.24,10.629
266.25,10.453
266.26,10.453
266.27,9.794
266.28,9.355
266.29,9.047
266.3,9.530
266.31,9.926
266.32,10.409
266.33,10.629
266.34,10.497
266.35,10.014
266.36,10.233
266.37,9.750
266.38,9.662
266.39,9.618
266.4,9.091
266.41,9.135
266.42,9.838
266.43,10.365
266.44,10.848
266.45,10.233
266.46,9.926
266.47,9.662
266.48,9.530
266.49,9.706
266.5,9.794
266.51,10.014
266.52,9.926
266.53,10.277
266.54,10.101
266.55,10.101
266.56,9.838
266.57,9.311
266.58,8.959
266.59,9.399
266.6,10.101
266.61,10.497
266.62,10.760
266.63,10.057
266.64,9.399
266.65,8.959
266.66,9.311
266.67,9.442
266.68,10.409
266.69,10.453
266.7,10.497
266.71,10.497
266.72,10.057
266.73,9.662
266.74,9.794
266.75,9.662
266.76,9.662
266.77,10.057
266.78,10.101
266.79,10.980
266.8,10.541
266.81,10.101
266.82,9.926
266.83,9.223
266.84,9.311
266.85,9.662
266.86,10.321
266.87,11.068
266.88,10.585
266.89,10.453
266.9,9.838
266.91,9.574
266.92,9.486
266.93,9.662
266.94,10.321
266.95,10.585
266.96,10.453
266.97,10.672
266.98,10.365
266.99,10.145
267,9.882
267.01,9.794
267.02,9.838
267.03,10.277
267.04,10.497
267.05,10.848
267.06,10.848
267.07,10.497
267.08,10.014
267.09,10.014
267.1,9.486
267.11,9.794
267.12,10.409
267.13,10.716
267.14,11.068
267.15,10.804
267.16,9.926
267.17,9.530
267.18,9.355
267.19,9.179
267.2,9.838
267.21,10.585
267.22,10.672
267.23,10.233
267.24,9.926
267.25,9.223
267.26,9.179
267.27,9.399
267.28,9.926
267.29,10.277
267.3,10.233
267.31,10.321
267.32,10.014
267.33,9.882
267.34,9.486
267.35,9.662
267.36,9.662
267.37,9.574
267.38,9.355
267.39,9.311
267.4,9.574
267.41,9.750
267.42,10.453
267.43,10.716
267.44,10.585
267.45,10.629
267.46,10.365
267.47,10.014
267.48,9.706
267.49,9.926
267.5,9.574
267.51,9.355
267.52,9.355
267.53,9.091
267.54,9.618
267.55,10.541
267.56,10.804
267.57,10.892
267.58,10.453
267.59,10.101
267.6,9.618
267.61,9.882
267.62,9.574
267.63,10.145
267.64,10.409
267.65,10.233
267.66,10.321
267.67,10.497
267.68,10.101
267.69,9.399
267.7,9.135
267.71,9.047
267.72,9.970
267.73,10.804
267.74,10.716
267.75,10.321
267.76,9.750
267.77,9.618
267.78,9.838
267.79,9.574
267.8,9.355
267.81,9.970
267.82,10.629
267.83,10.672
267.84,10.629
267.85,10.277
267.86,10.453
267.87,9.970
267.88,9.926
267.89,10.145
267.9,10.233
267.91,10.453
267.92,10.541
267.93,10.716
267.94,10.409
267.95,10.057
267.96,9.530
267.97,9.311
267.98,9.926
267.99,10.101
268,10.672
268.01,11.024
268.02,10.189
268.03,9.618
268.04,9.179
268.05,8.915
268.06,9.794
268.07,10.277
268.08,10.541
268.09,10.409
268.1,10.057
268.11,9.794
268.12,9.706
268.13,9.838
268.14,9.574
268.15,9.662
268.16,10.014
268.17,9.882
268.18,10.585
268.19,10.497
268.2,9.750
268.21,9.267
268.22,9.574
268.23,9.882
268.24,10.014
268.25,9.970
268.26,10.233
268.27,10.629
268.28,10.629
268.29,10.101
268.3,9.530
268.31,9.311
268.32,9.003
268.33,9.311
268.34,9.442
268.35,10.014
268.36,10.145
268.37,10.585
268.38,10.233
268.39,9.530
268.4,9.355
268.41,9.442
268.42,9.662
268.43,10.189
268.44,10.365
268.45,10.057
268.46,10.321
268.47,9.662
268.48,9.882
268.49,9.838
268.5,9.662
268.51,9.135
268.52,9.223
268.53,9.399
268.54,9.706
268.55,10.145
268.56,10.365
268.57,10.672
268.58,10.672
268.59,10.145
268.6,9.618
268.61,9.794
268.62,9.794
268.63,9.926
268.64,9.970
268.65,10.409
268.66,10.629
268.67,10.541
268.68,10.321
268.69,9.794
268.7,9.706
268.71,10.014
268.72,9.486
268.73,10.101
268.74,10.585
268.75,10.848
268.76,10.365
268.77,10.189
268.78,9.794
268.79,9.926
268.8,9.530
268.81,9.706
268.82,10.497
268.83,10.848
268.84,10.541
268.85,10.541
268.86,10.365
268.87,9.618
268.88,9.486
268.89,9.926
268.9,10.629
268.91,10.409
268.92,10.497
268.93,10.716
268.94,10.629
268.95,9.970
268.96,9.662
268.97,9.926
268.98,9.926
268.99,10.409
269,10.629
269.01,10.672
269.02,10.848
269.03,10.321
269.04,10.057
269.05,9.970
269.06,10.057
269.07,10.189
269.08,10.321
269.09,10.716
269.1,10.848
269.11,10.453
269.12,10.057
269.13,9.926
269.14,10.101
269.15,9.706
269.16,9.311
269.17,9.574
269.18,9.838
269.19,10.014
269.2,9.574
269.21,9.794
269.22,9.574
269.23,9.442
269.24,9.794
269.25,9.706
269.26,9.838
269.27,9.838
269.28,9.574
269.29,9.223
269.3,9.486
269.31,9.618
269.32,9.574
269.33,9.399
269.34,9.399
269.35,9.442
269.36,9.574
269.37,9.311
269.38,9.311
269.39,9.486
269.4,9.486
269.41,9.618
269.42,9.618
269.43,9.662
269.44,9.618
269.45,9.442
269.46,10.057
269.47,9.926
269.48,9.574
269.49,9.618
269.5,9.838
269.51,9.838
269.52,9.486
269.53,9.574
269.54,10.014
269.55,9.618
269.56,9.706
269.57,9.750
269.58,9.794
269.59,9.091
269.6,9.618
269.61,9.750
269.62,9.750
269.63,9.003
269.64,9.662
269.65,9.970
269.66,9.838
269.67,9.574
269.68,9.926
269.69,9.882
269.7,9.618
269.71,9.574
269.72,9.794
269.73,9.794
269.74,9.970
269.75,9.399
269.76,9.750
269.77,9.926
269.78,10.057
269.79,9.530
269.8,9.662
269.81,9.706
269.82,9.970
269.83,9.662
269.84,9.486
269.85,10.014
269.86,9.399
269.87,9.794
269.88,9.618
269.89,9.223
269.9,9.399
269.91,9.662
269.92,9.794
269.93,9.662
269.94,9.311
269.95,9.486
269.96,9.355
269.97,9.311
269.98,9.750
269.99,9.179
270,9.047
270.01,9.750
270.02,9.662
270.03,9.618
270.04,9.223
270.05,9.135
270.06,9.311
270.07,9.970
270.08,9.574
270.09,9.442
270.1,9.750
270.11,9.662
270.12,9.442
270.13,9.486
270.14,9.267
270.15,9.618
270.16,9.486
270.17,9.530
270.18,9.047
270.19,9.135
270.2,9.442
270.21,9.442
270.22,9.179
270.23,8.915
270.24,8.827
270.25,9.223
270.26,9.179
270.27,9.442
270.28,8.915
270.29,8.740
270.3,9.047
270.31,9.223
270.32,9.311
270.33,8.784
270.34,8.740
270.35,8.959
270.36,9.442
270.37,9.091
270.38,8.915
270.39,8.871
270.4,9.486
270.41,9.047
270.42,9.179
270.43,8.871
270.44,9.047
270.45,9.223
270.46,9.618
270.47,9.618
270.48,9.135
270.49,9.399
270.5,9.267
270.51,9.442
270.52,9.179
270.53,9.091
270.54,9.267
270.55,9.530
270.56,9.399
270.57,9.135
270.58,8.784
270.59,9.179
270.6,9.618
270.61,9.442
270.62,9.179
270.63,9.179
270.64,9.486
270.65,9.706
270.66,9.794
270.67,9.399
270.68,9.179
270.69,9.399
270.7,9.794
270.71,9.926
270.72,9.530
270.73,9.530
270.74,9.618
270.75,9.794
270.76,9.574
270.77,9.267
270.78,9.267
270.79,9.794
270.8,9.838
270.81,9.442
270.82,9.530
270.83,9.486
270.84,9.706
270.85,9.662
270.86,9.442
270.87,9.267
270.88,9.486
270.89,9.399
270.9,9.618
270.91,9.179
270.92,9.003
270.93,9.574
270.94,9.618
270.95,9.486
270.96,9.135
270.97,9.662
270.98,9.618
270.99,9.223
271,9.091
271.01,9.003
271.02,9.355
271.03,9.442
271.04,9.267
271.05,9.179
271.06,8.959
271.07,9.311
271.08,9.486
271.09,9.530
271.1,9.442
271.11,9.223
271.12,9.399
271.13,9.355
271.14,8.915
271.15,9.399
271.16,9.399
271.17,9.530
271.18,9.267
271.19,9.179
271.2,9.442
271.21,9.794
271.22,9.574
271.23,9.223
271.24,9.618
271.25,9.442
271.26,9.486
271.27,9.267
271.28,9.618
271.29,9.530
271.3,9.618
271.31,9.355
271.32,9.311
271.33,9.486
271.34,9.662
271.35,9.355
271.36,9.091
271.37,9.530
271.38,9.355
271.39,9.399
271.4,9.135
271.41,9.574
271.42,10.672
271.43,10.936
271.44,10.585
271.45,10.453
271.46,10.629
271.47,10.057
271.48,9.706
271.49,9.882
271.5,9.706
271.51,10.057
271.52,10.804
271.53,10.892
271.54,10.672
271.55,10.145
271.56,10.145
271.57,10.014
271.58,9.970
271.59,9.794
271.6,10.409
271.61,10.760
271.62,10.936
271.63,10.760
271.64,10.189
271.65,9.574
271.66,9.618
271.67,9.794
271.68,10.233
271.69,10.629
271.7,10.409
271.71,11.024
271.72,11.244
271.73,10.321
271.74,10.189
271.75,9.882
271.76,9.486
271.77,10.321
271.78,10.541
271.79,10.760
271.8,10.716
271.81,10.629
271.82,10.057
271.83,9.530
271.84,9.574
271.85,9.794
271.86,10.497
271.87,10.585
271.88,10.497
271.89,10.585
271.9,9.838
271.91,9.926
271.92,9.970
271.93,9.399
271.94,9.882
271.95,9.838
271.96,10.497
271.97,10.365
271.98,10.277
271.99,9.574
272,9.355
272.01,9.179
272.02,9.355
272.03,10.014
272.04,10.585
272.05,10.497
272.06,10.233
272.07,9.926
272.08,9.486
272.09,9.399
272.1,9.618
272.11,10.101
272.12,10.453
272.13,10.321
272.14,10.672
272.15,10.848
272.16,10.629
272.17,9.926
272.18,9.574
272.19,9.091
272.2,9.267
272.21,9.926
272.22,10.760
272.23,10.716
272.24,10.453
272.25,9.574
272.26,9.267
272.27,9.223
272.28,9.091
272.29,9.399
272.3,10.189
272.31,10.277
272.32,10.629
272.33,10.277
272.34,10.057
272.35,9.399
272.36,9.311
272.37,9.399
272.38,9.442
272.39,9.662
272.4,9.267
272.41,9.486
272.42,10.145
272.43,10.541
272.44,10.629
272.45,10.585
272.46,9.706
272.47,9.442
272.48,9.003
272.49,9.311
272.5,9.838
272.51,10.321
272.52,10.541
272.53,10.453
272.54,10.277
272.55,9.750
272.56,9.399
272.57,9.662
272.58,9.311
272.59,9.838
272.6,10.233
272.61,10.365
272.62,10.497
272.63,10.409
272.64,10.321
272.65,10.277
272.66,9.926
272.67,9.794
272.68,10.057
272.69,10.321
272.7,10.321
272.71,10.892
272.72,11.112
272.73,10.541
272.74,10.145
272.75,9.399
272.76,8.915
272.77,9.662
272.78,10.409
272.79,10.409
272.8,10.629
272.81,10.321
272.82,9.618
272.83,9.003
272.84,9.091
272.85,9.399
272.86,10.014
272.87,10.321
272.88,10.497
272.89,10.365
272.9,9.574
272.91,9.399
272.92,9.223
272.93,9.267
272.94,9.750
272.95,10.277
272.96,10.497
272.97,10.497
272.98,10.365
272.99,9.750
273,9.750
273.01,9.486
273.02,9.442
273.03,9.618
273.04,10.101
273.05,10.541
273.06,10.585
273.07,10.233
273.08,9.530
273.09,9.135
273.1,8.959
273.11,9.355
273.12,10.101
273.13,10.321
273.14,10.453
273.15,10.321
273.16,9.530
273.17,9.091
273.18,9.135
273.19,9.530
273.2,9.355
273.21,10.277
273.22,10.321
273.23,10.497
273.24,10.014
273.25,9.970
273.26,10.014
273.27,9.838
273.28,9.486
273.29,9.442
273.3,9.794
273.31,10.409
273.32,10.541
273.33,10.409
273.34,10.014
273.35,9.267
273.36,9.223
273.37,9.355
273.38,9.399
273.39,9.399
273.4,9.267
273.41,9.223
273.42,9.882
273.43,10.101
273.44,10.629
273.45,10.892
273.46,10.321
273.47,9.530
273.48,8.959
273.49,9.530
273.5,9.750
273.51,10.277
273.52,10.233
273.53,10.145
273.54,9.750
273.55,9.442
273.56,9.530
273.57,9.223
273.58,9.355
273.59,9.355
273.6,9.442
273.61,10.321
273.62,10.233
273.63,10.365
273.64,9.486
273.65,8.915
273.66,9.355
273.67,9.442
273.68,9.530
273.69,10.233
273.7,10.629
273.71,10.848
273.72,10.189
273.73,9.926
273.74,9.574
273.75,9.486
273.76,9.135
273.77,9.926
273.78,10.101
273.79,10.057
273.8,10.321
273.81,10.145
273.82,9.530
273.83,9.486
273.84,9.355
273.85,9.135
273.86,9.882
273.87,10.057
273.88,10.145
273.89,10.453
273.9,9.706
273.91,9.574
273.92,9.530
273.93,9.135
273.94,9.267
273.95,10.057
273.96,10.585
273.97,10.233
273.98,10.101
273.99,9.750
274,9.530
274.01,9.311
274.02,9.223
274.03,9.574
274.04,10.233
274.05,10.497
274.06,10.145
274.07,9.794
274.08,9.618
274.09,9.179
274.1,8.871
274.11,9.311
274.12,9.662
274.13,9.794
274.14,9.882
274.15,10.057
274.16,9.926
274.17,9.486
274.18,9.267
274.19,9.179
274.2,9.179
274.21,10.014
274.22,10.189
274.23,10.629
274.24,10.101
274.25,9.838
274.26,9.530
274.27,9.442
274.28,9.223
274.29,9.399
274.3,9.355
274.31,9.047
274.32,8.959
274.33,9.091
274.34,9.267
274.35,9.311
274.36,9.574
274.37,9.442
274.38,9.047
274.39,9.223
274.4,9.442
274.41,9.794
274.42,9.486
274.43,9.618
274.44,8.871
274.45,8.959
274.46,9.179
274.47,9.574
274.48,9.706
274.49,9.882
274.5,9.706
274.51,9.399
274.52,9.355
274.53,9.486
274.54,9.399
274.55,9.486
274.56,9.574
274.57,9.267
274.58,9.091
274.59,9.267
274.6,9.706
274.61,9.970
274.62,9.618
274.63,9.311
274.64,9.355
274.65,9.838
274.66,10.233
274.67,10.014
274.68,10.145
274.69,9.618
274.7,9.618
274.71,10.057
274.72,9.882
274.73,9.794
274.74,9.574
274.75,9.223
274.76,9.750
274.77,10.145
274.78,9.970
274.79,9.750
274.8,9.135
274.81,9.706
274.82,9.970
274.83,9.750
274.84,9.267
274.85,9.486
274.86,9.970
274.87,9.794
274.88,9.311
274.89,9.838
274.9,9.662
274.91,9.311
274.92,9.399
274.93,9.574
274.94,9.838
274.95,9.442
274.96,9.047
274.97,9.442
274.98,9.574
274.99,9.486
275,9.223
275.01,9.223
275.02,9.530
275.03,10.057
275.04,9.574
275.05,9.442
275.06,9.311
275.07,9.662
275.08,9.706
275.09,9.574
275.1,9.486
275.11,9.486
275.12,9.574
275.13,9.486
275.14,9.223
275.15,9.399
275.16,9.662
275.17,9.838
275.18,9.486
275.19,9.662
275.2,9.311
275.21,9.618
275.22,9.311
275.23,9.091
275.24,9.311
275.25,8.871
275.26,9.267
275.27,9.618
275.28,9.794
275.29,9.750
275.3,9.442
275.31,9.311
275.32,9.311
275.33,9.399
275.34,9.706
275.35,9.970
275.36,9.618
275.37,9.355
275.38,9.486
275.39,9.311
275.4,9.618
275.41,9.486
275.42,9.706
275.43,9.311
275.44,9.442
275.45,9.355
275.46,9.135
275.47,9.530
275.48,9.970
275.49,9.267
275.5,9.311
275.51,9.794
275.52,9.530
275.53,9.091
275.54,9.179
275.55,9.574
275.56,9.706
275.57,9.091
275.58,8.959
275.59,9.311
275.6,9.047
275.61,9.267
275.62,9.355
275.63,9.223
275.64,9.311
275.65,8.915
275.66,9.223
275.67,9.223
275.68,9.311
275.69,9.311
275.7,9.179
275.71,9.399
275.72,9.574
275.73,9.223
275.74,9.442
275.75,9.442
275.76,9.267
275.77,9.355
275.78,9.442
275.79,9.662
275.8,9.311
275.81,9.267
275.82,9.574
275.83,9.574
275.84,9.530
275.85,9.618
275.86,9.486
275.87,9.618
275.88,9.662
275.89,9.530
275.9,10.057
275.91,10.014
275.92,9.442
275.93,9.486
275.94,9.794
275.95,9.442
275.96,9.223
275.97,9.574
275.98,9.311
275.99,9.047
276,9.355
276.01,9.662
276.02,9.618
276.03,9.311
276.04,9.486
276.05,9.882
276.06,9.838
276.07,9.750
276.08,9.794
276.09,9.618
276.1,9.618
276.11,9.838
276.12,9.355
276.13,9.135
276.14,9.882
276.15,9.794
276.16,9.223
276.17,9.442
276.18,9.926
276.19,10.014
276.2,10.057
276.21,10.057
276.22,9.706
276.23,10.277
276.24,10.014
276.25,9.882
276.26,9.618
276.27,9.486
276.28,9.838
276.29,9.926
276.3,10.014
276.31,9.574
276.32,9.399
276.33,9.530
276.34,9.574
276.35,9.399
276.36,9.135
276.37,9.399
276.38,9.355
276.39,9.442
276.4,9.135
276.41,9.135
276.42,9.574
276.43,9.486
276.44,9.662
276.45,9.882
276.46,10.145
276.47,10.629
276.48,10.629
276.49,10.497
276.5,10.277
276.51,9.574
276.52,9.574
276.53,9.706
276.54,9.486
276.55,9.047
276.56,9.662
276.57,9.442
276.58,9.838
276.59,9.706
276.6,10.277
276.61,10.497
276.62,10.453
276.63,10.057
276.64,9.399
276.65,9.267
276.66,9.399
276.67,9.970
276.68,9.926
276.69,10.409
276.7,10.497
276.71,10.497
276.72,9.970
276.73,9.750
276.74,9.970
276.75,9.794
276.76,10.277
276.77,10.409
276.78,10.497
276.79,10.892
276.8,10.497
276.81,10.057
276.82,9.750
276.83,9.662
276.84,10.497
276.85,10.716
276.86,10.672
276.87,10.541
276.88,10.453
276.89,10.189
276.9,9.662
276.91,9.442
276.92,9.355
276.93,9.574
276.94,10.585
276.95,10.892
276.96,10.804
276.97,10.365
276.98,10.233
276.99,10.277
277,10.057
277.01,9.442
277.02,9.750
277.03,10.541
277.04,11.024
277.05,10.629
277.06,10.409
277.07,10.101
277.08,9.574
277.09,9.574
277.1,9.970
277.11,9.926
277.12,10.233
277.13,10.848
277.14,10.848
277.15,10.497
277.16,9.838
277.17,10.057
277.18,9.530
277.19,10.014
277.2,10.409
277.21,10.672
277.22,10.629
277.23,10.189
277.24,10.101
277.25,10.145
277.26,9.618
277.27,9.355
277.28,9.530
277.29,10.365
277.3,10.980
277.31,10.409
277.32,10.014
277.33,9.574
277.34,9.662
277.35,9.355
277.36,9.091
277.37,9.267
277.38,9.223
277.39,9.267
277.4,9.311
277.41,9.662
277.42,10.101
277.43,9.970
277.44,10.672
277.45,10.585
277.46,10.057
277.47,9.794
277.48,9.399
277.49,9.662
277.5,9.399
277.51,9.530
277.52,9.970
277.53,9.970
277.54,10.321
277.55,10.585
277.56,10.716
277.57,10.541
277.58,10.453
277.59,10.321
277.6,10.057
277.61,9.794
277.62,9.530
277.63,10.145
277.64,10.804
277.65,11.024
277.66,10.541
277.67,10.233
277.68,9.970
277.69,9.662
277.7,9.574
277.71,9.926
277.72,10.497
277.73,10.629
277.74,10.892
277.75,10.804
277.76,10.585
277.77,9.794
277.78,9.706
277.79,9.662
277.8,10.365
277.81,10.277
277.82,10.936
277.83,11.068
277.84,11.112
277.85,10.409
277.86,10.145
277.87,9.838
277.88,10.014
277.89,10.145
277.9,10.585
277.91,10.629
277.92,10.804
277.93,10.321
277.94,9.794
277.95,9.618
277.96,9.486
277.97,9.486
277.98,9.706
277.99,10.453
278,11.112
278.01,10.892
278.02,10.321
278.03,9.838
278.04,9.882
278.05,9.530
278.06,9.399
278.07,10.277
278.08,10.409
278.09,10.101
278.1,9.926
278.11,9.882
278.12,9.311
278.13,9.047
278.14,8.652
278.15,9.442
278.16,10.233
278.17,10.409
278.18,10.233
278.19,10.233
278.2,9.706
278.21,8.871
278.22,8.959
278.23,9.706
278.24,9.926
278.25,9.970
278.26,10.277
278.27,10.189
278.28,9.574
278.29,9.267
278.3,9.355
278.31,9.091
278.32,9.574
278.33,10.014
278.34,10.233
278.35,10.321
278.36,10.057
278.37,9.311
278.38,9.091
278.39,9.003
278.4,8.740
278.41,8.740
278.42,9.574
278.43,10.101
278.44,10.101
278.45,9.926
278.46,9.618
278.47,9.530
278.48,9.267
278.49,8.915
278.5,9.574
278.51,10.277
278.52,10.541
278.53,10.277
278.54,9.926
278.55,9.574
278.56,9.179
278.57,9.047
278.58,9.135
278.59,9.047
278.6,9.970
278.61,10.409
278.62,10.585
278.63,9.926
278.64,9.267
278.65,9.003
278.66,9.267
278.67,9.838
278.68,10.233
278.69,10.497
278.7,10.365
278.71,10.014
278.72,9.662
278.73,9.530
278.74,9.179
278.75,9.223
278.76,9.574
278.77,10.277
278.78,10.321
278.79,9.970
278.8,9.794
278.81,9.442
278.82,9.135
278.83,9.355
278.84,9.399
278.85,9.618
278.86,10.321
278.87,10.365
278.88,10.014
278.89,9.311
278.9,9.047
278.91,9.135
278.92,9.047
278.93,9.135
278.94,9.574
278.95,9.926
278.96,10.541
278.97,10.321
278.98,9.618
278.99,9.267
279,9.442
279.01,9.223
279.02,9.750
279.03,9.838
279.04,10.365
279.05,9.970
279.06,10.233
279.07,9.399
279.08,8.827
279.09,8.915
279.1,9.311
279.11,10.277
279.12,10.189
279.13,10.453
279.14,10.101
279.15,10.145
279.16,9.662
279.17,9.311
279.18,9.223
279.19,9.486
279.2,10.101
279.21,10.672
279.22,10.716
279.23,10.497
279.24,9.926
279.25,9.486
279.26,9.750
279.27,9.706
279.28,9.926
279.29,10.497
279.3,10.672
279.31,10.892
279.32,10.101
279.33,9.706
279.34,9.662
279.35,9.618
279.36,9.442
279.37,8.784
279.38,8.915
279.39,9.355
279.4,9.530
279.41,9.530
279.42,9.047
279.43,9.574
279.44,9.838
279.45,9.794
279.46,9.618
279.47,9.047
279.48,9.794
279.49,9.530
279.5,9.574
279.51,9.618
279.52,9.618
279.53,9.574
279.54,9.486
279.55,9.662
279.56,9.662
279.57,9.706
279.58,9.442
279.59,9.311
279.6,9.574
279.61,9.267
279.62,9.047
279.63,9.267
279.64,9.399
279.65,9.442
279.66,9.442
279.67,9.223
279.68,9.486
279.69,9.355
279.7,9.267
279.71,9.179
279.72,9.442
279.73,9.618
279.74,9.442
279.75,9.355
279.76,9.135
279.77,9.355
279.78,9.486
279.79,9.355
279.8,9.311
279.81,9.267
279.82,9.311
279.83,9.399
279.84,9.618
279.85,9.618
279.86,8.959
279.87,9.135
279.88,9.706
279.89,9.486
279.9,9.223
279.91,8.740
279.92,9.267
279.93,9.355
279.94,9.267
279.95,8.959
279.96,9.311
279.97,9.399
279.98,9.355
279.99,9.442
280,9.662
280.01,9.662
280.02,9.399
280.03,9.442
280.04,9.355
280.05,9.486
280.06,9.223
280.07,9.442
280.08,9.355
280.09,9.399
280.1,9.223
280.11,9.179
280.12,9.267
280.13,9.574
280.14,9.355
280.15,9.179
280.16,9.091
280.17,9.267
280.18,9.662
280.19,9.135
280.2,9.047
280.21,9.486
280.22,9.618
280.23,9.355
280.24,9.618
280.25,9.355
280.26,8.959
280.27,9.179
280.28,9.662
280.29,9.530
280.3,9.399
280.31,9.223
280.32,9.442
280.33,10.057
280.34,9.223
280.35,9.135
280.36,9.091
280.37,9.618
280.38,9.267
280.39,9.267
280.4,9.135
280.41,9.794
280.42,9.267
280.43,9.135
280.44,9.530
280.45,9.618
280.46,9.267
280.47,9.442
280.48,9.442
280.49,9.442
280.5,9.355
280.51,9.311
280.52,9.442
280.53,9.399
280.54,9.618
280.55,9.179
280.56,9.618
280.57,9.530
280.58,9.311
280.59,9.311
280.6,9.486
280.61,9.574
280.62,9.442
280.63,9.442
280.64,9.574
280.65,9.442
280.66,9.618
280.67,9.442
280.68,9.442
280.69,9.882
280.7,9.838
280.71,9.662
280.72,9.399
280.73,9.574
280.74,9.618
280.75,9.486
280.76,9.574
280.77,9.486
280.78,9.530
280.79,9.618
280.8,8.871
280.81,9.135
280.82,9.530
280.83,9.047
280.84,9.003
280.85,9.091
280.86,9.486
280.87,9.223
280.88,9.091
280.89,9.311
280.9,9.706
280.91,9.486
280.92,9.003
280.93,9.135
280.94,9.442
280.95,9.355
280.96,8.784
280.97,9.047
280.98,9.442
280.99,9.003
281,8.871
281.01,8.915
281.02,9.399
281.03,9.311
281.04,8.959
281.05,9.355
281.06,9.530
281.07,9.223
281.08,9.135
281.09,9.486
281.1,9.442
281.11,9.311
281.12,9.223
281.13,9.618
281.14,9.574
281.15,9.838
281.16,9.399
281.17,9.399
281.18,9.618
281.19,9.926
281.2,9.267
281.21,9.618
281.22,9.794
281.23,9.706
281.24,9.530
281.25,9.882
281.26,9.574
281.27,9.442
281.28,9.223
281.29,9.970
281.3,9.794
281.31,9.750
281.32,9.706
281.33,9.794
281.34,10.145
281.35,9.970
281.36,9.794
281.37,9.618
281.38,10.014
281.39,9.574
281.4,9.750
281.41,10.014
281.42,9.618
281.43,9.223
281.44,10.014
281.45,9.794
281.46,9.794
281.47,9.135
281.48,9.486
281.49,9.794
281.5,9.399
281.51,9.355
281.52,9.399
281.53,9.882
281.54,9.750
281.55,9.223
281.56,9.838
281.57,9.838
281.58,9.838
281.59,9.882
281.6,10.014
281.61,10.848
281.62,10.453
281.63,10.497
281.64,10.848
281.65,10.365
281.66,9.794
281.67,9.750
281.68,9.838
281.69,9.926
281.7,10.453
281.71,10.629
281.72,10.892
281.73,10.277
281.74,10.014
281.75,9.442
281.76,9.399
281.77,9.662
281.78,10.233
281.79,10.145
281.8,10.497
281.81,10.321
281.82,9.882
281.83,9.486
281.84,9.486
281.85,9.047
281.86,9.399
281.87,10.145
281.88,10.321
281.89,10.189
281.9,10.453
281.91,10.014
281.92,9.794
281.93,9.355
281.94,9.355
281.95,9.750
281.96,10.014
281.97,9.970
281.98,10.497
281.99,10.453
282,10.014
282.01,9.662
282.02,9.926
282.03,9.750
282.04,9.794
282.05,10.145
282.06,10.497
282.07,10.848
282.08,10.277
282.09,10.014
282.1,10.014
282.11,9.047
282.12,9.267
282.13,10.057
282.14,10.277
282.15,10.541
282.16,10.453
282.17,10.189
282.18,9.970
282.19,9.838
282.2,9.574
282.21,9.399
282.22,10.233
282.23,10.453
282.24,10.541
282.25,10.585
282.26,10.277
282.27,9.794
282.28,9.838
282.29,9.750
282.3,9.662
282.31,10.233
282.32,10.541
282.33,10.321
282.34,10.497
282.35,9.838
282.36,9.311
282.37,9.311
282.38,9.223
282.39,8.959
282.4,9.091
282.41,9.223
282.42,9.794
282.43,10.497
282.44,10.321
282.45,10.365
282.46,9.662
282.47,9.486
282.48,9.442
282.49,9.223
282.5,9.486
282.51,9.399
282.52,9.091
282.53,9.135
282.54,9.223
282.55,10.497
282.56,10.321
282.57,10.672
282.58,10.189
282.59,10.189
282.6,9.399
282.61,9.311
282.62,9.486
282.63,9.838
282.64,10.541
282.65,10.321
282.66,10.409
282.67,10.365
282.68,9.794
282.69,9.574
282.7,9.135
282.71,9.574
282.72,10.804
282.73,10.848
282.74,11.068
282.75,10.541
282.76,10.541
282.77,9.662
282.78,9.355
282.79,9.135
282.8,9.926
282.81,10.189
282.82,10.672
282.83,10.541
282.84,10.365
282.85,9.926
282.86,9.486
282.87,9.047
282.88,9.530
282.89,10.409
282.9,10.277
282.91,10.497
282.92,10.672
282.93,10.189
282.94,9.662
282.95,9.838
282.96,9.750
282.97,9.926
282.98,10.321
282.99,10.541
283,10.848
283.01,10.672
283.02,10.409
283.03,10.014
283.04,9.399
283.05,9.399
283.06,9.882
283.07,10.409
283.08,10.497
283.09,10.585
283.1,10.277
283.11,9.794
283.12,9.442
283.13,9.223
283.14,9.355
283.15,10.233
283.16,10.233
283.17,10.497
283.18,10.497
283.19,10.101
283.2,10.145
283.21,9.574
283.22,9.311
283.23,9.794
283.24,10.541
283.25,9.838
283.26,10.585
283.27,10.804
283.28,10.014
283.29,9.399
283.3,9.442
283.31,9.355
283.32,9.706
283.33,10.365
283.34,10.365
283.35,10.848
283.36,10.321
283.37,9.399
283.38,9.618
283.39,9.662
283.4,9.135
283.41,9.442
283.42,9.794
283.43,10.145
283.44,10.453
283.45,10.672
283.46,10.277
283.47,10.014
283.48,9.750
283.49,9.706
283.5,9.574
283.51,9.530
283.52,9.091
283.53,9.047
283.54,9.926
283.55,10.101
283.56,10.365
283.57,10.497
283.58,10.014
283.59,10.233
283.6,9.399
283.61,9.179
283.62,9.355
283.63,9.355
283.64,9.970
283.65,10.365
283.66,10.321
283.67,9.662
283.68,9.442
283.69,9.267
283.7,9.223
283.71,9.442
283.72,9.750
283.73,10.145
283.74,10.672
283.75,10.145
283.76,9.926
283.77,9.706
283.78,9.355
283.79,9.223
283.8,9.003
283.81,10.145
283.82,10.541
283.83,10.541
283.84,10.365
283.85,10.321
283.86,9.794
283.87,9.618
283.88,8.871
283.89,9.662
283.9,10.321
283.91,10.453
283.92,10.277
283.93,10.145
283.94,10.101
283.95,10.189
283.96,9.750
283.97,9.311
283.98,10.189
283.99,10.716
284,10.585
284.01,10.453
284.02,10.497
284.03,10.014
284.04,9.794
284.05,9.530
284.06,9.530
284.07,10.101
284.08,10.672
284.09,10.892
284.1,10.629
284.11,10.277
284.12,9.750
284.13,9.882
284.14,9.442
284.15,9.574
284.16,10.101
284.17,10.585
284.18,10.585
284.19,10.233
284.2,9.486
284.21,9.574
284.22,9.223
284.23,9.047
284.24,9.750
284.25,9.926
284.26,9.882
284.27,10.145
284.28,10.057
284.29,9.442
284.3,9.486
284.31,9.179
284.32,9.003
284.33,9.618
284.34,10.057
284.35,10.101
284.36,10.277
284.37,10.145
284.38,9.750
284.39,9.179
284.4,8.915
284.41,9.267
284.42,9.618
284.43,10.101
284.44,10.453
284.45,10.189
284.46,10.585
284.47,10.145
284.48,9.574
284.49,9.618
284.5,9.442
284.51,9.662
284.52,9.399
284.53,9.486
284.54,9.618
284.55,9.486
284.56,9.706
284.57,9.311
284.58,9.574
284.59,9.267
284.6,9.618
284.61,9.399
284.62,8.915
284.63,9.399
284.64,9.618
284.65,9.486
284.66,9.574
284.67,9.530
284.68,9.355
284.69,9.794
284.7,9.399
284.71,9.486
284.72,9.530
284.73,9.135
284.74,9.399
284.75,9.267
284.76,9.662
284.77,9.442
284.78,9.355
284.79,9.267
284.8,9.486
284.81,9.530
284.82,9.662
284.83,9.970
284.84,9.486
284.85,9.662
284.86,9.750
284.87,9.311
284.88,9.618
284.89,9.355
284.9,9.179
284.91,9.486
284.92,9.662
284.93,9.794
284.94,9.882
284.95,9.794
284.96,9.970
284.97,9.838
284.98,9.574
284.99,9.618
285,9.530
285.01,10.014
285.02,9.399
285.03,9.530
285.04,10.057
285.05,9.399
285.06,9.970
285.07,9.662
285.08,9.530
285.09,9.662
285.1,9.662
285.11,9.223
285.12,9.662
285.13,9.662
285.14,9.179
285.15,9.574
285.16,9.486
285.17,9.179
285.18,9.486
285.19,9.355
285.2,9.574
285.21,9.091
285.22,9.486
285.23,9.574
285.24,9.267
285.25,9.311
285.26,9.486
285.27,9.047
285.28,9.135
285.29,9.662
285.3,10.101
285.31,9.486
285.32,9.267
285.33,9.618
285.34,9.267
285.35,9.311
285.36,9.399
285.37,9.311
285.38,9.486
285.39,9.442
285.4,9.442
285.41,9.618
285.42,9.355
285.43,9.047
285.44,9.355
285.45,9.530
285.46,9.662
285.47,9.311
285.48,9.047
285.49,9.223
285.5,9.003
285.51,9.486
285.52,9.486
285.53,9.267
285.54,9.223
285.55,9.486
285.56,9.355
285.57,9.618
285.58,9.750
285.59,9.618
285.6,9.618
285.61,9.399
285.62,9.399
285.63,9.838
285.64,9.486
285.65,10.057
285.66,10.014
285.67,9.970
285.68,9.530
285.69,9.442
285.7,9.486
285.71,9.574
285.72,9.838
285.73,9.750
285.74,9.486
285.75,9.267
285.76,9.179
285.77,9.267
285.78,9.399
285.79,9.399
285.8,9.486
285.81,9.179
285.82,9.442
285.83,9.574
285.84,9.399
285.85,9.442
285.86,9.750
285.87,9.574
285.88,9.311
285.89,9.618
285.9,9.486
285.91,9.662
285.92,9.135
285.93,9.267
285.94,9.091
285.95,9.135
285.96,9.311
285.97,9.442
285.98,9.135
285.99,9.003
286,9.003
286.01,9.399
286.02,9.662
286.03,9.486
286.04,8.915
286.05,8.959
286.06,9.091
286.07,9.311
286.08,9.267
286.09,9.399
286.1,9.003
286.11,9.047
286.12,9.047
286.13,9.442
286.14,9.486
286.15,9.223
286.16,9.003
286.17,9.047
286.18,9.442
286.19,9.135
286.2,9.047
286.21,9.091
286.22,8.959
286.23,9.091
286.24,9.442
286.25,9.267
286.26,8.827
286.27,8.871
286.28,9.091
286.29,9.486
286.3,9.179
286.31,9.530
286.32,9.047
286.33,8.871
286.34,9.530
286.35,9.662
286.36,9.135
286.37,9.003
286.38,8.959
286.39,8.915
286.4,9.311
286.41,9.179
286.42,9.091
286.43,8.696
286.44,9.267
286.45,9.135
286.46,9.618
286.47,9.355
286.48,8.871
286.49,8.432
286.5,8.784
286.51,9.267
286.52,9.179
286.53,9.047
286.54,9.003
286.55,8.915
286.56,9.486
286.57,9.223
286.58,9.442
286.59,9.047
286.6,8.784
286.61,9.047
286.62,9.355
286.63,9.267
286.64,9.311
286.65,9.047
286.66,9.003
286.67,9.399
286.68,9.399
286.69,9.794
286.7,10.101
286.71,10.541
286.72,10.760
286.73,10.189
286.74,9.882
286.75,9.311
286.76,8.871
286.77,8.784
286.78,9.442
286.79,9.486
286.8,9.135
286.81,9.223
286.82,9.574
286.83,10.233
286.84,10.277
286.85,10.716
286.86,10.145
286.87,9.311
286.88,9.574
286.89,9.574
286.9,9.926
286.91,10.365
286.92,10.497
286.93,10.321
286.94,10.409
286.95,10.233
286.96,10.145
286.97,10.189
286.98,9.399
286.99,9.223
287,9.574
287.01,9.882
287.02,10.672
287.03,10.760
287.04,10.497
287.05,9.794
287.06,9.091
287.07,8.959
287.08,9.882
287.09,9.926
287.1,10.409
287.11,10.365
287.12,10.057
287.13,9.574
287.14,9.047
287.15,9.486
287.16,9.486
287.17,10.057
287.18,10.101
287.19,10.321
287.2,10.189
287.21,9.970
287.22,9.618
287.23,9.706
287.24,9.838
287.25,9.486
287.26,9.838
287.27,10.057
287.28,10.672
287.29,10.585
287.3,10.101
287.31,9.574
287.32,9.399
287.33,9.091
287.34,8.652
287.35,9.047
287.36,9.486
287.37,9.442
287.38,9.311
287.39,9.179
287.4,9.267
287.41,9.267
287.42,9.574
287.43,10.321
287.44,10.277
287.45,10.277
287.46,10.189
287.47,9.750
287.48,9.267
287.49,8.784
287.5,8.871
287.51,9.223
287.52,9.223
287.53,9.442
287.54,9.311
287.55,9.926
287.56,10.189
287.57,10.365
287.58,10.277
287.59,10.101
287.6,9.970
287.61,9.399
287.62,9.618
287.63,9.750
287.64,10.189
287.65,10.057
287.66,10.277
287.67,10.365
287.68,9.882
287.69,9.047
287.7,8.696
287.71,9.135
287.72,9.794
287.73,10.629
287.74,10.848
287.75,10.497
287.76,10.101
287.77,9.267
287.78,9.003
287.79,9.267
287.8,9.794
287.81,10.321
287.82,10.453
287.83,10.453
287.84,10.101
287.85,9.399
287.86,9.267
287.87,9.662
287.88,10.189
287.89,10.189
287.9,10.145
287.91,10.101
287.92,10.233
287.93,10.101
287.94,10.145
287.95,9.882
287.96,9.706
287.97,9.618
287.98,10.321
287.99,10.453
288,11.024
288.01,10.804
288.02,10.277
288.03,10.145
288.04,9.355
288.05,9.574
288.06,9.970
288.07,10.760
288.08,10.760
288.09,10.760
288.1,10.541
288.11,10.145
288.12,9.926
288.13,9.574
288.14,9.574
288.15,10.189
288.16,10.277
288.17,10.321
288.18,10.014
288.19,10.189
288.2,10.145
288.21,9.574
288.22,9.442
288.23,9.574
288.24,10.145
288.25,10.233
288.26,10.892
288.27,10.672
288.28,10.101
288.29,9.618
288.3,9.267
288.31,9.355
288.32,10.453
288.33,10.453
288.34,10.760
288.35,11.024
288.36,10.672
288.37,9.794
288.38,9.530
288.39,9.706
288.4,9.838
288.41,9.926
288.42,10.497
288.43,10.453
288.44,10.672
288.45,10.672
288.46,10.321
288.47,10.101
288.48,10.145
288.49,9.706
288.5,10.057
288.51,10.453
288.52,10.672
288.53,10.848
288.54,10.497
288.55,10.057
288.56,9.311
288.57,9.003
288.58,9.442
288.59,10.189
288.6,10.585
288.61,10.760
288.62,10.541
288.63,9.926
288.64,9.486
288.65,9.486
288.66,9.794
288.67,9.882
288.68,10.233
288.69,10.409
288.7,10.585
288.71,10.497
288.72,9.750
288.73,9.574
288.74,9.486
288.75,9.750
288.76,9.926
288.77,10.057
288.78,10.277
288.79,10.233
288.8,10.409
288.81,9.970
288.82,9.574
288.83,9.267
288.84,9.311
288.85,10.101
288.86,10.497
288.87,10.804
288.88,10.716
288.89,10.189
288.9,9.442
288.91,9.486
288.92,9.442
288.93,10.101
288.94,10.760
288.95,10.672
288.96,10.672
288.97,10.716
288.98,10.365
288.99,9.970
289,10.101
289.01,9.838
289.02,10.233
289.03,10.101
289.04,10.321
289.05,10.936
289.06,10.585
289.07,9.882
289.08,9.267
289.09,9.574
289.1,9.706
289.11,10.233
289.12,10.365
289.13,10.453
289.14,10.541
289.15,10.014
289.16,9.355
289.17,9.355
289.18,9.267
289.19,9.794
289.2,10.145
289.21,10.321
289.22,10.672
289.23,10.277
289.24,9.926
289.25,9.574
289.26,9.135
289.27,9.267
289.28,9.882
289.29,10.497
289.3,10.848
289.31,10.321
289.32,10.189
289.33,9.486
289.34,9.223
289.35,9.442
289.36,9.355
289.37,9.179
289.38,9.267
289.39,9.135
289.4,9.442
289.41,9.530
289.42,10.101
289.43,10.497
289.44,10.453
289.45,10.365
289.46,9.970
289.47,9.267
289.48,9.179
289.49,8.915
289.5,9.047
289.51,9.179
289.52,8.871
289.53,8.652
289.54,9.838
289.55,9.882
289.56,10.189
289.57,10.145
289.58,10.145
289.59,9.574
289.6,8.871
289.61,9.355
289.62,9.135
289.63,10.014
289.64,10.277
289.65,10.014
289.66,10.277
289.67,9.838
289.68,9.574
289.69,9.486
289.7,9.179
289.71,9.223
289.72,9.486
289.73,8.915
289.74,9.399
289.75,9.267
289.76,9.618
289.77,9.223
289.78,9.399
289.79,9.311
289.8,9.442
289.81,9.399
289.82,9.311
289.83,9.750
289.84,9.486
289.85,9.311
289.86,9.135
289.87,9.355
289.88,9.267
289.89,9.355
289.9,9.399
289.91,9.399
289.92,9.223
289.93,9.311
289.94,9.091
289.95,9.442
289.96,9.311
289.97,9.179
289.98,9.223
289.99,9.047
290,9.179
290.01,9.047
290.02,9.486
290.03,9.442
290.04,9.574
290.05,9.355
290.06,9.399
290.07,9.706
290.08,9.574
290.09,9.618
290.1,9.618
290.11,9.926
290.12,9.442
290.13,9.442
290.14,9.706
290.15,9.882
290.16,9.442
290.17,9.530
290.18,9.355
290.19,9.530
290.2,10.014
290.21,9.574
290.22,9.442
290.23,9.926
290.24,9.530
290.25,9.618
290.26,9.574
290.27,9.970
290.28,9.794
290.29,9.530
290.3,9.794
290.31,9.882
290.32,10.014
290.33,9.179
290.34,9.486
290.35,9.618
290.36,9.618
290.37,9.662
290.38,9.794
290.39,9.618
290.4,9.530
290.41,9.662
290.42,9.662
290.43,9.662
290.44,9.223
290.45,9.442
290.46,9.442
290.47,9.970
290.48,9.486
290.49,9.267
290.5,9.267
290.51,9.179
290.52,9.618
290.53,9.223
290.54,9.530
290.55,9.267
290.56,9.267
290.57,9.179
290.58,9.486
290.59,9.706
290.6,9.135
290.61,9.135
290.62,8.871
290.63,9.091
290.64,9.399
290.65,9.662
290.66,9.486
290.67,9.223
290.68,9.179
290.69,9.882
290.7,9.794
290.71,9.750
290.72,9.530
290.73,9.794
290.74,9.926
290.75,9.618
290.76,9.486
290.77,9.442
290.78,9.882
290.79,9.662
290.8,9.662
290.81,9.838
290.82,9.970
290.83,9.618
290.84,9.618
290.85,9.794
290.86,9.750
290.87,9.486
290.88,9.442
290.89,9.882
290.9,10.101
290.91,9.794
290.92,9.530
290.93,9.442
290.94,9.399
290.95,9.662
290.96,9.442
290.97,9.838
290.98,9.750
290.99,9.223
291,9.047
291.01,9.574
291.02,9.926
291.03,9.530
291.04,9.882
291.05,9.662
291.06,9.267
291.07,9.530
291.08,9.618
291.09,9.530
291.1,9.662
291.11,9.530
291.12,9.355
291.13,9.442
291.14,9.662
291.15,9.486
291.16,9.311
291.17,9.223
291.18,9.442
291.19,9.618
291.2,9.706
291.21,9.223
291.22,9.179
291.23,9.794
291.24,9.267
291.25,9.530
291.26,9.399
291.27,9.399
291.28,9.706
291.29,9.618
291.3,9.442
291.31,9.311
291.32,9.267
291.33,9.442
291.34,9.794
291.35,9.267
291.36,9.047
291.37,9.135
291.38,9.442
291.39,9.618
291.4,9.135
291.41,9.179
291.42,9.618
291.43,9.442
291.44,9.662
291.45,9.091
291.46,9.003
291.47,9.135
291.48,9.311
291.49,9.355
291.5,9.179
291.51,9.047
291.52,9.311
291.53,9.794
291.54,9.530
291.55,9.574
291.56,9.618
291.57,9.838
291.58,9.618
291.59,9.486
291.6,9.442
291.61,9.706
291.62,9.486
291.63,9.311
291.64,9.223
291.65,9.442
291.66,9.706
291.67,9.442
291.68,9.267
291.69,9.267
291.7,9.267
291.71,9.838
291.72,9.179
291.73,8.784
291.74,9.135
291.75,9.179
291.76,9.047
291.77,9.223
291.78,9.530
291.79,9.794
291.8,9.662
291.81,9.618
291.82,10.321
291.83,10.541
291.84,10.585
291.85,10.497
291.86,10.189
291.87,10.233
291.88,9.970
291.89,9.486
291.9,9.003
291.91,9.047
291.92,9.618
291.93,9.530
291.94,9.267
291.95,9.970
291.96,10.629
291.97,10.672
291.98,10.541
291.99,10.057
292,9.662
292.01,9.399
292.02,9.135
292.03,9.882
292.04,10.101
292.05,10.101
292.06,10.848
292.07,10.760
292.08,9.970
292.09,9.442
292.1,9.399
292.11,9.442
292.12,9.311
292.13,10.101
292.14,10.497
292.15,10.409
292.16,10.057
292.17,9.882
292.18,9.838
292.19,9.486
292.2,9.179
292.21,9.926
292.22,10.629
292.23,10.453
292.24,10.409
292.25,10.365
292.26,10.145
292.27,10.014
292.28,9.706
292.29,9.662
292.3,10.365
292.31,10.409
292.32,10.277
292.33,10.453
292.34,10.365
292.35,9.794
292.36,9.442
292.37,9.486
292.38,9.794
292.39,9.486
292.4,9.311
292.41,9.267
292.42,9.706
292.43,10.497
292.44,10.497
292.45,10.760
292.46,9.838
292.47,9.486
292.48,9.530
292.49,9.662
292.5,9.355
292.51,10.145
292.52,10.277
292.53,10.541
292.54,10.760
292.55,10.497
292.56,10.321
292.57,9.223
292.58,9.091
292.59,9.091
292.6,9.223
292.61,10.277
292.62,10.585
292.63,11.068
292.64,10.497
292.65,9.794
292.66,9.706
292.67,9.794
292.68,9.223
292.69,9.838
292.7,10.189
292.71,10.321
292.72,10.277
292.73,10.277
292.74,9.882
292.75,9.794
292.76,9.267
292.77,9.135
292.78,10.057
292.79,10.365
292.8,10.585
292.81,10.453
292.82,10.101
292.83,9.618
292.84,9.135
292.85,9.355
292.86,10.145
292.87,10.233
292.88,10.277
292.89,10.365
292.9,10.145
292.91,9.750
292.92,9.794
292.93,9.574
292.94,9.223
292.95,9.618
292.96,10.014
292.97,10.277
292.98,10.497
292.99,10.409
293,10.014
293.01,9.926
293.02,9.618
293.03,9.311
293.04,9.574
293.05,10.233
293.06,10.716
293.07,10.585
293.08,10.453
293.09,10.145
293.1,9.223
293.11,9.442
293.12,9.618
293.13,10.497
293.14,10.892
293.15,10.716
293.16,10.585
293.17,10.057
293.18,9.618
293.19,9.355
293.2,9.442
293.21,9.838
293.22,10.365
293.23,10.101
293.24,10.453
293.25,10.277
293.26,9.926
293.27,9.662
293.28,9.662
293.29,9.530
293.3,9.750
293.31,10.321
293.32,10.585
293.33,10.892
293.34,10.541
293.35,10.145
293.36,9.662
293.37,9.267
293.38,9.794
293.39,9.574
293.4,9.618
293.41,10.145
293.42,10.189
293.43,10.101
293.44,10.365
293.45,10.892
293.46,10.277
293.47,10.014
293.48,9.399
293.49,8.959
293.5,9.091
293.51,9.223
293.52,9.794
293.53,9.574
293.54,9.399
293.55,10.101
293.56,10.277
293.57,10.716
293.58,10.453
293.59,10.057
293.6,9.091
293.61,9.530
293.62,9.794
293.63,10.014
293.64,10.321
293.65,10.189
293.66,9.926
293.67,10.189
293.68,9.926
293.69,9.399
293.7,9.442
293.71,9.442
293.72,10.277
293.73,10.541
293.74,11.200
293.75,10.541
293.76,10.145
293.77,9.618
293.78,9.706
293.79,9.618
293.8,10.409
293.81,10.233
293.82,10.409
293.83,10.541
293.84,10.541
293.85,10.014
293.86,9.223
293.87,9.179
293.88,9.223
293.89,9.838
293.9,10.057
293.91,10.189
293.92,10.277
293.93,10.101
293.94,9.926
293.95,9.574
293.96,9.179
293.97,9.486
293.98,9.882
293.99,10.101
294,10.453
294.01,10.014
294.02,9.794
294.03,9.706
294.04,9.399
294.05,9.267
294.06,9.311
294.07,9.794
294.08,10.321
294.09,10.189
294.1,10.277
294.11,9.530
294.12,9.091
294.13,8.959
294.14,9.223
294.15,9.838
294.16,10.057
294.17,10.101
294.18,10.101
294.19,9.750
294.2,9.486
294.21,9.399
294.22,9.003
294.23,9.311
294.24,9.662
294.25,10.189
294.26,10.189
294.27,9.970
294.28,9.442
294.29,9.399
294.3,9.179
294.31,8.959
294.32,9.179
294.33,9.750
294.34,10.321
294.35,10.321
294.36,10.057
294.37,9.267
294.38,9.003
294.39,9.003
294.4,9.267
294.41,9.311
294.42,9.882
294.43,10.321
294.44,10.497
294.45,10.760
294.46,10.321
294.47,9.794
294.48,9.574
294.49,9.135
294.5,10.014
294.51,10.321
294.52,10.541
294.53,10.233
294.54,10.014
294.55,9.618
294.56,9.486
294.57,9.355
294.58,9.442
294.59,9.574
294.6,9.442
294.61,10.365
294.62,10.453
294.63,10.014
294.64,9.486
294.65,8.959
294.66,9.003
294.67,9.223
294.68,10.453
294.69,10.672
294.7,10.409
294.71,10.057
294.72,9.530
294.73,9.486
294.74,9.618
294.75,9.838
294.76,9.618
294.77,9.574
294.78,9.442
294.79,9.355
294.8,10.145
294.81,9.574
294.82,9.618
294.83,9.838
294.84,9.662
294.85,9.355
294.86,9.530
294.87,9.399
294.88,9.618
294.89,9.926
294.9,9.926
294.91,9.530
294.92,9.355
294.93,9.530
294.94,9.618
294.95,9.662
294.96,9.794
294.97,9.442
294.98,9.091
294.99,9.047
295,9.574
295.01,9.574
295.02,9.530
295.03,9.662
295.04,9.399
295.05,9.003
295.06,9.618
295.07,9.706
295.08,9.662
295.09,9.794
295.1,9.267
295.11,9.311
295.12,9.574
295.13,9.838
295.14,9.662
295.15,9.838
295.16,9.399
295.17,9.267
295.18,9.574
295.19,9.794
295.2,9.882
295.21,9.574
295.22,9.311
295.23,9.618
295.24,9.574
295.25,9.662
295.26,9.486
295.27,9.355
295.28,9.179
295.29,9.311
295.3,9.618
295.31,10.014
295.32,9.794
295.33,9.618
295.34,9.355
295.35,9.794
295.36,9.486
295.37,10.057
295.38,9.926
295.39,9.794
295.4,9.399
295.41,9.618
295.42,9.618
295.43,9.662
295.44,9.574
295.45,9.530
295.46,9.135
295.47,9.091
295.48,9.442
295.49,9.926
295.5,9.574
295.51,9.267
295.52,9.311
295.53,9.399
295.54,9.574
295.55,9.794
295.56,9.970
295.57,9.706
295.58,9.530
295.59,9.399
295.6,9.618
295.61,9.838
295.62,10.101
295.63,9.794
295.64,9.618
295.65,9.530
295.66,9.135
295.67,9.618
295.68,9.970
295.69,9.618
295.7,9.926
295.71,10.014
295.72,9.618
295.73,9.442
295.74,9.442
295.75,9.574
295.76,9.706
295.77,9.662
295.78,9.574
295.79,9.267
295.8,9.486
295.81,9.618
295.82,9.047
295.83,9.399
295.84,9.618
295.85,9.135
295.86,9.047
295.87,9.311
295.88,9.794
295.89,9.838
295.9,9.530
295.91,9.399
295.92,9.091
295.93,9.135
295.94,9.311
295.95,9.530
295.96,9.486
295.97,9.267
295.98,9.135
295.99,9.223
296,9.706
296.01,9.442
296.02,9.442
296.03,9.442
296.04,9.618
296.05,9.442
296.06,9.574
296.07,9.267
296.08,9.223
296.09,9.267
296.1,9.486
296.11,9.970
296.12,9.970
296.13,9.662
296.14,9.355
296.15,9.662
296.16,9.838
296.17,9.926
296.18,9.618
296.19,9.486
296.2,9.267
296.21,9.311
296.22,9.135
296.23,9.662
296.24,9.794
296.25,9.794
296.26,9.530
296.27,9.267
296.28,9.618
296.29,9.574
296.3,9.530
296.31,9.223
296.32,9.442
296.33,9.750
296.34,9.750
296.35,9.399
296.36,9.618
296.37,9.794
296.38,9.399
296.39,9.311
296.4,9.794
296.41,9.970
296.42,9.135
296.43,9.091
296.44,9.530
296.45,9.047
296.46,9.442
296.47,9.442
296.48,9.223
296.49,9.355
296.5,9.399
296.51,9.311
296.52,8.871
296.53,9.223
296.54,10.014
296.55,9.486
296.56,9.091
296.57,9.355
296.58,9.311
296.59,9.311
296.6,9.486
296.61,9.970
296.62,9.442
296.63,9.442
296.64,9.311
296.65,9.179
296.66,9.618
296.67,9.926
296.68,9.530
296.69,9.618
296.7,9.486
296.71,9.530
296.72,9.135
296.73,9.223
296.74,9.442
296.75,9.399
296.76,9.135
296.77,9.267
296.78,9.706
296.79,9.618
296.8,9.311
296.81,9.311
296.82,10.014
296.83,9.882
296.84,9.706
296.85,9.662
296.86,9.618
296.87,9.618
296.88,9.662
296.89,9.574
296.9,9.574
296.91,9.223
296.92,9.530
296.93,9.970
296.94,10.409
296.95,10.453
296.96,10.365
296.97,10.101
296.98,9.838
296.99,9.618
297,9.355
297.01,8.871
297.02,8.740
297.03,9.399
297.04,10.233
297.05,9.970
297.06,9.926
297.07,10.189
297.08,10.057
297.09,9.750
297.1,9.926
297.11,9.267
297.12,9.003
297.13,9.311
297.14,9.574
297.15,9.926
297.16,9.882
297.17,10.145
297.18,10.629
297.19,10.892
297.2,10.497
297.21,9.706
297.22,9.355
297.23,9.355
297.24,9.750
297.25,10.101
297.26,10.321
297.27,10.541
297.28,10.321
297.29,10.321
297.3,9.970
297.31,9.530
297.32,9.223
297.33,9.794
297.34,10.189
297.35,10.497
297.36,10.629
297.37,10.585
297.38,10.409
297.39,9.882
297.4,9.355
297.41,9.574
297.42,9.794
297.43,9.662
297.44,10.409
297.45,11.024
297.46,11.024
297.47,10.936
297.48,10.365
297.49,9.926
297.5,9.794
297.51,9.750
297.52,9.442
297.53,9.618
297.54,9.311
297.55,9.486
297.56,9.574
297.57,10.277
297.58,10.497
297.59,10.629
297.6,10.321
297.61,10.057
297.62,9.662
297.63,9.706
297.64,9.486
297.65,10.233
297.66,10.409
297.67,10.453
297.68,10.585
297.69,10.101
297.7,9.794
297.71,9.442
297.72,9.399
297.73,9.706
297.74,9.926
297.75,10.409
297.76,10.760
297.77,10.409
297.78,10.277
297.79,9.794
297.8,9.267
297.81,8.959
297.82,9.926
297.83,10.189
297.84,10.321
297.85,10.541
297.86,9.794
297.87,9.135
297.88,8.959
297.89,9.530
297.9,9.574
297.91,9.882
297.92,9.838
297.93,10.321
297.94,10.321
297.95,9.926
297.96,9.442
297.97,9.047
297.98,9.003
297.99,8.871
298,9.882
298.01,10.277
298.02,10.585
298.03,10.497
298.04,10.145
298.05,9.530
298.06,9.662
298.07,9.618
298.08,9.311
298.09,9.926
298.1,10.057
298.11,10.585
298.12,10.760
298.13,10.277
298.14,9.574
298.15,9.399
298.16,9.662
298.17,9.970
298.18,10.321
298.19,10.101
298.2,10.497
298.21,10.277
298.22,9.970
298.23,9.223
298.24,9.003
298.25,9.530
298.26,9.926
298.27,10.189
298.28,10.233
298.29,10.189
298.3,10.057
298.31,9.750
298.32,9.662
298.33,9.355
298.34,9.179
298.35,9.223
298.36,9.618
298.37,9.706
298.38,9.267
298.39,9.223
298.4,9.442
298.41,9.838
298.42,10.101
298.43,10.365
298.44,10.101
298.45,10.453
298.46,10.365
298.47,9.618
298.48,9.442
298.49,9.003
298.5,9.355
298.51,9.442
298.52,9.574
298.53,9.618
298.54,9.882
298.55,10.497
298.56,11.024
298.57,10.980
298.58,10.277
298.59,9.838
298.6,9.442
298.61,9.618
298.62,9.618
298.63,10.233
298.64,10.321
298.65,10.365
298.66,10.716
298.67,10.277
298.68,9.662
298.69,9.003
298.7,9.486
298.71,10.101
298.72,10.321
298.73,10.233
298.74,10.145
298.75,10.145
298.76,10.233
298.77,9.794
298.78,9.442
298.79,8.915
298.8,9.486
298.81,10.145
298.82,10.365
298.83,10.277
298.84,10.014
298.85,9.882
298.86,10.057
298.87,10.101
298.88,9.662
298.89,9.926
298.9,10.189
298.91,10.716
298.92,10.585
298.93,10.145
298.94,9.355
298.95,9.486
298.96,9.486
298.97,9.926
298.98,9.970
298.99,10.321
299,10.541
299.01,10.585
299.02,10.233
299.03,9.618
299.04,9.355
299.05,9.486
299.06,10.101
299.07,10.321
299.08,10.189
299.09,10.189
299.1,10.672
299.11,10.189
299.12,9.311
299.13,8.959
299.14,9.355
299.15,9.970
299.16,10.321
299.17,10.014
299.18,10.189
299.19,10.233
299.2,9.926
299.21,9.662
299.22,9.047
299.23,9.399
299.24,9.838
299.25,10.453
299.26,10.453
299.27,10.321
299.28,9.530
299.29,9.706
299.3,9.574
299.31,9.442
299.32,9.399
299.33,10.101
299.34,10.321
299.35,10.585
299.36,10.585
299.37,9.750
299.38,9.311
299.39,9.003
299.4,9.179
299.41,9.794
299.42,9.970
299.43,10.672
299.44,10.365
299.45,10.145
299.46,10.233
299.47,10.145
299.48,9.838
299.49,9.442
299.5,9.223
299.51,8.915
299.52,8.388
299.53,9.179
299.54,10.057
299.55,10.541
299.56,10.497
299.57,10.145
299.58,10.233
299.59,9.970
299.6,10.057
299.61,9.486
299.62,9.399
299.63,9.838
299.64,9.882
299.65,10.233
299.66,10.716
299.67,10.453
299.68,10.145
299.69,9.223
299.7,8.827
299.71,9.355
299.72,10.014
299.73,10.014
299.74,10.321
299.75,10.145
299.76,9.618
299.77,9.442
299.78,9.442
299.79,9.223
299.8,9.047
299.81,9.486
299.82,9.794
299.83,10.189
299.84,10.189
299.85,9.970
299.86,9.355
299.87,9.267
299.88,8.827
299.89,9.750
299.9,10.014
299.91,10.321
299.92,10.497
299.93,9.882
299.94,9.882
299.95,9.662
299.96,9.091
299.97,9.399
299.98,9.355
299.99,9.135
300,9.047
300.01,8.959
300.02,9.662
300.03,9.706
300.04,9.003
300.05,9.091
300.06,9.003
300.07,9.003
300.08,8.871
300.09,9.135
300.1,9.399
300.11,9.135
300.12,8.959
300.13,8.740
300.14,9.047
300.15,8.827
300.16,9.442
300.17,9.179
300.18,8.871
300.19,8.740
300.2,8.696
300.21,9.223
300.22,8.915
300.23,9.223
300.24,8.915
300.25,8.608
300.26,8.520
300.27,9.091
300.28,9.047
300.29,8.959
300.3,8.871
300.31,9.179
300.32,8.959
300.33,8.827
300.34,9.091
300.35,9.486
300.36,9.311
300.37,9.574
300.38,9.618
300.39,9.399
300.4,8.871
300.41,9.442
300.42,9.399
300.43,9.267
300.44,9.267
300.45,9.223
300.46,9.091
300.47,8.959
300.48,9.486
300.49,9.574
300.5,9.706
300.51,9.399
300.52,9.091
300.53,9.135
300.54,9.574
300.55,9.486
300.56,9.355
300.57,9.618
300.58,9.223
300.59,9.267
300.6,9.399
300.61,9.794
300.62,9.926
300.63,9.706
300.64,9.662
300.65,9.223
300.66,9.311
300.67,9.750
300.68,9.706
300.69,9.662
300.7,9.267
300.71,9.399
300.72,9.750
300.73,9.618
300.74,9.750
300.75,9.486
300.76,8.915
300.77,9.662
300.78,9.618
300.79,9.486
300.8,9.399
300.81,9.091
300.82,8.915
300.83,9.442
300.84,9.135
300.85,9.355
300.86,9.574
300.87,9.311
300.88,9.003
300.89,9.311
300.9,9.091
300.91,9.486
300.92,9.311
300.93,9.135
300.94,9.003
300.95,8.915
300.96,9.047
300.97,9.179
300.98,9.618
300.99,9.311
301,8.871
301.01,9.267
301.02,9.311
301.03,9.574
301.04,9.706
301.05,9.486
301.06,9.267
301.07,9.223
301.08,9.574
301.09,9.970
301.1,9.882
301.11,9.662
301.12,9.355
301.13,9.574
301.14,9.223
301.15,9.970
301.16,9.970
301.17,9.750
301.18,9.399
301.19,9.662
301.2,9.970
301.21,10.057
301.22,10.057
301.23,9.618
301.24,9.311
301.25,9.311
301.26,9.794
301.27,9.750
301.28,9.706
301.29,9.486
301.3,9.267
301.31,9.706
301.32,9.706
301.33,9.311
301.34,9.311
301.35,9.091
301.36,9.179
301.37,9.135
301.38,9.047
301.39,9.311
301.4,9.442
301.41,9.091
301.42,9.135
301.43,9.530
301.44,9.311
301.45,9.047
301.46,8.959
301.47,9.003
301.48,9.179
301.49,9.135
301.5,8.608
301.51,9.047
301.52,9.223
301.53,9.311
301.54,8.871
301.55,8.784
301.56,9.399
301.57,9.442
301.58,9.135
301.59,9.003
301.6,9.311
301.61,9.486
301.62,9.267
301.63,9.135
301.64,9.047
301.65,9.223
301.66,9.399
301.67,9.267
301.68,9.530
301.69,9.662
301.7,9.267
301.71,9.442
301.72,9.267
301.73,9.399
301.74,9.091
301.75,9.047
301.76,9.442
301.77,9.267
301.78,8.915
301.79,9.486
301.8,9.662
301.81,9.399
301.82,9.135
301.83,9.047
301.84,9.311
301.85,9.311
301.86,9.091
301.87,9.179
301.88,8.784
301.89,9.135
301.9,9.179
301.91,9.003
301.92,9.179
301.93,9.486
301.94,9.706
301.95,9.311
301.96,9.223
301.97,9.442
301.98,9.486
301.99,9.486
302,9.355
302.01,9.838
302.02,9.486
302.03,9.267
302.04,9.135
302.05,9.399
302.06,9.838
302.07,9.442
302.08,9.311
302.09,10.014
302.1,10.409
302.11,10.804
302.12,10.277
302.13,9.926
302.14,9.618
302.15,9.355
302.16,9.267
302.17,9.223
302.18,9.311
302.19,9.486
302.2,9.179
302.21,9.091
302.22,9.662
302.23,10.365
302.24,10.497
302.25,10.541
302.26,10.101
302.27,9.399
302.28,9.355
302.29,9.882
302.3,9.486
302.31,9.926
302.32,10.057
302.33,10.233
302.34,10.145
302.35,10.541
302.36,9.970
302.37,9.442
302.38,9.003
302.39,8.871
302.4,9.355
302.41,9.662
302.42,10.585
302.43,10.321
302.44,10.189
302.45,10.409
302.46,10.189
302.47,9.926
302.48,9.267
302.49,9.355
302.5,9.882
302.51,10.277
302.52,10.321
302.53,10.365
302.54,10.541
302.55,10.189
302.56,9.970
302.57,9.442
302.58,9.530
302.59,10.189
302.6,10.101
302.61,10.409
302.62,10.848
302.63,10.189
302.64,10.145
302.65,9.399
302.66,9.135
302.67,9.179
302.68,9.970
302.69,10.321
302.7,10.848
302.71,10.541
302.72,10.101
302.73,10.365
302.74,10.014
302.75,9.486
302.76,9.574
302.77,10.057
302.78,10.233
302.79,10.760
302.8,10.716
302.81,10.497
302.82,10.145
302.83,9.706
302.84,9.267
302.85,9.223
302.86,10.057
302.87,10.189
302.88,10.672
302.89,10.804
302.9,10.145
302.91,9.794
302.92,9.618
302.93,9.399
302.94,9.662
302.95,10.145
302.96,10.672
302.97,10.716
302.98,10.409
302.99,9.970
303,9.794
303.01,9.574
303.02,9.399
303.03,10.057
303.04,10.233
303.05,10.101
303.06,10.101
303.07,10.233
303.08,9.970
303.09,9.618
303.1,9.530
303.11,9.706
303.12,10.365
303.13,10.672
303.14,10.672
303.15,10.365
303.16,9.970
303.17,9.838
303.18,9.838
303.19,9.838
303.2,9.750
303.21,10.541
303.22,10.321
303.23,10.585
303.24,10.936
303.25,10.453
303.26,9.574
303.27,9.662
303.28,9.838
303.29,10.145
303.3,10.497
303.31,10.629
303.32,10.497
303.33,10.585
303.34,10.101
303.35,9.223
303.36,9.530
303.37,9.794
303.38,9.223
303.39,9.442
303.4,9.399
303.41,9.530
303.42,10.453
303.43,10.277
303.44,10.409
303.45,10.848
303.46,10.145
303.47,9.311
303.48,9.574
303.49,9.311
303.5,9.442
303.51,10.277
303.52,10.321
303.53,10.409
303.54,10.453
303.55,10.057
303.56,9.574
303.57,9.047
303.58,9.530
303.59,9.530
303.6,10.101
303.61,10.233
303.62,10.541
303.63,10.497
303.64,9.926
303.65,9.442
303.66,9.267
303.67,9.355
303.68,9.618
303.69,10.057
303.7,10.365
303.71,10.321
303.72,10.497
303.73,10.233
303.74,9.135
303.75,8.827
303.76,9.267
303.77,10.057
303.78,10.233
303.79,10.145
303.8,10.409
303.81,10.716
303.82,10.321
303.83,9.794
303.84,9.442
303.85,9.838
303.86,10.585
303.87,10.716
303.88,10.497
303.89,10.321
303.9,9.970
303.91,9.794
303.92,9.574
303.93,9.311
303.94,9.750
303.95,10.145
303.96,10.365
303.97,10.585
303.98,10.233
303.99,9.574
304,9.135
304.01,9.223
304.02,9.442
304.03,9.574
304.04,10.145
304.05,9.882
304.06,10.321
304.07,10.145
304.08,9.399
304.09,9.486
304.1,8.959
304.11,9.223
304.12,9.706
304.13,10.189
304.14,10.365
304.15,10.101
304.16,9.399
304.17,9.486
304.18,9.530
304.19,9.091
304.2,9.486
304.21,10.057
304.22,9.970
304.23,9.970
304.24,10.453
304.25,9.882
304.26,9.618
304.27,9.355
304.28,9.135
304.29,9.486
304.3,10.014
304.31,10.453
304.32,10.321
304.33,10.145
304.34,9.574
304.35,9.355
304.36,9.135
304.37,9.355
304.38,9.442
304.39,9.047
304.4,8.784
304.41,9.267
304.42,10.277
304.43,10.497
304.44,10.453
304.45,10.321
304.46,10.101
304.47,10.145
304.48,9.662
304.49,9.618
304.5,9.355
304.51,9.838
304.52,9.970
304.53,10.453
304.54,10.321
304.55,10.189
304.56,9.442
304.57,9.442
304.58,9.091
304.59,9.706
304.6,10.014
304.61,10.014
304.62,10.057
304.63,9.750
304.64,9.662
304.65,9.530
304.66,9.311
304.67,9.179
304.68,9.486
304.69,10.277
304.7,10.804
304.71,10.716
304.72,10.409
304.73,10.014
304.74,9.530
304.75,9.706
304.76,9.179
304.77,9.838
304.78,9.926
304.79,10.233
304.8,10.277
304.81,10.189
304.82,9.750
304.83,8.871
304.84,9.179
304.85,9.311
304.86,9.882
304.87,10.101
304.88,10.145
304.89,10.233
304.9,10.233
304.91,9.926
304.92,9.442
304.93,8.915
304.94,9.442
304.95,10.409
304.96,10.453
304.97,10.321
304.98,9.794
304.99,9.355
305,9.399
305.01,9.662
305.02,9.179
305.03,9.223
305.04,9.179
305.05,9.311
305.06,9.311
305.07,9.311
305.08,9.618
305.09,9.706
305.1,9.486
305.11,9.486
305.12,9.486
305.13,9.574
305.14,9.442
305.15,9.399
305.16,9.179
305.17,9.486
305.18,9.486
305.19,9.223
305.2,8.915
305.21,9.179
305.22,9.399
305.23,9.399
305.24,8.871
305.25,8.959
305.26,9.267
305.27,9.091
305.28,9.135
305.29,9.267
305.3,9.486
305.31,9.662
305.32,8.784
305.33,9.223
305.34,9.179
305.35,9.574
305.36,9.223
305.37,8.959
305.38,9.311
305.39,9.311
305.4,9.135
305.41,9.047
305.42,9.223
305.43,9.355
305.44,9.179
305.45,9.223
305.46,9.442
305.47,9.091
305.48,9.047
305.49,9.311
305.5,9.442
305.51,9.135
305.52,9.223
305.53,9.662
305.54,9.574
305.55,9.179
305.56,8.871
305.57,8.959
305.58,9.442
305.59,8.784
305.6,9.135
305.61,9.091
305.62,9.399
305.63,9.047
305.64,9.135
305.65,9.399
305.66,9.135
305.67,9.311
305.68,9.267
305.69,9.311
305.7,9.399
305.71,9.223
305.72,9.311
305.73,8.915
305.74,9.486
305.75,9.355
305.76,8.915
305.77,9.355
305.78,9.399
305.79,9.442
305.8,9.091
305.81,9.047
305.82,9.223
305.83,9.135
305.84,8.696
305.85,9.135
305.86,9.442
305.87,8.784
305.88,9.267
305.89,9.311
305.9,9.399
305.91,8.959
305.92,9.355
305.93,9.750
305.94,9.223
305.95,9.135
305.96,9.706
305.97,9.794
305.98,9.442
305.99,9.091
306,9.311
306.01,9.662
306.02,9.267
306.03,9.355
306.04,9.267
306.05,9.486
306.06,9.355
306.07,9.223
306.08,9.794
306.09,9.662
306.1,9.486
306.11,9.179
306.12,9.486
306.13,9.574
306.14,9.574
306.15,9.311
306.16,9.267
306.17,9.267
306.18,9.486
306.19,9.135
306.2,8.871
306.21,9.311
306.22,9.618
306.23,9.135
306.24,8.871
306.25,9.223
306.26,9.574
306.27,9.399
306.28,9.047
306.29,8.915
306.3,9.135
306.31,9.882
306.32,9.838
306.33,9.486
306.34,9.135
306.35,8.784
306.36,9.662
306.37,9.442
306.38,9.355
306.39,9.091
306.4,9.091
306.41,9.662
306.42,9.750
306.43,9.618
306.44,9.750
306.45,9.135
306.46,9.442
306.47,9.311
306.48,9.486
306.49,9.486
306.5,9.091
306.51,9.047
306.52,9.047
306.53,9.574
306.54,9.794
306.55,9.838
306.56,9.486
306.57,9.442
306.58,9.750
306.59,9.662
306.6,9.750
306.61,9.574
306.62,9.530
306.63,9.794
306.64,9.882
306.65,9.970
306.66,9.838
306.67,9.706
306.68,9.486
306.69,9.970
306.7,9.838
306.71,9.794
306.72,9.750
306.73,9.794
306.74,9.970
306.75,9.838
306.76,9.882
306.77,9.750
306.78,9.706
306.79,9.794
306.8,9.794
306.81,9.706
306.82,9.706
306.83,9.223
306.84,9.442
306.85,9.399
306.86,9.530
306.87,9.618
306.88,9.311
306.89,9.223
306.9,9.486
306.91,9.750
306.92,9.970
306.93,9.618
306.94,9.399
306.95,9.399
306.96,9.838
306.97,9.618
306.98,9.311
306.99,9.223
307,9.574
307.01,9.179
307.02,9.355
307.03,9.223
307.04,9.047
307.05,9.179
307.06,9.574
307.07,9.486
307.08,9.267
307.09,9.399
307.1,9.267
307.11,9.355
307.12,9.399
307.13,9.530
307.14,9.091
307.15,9.047
307.16,9.442
307.17,10.014
307.18,10.497
307.19,10.277
307.2,10.409
307.21,10.277
307.22,10.057
307.23,9.794
307.24,9.223
307.25,8.871
307.26,8.915
307.27,9.486
307.28,9.399
307.29,9.750
307.3,10.057
307.31,10.541
307.32,10.409
307.33,10.189
307.34,9.530
307.35,9.223
307.36,9.223
307.37,9.399
307.38,9.223
307.39,8.784
307.4,9.047
307.41,9.399
307.42,9.926
307.43,10.189
307.44,10.497
307.45,10.848
307.46,10.277
307.47,9.399
307.48,9.135
307.49,9.442
307.5,9.399
307.51,9.091
307.52,9.223
307.53,9.311
307.54,9.662
307.55,9.794
307.56,10.101
307.57,10.672
307.58,10.277
307.59,9.574
307.6,9.311
307.61,9.003
307.62,9.223
307.63,9.882
307.64,9.970
307.65,10.233
307.66,10.365
307.67,10.541
307.68,9.618
307.69,9.574
307.7,9.047
307.71,9.838
307.72,10.321
307.73,10.014
307.74,10.541
307.75,10.629
307.76,10.057
307.77,9.486
307.78,9.047
307.79,9.179
307.8,9.486
307.81,10.101
307.82,10.233
307.83,10.541
307.84,10.672
307.85,10.541
307.86,9.442
307.87,9.355
307.88,9.530
307.89,9.706
307.9,10.057
307.91,10.057
307.92,10.585
307.93,10.497
307.94,10.101
307.95,9.662
307.96,9.486
307.97,9.530
307.98,9.926
307.99,10.585
308,10.804
308.01,10.848
308.02,10.716
308.03,10.057
308.04,9.618
308.05,9.970
308.06,9.926
308.07,10.409
308.08,10.497
308.09,10.497
308.1,11.024
308.11,10.585
308.12,10.321
308.13,9.794
308.14,9.530
308.15,10.101
308.16,10.585
308.17,10.892
308.18,10.716
308.19,10.365
308.2,10.057
308.21,10.057
308.22,9.750
308.23,9.486
308.24,10.233
308.25,10.497
308.26,10.804
308.27,10.760
308.28,10.233
308.29,9.618
308.3,9.530
308.31,9.618
308.32,9.618
308.33,9.706
308.34,10.014
308.35,10.365
308.36,10.497
308.37,10.672
308.38,9.926
308.39,9.442
308.4,9.574
308.41,9.486
308.42,9.882
308.43,10.101
308.44,10.365
308.45,10.541
308.46,10.453
308.47,10.057
308.48,9.794
308.49,9.179
308.5,9.706
308.51,10.453
308.52,10.497
308.53,10.453
308.54,10.409
308.55,10.189
308.56,9.926
308.57,9.530
308.58,9.135
308.59,10.101
308.6,10.585
308.61,10.321
308.62,10.101
308.63,9.882
308.64,9.882
308.65,9.662
308.66,9.135
308.67,9.442
308.68,9.926
308.69,9.970
308.7,10.672
308.71,10.541
308.72,9.618
308.73,9.311
308.74,9.399
308.75,9.003
308.76,9.355
308.77,10.014
308.78,10.233
308.79,10.409
308.8,10.233
308.81,9.530
308.82,9.355
308.83,9.135
308.84,9.267
308.85,9.750
308.86,10.057
308.87,10.101
308.88,10.233
308.89,10.233
308.9,9.926
308.91,9.706
308.92,9.442
308.93,9.311
308.94,10.321
308.95,10.145
308.96,10.760
308.97,10.629
308.98,10.189
308.99,9.970
309,9.530
309.01,9.486
309.02,9.618
309.03,10.672
309.04,10.892
309.05,10.585
309.06,10.585
309.07,10.760
309.08,10.014
309.09,9.574
309.1,10.014
309.11,10.189
309.12,10.585
309.13,10.277
309.14,10.277
309.15,10.365
309.16,9.882
309.17,9.530
309.18,9.750
309.19,10.233
309.2,10.321
309.21,10.365
309.22,10.541
309.23,10.760
309.24,10.321
309.25,9.618
309.26,9.179
309.27,9.794
309.28,9.882
309.29,9.970
309.3,10.145
309.31,10.541
309.32,10.629
309.33,9.838
309.34,9.618
309.35,9.223
309.36,9.574
309.37,9.267
309.38,9.047
309.39,9.267
309.4,9.399
309.41,9.618
309.42,9.618
309.43,10.101
309.44,10.409
309.45,10.497
309.46,10.189
309.47,9.486
309.48,9.223
309.49,9.355
309.5,9.047
309.51,10.233
309.52,10.541
309.53,10.453
309.54,10.057
309.55,9.926
309.56,9.970
309.57,9.530
309.58,9.530
309.59,9.706
309.6,10.101
309.61,10.145
309.62,10.365
309.63,10.101
309.64,9.926
309.65,9.530
309.66,9.179
309.67,9.135
309.68,9.530
309.69,9.706
309.7,10.321
309.71,10.365
309.72,10.189
309.73,9.442
309.74,9.486
309.75,9.047
309.76,9.267
309.77,9.399
309.78,9.574
309.79,9.794
309.8,10.057
309.81,9.970
309.82,9.750
309.83,9.355
309.84,8.871
309.85,8.608
309.86,9.574
309.87,9.750
309.88,10.189
309.89,9.926
309.9,9.574
309.91,9.399
309.92,9.047
309.93,8.784
309.94,9.486
309.95,9.926
309.96,10.233
309.97,10.672
309.98,10.277
309.99,9.794
310,9.047
310.01,9.003
310.02,9.091
310.03,9.706
310.04,10.057
310.05,10.145
310.06,10.057
310.07,10.189
310.08,9.662
310.09,9.706
310.1,9.662
310.11,9.750
310.12,9.618
310.13,9.662
310.14,9.399
310.15,9.486
310.16,9.311
310.17,9.135
310.18,9.355
310.19,9.794
310.2,9.970
310.21,9.662
310.22,9.882
310.23,10.057
310.24,9.794
310.25,9.618
310.26,9.794
310.27,9.530
310.28,9.223
310.29,9.442
310.3,9.399
310.31,9.838
310.32,9.355
310.33,9.091
310.34,9.442
310.35,9.399
310.36,9.003
310.37,9.355
310.38,9.355
310.39,9.530
310.4,9.047
310.41,9.530
310.42,9.486
310.43,9.399
310.44,9.662
310.45,9.750
310.46,9.399
310.47,9.970
310.48,9.662
310.49,9.530
310.5,9.618
310.51,9.574
310.52,9.399
310.53,9.618
310.54,9.618
310.55,9.267
310.56,9.706
310.57,9.794
310.58,9.794
310.59,9.530
310.6,9.574
310.61,9.135
310.62,9.399
310.63,9.311
310.64,9.355
310.65,9.618
310.66,9.223
310.67,9.179
310.68,9.179
310.69,9.267
310.7,9.311
310.71,9.618
310.72,9.135
310.73,9.486
310.74,9.926
310.75,9.486
310.76,9.091
310.77,9.399
310.78,9.530
310.79,9.267
310.8,9.618
310.81,9.706
310.82,9.311
310.83,9.355
310.84,9.838
310.85,9.838
310.86,9.311
310.87,9.574
310.88,9.706
310.89,9.706
310.9,9.486
310.91,9.399
310.92,10.057
310.93,9.970
310.94,9.311
310.95,9.179
310.96,9.882
310.97,9.486
310.98,9.442
310.99,9.179
311,9.311
311.01,9.486
311.02,9.574
311.03,9.267
311.04,9.926
311.05,9.662
311.06,9.486
311.07,9.311
311.08,9.267
311.09,9.706
311.1,9.135
311.11,9.486
311.12,9.442
311.13,9.311
311.14,9.311
311.15,9.399
311.16,9.355
311.17,9.223
311.18,9.399
311.19,9.530
311.2,9.399
311.21,9.179
311.22,9.794
311.23,9.399
311.24,9.442
311.25,9.135
311.26,9.706
311.27,9.618
311.28,9.662
311.29,9.179
311.3,9.574
311.31,9.706
311.32,9.574
311.33,9.267
311.34,9.486
311.35,9.311
311.36,9.486
311.37,9.399
311.38,9.135
311.39,9.267
311.4,9.311
311.41,9.091
311.42,9.091
311.43,9.399
311.44,9.530
311.45,9.135
311.46,8.871
311.47,9.135
311.48,9.311
311.49,9.574
311.5,9.179
311.51,8.784
311.52,9.179
311.53,9.311
311.54,9.267
311.55,9.135
311.56,9.047
311.57,9.267
311.58,9.135
311.59,9.442
311.6,9.267
311.61,8.784
311.62,9.091
311.63,9.530
311.64,9.355
311.65,9.311
311.66,9.091
311.67,9.003
311.68,9.223
311.69,9.399
311.7,9.486
311.71,9.486
311.72,9.223
311.73,9.618
311.74,9.267
311.75,9.486
311.76,9.399
311.77,9.399
311.78,9.618
311.79,9.311
311.8,9.047
311.81,9.311
311.82,9.706
311.83,9.926
311.84,9.662
311.85,9.267
311.86,9.530
311.87,9.706
311.88,9.618
311.89,9.530
311.9,9.926
311.91,9.794
311.92,9.838
311.93,9.750
311.94,9.442
311.95,9.838
311.96,9.706
311.97,9.574
311.98,9.618
311.99,9.794
312,9.838
312.01,9.618
312.02,9.926
312.03,9.838
312.04,9.750
312.05,9.882
312.06,9.706
312.07,9.838
312.08,9.574
312.09,9.618
312.1,9.662
312.11,9.838
312.12,9.530
312.13,9.750
312.14,10.189
312.15,9.706
312.16,9.311
312.17,9.794
312.18,9.882
312.19,9.267
312.2,9.091
312.21,9.574
312.22,9.574
312.23,9.574
312.24,9.355
312.25,9.442
312.26,9.794
312.27,9.486
312.28,9.882
312.29,9.794
312.3,9.486
312.31,9.442
312.32,10.453
312.33,10.541
312.34,10.453
312.35,10.541
312.36,10.057
312.37,9.662
312.38,9.530
312.39,9.530
312.4,9.355
312.41,10.014
312.42,10.541
312.43,10.716
312.44,10.409
312.45,10.585
312.46,10.145
312.47,9.618
312.48,9.574
312.49,9.662
312.5,9.618
312.51,9.882
312.52,10.848
312.53,11.024
312.54,10.629
312.55,10.101
312.56,9.970
312.57,9.706
312.58,9.399
312.59,9.838
312.6,10.541
312.61,10.804
312.62,10.365
312.63,10.409
312.64,10.145
312.65,9.750
312.66,9.706
312.67,9.882
312.68,9.618
312.69,10.409
312.7,10.585
312.71,10.497
312.72,10.497
312.73,10.233
312.74,9.926
312.75,9.574
312.76,9.750
312.77,10.145
312.78,10.277
312.79,10.585
312.8,10.716
312.81,10.409
312.82,9.530
312.83,9.662
312.84,9.574
312.85,9.311
312.86,10.409
312.87,10.585
312.88,10.629
312.89,10.629
312.9,10.233
312.91,10.101
312.92,9.530
312.93,9.355
312.94,10.145
312.95,10.541
312.96,10.848
312.97,10.629
312.98,10.716
312.99,10.101
313,9.486
313.01,9.399
313.02,9.794
313.03,10.057
313.04,10.936
313.05,10.804
313.06,10.716
313.07,10.321
313.08,10.101
313.09,10.014
313.1,9.486
313.11,9.618
313.12,10.277
313.13,10.277
313.14,10.497
313.15,10.277
313.16,9.970
313.17,9.399
313.18,9.399
313.19,9.706
313.2,9.882
313.21,10.145
313.22,10.716
313.23,10.892
313.24,10.760
313.25,9.926
313.26,9.399
313.27,10.014
313.28,9.442
313.29,9.838
313.3,10.189
313.31,10.760
313.32,10.892
313.33,10.760
313.34,10.277
313.35,9.926
313.36,9.442
313.37,9.486
313.38,9.399
313.39,9.574
313.4,9.662
313.41,9.486
313.42,10.233
313.43,10.760
313.44,10.848
313.45,10.672
313.46,10.014
313.47,9.442
313.48,9.223
313.49,9.355
313.5,9.662
313.51,10.101
313.52,10.541
313.53,10.672
313.54,10.760
313.55,10.453
313.56,9.794
313.57,9.442
313.58,9.530
313.59,9.838
313.6,10.453
313.61,10.585
313.62,10.365
313.63,10.321
313.64,10.014
313.65,9.838
313.66,9.442
313.67,9.003
313.68,9.618
313.69,10.233
313.7,10.145
313.71,10.409
313.72,10.277
313.73,9.530
313.74,9.399
313.75,9.442
313.76,9.618
313.77,9.750
313.78,10.277
313.79,10.716
313.8,10.892
313.81,10.453
313.82,9.970
313.83,10.014
313.84,9.882
313.85,9.838
313.86,10.145
313.87,10.716
313.88,10.848
313.89,10.760
313.9,10.057
313.91,9.574
313.92,9.794
313.93,9.574
313.94,9.926
313.95,10.409
313.96,10.585
313.97,10.716
313.98,10.497
313.99,9.750
314,9.530
314.01,9.442
314.02,9.179
314.03,9.838
314.04,10.453
314.05,10.189
314.06,9.926
314.07,9.706
314.08,9.442
314.09,9.486
314.1,9.047
314.11,9.486
314.12,9.926
314.13,10.321
314.14,10.672
314.15,10.189
314.16,9.574
314.17,9.399
314.18,9.355
314.19,9.179
314.2,9.618
314.21,10.145
314.22,10.277
314.23,10.453
314.24,10.453
314.25,10.014
314.26,10.014
314.27,9.794
314.28,9.706
314.29,10.365
314.3,10.672
314.31,10.629
314.32,10.629
314.33,10.892
314.34,10.453
314.35,9.926
314.36,9.267
314.37,9.882
314.38,10.145
314.39,9.838
314.4,9.618
314.41,9.882
314.42,10.716
314.43,10.716
314.44,10.672
314.45,10.892
314.46,10.716
314.47,10.409
314.48,9.442
314.49,9.574
314.5,9.970
314.51,10.760
314.52,10.585
314.53,10.409
314.54,10.804
314.55,10.453
314.56,9.794
314.57,9.574
314.58,9.750
314.59,10.014
314.6,10.014
314.61,10.365
314.62,10.760
314.63,10.629
314.64,10.057
314.65,9.838
314.66,9.706
314.67,9.838
314.68,9.750
314.69,10.277
314.7,10.804
314.71,11.024
314.72,10.453
314.73,10.409
314.74,10.365
314.75,9.970
314.76,9.574
314.77,9.926
314.78,10.629
314.79,10.585
314.8,10.585
314.81,10.497
314.82,9.838
314.83,9.970
314.84,9.399
314.85,9.618
314.86,10.101
314.87,10.365
314.88,10.497
314.89,10.716
314.9,10.365
314.91,9.926
314.92,9.530
314.93,9.091
314.94,9.794
314.95,10.277
314.96,10.585
314.97,10.453
314.98,10.277
314.99,9.926
315,9.706
315.01,9.442
315.02,9.970
315.03,10.014
315.04,10.189
315.05,10.497
315.06,10.629
315.07,10.321
315.08,9.794
315.09,9.399
315.1,9.574
315.11,9.794
315.12,9.970
315.13,10.629
315.14,10.848
315.15,10.101
315.16,9.970
315.17,9.926
315.18,9.574
315.19,9.662
315.2,9.662
315.21,9.442
315.22,9.574
315.23,9.574
315.24,9.223
315.25,9.399
315.26,9.311
315.27,9.179
315.28,9.311
315.29,9.838
315.3,9.574
315.31,9.442
315.32,9.750
315.33,9.486
315.34,9.223
315.35,9.311
315.36,9.662
315.37,9.618
315.38,9.355
315.39,9.574
315.4,9.838
315.41,9.399
315.42,9.399
315.43,9.794
315.44,9.706
315.45,9.355
315.46,9.750
315.47,9.750
315.48,9.399
315.49,9.530
315.5,9.574
315.51,9.355
315.52,9.355
315.53,9.486
315.54,9.794
315.55,9.486
315.56,9.442
315.57,9.399
315.58,9.267
315.59,9.135
315.6,9.267
315.61,9.530
315.62,9.530
315.63,9.311
315.64,9.091
315.65,9.574
315.66,9.442
315.67,8.915
315.68,9.179
315.69,9.618
315.7,9.399
315.71,9.091
315.72,9.399
315.73,9.442
315.74,9.399
315.75,9.399
315.76,9.618
315.77,9.574
315.78,9.047
315.79,9.091
315.8,9.311
315.81,9.311
315.82,9.047
315.83,9.223
315.84,9.399
315.85,9.399
315.86,9.223
315.87,9.311
315.88,9.355
315.89,9.223
315.9,9.179
315.91,9.047
315.92,9.399
315.93,9.574
315.94,9.135
315.95,9.003
315.96,9.486
315.97,9.267
315.98,9.267
315.99,8.827
316,9.574
316.01,9.135
316.02,9.399
316.03,9.047
316.04,8.871
316.05,9.486
316.06,9.135
316.07,9.091
316.08,9.003
316.09,9.486
316.1,9.267
316.11,9.311
316.12,9.179
316.13,9.135
316.14,9.091
316.15,9.003
316.16,9.091
316.17,9.179
316.18,9.355
316.19,9.091
316.2,8.740
316.21,9.091
316.22,9.003
316.23,8.652
316.24,8.827
316.25,9.091
316.26,8.915
316.27,8.520
316.28,8.827
316.29,9.003
316.3,8.915
316.31,8.520
316.32,9.047
316.33,9.267
316.34,9.223
316.35,8.784
316.36,9.003
316.37,9.442
316.38,9.091
316.39,8.608
316.4,9.267
316.41,9.135
316.42,9.091
316.43,9.047
316.44,9.091
316.45,9.091
316.46,8.915
316.47,8.871
316.48,8.959
316.49,9.311
316.5,9.223
316.51,9.399
316.52,8.959
316.53,9.355
316.54,9.399
316.55,9.267
316.56,9.223
316.57,9.311
316.58,9.530
316.59,9.179
316.6,8.915
316.61,9.442
316.62,9.135
316.63,9.003
316.64,8.740
316.65,9.003
316.66,9.311
316.67,9.267
316.68,8.959
316.69,9.223
316.7,9.047
316.71,8.915
316.72,9.091
316.73,9.311
316.74,9.179
316.75,9.091
316.76,9.135
316.77,9.442
316.78,9.179
316.79,8.915
316.8,9.047
316.81,9.135
316.82,9.267
316.83,9.399
316.84,9.267
316.85,8.784
316.86,9.267
316.87,9.486
316.88,9.135
316.89,9.267
316.9,9.003
316.91,9.311
316.92,8.915
316.93,9.355
316.94,9.355
316.95,9.267
316.96,9.574
316.97,9.311
316.98,8.784
316.99,9.091
317,9.486
317.01,9.135
317.02,9.047
317.03,9.486
317.04,9.355
317.05,9.311
317.06,9.355
317.07,9.530
317.08,9.355
317.09,9.530
317.1,9.618
317.11,9.267
317.12,9.179
317.13,9.135
317.14,9.179
317.15,9.442
317.16,9.179
317.17,9.442
317.18,9.486
317.19,9.179
317.2,9.135
317.21,9.223
317.22,9.179
317.23,9.223
317.24,8.696
317.25,9.091
317.26,8.740
317.27,9.003
317.28,8.959
317.29,8.915
317.3,9.223
317.31,9.267
317.32,9.223
317.33,9.311
317.34,9.355
317.35,9.047
317.36,9.311
317.37,9.399
317.38,9.311
317.39,9.267
317.4,9.223
317.41,9.530
317.42,10.014
317.43,10.409
317.44,10.716
317.45,10.497
317.46,10.277
317.47,9.442
317.48,9.442
317.49,9.442
317.5,9.179
317.51,9.223
317.52,9.311
317.53,9.530
317.54,9.091
317.55,9.750
317.56,9.926
317.57,10.541
317.58,10.453
317.59,10.453
317.6,9.574
317.61,9.574
317.62,9.399
317.63,9.530
317.64,9.926
317.65,10.585
317.66,10.585
317.67,10.497
317.68,10.014
317.69,9.838
317.7,9.530
317.71,9.355
317.72,9.882
317.73,10.497
317.74,10.585
317.75,10.980
317.76,10.848
317.77,10.760
317.78,10.365
317.79,9.794
317.8,9.486
317.81,9.970
317.82,10.629
317.83,11.112
317.84,11.200
317.85,11.024
317.86,10.497
317.87,10.321
317.88,10.057
317.89,10.145
317.9,10.365
317.91,10.321
317.92,11.024
317.93,11.112
317.94,10.716
317.95,10.321
317.96,9.574
317.97,9.355
317.98,9.926
317.99,10.497
318,10.672
318.01,10.672
318.02,10.321
318.03,10.672
318.04,10.233
318.05,10.057
318.06,9.618
318.07,10.233
318.08,10.277
318.09,10.804
318.1,11.024
318.11,10.409
318.12,9.794
318.13,9.618
318.14,9.970
318.15,9.882
318.16,10.277
318.17,10.233
318.18,10.409
318.19,10.277
318.2,10.057
318.21,9.838
318.22,9.574
318.23,9.091
318.24,9.091
318.25,9.750
318.26,10.453
318.27,10.585
318.28,10.365
318.29,9.838
318.3,9.442
318.31,9.311
318.32,9.179
318.33,9.311
318.34,9.794
318.35,9.882
318.36,10.672
318.37,10.409
318.38,9.618
318.39,9.267
318.4,8.696
318.41,9.442
318.42,10.145
318.43,10.189
318.44,10.101
318.45,9.970
318.46,10.014
318.47,9.574
318.48,9.530
318.49,9.399
318.5,9.179
318.51,9.486
318.52,9.926
318.53,10.541
318.54,10.365
318.55,10.101
318.56,9.662
318.57,9.442
318.58,9.179
318.59,10.014
318.6,9.926
318.61,10.541
318.62,10.497
318.63,9.926
318.64,9.530
318.65,9.574
318.66,9.662
318.67,9.267
318.68,9.223
318.69,9.486
318.7,10.101
318.71,10.145
318.72,10.409
318.73,9.794
318.74,9.003
318.75,9.135
318.76,9.135
318.77,10.014
318.78,10.057
318.79,10.145
318.8,10.101
318.81,9.926
318.82,9.706
318.83,9.574
318.84,9.267
318.85,9.135
318.86,10.101
318.87,10.145
318.88,10.189
318.89,10.277
318.9,9.574
318.91,9.355
318.92,9.047
318.93,9.530
318.94,9.618
318.95,9.882
318.96,10.321
318.97,10.189
318.98,9.926
318.99,9.399
319,9.223
319.01,9.530
319.02,9.486
319.03,9.970
319.04,10.409
319.05,10.585
319.06,10.936
319.07,10.277
319.08,9.530
319.09,9.223
319.1,9.882
319.11,10.014
319.12,10.189
319.13,10.629
319.14,10.804
319.15,11.112
319.16,10.321
319.17,9.662
319.18,9.926
319.19,9.926
319.2,10.145
319.21,10.277
319.22,10.453
319.23,11.112
319.24,10.804
319.25,10.409
319.26,9.838
319.27,9.750
319.28,9.794
319.29,10.145
319.3,10.189
319.31,10.629
319.32,10.672
319.33,10.541
319.34,10.014
319.35,9.442
319.36,9.179
319.37,9.838
319.38,9.750
319.39,9.223
319.4,9.091
319.41,9.311
319.42,10.453
319.43,10.321
319.44,10.277
319.45,10.760
319.46,10.233
319.47,9.662
319.48,9.223
319.49,9.486
319.5,9.662
319.51,9.662
319.52,10.277
319.53,10.585
319.54,10.365
319.55,9.794
319.56,9.662
319.57,9.399
319.58,9.267
319.59,9.442
319.6,10.101
319.61,10.497
319.62,10.365
319.63,10.277
319.64,9.970
319.65,9.662
319.66,9.267
319.67,9.003
319.68,9.574
319.69,10.057
319.7,10.057
319.71,10.321
319.72,10.277
319.73,9.794
319.74,9.442
319.75,9.179
319.76,8.740
319.77,9.267
319.78,9.706
319.79,10.145
319.8,10.189
319.81,9.926
319.82,9.794
319.83,9.267
319.84,9.574
319.85,9.926
319.86,9.882
319.87,10.277
319.88,10.585
319.89,10.101
319.9,9.926
319.91,9.530
319.92,9.355
319.93,9.267
319.94,10.057
319.95,10.453
319.96,10.233
319.97,10.101
319.98,10.057
319.99,9.618
320,9.530
320.01,9.399
320.02,9.486
320.03,9.794
320.04,10.057
320.05,10.497
320.06,10.497
320.07,9.794
320.08,9.530
320.09,9.399
320.1,9.486
320.11,9.442
320.12,9.838
320.13,10.189
320.14,10.541
320.15,10.321
320.16,9.926
320.17,9.399
320.18,9.486
320.19,9.399
320.2,9.486
320.21,9.794
320.22,9.926
320.23,10.541
320.24,10.629
320.25,10.101
320.26,9.618
320.27,9.179
320.28,9.399
320.29,9.267
320.3,9.091
320.31,9.003
320.32,9.091
320.33,9.267
320.34,9.442
320.35,9.530
320.36,9.399
320.37,9.399
320.38,9.574
320.39,9.618
320.4,9.442
320.41,9.662
320.42,9.618
320.43,9.135
320.44,9.223
320.45,9.355
320.46,9.091
320.47,9.486
320.48,9.355
320.49,9.399
320.5,9.091
320.51,9.267
320.52,8.915
320.53,9.047
320.54,8.915
320.55,9.047
320.56,8.915
320.57,9.135
320.58,9.135
320.59,9.223
320.6,8.784
320.61,8.871
320.62,9.267
320.63,9.135
320.64,9.047
320.65,9.179
320.66,9.706
320.67,9.267
320.68,9.442
320.69,9.399
320.7,9.399
320.71,9.530
320.72,9.574
320.73,9.267
320.74,9.486
320.75,9.794
320.76,9.442
320.77,9.179
320.78,9.618
320.79,9.574
320.8,9.442
320.81,9.618
320.82,9.794
320.83,9.706
320.84,9.355
320.85,9.442
320.86,9.838
320.87,9.530
320.88,9.223
320.89,9.399
320.9,9.355
320.91,9.267
320.92,9.311
320.93,9.311
320.94,9.311
320.95,9.355
320.96,9.399
320.97,9.399
320.98,8.871
320.99,9.442
321,9.399
321.01,9.223
321.02,9.223
321.03,9.442
321.04,9.530
321.05,9.311
321.06,9.179
321.07,9.530
321.08,9.574
321.09,9.530
321.1,9.091
321.11,9.530
321.12,9.618
321.13,9.355
321.14,9.530
321.15,9.750
321.16,9.662
321.17,9.311
321.18,9.794
321.19,9.794
321.2,9.662
321.21,9.618
321.22,9.574
321.23,9.970
321.24,9.618
321.25,9.794
321.26,9.882
321.27,9.750
321.28,9.618
321.29,9.486
321.3,9.618
321.31,9.399
321.32,9.399
321.33,9.486
321.34,9.838
321.35,9.530
321.36,9.530
321.37,9.530
321.38,9.530
321.39,9.618
321.4,9.618
321.41,9.179
321.42,8.959
321.43,9.179
321.44,9.486
321.45,9.311
321.46,9.399
321.47,8.959
321.48,9.091
321.49,9.442
321.5,9.267
321.51,9.135
321.52,9.267
321.53,9.311
321.54,9.135
321.55,9.267
321.56,9.574
321.57,9.442
321.58,9.091
321.59,9.267
321.6,9.486
321.61,9.706
321.62,9.618
321.63,9.574
321.64,9.574
321.65,9.794
321.66,9.794
321.67,9.706
321.68,9.442
321.69,9.486
321.7,9.618
321.71,9.662
321.72,9.926
321.73,9.662
321.74,9.442
321.75,9.267
321.76,9.574
321.77,9.794
321.78,9.838
321.79,9.838
321.8,9.223
321.81,9.442
321.82,9.794
321.83,10.057
321.84,9.662
321.85,9.399
321.86,9.399
321.87,9.355
321.88,9.574
321.89,9.794
321.9,9.442
321.91,9.355
321.92,9.838
321.93,10.057
321.94,9.486
321.95,9.750
321.96,9.794
321.97,8.959
321.98,9.442
321.99,9.574
322,9.750
322.01,9.618
322.02,9.179
322.03,9.311
322.04,9.530
322.05,9.838
322.06,9.574
322.07,9.223
322.08,9.530
322.09,9.135
322.1,9.267
322.11,9.399
322.12,8.959
322.13,8.696
322.14,9.135
322.15,9.311
322.16,9.223
322.17,9.135
322.18,9.311
322.19,9.179
322.2,9.486
322.21,9.311
322.22,9.091
322.23,9.047
322.24,9.179
322.25,9.267
322.26,9.574
322.27,9.311
322.28,9.355
322.29,9.574
322.3,9.662
322.31,9.618
322.32,9.399
322.33,9.179
322.34,9.442
322.35,9.662
322.36,9.618
322.37,9.267
322.38,9.047
322.39,9.223
322.4,9.311
322.41,9.486
322.42,8.915
322.43,9.003
322.44,9.442
322.45,9.355
322.46,9.047
322.47,8.827
322.48,8.784
322.49,9.047
322.5,9.267
322.51,9.223
322.52,8.959
322.53,8.827
322.54,9.574
322.55,10.057
322.56,10.365
322.57,10.321
322.58,9.662
322.59,9.223
322.6,8.959
322.61,9.047
322.62,9.267
322.63,8.871
322.64,8.784
322.65,9.047
322.66,9.794
322.67,9.882
322.68,9.926
322.69,10.145
322.7,9.926
322.71,9.311
322.72,9.223
322.73,9.003
322.74,9.311
322.75,9.970
322.76,10.277
322.77,10.365
322.78,10.365
322.79,9.838
322.8,9.179
322.81,9.267
322.82,9.442
322.83,9.442
322.84,9.794
322.85,9.750
322.86,10.189
322.87,10.277
322.88,10.145
322.89,10.014
322.9,9.486
322.91,9.267
322.92,10.101
322.93,10.672
322.94,10.848
322.95,11.244
322.96,10.716
322.97,9.794
322.98,9.618
322.99,9.399
323,9.662
323.01,10.453
323.02,10.716
323.03,10.585
323.04,10.277
323.05,9.882
323.06,10.321
323.07,9.486
323.08,9.970
323.09,9.926
323.1,10.321
323.11,10.057
323.12,10.365
323.13,10.541
323.14,10.057
323.15,9.706
323.16,9.618
323.17,9.399
323.18,9.530
323.19,10.409
323.2,10.629
323.21,10.804
323.22,10.585
323.23,10.277
323.24,9.662
323.25,9.486
323.26,9.486
323.27,9.618
323.28,10.541
323.29,10.848
323.3,10.541
323.31,9.926
323.32,9.662
323.33,9.442
323.34,9.706
323.35,9.574
323.36,9.442
323.37,9.574
323.38,9.311
323.39,9.442
323.4,9.047
323.41,9.399
323.42,10.101
323.43,10.233
323.44,10.365
323.45,10.321
323.46,9.662
323.47,9.399
323.48,9.442
323.49,9.706
323.5,9.486
323.51,9.750
323.52,10.233
323.53,10.453
323.54,10.672
323.55,9.706
323.56,9.970
323.57,9.530
323.58,9.399
323.59,9.662
323.6,9.970
323.61,10.497
323.62,10.541
323.63,10.453
323.64,10.101
323.65,9.311
323.66,9.135
323.67,9.223
323.68,9.530
323.69,10.321
323.7,10.980
323.71,10.848
323.72,10.453
323.73,9.794
323.74,9.706
323.75,9.662
323.76,9.267
323.77,9.399
323.78,10.585
323.79,10.804
323.8,10.541
323.81,10.189
323.82,9.662
323.83,9.706
323.84,9.970
323.85,9.970
323.86,10.409
323.87,10.716
323.88,10.629
323.89,10.497
323.9,10.321
323.91,9.926
323.92,10.409
323.93,10.189
323.94,10.760
323.95,11.200
323.96,10.936
323.97,10.541
323.98,10.848
323.99,10.101
324,9.794
324.01,9.794
324.02,9.442
324.03,10.321
324.04,10.453
324.05,10.321
324.06,10.277
324.07,10.497
324.08,9.618
324.09,9.003
324.1,9.399
324.11,9.706
324.12,9.926
324.13,10.409
324.14,10.672
324.15,10.585
324.16,9.662
324.17,9.618
324.18,9.399
324.19,9.047
324.2,9.267
324.21,9.574
324.22,10.321
324.23,10.365
324.24,10.365
324.25,9.706
324.26,9.662
324.27,9.530
324.28,9.486
324.29,9.926
324.3,9.970
324.31,10.672
324.32,10.409
324.33,10.101
324.34,10.145
324.35,9.442
324.36,9.267
324.37,9.399
324.38,8.959
324.39,9.355
324.4,9.179
324.41,9.574
324.42,10.233
324.43,10.365
324.44,10.541
324.45,10.892
324.46,10.233
324.47,9.794
324.48,9.882
324.49,9.442
324.5,9.574
324.51,10.453
324.52,10.233
324.53,10.716
324.54,10.672
324.55,10.101
324.56,9.926
324.57,9.574
324.58,9.355
324.59,10.101
324.6,10.365
324.61,10.145
324.62,10.892
324.63,10.980
324.64,10.145
324.65,9.882
324.66,9.618
324.67,9.442
324.68,9.838
324.69,9.926
324.7,10.365
324.71,10.497
324.72,10.629
324.73,10.233
324.74,9.135
324.75,9.135
324.76,9.091
324.77,9.618
324.78,10.321
324.79,10.233
324.8,9.926
324.81,10.014
324.82,9.574
324.83,9.223
324.84,8.959
324.85,9.267
324.86,9.838
324.87,9.882
324.88,10.321
324.89,9.838
324.9,10.014
324.91,9.838
324.92,9.794
324.93,9.618
324.94,9.442
324.95,9.882
324.96,10.101
324.97,10.409
324.98,10.014
324.99,9.442
325,9.223
325.01,9.442
325.02,9.311
325.03,9.442
325.04,9.574
325.05,10.101
325.06,10.497
325.07,10.014
325.08,9.530
325.09,9.355
325.1,9.311
325.11,9.970
325.12,10.145
325.13,10.101
325.14,10.672
325.15,10.497
325.16,9.926
325.17,9.311
325.18,9.135
325.19,9.442
325.2,9.399
325.21,9.662
325.22,9.970
325.23,10.365
325.24,10.277
325.25,9.970
325.26,9.311
325.27,9.442
325.28,9.355
325.29,9.750
325.3,9.618
325.31,10.453
325.32,10.585
325.33,10.233
325.34,9.355
325.35,8.827
325.36,9.091
325.37,9.530
325.38,9.267
325.39,8.652
325.4,9.003
325.41,9.530
325.42,10.057
325.43,10.409
325.44,10.497
325.45,10.629
325.46,9.970
325.47,9.530
325.48,9.267
325.49,9.442
325.5,9.794
325.51,9.399
325.52,8.871
325.53,9.135
325.54,9.311
325.55,9.223
325.56,9.223
325.57,9.135
325.58,9.442
325.59,9.442
325.6,9.750
325.61,9.223
325.62,9.135
325.63,9.311
325.64,9.442
325.65,9.399
325.66,9.003
325.67,9.223
325.68,9.618
325.69,9.442
325.7,9.135
325.71,9.135
325.72,9.135
325.73,9.618
325.74,9.399
325.75,9.223
325.76,9.706
325.77,9.574
325.78,9.399
325.79,9.618
325.8,9.662
325.81,9.838
325.82,10.057
325.83,9.574
325.84,9.486
325.85,9.706
325.86,10.145
325.87,9.838
325.88,9.311
325.89,9.442
325.9,9.794
325.91,9.530
325.92,9.618
325.93,9.662
325.94,9.530
325.95,9.223
325.96,9.311
325.97,9.794
325.98,9.399
325.99,8.915
326,9.442
326.01,9.442
326.02,9.355
326.03,9.091
326.04,9.223
326.05,9.486
326.06,9.135
326.07,9.399
326.08,9.311
326.09,9.530
326.1,9.267
326.11,9.223
326.12,9.399
326.13,9.574
326.14,9.047
326.15,9.091
326.16,9.223
326.17,9.486
326.18,9.618
326.19,9.267
326.2,9.135
326.21,9.662
326.22,9.442
326.23,9.267
326.24,9.267
326.25,9.750
326.26,9.618
326.27,9.223
326.28,9.355
326.29,9.399
326.3,9.486
326.31,9.267
326.32,8.915
326.33,9.135
326.34,9.135
326.35,9.486
326.36,9.267
326.37,8.871
326.38,9.267
326.39,9.662
326.4,9.750
326.41,9.091
326.42,9.135
326.43,9.399
326.44,9.838
326.45,9.662
326.46,9.442
326.47,9.442
326.48,9.311
326.49,9.442
326.5,9.223
326.51,9.091
326.52,9.311
326.53,9.794
326.54,9.399
326.55,9.267
326.56,9.311
326.57,9.618
326.58,9.574
326.59,9.662
326.6,9.311
326.61,9.794
326.62,10.057
326.63,9.794
326.64,9.399
326.65,9.838
326.66,9.662
326.67,9.750
326.68,9.530
326.69,9.223
326.7,9.750
326.71,9.926
326.72,9.311
326.73,9.223
326.74,10.014
326.75,9.926
326.76,9.750
326.77,9.486
326.78,9.530
326.79,9.574
326.8,9.926
326.81,9.926
326.82,9.838
326.83,9.926
326.84,9.970
326.85,9.970
326.86,9.662
326.87,9.794
326.88,9.926
326.89,10.014
326.9,9.662
326.91,9.486
326.92,9.662
326.93,10.014
326.94,9.882
326.95,9.530
326.96,9.267
326.97,9.486
326.98,9.399
326.99,9.442
327,9.355
327.01,9.135
327.02,9.662
327.03,9.706
327.04,9.970
327.05,9.530
327.06,9.223
327.07,9.662
327.08,9.750
327.09,9.794
327.1,9.442
327.11,9.135
327.12,9.047
327.13,9.399
327.14,9.662
327.15,9.662
327.16,9.223
327.17,9.355
327.18,9.442
327.19,9.574
327.2,10.057
327.21,9.926
327.22,9.486
327.23,9.399
327.24,9.794
327.25,9.662
327.26,9.750
327.27,9.750
327.28,9.662
327.29,9.442
327.3,9.618
327.31,10.189
327.32,10.145
327.33,9.882
327.34,9.399
327.35,9.091
327.36,9.223
327.37,9.838
327.38,9.574
327.39,9.618
327.4,9.618
327.41,9.794
327.42,9.662
327.43,9.311
327.44,9.267
327.45,9.838
327.46,9.662
327.47,9.574
327.48,9.442
327.49,9.530
327.5,9.618
327.51,9.794
327.52,9.574
327.53,9.442
327.54,9.355
327.55,9.794
327.56,9.750
327.57,9.662
327.58,9.311
327.59,9.047
327.6,9.311
327.61,9.618
327.62,9.706
327.63,9.882
327.64,9.618
327.65,9.355
327.66,9.179
327.67,9.662
327.68,9.618
327.69,9.882
327.7,10.145
327.71,10.585
327.72,10.585
327.73,10.497
327.74,9.662
327.75,8.959
327.76,9.311
327.77,9.618
327.78,10.014
327.79,10.277
327.8,10.101
327.81,10.409
327.82,10.101
327.83,9.926
327.84,9.618
327.85,9.486
327.86,9.926
327.87,10.585
327.88,10.453
327.89,10.453
327.9,10.497
327.91,10.233
327.92,9.750
327.93,9.311
327.94,9.750
327.95,9.706
327.96,10.321
327.97,10.409
327.98,10.453
327.99,10.716
328,10.365
328.01,9.794
328.02,9.003
328.03,9.179
328.04,9.970
328.05,10.321
328.06,10.321
328.07,10.629
328.08,10.189
328.09,9.838
328.1,9.574
328.11,9.355
328.12,9.662
328.13,10.277
328.14,10.277
328.15,10.541
328.16,10.629
328.17,10.716
328.18,10.145
328.19,9.355
328.2,9.135
328.21,9.750
328.22,10.277
328.23,10.541
328.24,10.585
328.25,10.453
328.26,9.926
328.27,9.574
328.28,9.662
328.29,9.399
328.3,9.794
328.31,10.145
328.32,9.970
328.33,10.453
328.34,10.497
328.35,9.662
328.36,9.355
328.37,9.047
328.38,9.267
328.39,9.442
328.4,9.179
328.41,9.135
328.42,9.838
328.43,9.838
328.44,10.541
328.45,10.453
328.46,9.882
328.47,9.486
328.48,8.915
328.49,8.740
328.5,9.091
328.51,9.267
328.52,9.618
328.53,8.959
328.54,9.047
328.55,9.882
328.56,10.233
328.57,10.409
328.58,10.233
328.59,9.706
328.6,9.267
328.61,8.740
328.62,9.091
328.63,9.618
328.64,10.145
328.65,10.014
328.66,9.926
328.67,10.014
328.68,9.399
328.69,9.179
328.7,9.179
328.71,9.442
328.72,9.794
328.73,9.838
328.74,10.321
328.75,10.629
328.76,10.014
328.77,9.486
328.78,9.574
328.79,9.047
328.8,10.145
328.81,10.585
328.82,10.233
328.83,10.453
328.84,10.321
328.85,10.145
328.86,9.838
328.87,9.355
328.88,9.311
328.89,9.926
328.9,10.672
328.91,11.024
328.92,10.585
328.93,10.145
328.94,9.355
328.95,9.223
328.96,9.662
328.97,10.014
328.98,10.233
328.99,10.541
329,10.629
329.01,10.585
329.02,10.365
329.03,9.882
329.04,9.399
329.05,9.179
329.06,9.618
329.07,10.585
329.08,10.716
329.09,10.541
329.1,10.189
329.11,9.750
329.12,9.794
329.13,9.662
329.14,9.442
329.15,9.838
329.16,10.629
329.17,10.936
329.18,10.716
329.19,10.233
329.2,9.794
329.21,9.794
329.22,9.706
329.23,9.838
329.24,10.233
329.25,10.409
329.26,10.629
329.27,10.848
329.28,10.014
329.29,9.838
329.3,9.399
329.31,9.794
329.32,9.926
329.33,10.453
329.34,10.409
329.35,10.233
329.36,10.453
329.37,10.101
329.38,9.838
329.39,9.223
329.4,8.915
329.41,9.486
329.42,10.277
329.43,10.365
329.44,10.321
329.45,9.970
329.46,9.838
329.47,9.882
329.48,9.970
329.49,9.838
329.5,10.014
329.51,10.321
329.52,10.760
329.53,10.585
329.54,10.321
329.55,10.145
329.56,9.135
329.57,9.003
329.58,9.618
329.59,10.321
329.6,10.672
329.61,10.409
329.62,10.453
329.63,10.057
329.64,9.838
329.65,9.662
329.66,9.399
329.67,9.574
329.68,10.101
329.69,10.101
329.7,10.497
329.71,10.057
329.72,9.838
329.73,9.442
329.74,9.399
329.75,8.871
329.76,9.750
329.77,10.321
329.78,10.453
329.79,10.497
329.8,9.574
329.81,9.311
329.82,9.223
329.83,9.399
329.84,9.618
329.85,10.453
329.86,10.453
329.87,10.585
329.88,10.233
329.89,9.750
329.9,9.794
329.91,9.574
329.92,9.706
329.93,9.970
329.94,9.970
329.95,10.409
329.96,10.804
329.97,10.804
329.98,10.541
329.99,10.014
330,9.882
330.01,9.267
330.02,9.794
330.03,10.629
330.04,10.716
330.05,10.892
330.06,10.365
330.07,10.321
330.08,9.574
330.09,9.223
330.1,9.223
330.11,10.189
330.12,10.760
330.13,10.672
330.14,10.892
330.15,10.497
330.16,9.838
330.17,9.399
330.18,9.442
330.19,9.926
330.2,10.189
330.21,10.804
330.22,11.024
330.23,10.804
330.24,9.970
330.25,9.486
330.26,9.574
330.27,9.838
330.28,10.365
330.29,10.585
330.3,10.980
330.31,10.716
330.32,10.365
330.33,9.486
330.34,9.486
330.35,9.442
330.36,9.750
330.37,9.618
330.38,9.530
330.39,9.706
330.4,9.706
330.41,9.838
330.42,10.277
330.43,10.585
330.44,10.497
330.45,10.936
330.46,10.233
330.47,9.838
330.48,9.574
330.49,9.223
330.5,9.223
330.51,9.442
330.52,9.135
330.53,9.179
330.54,10.101
330.55,10.233
330.56,10.277
330.57,10.277
330.58,10.760
330.59,10.409
330.6,9.926
330.61,9.662
330.62,9.355
330.63,9.267
330.64,9.135
330.65,9.179
330.66,9.750
330.67,9.794
330.68,9.486
330.69,9.091
330.7,8.959
330.71,9.618
330.72,9.882
330.73,9.135
330.74,9.223
330.75,9.399
330.76,9.926
330.77,9.486
330.78,9.179
330.79,9.179
330.8,9.399
330.81,9.794
330.82,9.311
330.83,9.442
330.84,9.135
330.85,9.530
330.86,9.530
330.87,9.355
330.88,9.442
330.89,9.047
330.9,9.135
330.91,9.267
330.92,9.223
330.93,9.311
330.94,9.355
330.95,9.882
330.96,9.530
330.97,9.091
330.98,9.003
330.99,8.959
331,9.442
331.01,9.223
331.02,9.091
331.03,9.267
331.04,9.355
331.05,9.486
331.06,9.618
331.07,9.311
331.08,9.574
331.09,9.530
331.1,9.311
331.11,9.399
331.12,9.882
331.13,9.399
331.14,9.486
331.15,9.486
331.16,9.442
331.17,9.662
331.18,9.442
331.19,9.618
331.2,9.399
331.21,9.135
331.22,9.311
331.23,9.618
331.24,9.047
331.25,9.179
331.26,9.442
331.27,9.311
331.28,9.223
331.29,9.091
331.3,9.311
331.31,9.091
331.32,9.223
331.33,9.311
331.34,9.047
331.35,9.311
331.36,9.311
331.37,9.047
331.38,9.003
331.39,9.442
331.4,9.267
331.41,9.486
331.42,9.486
331.43,9.091
331.44,9.530
331.45,9.267
331.46,9.003
331.47,9.574
331.48,9.486
331.49,8.959
331.5,9.003
331.51,9.486
331.52,9.311
331.53,9.442
331.54,9.662
331.55,9.223
331.56,9.135
331.57,9.399
331.58,9.662
331.59,9.135
331.6,9.442
331.61,9.662
331.62,9.618
331.63,8.959
331.64,9.399
331.65,9.574
331.66,9.223
331.67,9.311
331.68,9.486
331.69,9.706
331.7,9.355
331.71,9.442
331.72,9.574
331.73,9.311
331.74,9.486
331.75,9.750
331.76,9.530
331.77,9.530
331.78,9.135
331.79,9.618
331.8,9.574
331.81,9.399
331.82,9.179
331.83,9.311
331.84,9.135
331.85,9.574
331.86,9.530
331.87,9.135
331.88,9.267
331.89,9.311
331.9,9.838
331.91,9.574
331.92,9.135
331.93,9.135
331.94,9.486
331.95,9.311
331.96,9.311
331.97,8.871
331.98,8.871
331.99,8.871
332,9.003
332.01,9.399
332.02,9.223
332.03,9.047
332.04,8.871
332.05,8.915
332.06,9.618
332.07,9.486
332.08,9.706
332.09,9.618
332.1,9.091
332.11,9.486
332.12,9.662
332.13,10.101
332.14,9.970
332.15,9.399
332.16,9.179
332.17,9.355
332.18,9.399
332.19,9.486
332.2,9.706
332.21,9.794
332.22,9.355
332.23,9.311
332.24,9.442
332.25,9.662
332.26,9.706
332.27,9.399
332.28,9.223
332.29,9.311
332.3,9.794
332.31,9.399
332.32,9.442
332.33,9.486
332.34,9.179
332.35,9.267
332.36,9.311
332.37,9.618
332.38,9.618
332.39,9.442
332.4,8.959
332.41,9.267
332.42,9.442
332.43,9.530
332.44,9.399
332.45,9.574
332.46,9.091
332.47,9.003
332.48,9.618
332.49,9.486
332.5,9.530
332.51,9.355
332.52,9.047
332.53,9.355
332.54,9.750
332.55,9.794
332.56,9.486
332.57,9.311
332.58,9.574
332.59,9.355
332.6,9.486
332.61,9.442
332.62,9.135
332.63,9.618
332.64,9.355
332.65,9.135
332.66,9.223
332.67,9.882
332.68,9.618
332.69,9.442
332.7,9.442
332.71,9.706
332.72,9.355
332.73,9.355
332.74,8.959
332.75,9.179
332.76,9.355
332.77,9.223
332.78,9.179
332.79,8.915
332.8,9.838
332.81,10.101
332.82,10.145
332.83,10.014
332.84,9.750
332.85,10.014
332.86,9.486
332.87,8.871
332.88,9.267
332.89,9.047
332.9,9.135
332.91,9.794
332.92,10.014
332.93,10.014
332.94,10.233
332.95,10.057
332.96,9.399
332.97,9.530
332.98,9.267
332.99,8.959
333,8.564
333.01,9.135
333.02,9.399
333.03,9.355
333.04,9.750
333.05,10.365
333.06,10.453
333.07,9.662
333.08,9.399
333.09,9.530
333.1,9.223
333.11,9.003
333.12,9.311
333.13,9.838
333.14,10.014
333.15,10.014
333.16,10.497
333.17,10.101
333.18,9.135
333.19,9.355
333.2,9.003
333.21,9.926
333.22,10.014
333.23,10.233
333.24,10.277
333.25,10.321
333.26,9.574
333.27,9.355
333.28,9.662
333.29,9.662
333.3,10.277
333.31,10.409
333.32,10.716
333.33,10.541
333.34,9.970
333.35,9.618
333.36,9.618
333.37,9.618
333.38,9.399
333.39,9.179
333.4,9.794
333.41,9.662
333.42,10.145
333.43,10.321
333.44,10.892
333.45,10.629
333.46,10.014
333.47,9.794
333.48,9.970
333.49,9.706
333.5,9.223
333.51,9.750
333.52,10.409
333.53,10.277
333.54,10.365
333.55,10.057
333.56,9.750
333.57,9.486
333.58,8.871
333.59,9.179
333.6,9.838
333.61,10.233
333.62,10.497
333.63,10.365
333.64,10.409
333.65,9.926
333.66,9.223
333.67,9.311
333.68,9.311
333.69,10.057
333.7,10.277
333.71,10.014
333.72,10.672
333.73,10.541
333.74,10.014
333.75,9.399
333.76,9.311
333.77,9.750
333.78,10.321
333.79,10.189
333.8,10.277
333.81,10.365
333.82,10.189
333.83,9.750
333.84,9.267
333.85,9.355
333.86,10.014
333.87,10.233
333.88,10.101
333.89,9.970
333.9,10.321
333.91,10.101
333.92,9.530
333.93,9.135
333.94,9.442
333.95,9.662
333.96,10.409
333.97,10.585
333.98,10.189
333.99,10.760
334,10.409
334.01,9.838
334.02,9.574
334.03,9.047
334.04,9.970
334.05,10.848
334.06,10.936
334.07,10.629
334.08,10.497
334.09,9.926
334.1,9.618
334.11,9.530
334.12,9.882
334.13,10.277
334.14,10.760
334.15,10.233
334.16,10.321
334.17,10.189
334.18,10.101
334.19,9.750
334.2,9.355
334.21,9.486
334.22,9.794
334.23,10.321
334.24,10.585
334.25,10.848
334.26,9.882
334.27,9.223
334.28,9.618
334.29,9.486
334.3,10.014
334.31,10.365
334.32,10.585
334.33,10.541
334.34,10.672
334.35,10.145
334.36,10.057
334.37,9.662
334.38,9.442
334.39,9.574
334.4,9.442
334.41,9.838
334.42,10.804
334.43,10.892
334.44,10.760
334.45,10.409
334.46,9.970
334.47,9.574
334.48,9.794
334.49,9.530
334.5,9.223
334.51,9.223
334.52,9.223
334.53,9.135
334.54,10.014
334.55,10.101
334.56,10.453
334.57,10.585
334.58,10.057
334.59,10.014
334.6,9.223
334.61,9.530
334.62,9.311
334.63,9.574
334.64,10.101
334.65,10.409
334.66,10.541
334.67,10.189
334.68,9.794
334.69,9.091
334.7,8.959
334.71,9.662
334.72,10.497
334.73,10.585
334.74,10.321
334.75,10.145
334.76,9.574
334.77,9.267
334.78,9.267
334.79,9.135
334.8,9.091
334.81,9.530
334.82,9.486
334.83,10.189
334.84,9.926
334.85,9.618
334.86,8.959
334.87,9.003
334.88,9.003
334.89,9.926
334.9,9.882
334.91,10.321
334.92,9.926
334.93,9.223
334.94,9.311
334.95,9.399
334.96,9.442
334.97,9.530
334.98,9.926
334.99,9.574
335,10.014
335.01,9.926
335.02,9.838
335.03,9.618
335.04,9.267
335.05,8.871
335.06,9.574
335.07,10.277
335.08,11.024
335.09,10.629
335.1,10.101
335.11,9.574
335.12,9.399
335.13,9.574
335.14,9.223
335.15,10.145
335.16,10.365
335.17,10.101
335.18,10.672
335.19,10.497
335.2,9.750
335.21,9.574
335.22,9.355
335.23,9.311
335.24,9.574
335.25,10.233
335.26,10.585
335.27,10.233
335.28,9.970
335.29,9.311
335.3,9.267
335.31,9.223
335.32,9.662
335.33,10.057
335.34,10.409
335.35,10.189
335.36,9.838
335.37,9.442
335.38,9.618
335.39,9.355
335.4,9.135
335.41,9.135
335.42,9.926
335.43,10.189
335.44,10.629
335.45,10.409
335.46,10.145
335.47,9.618
335.48,8.959
335.49,8.959
335.5,9.706
335.51,10.233
335.52,10.672
335.53,10.585
335.54,10.101
335.55,9.486
335.56,9.442
335.57,9.223
335.58,9.530
335.59,10.189
335.6,10.409
335.61,10.453
335.62,10.321
335.63,10.057
335.64,9.355
335.65,9.267
335.66,9.267
335.67,9.486
335.68,9.838
335.69,9.926
335.7,10.365
335.71,10.277
335.72,9.662
335.73,8.959
335.74,9.574
335.75,9.442
335.76,9.223
335.77,9.135
335.78,9.267
335.79,9.091
335.8,9.486
335.81,9.047
335.82,8.871
335.83,8.959
335.84,9.574
335.85,9.355
335.86,8.871
335.87,8.520
335.88,8.784
335.89,9.179
335.9,9.047
335.91,9.003
335.92,9.223
335.93,9.179
335.94,9.135
335.95,9.091
335.96,9.267
335.97,9.223
335.98,8.959
335.99,9.003
336,9.267
336.01,9.530
336.02,9.091
336.03,8.959
336.04,9.530
336.05,9.267
336.06,8.959
336.07,8.652
336.08,9.267
336.09,9.750
336.1,9.311
336.11,9.399
336.12,9.091
336.13,9.794
336.14,9.970
336.15,9.442
336.16,9.135
336.17,9.970
336.18,9.926
336.19,9.486
336.2,9.486
336.21,9.618
336.22,9.882
336.23,9.706
336.24,9.267
336.25,9.399
336.26,9.486
336.27,9.047
336.28,9.179
336.29,9.135
336.3,9.399
336.31,9.530
336.32,9.311
336.33,9.267
336.34,9.794
336.35,9.574
336.36,9.486
336.37,9.530
336.38,9.267
336.39,9.355
336.4,9.618
336.41,9.442
336.42,9.135
336.43,9.355
336.44,9.311
336.45,9.179
336.46,9.047
336.47,9.530
336.48,9.442
336.49,9.179
336.5,9.179
336.51,9.311
336.52,9.267
336.53,8.959
336.54,8.915
336.55,9.223
336.56,8.959
336.57,8.959
336.58,9.399
336.59,9.311
336.6,9.574
336.61,9.267
336.62,9.091
336.63,9.223
336.64,9.442
336.65,9.223
336.66,9.135
336.67,9.179
336.68,9.267
336.69,9.399
336.7,9.047
336.71,9.091
336.72,9.135
336.73,9.442
336.74,9.486
336.75,9.662
336.76,9.091
336.77,9.399
336.78,9.442
336.79,9.047
336.8,9.267
336.81,9.047
336.82,9.662
336.83,9.486
336.84,9.047
336.85,9.003
336.86,9.399
336.87,9.399
336.88,9.091
336.89,8.871
336.9,9.135
336.91,9.311
336.92,9.442
336.93,9.047
336.94,8.564
336.95,9.003
336.96,9.486
336.97,9.399
336.98,9.311
336.99,9.047
337,9.355
337.01,9.750
337.02,9.486
337.03,9.091
337.04,9.223
337.05,9.530
337.06,9.355
337.07,9.223
337.08,8.959
337.09,9.618
337.1,10.014
337.11,9.618
337.12,9.223
337.13,9.091
337.14,9.267
337.15,9.530
337.16,9.662
337.17,9.355
337.18,8.959
337.19,9.399
337.2,9.486
337.21,9.662
337.22,9.399
337.23,9.486
337.24,9.442
337.25,9.223
337.26,9.179
337.27,9.662
337.28,9.486
337.29,9.486
337.3,9.530
337.31,9.311
337.32,9.135
337.33,9.399
337.34,9.442
337.35,9.750
337.36,10.014
337.37,9.486
337.38,9.399
337.39,9.223
337.4,9.662
337.41,9.311
337.42,9.399
337.43,9.267
337.44,9.355
337.45,9.574
337.46,9.662
337.47,9.486
337.48,9.311
337.49,9.399
337.5,9.355
337.51,10.057
337.52,9.662
337.53,9.618
337.54,9.574
337.55,9.442
337.56,9.618
337.57,9.838
337.58,9.662
337.59,9.618
337.6,9.442
337.61,9.486
337.62,10.101
337.63,10.101
337.64,9.970
337.65,10.145
337.66,9.926
337.67,10.321
337.68,9.750
337.69,9.662
337.7,10.014
337.71,10.101
337.72,9.926
337.73,9.618
337.74,9.794
337.75,9.794
337.76,9.882
337.77,9.838
337.78,10.057
337.79,9.882
337.8,9.311
337.81,9.970
337.82,9.838
337.83,9.794
337.84,9.442
337.85,9.355
337.86,9.750
337.87,9.970
337.88,9.662
337.89,9.442
337.9,9.530
337.91,10.057
337.92,10.629
337.93,10.409
337.94,10.145
337.95,9.662
337.96,9.530
337.97,9.574
337.98,9.399
337.99,9.267
338,9.750
338.01,10.321
338.02,10.321
338.03,10.672
338.04,10.760
338.05,9.750
338.06,9.882
338.07,9.574
338.08,9.486
338.09,10.277
338.1,10.277
338.11,10.716
338.12,10.760
338.13,10.189
338.14,9.838
338.15,9.662
338.16,9.442
338.17,10.101
338.18,10.233
338.19,10.629
338.2,10.760
338.21,10.233
338.22,10.101
338.23,9.926
338.24,9.047
338.25,9.486
338.26,10.057
338.27,10.145
338.28,10.541
338.29,10.848
338.3,10.277
338.31,9.618
338.32,9.794
338.33,9.838
338.34,9.355
338.35,9.355
338.36,9.618
338.37,9.355
338.38,9.003
338.39,9.442
338.4,9.311
338.41,9.091
338.42,9.838
338.43,10.057
338.44,10.409
338.45,10.629
338.46,9.838
338.47,9.135
338.48,9.267
338.49,9.047
338.5,9.091
338.51,9.267
338.52,9.223
338.53,9.311
338.54,9.882
338.55,10.716
338.56,10.365
338.57,10.716
338.58,10.980
338.59,10.277
338.6,9.399
338.61,9.311
338.62,9.706
338.63,10.321
338.64,10.189
338.65,10.497
338.66,10.453
338.67,10.365
338.68,9.706
338.69,9.574
338.7,9.574
338.71,10.145
338.72,10.189
338.73,10.497
338.74,10.980
338.75,10.629
338.76,10.057
338.77,9.486
338.78,9.223
338.79,9.311
338.8,10.101
338.81,10.101
338.82,10.145
338.83,10.365
338.84,10.365
338.85,9.838
338.86,9.574
338.87,9.399
338.88,9.442
338.89,10.189
338.9,10.760
338.91,10.804
338.92,10.672
338.93,10.014
338.94,9.223
338.95,9.574
338.96,9.750
338.97,9.794
338.98,10.541
338.99,10.409
339,10.409
339.01,10.497
339.02,10.453
339.03,10.365
339.04,10.057
339.05,9.794
339.06,9.882
339.07,10.365
339.08,10.936
339.09,10.892
339.1,10.848
339.11,10.145
339.12,9.442
339.13,9.311
339.14,9.530
339.15,10.101
339.16,10.365
339.17,11.024
339.18,10.716
339.19,10.321
339.2,9.706
339.21,9.838
339.22,9.706
339.23,9.750
339.24,10.277
339.25,10.409
339.26,10.277
339.27,10.497
339.28,10.585
339.29,9.838
339.3,10.057
339.31,9.882
339.32,10.145
339.33,10.365
339.34,10.541
339.35,10.760
339.36,10.629
339.37,10.145
339.38,10.014
339.39,9.574
339.4,9.355
339.41,9.311
339.42,10.101
339.43,10.497
339.44,10.804
339.45,10.629
339.46,10.497
339.47,9.882
339.48,9.399
339.49,9.223
339.5,9.794
339.51,9.530
339.52,9.399
339.53,9.486
339.54,10.014
339.55,9.706
339.56,10.145
339.57,10.277
339.58,10.277
339.59,9.838
339.6,9.662
339.61,9.223
339.62,9.355
339.63,9.662
339.64,10.101
339.65,10.497
339.66,10.541
339.67,10.321
339.68,9.794
339.69,9.442
339.7,9.618
339.71,9.926
339.72,10.585
339.73,10.145
339.74,10.365
339.75,10.321
339.76,9.970
339.77,9.970
339.78,9.442
339.79,9.091
339.8,9.399
339.81,10.277
339.82,10.277
339.83,10.497
339.84,10.672
339.85,10.365
339.86,9.794
339.87,9.574
339.88,9.442
339.89,9.574
339.9,9.486
339.91,10.409
339.92,10.453
339.93,10.014
339.94,9.662
339.95,9.530
339.96,9.486
339.97,9.179
339.98,9.794
339.99,10.189
340,10.497
340.01,10.321
340.02,10.101
340.03,9.794
340.04,9.486
340.05,9.223
340.06,9.179
340.07,9.618
340.08,9.706
340.09,10.189
340.1,10.365
340.11,9.706
340.12,9.223
340.13,9.179
340.14,9.091
340.15,9.399
340.16,9.970
340.17,10.101
340.18,9.926
340.19,9.750
340.2,9.574
340.21,9.223
340.22,9.047
340.23,8.827
340.24,10.014
340.25,10.101
340.26,9.838
340.27,9.926
340.28,9.838
340.29,9.574
340.3,9.003
340.31,9.267
340.32,8.696
340.33,9.091
340.34,9.442
340.35,10.277
340.36,10.497
340.37,9.926
340.38,9.442
340.39,9.618
340.4,9.003
340.41,9.179
340.42,9.530
340.43,10.057
340.44,9.750
340.45,9.706
340.46,10.101
340.47,9.618
340.48,9.223
340.49,9.091
340.5,9.399
340.51,10.189
340.52,9.794
340.53,10.365
340.54,10.672
340.55,9.838
340.56,9.091
340.57,9.179
340.58,9.530
340.59,9.794
340.6,9.926
340.61,10.453
340.62,10.365
340.63,10.321
340.64,9.530
340.65,9.574
340.66,9.399
340.67,9.223
340.68,9.530
340.69,10.145
340.7,10.321
340.71,10.541
340.72,10.057
340.73,10.057
340.74,9.399
340.75,9.355
340.76,8.915
340.77,9.970
340.78,10.321
340.79,9.970
340.8,10.277
340.81,10.057
340.82,9.355
340.83,9.091
340.84,9.267
340.85,9.179
340.86,8.915
340.87,9.267
340.88,9.135
340.89,9.003
340.9,9.662
340.91,9.223
340.92,8.959
340.93,9.574
340.94,9.355
340.95,9.179
340.96,9.179
340.97,9.355
340.98,9.135
340.99,9.135
341,9.311
341.01,8.871
341.02,8.740
341.03,9.267
341.04,9.267
341.05,8.827
341.06,8.784
341.07,9.311
341.08,9.091
341.09,8.652
341.1,8.696
341.11,9.223
341.12,9.003
341.13,8.827
341.14,9.003
341.15,9.135
341.16,9.091
341.17,9.311
341.18,9.135
341.19,9.135
341.2,9.047
341.21,9.267
341.22,8.871
341.23,8.915
341.24,9.574
341.25,9.486
341.26,9.223
341.27,9.003
341.28,9.267
341.29,9.399
341.3,9.311
341.31,9.003
341.32,9.047
341.33,9.223
341.34,9.442
341.35,9.223
341.36,9.135
341.37,9.047
341.38,9.574
341.39,9.399
341.4,9.794
341.41,9.442
341.42,9.355
341.43,9.882
341.44,9.926
341.45,9.706
341.46,9.486
341.47,9.838
341.48,9.662
341.49,9.574
341.5,9.442
341.51,9.267
341.52,9.662
341.53,9.574
341.54,10.014
341.55,9.662
341.56,9.355
341.57,9.355
341.58,9.794
341.59,9.530
341.6,9.442
341.61,9.442
341.62,9.399
341.63,9.574
341.64,9.486
341.65,9.442
341.66,9.311
341.67,9.618
341.68,9.574
341.69,9.838
341.7,9.662
341.71,9.662
341.72,9.399
341.73,9.311
341.74,9.662
341.75,9.442
341.76,9.311
341.77,9.442
341.78,9.442
341.79,9.486
341.8,9.662
341.81,9.794
341.82,9.311
341.83,9.223
341.84,9.618
341.85,9.574
341.86,9.574
341.87,8.915
341.88,8.827
341.89,9.442
341.9,9.574
341.91,9.442
341.92,8.827
341.93,9.135
341.94,9.223
341.95,9.179
341.96,9.135
341.97,9.223
341.98,9.135
341.99,8.871
342,8.915
342.01,8.915
342.02,8.827
342.03,9.179
342.04,9.399
342.05,8.959
342.06,9.267
342.07,9.355
342.08,9.135
342.09,9.442
342.1,8.915
342.11,9.047
342.12,9.618
342.13,9.091
342.14,9.442
342.15,9.047
342.16,9.135
342.17,9.794
342.18,9.970
342.19,9.750
342.2,9.530
342.21,9.530
342.22,9.794
342.23,9.311
342.24,9.618
342.25,9.223
342.26,9.179
342.27,9.399
342.28,9.355
342.29,9.399
342.3,9.091
342.31,9.135
342.32,9.486
342.33,9.574
342.34,9.047
342.35,9.047
342.36,9.486
342.37,9.486
342.38,9.442
342.39,9.223
342.4,9.179
342.41,9.530
342.42,9.399
342.43,9.530
342.44,9.223
342.45,9.530
342.46,9.794
342.47,9.267
342.48,9.091
342.49,9.003
342.5,9.399
342.51,9.267
342.52,9.442
342.53,9.135
342.54,9.530
342.55,9.530
342.56,9.091
342.57,9.311
342.58,9.618
342.59,9.838
342.6,9.706
342.61,10.014
342.62,9.794
342.63,10.233
342.64,10.057
342.65,9.574
342.66,9.882
342.67,10.014
342.68,10.057
342.69,9.926
342.7,9.926
342.71,9.838
342.72,9.574
342.73,9.574
342.74,9.530
342.75,9.794
342.76,9.838
342.77,9.399
342.78,9.530
342.79,9.530
342.8,9.486
342.81,9.267
342.82,8.915
342.83,9.355
342.84,9.355
342.85,9.267
342.86,8.871
342.87,9.091
342.88,8.915
342.89,8.915
342.9,9.179
342.91,9.355
342.92,9.047
342.93,9.003
342.94,9.091
342.95,9.223
342.96,9.223
342.97,9.267
342.98,9.047
342.99,9.267
343,9.267
343.01,9.091
343.02,9.091
343.03,8.520
343.04,9.311
343.05,9.970
343.06,10.409
343.07,10.321
343.08,9.926
343.09,9.750
343.1,8.827
343.11,9.179
343.12,9.267
343.13,8.871
343.14,8.652
343.15,9.135
343.16,9.311
343.17,9.706
343.18,10.101
343.19,10.365
343.2,10.804
343.21,10.497
343.22,10.189
343.23,9.662
343.24,9.399
343.25,9.574
343.26,10.277
343.27,10.189
343.28,10.321
343.29,10.497
343.3,10.189
343.31,9.794
343.32,9.355
343.33,9.091
343.34,9.442
343.35,8.871
343.36,8.871
343.37,9.091
343.38,9.399
343.39,9.355
343.4,8.959
343.41,9.135
343.42,10.277
343.43,10.497
343.44,10.189
343.45,10.189
343.46,9.926
343.47,9.530
343.48,9.223
343.49,9.399
343.5,9.706
343.51,10.453
343.52,10.497
343.53,10.453
343.54,10.672
343.55,10.497
343.56,9.970
343.57,9.442
343.58,9.399
343.59,10.497
343.6,10.453
343.61,10.672
343.62,11.112
343.63,10.804
343.64,10.189
343.65,9.794
343.66,10.057
343.67,9.355
343.68,9.926
343.69,10.541
343.7,10.804
343.71,10.760
343.72,10.980
343.73,10.409
343.74,9.662
343.75,9.706
343.76,9.442
343.77,10.101
343.78,10.145
343.79,10.541
343.8,10.716
343.81,10.277
343.82,9.750
343.83,9.618
343.84,9.399
343.85,9.662
343.86,10.233
343.87,10.101
343.88,10.716
343.89,10.760
343.9,10.014
343.91,9.662
343.92,9.486
343.93,9.662
343.94,9.970
343.95,10.365
343.96,10.321
343.97,10.672
343.98,10.453
343.99,9.970
344,9.794
344.01,9.486
344.02,8.959
344.03,9.882
344.04,10.189
344.05,10.277
344.06,10.453
344.07,10.014
344.08,9.530
344.09,9.882
344.1,9.399
344.11,9.223
344.12,10.101
344.13,10.365
344.14,10.321
344.15,10.365
344.16,10.101
344.17,9.970
344.18,9.355
344.19,9.574
344.2,9.530
344.21,10.409
344.22,10.453
344.23,10.892
344.24,10.980
344.25,10.101
344.26,9.838
344.27,9.750
344.28,9.706
344.29,10.101
344.3,10.145
344.31,10.497
344.32,10.321
344.33,10.233
344.34,9.794
344.35,9.574
344.36,9.267
344.37,8.871
344.38,9.355
344.39,9.267
344.4,9.091
344.41,9.135
344.42,9.882
344.43,10.101
344.44,10.321
344.45,10.409
344.46,9.926
344.47,9.179
344.48,8.827
344.49,8.959
344.5,9.355
344.51,9.750
344.52,9.442
344.53,9.838
344.54,10.189
344.55,10.014
344.56,9.311
344.57,8.915
344.58,9.047
344.59,9.399
344.6,9.750
344.61,10.321
344.62,10.365
344.63,10.057
344.64,9.750
344.65,9.618
344.66,9.442
344.67,9.442
344.68,9.706
344.69,10.629
344.7,10.672
344.71,10.453
344.72,10.189
344.73,9.970
344.74,10.145
344.75,9.442
344.76,9.442
344.77,9.662
344.78,9.926
344.79,10.014
344.8,10.672
344.81,10.101
344.82,9.838
344.83,9.179
344.84,9.486
344.85,9.750
344.86,9.970
344.87,9.838
344.88,10.189
344.89,10.585
344.9,10.145
344.91,9.530
344.92,9.399
344.93,9.530
344.94,9.574
344.95,10.189
344.96,10.672
344.97,10.672
344.98,10.189
344.99,9.486
345,9.442
345.01,9.311
345.02,9.003
345.03,9.442
345.04,10.014
345.05,10.101
345.06,10.541
345.07,10.497
345.08,9.442
345.09,9.442
345.1,9.355
345.11,9.618
345.12,9.794
345.13,10.145
345.14,10.365
345.15,10.321
345.16,10.101
345.17,9.442
345.18,9.267
345.19,9.223
345.2,9.486
345.21,10.057
345.22,9.882
345.23,10.365
345.24,10.409
345.25,9.838
345.26,9.399
345.27,9.355
345.28,9.311
345.29,9.838
345.3,10.101
345.31,10.629
345.32,10.716
345.33,10.057
345.34,9.970
345.35,9.706
345.36,9.135
345.37,8.871
345.38,9.135
345.39,9.311
345.4,9.223
345.41,9.135
345.42,10.409
345.43,10.497
345.44,10.277
345.45,10.453
345.46,10.145
345.47,9.311
345.48,9.135
345.49,9.135
345.5,9.179
345.51,10.321
345.52,9.926
345.53,10.057
345.54,10.497
345.55,10.014
345.56,9.355
345.57,9.442
345.58,9.311
345.59,9.794
345.6,10.057
345.61,10.716
345.62,10.629
345.63,10.233
345.64,10.014
345.65,9.794
345.66,9.530
345.67,9.179
345.68,9.838
345.69,10.541
345.7,10.277
345.71,10.453
345.72,10.321
345.73,9.970
345.74,9.442
345.75,9.267
345.76,9.267
345.77,9.662
345.78,10.101
345.79,10.541
345.8,10.497
345.81,9.574
345.82,9.355
345.83,9.355
345.84,9.267
345.85,8.959
345.86,9.706
345.87,10.145
345.88,9.750
345.89,9.926
345.9,9.838
345.91,9.399
345.92,9.223
345.93,8.959
345.94,9.662
345.95,9.970
345.96,9.838
345.97,9.926
345.98,10.057
345.99,9.662
346,8.959
346.01,8.871
346.02,9.355
346.03,9.135
346.04,8.915
346.05,9.179
346.06,9.530
346.07,9.355
346.08,9.311
346.09,9.486
346.1,9.179
346.11,9.047
346.12,8.915
346.13,9.486
346.14,9.399
346.15,9.135
346.16,9.135
346.17,9.399
346.18,9.091
346.19,9.267
346.2,9.135
346.21,9.267
346.22,9.399
346.23,9.223
346.24,9.486
346.25,9.399
346.26,8.959
346.27,9.223
346.28,9.574
346.29,9.530
346.3,9.091
346.31,8.784
346.32,9.267
346.33,9.223
346.34,9.091
346.35,9.486
346.36,9.267
346.37,9.530
346.38,9.091
346.39,9.047
346.4,9.267
346.41,9.223
346.42,9.047
346.43,8.827
346.44,9.355
346.45,8.740
346.46,9.311
346.47,9.486
346.48,9.486
346.49,9.179
346.5,9.223
346.51,9.399
346.52,9.355
346.53,9.355
346.54,9.794
346.55,9.442
346.56,9.355
346.57,9.399
346.58,9.838
346.59,9.442
346.6,9.223
346.61,9.311
346.62,9.486
346.63,9.355
346.64,9.486
346.65,9.574
346.66,9.399
346.67,9.267
346.68,9.618
346.69,9.926
346.7,9.530
346.71,9.179
346.72,9.047
346.73,9.838
346.74,9.574
346.75,9.399
346.76,9.574
346.77,9.970
346.78,9.706
346.79,9.223
346.8,9.574
346.81,9.530
346.82,9.267
346.83,9.003
346.84,9.574
346.85,9.267
346.86,9.223
346.87,9.486
346.88,9.530
346.89,9.135
346.9,9.399
346.91,9.662
346.92,9.399
346.93,9.574
346.94,9.486
346.95,9.223
346.96,9.530
346.97,9.926
346.98,9.267
346.99,9.135
347,9.618
347.01,9.882
347.02,9.486
347.03,9.574
347.04,9.882
347.05,9.442
347.06,9.442
347.07,9.838
347.08,9.618
347.09,9.399
347.1,9.706
347.11,9.882
347.12,9.838
347.13,9.442
347.14,9.838
347.15,9.794
347.16,9.355
347.17,9.355
347.18,9.794
347.19,9.794
347.2,9.267
347.21,9.618
347.22,9.442
347.23,9.311
347.24,9.662
347.25,9.442
347.26,9.223
347.27,9.486
347.28,9.486
347.29,9.355
347.3,9.442
347.31,9.399
347.32,9.223
347.33,9.618
347.34,9.267
347.35,9.223
347.36,9.618
347.37,9.442
347.38,9.135
347.39,9.882
347.4,9.442
347.41,9.135
347.42,9.486
347.43,9.662
347.44,9.442
347.45,9.794
347.46,9.442
347.47,9.442
347.48,9.574
347.49,9.179
347.5,9.486
347.51,9.706
347.52,9.355
347.53,9.442
347.54,9.618
347.55,9.267
347.56,9.223
347.57,9.399
347.58,9.794
347.59,9.530
347.6,9.267
347.61,9.618
347.62,9.399
347.63,9.223
347.64,9.486
347.65,9.442
347.66,9.838
347.67,9.882
347.68,9.267
347.69,9.794
347.7,9.486
347.71,9.091
347.72,9.399
347.73,9.311
347.74,8.915
347.75,9.311
347.76,9.179
347.77,8.959
347.78,9.355
347.79,9.311
347.8,9.486
347.81,9.750
347.82,9.530
347.83,9.311
347.84,9.355
347.85,9.486
347.86,9.223
347.87,9.530
347.88,9.442
347.89,9.530
347.9,9.882
347.91,9.355
347.92,9.574
347.93,9.311
347.94,9.399
347.95,9.662
347.96,9.442
347.97,9.399
347.98,9.530
347.99,9.662
348,9.399
348.01,9.267
348.02,9.574
348.03,9.486
348.04,9.442
348.05,9.574
348.06,9.311
348.07,9.311
348.08,9.179
348.09,9.091
348.1,9.442
348.11,9.179
348.12,9.574
348.13,9.442
348.14,9.091
348.15,9.267
348.16,9.047
348.17,9.970
348.18,10.277
348.19,10.409
348.2,10.409
348.21,9.662
348.22,9.662
348.23,9.311
348.24,9.223
348.25,9.399
348.26,9.091
348.27,9.311
348.28,9.179
348.29,9.091
348.3,9.618
348.31,9.926
348.32,9.926
348.33,10.277
348.34,9.882
348.35,9.003
348.36,9.047
348.37,9.047
348.38,8.959
348.39,8.827
348.4,9.047
348.41,9.223
348.42,9.618
348.43,10.277
348.44,10.321
348.45,9.882
348.46,9.574
348.47,9.442
348.48,8.871
348.49,9.003
348.5,9.091
348.51,8.652
348.52,9.047
348.53,9.135
348.54,9.399
348.55,9.838
348.56,10.101
348.57,10.497
348.58,10.189
348.59,9.750
348.6,9.970
348.61,9.574
348.62,9.970
348.63,10.497
348.64,10.672
348.65,10.892
348.66,10.936
348.67,10.541
348.68,10.321
348.69,9.750
348.7,9.399
348.71,10.145
348.72,10.233
348.73,10.541
348.74,10.541
348.75,10.848
348.76,10.189
348.77,9.662
348.78,9.618
348.79,9.574
348.8,9.838
348.81,10.057
348.82,10.629
348.83,10.804
348.84,10.057
348.85,9.882
348.86,9.618
348.87,9.618
348.88,9.794
348.89,10.057
348.9,10.101
348.91,10.497
348.92,10.497
348.93,9.794
348.94,9.794
348.95,9.530
348.96,9.399
348.97,9.355
348.98,10.057
348.99,10.453
349,10.497
349.01,10.365
349.02,10.189
349.03,9.574
349.04,9.091
349.05,8.740
349.06,9.794
349.07,10.365
349.08,10.321
349.09,10.453
349.1,10.672
349.11,10.101
349.12,9.882
349.13,9.135
349.14,9.047
349.15,10.057
349.16,10.453
349.17,10.014
349.18,10.321
349.19,10.101
349.2,9.750
349.21,9.574
349.22,9.399
349.23,9.750
349.24,10.233
349.25,10.321
349.26,10.497
349.27,10.409
349.28,10.277
349.29,9.838
349.3,9.267
349.31,9.223
349.32,10.057
349.33,10.233
349.34,10.453
349.35,10.497
349.36,10.497
349.37,10.014
349.38,9.574
349.39,9.442
349.4,9.179
349.41,9.267
349.42,10.277
349.43,10.541
349.44,10.409
349.45,10.453
349.46,10.233
349.47,9.750
349.48,9.442
349.49,9.486
349.5,9.882
349.51,10.453
349.52,10.672
349.53,10.892
349.54,10.277
349.55,9.750
349.56,9.355
349.57,9.486
349.58,9.926
349.59,10.277
349.6,10.145
349.61,10.277
349.62,10.541
349.63,9.970
349.64,9.970
349.65,9.442
349.66,9.047
349.67,9.706
349.68,10.321
349.69,10.585
349.7,10.497
349.71,10.057
349.72,9.750
349.73,9.618
349.74,9.530
349.75,9.882
349.76,10.145
349.77,10.145
349.78,10.541
349.79,10.760
349.8,10.629
349.81,9.574
349.82,9.530
349.83,9.970
349.84,10.233
349.85,10.189
349.86,10.321
349.87,10.365
349.88,10.277
349.89,10.057
349.9,9.486
349.91,9.047
349.92,9.135
349.93,9.662
349.94,10.409
349.95,10.804
349.96,10.585
349.97,10.497
349.98,9.926
349.99,9.794
350,9.530
350.01,9.311
350.02,9.750
350.03,10.277
350.04,10.321
350.05,10.804
350.06,10.716
350.07,10.057
350.08,9.399
350.09,9.355
350.1,9.442
350.11,10.101
350.12,10.365
350.13,10.672
350.14,10.409
350.15,9.706
350.16,10.101
350.17,9.706
350.18,9.355
350.19,9.838
350.2,9.794
350.21,10.014
350.22,10.365
350.23,10.365
350.24,9.882
350.25,9.486
350.26,9.179
350.27,9.047
350.28,9.970
350.29,10.585
350.3,11.024
350.31,10.804
350.32,10.101
350.33,9.838
350.34,9.179
350.35,9.223
350.36,9.574
350.37,9.706
350.38,9.662
350.39,9.618
350.4,9.530
350.41,10.057
350.42,10.365
350.43,10.848
350.44,11.068
350.45,11.068
350.46,10.365
350.47,9.882
350.48,10.101
350.49,9.838
350.5,9.882
350.51,9.662
350.52,9.618
350.53,9.838
350.54,9.750
350.55,10.189
350.56,10.848
350.57,10.716
350.58,10.101
350.59,9.618
350.6,9.706
350.61,9.794
350.62,9.794
350.63,9.794
350.64,10.101
350.65,10.057
350.66,10.277
350.67,10.497
350.68,9.750
350.69,9.662
350.7,9.399
350.71,9.486
350.72,9.882
350.73,9.970
350.74,10.541
350.75,10.629
350.76,10.145
350.77,9.926
350.78,9.399
350.79,9.355
350.8,10.014
350.81,10.233
350.82,10.585
350.83,10.804
350.84,10.277
350.85,9.442
350.86,9.091
350.87,9.311
350.88,9.706
350.89,10.057
350.9,10.453
350.91,10.541
350.92,10.497
350.93,10.014
350.94,9.838
350.95,9.618
350.96,9.662
350.97,9.794
350.98,10.189
350.99,10.453
351,10.277
351.01,10.453
351.02,10.321
351.03,9.838
351.04,9.442
351.05,9.442
351.06,9.706
351.07,9.926
351.08,10.365
351.09,10.848
351.1,10.585
351.11,10.101
351.12,9.442
351.13,8.915
351.14,9.399
351.15,9.838
351.16,9.706
351.17,9.442
351.18,9.442
351.19,9.486
351.2,9.267
351.21,9.267
351.22,9.355
351.23,9.530
351.24,9.442
351.25,9.355
351.26,9.399
351.27,9.618
351.28,9.355
351.29,9.662
351.3,9.047
351.31,9.003
351.32,9.662
351.33,9.926
351.34,9.706
351.35,9.355
351.36,9.267
351.37,9.399
351.38,9.794
351.39,9.442
351.4,9.442
351.41,9.311
351.42,9.399
351.43,9.311
351.44,9.442
351.45,9.486
351.46,9.618
351.47,9.838
351.48,9.882
351.49,9.530
351.5,9.355
351.51,9.618
351.52,9.530
351.53,9.486
351.54,9.267
351.55,9.223
351.56,9.662
351.57,9.399
351.58,9.311
351.59,9.486
351.6,9.618
351.61,9.662
351.62,10.014
351.63,9.838
351.64,9.662
351.65,10.277
351.66,9.662
351.67,9.179
351.68,9.399
351.69,9.926
351.7,10.145
351.71,9.926
351.72,9.794
351.73,9.399
351.74,9.399
351.75,9.838
351.76,9.442
351.77,9.399
351.78,9.750
351.79,9.311
351.8,9.574
351.81,9.442
351.82,9.267
351.83,9.926
351.84,9.926
351.85,9.311
351.86,9.574
351.87,9.662
351.88,9.442
351.89,9.267
351.9,10.057
351.91,9.926
351.92,9.662
351.93,9.530
351.94,9.750
351.95,9.574
351.96,9.223
351.97,9.794
351.98,9.311
351.99,9.662
352,9.970
352.01,9.662
352.02,9.662
352.03,9.355
352.04,9.223
352.05,10.145
352.06,9.530
352.07,9.355
352.08,9.311
352.09,9.442
352.1,9.662
352.11,9.662
352.12,9.442
352.13,9.442
352.14,9.442
352.15,9.267
352.16,9.442
352.17,9.223
352.18,9.486
352.19,9.442
352.2,9.267
352.21,9.267
352.22,9.047
352.23,9.355
352.24,9.399
352.25,9.223
352.26,9.618
352.27,9.311
352.28,9.706
352.29,9.442
352.3,9.311
352.31,9.574
352.32,9.223
352.33,9.223
352.34,9.399
352.35,9.003
352.36,9.311
352.37,9.091
352.38,9.223
352.39,9.486
352.4,9.355
352.41,9.662
352.42,9.574
352.43,9.003
352.44,9.486
352.45,9.311
352.46,9.794
352.47,9.530
352.48,9.047
352.49,9.442
352.5,9.399
352.51,9.267
352.52,9.442
352.53,9.750
352.54,9.574
352.55,9.442
352.56,9.662
352.57,9.530
352.58,9.267
352.59,9.399
352.6,9.530
352.61,9.355
352.62,9.355
352.63,9.267
352.64,9.267
352.65,9.179
352.66,9.442
352.67,9.179
352.68,9.311
352.69,9.442
352.7,9.486
352.71,9.223
352.72,9.442
352.73,9.618
352.74,9.091
352.75,9.091
352.76,9.135
352.77,9.091
352.78,9.223
352.79,9.135
352.8,9.003
352.81,8.915
352.82,9.091
352.83,9.091
352.84,8.827
352.85,8.784
352.86,9.355
352.87,9.355
352.88,8.915
352.89,9.311
352.9,9.442
352.91,9.486
352.92,9.486
352.93,9.003
352.94,9.179
352.95,9.047
352.96,8.652
352.97,9.399
352.98,9.530
352.99,9.135
353,9.223
353.01,9.442
353.02,9.618
353.03,9.618
353.04,9.355
353.05,9.135
353.06,9.355
353.07,9.574
353.08,9.399
353.09,9.267
353.1,9.442
353.11,9.135
353.12,9.399
353.13,9.750
353.14,9.267
353.15,9.179
353.16,9.355
353.17,9.574
353.18,8.827
353.19,9.223
353.2,9.486
353.21,9.267
353.22,9.091
353.23,9.618
353.24,9.618
353.25,9.047
353.26,10.585
353.27,10.365
353.28,10.453
353.29,10.541
353.3,10.409
353.31,10.057
353.32,9.574
353.33,9.486
353.34,9.003
353.35,9.706
353.36,9.355
353.37,9.442
353.38,9.618
353.39,8.915
353.4,9.223
353.41,9.574
353.42,10.101
353.43,9.926
353.44,10.497
353.45,10.497
353.46,9.926
353.47,9.399
353.48,9.882
353.49,9.399
353.5,9.838
353.51,10.409
353.52,10.365
353.53,10.453
353.54,10.277
353.55,9.838
353.56,9.311
353.57,8.915
353.58,9.223
353.59,9.970
353.6,9.926
353.61,10.233
353.62,10.321
353.63,9.706
353.64,9.486
353.65,9.486
353.66,9.399
353.67,9.882
353.68,10.321
353.69,10.145
353.7,10.541
353.71,10.672
353.72,10.189
353.73,9.662
353.74,9.750
353.75,9.311
353.76,9.750
353.77,10.453
353.78,10.629
353.79,10.321
353.8,10.541
353.81,10.189
353.82,9.355
353.83,9.882
353.84,9.574
353.85,9.355
353.86,10.321
353.87,10.848
353.88,10.453
353.89,10.189
353.9,10.189
353.91,9.618
353.92,9.091
353.93,9.486
353.94,10.189
353.95,10.409
353.96,10.189
353.97,10.760
353.98,10.189
353.99,9.530
354,9.794
354.01,9.926
354.02,9.970
354.03,10.497
354.04,10.848
354.05,11.156
354.06,10.716
354.07,10.585
354.08,9.882
354.09,9.530
354.1,9.662
354.11,10.233
354.12,10.233
354.13,10.277
354.14,10.629
354.15,10.101
354.16,10.101
354.17,9.882
354.18,9.399
354.19,9.311
354.2,10.233
354.21,10.497
354.22,10.497
354.23,10.672
354.24,10.541
354.25,9.882
354.26,9.530
354.27,9.882
354.28,10.101
354.29,10.497
354.3,10.716
354.31,10.672
354.32,10.804
354.33,10.409
354.34,9.750
354.35,9.355
354.36,9.355
354.37,9.574
354.38,9.311
354.39,9.047
354.4,9.355
354.41,9.970
354.42,10.233
354.43,10.189
354.44,10.365
354.45,10.585
354.46,9.970
354.47,9.574
354.48,9.618
354.49,9.355
354.5,9.399
354.51,9.794
354.52,10.497
354.53,10.629
354.54,10.145
354.55,9.530
354.56,9.311
354.57,9.311
354.58,8.959
354.59,9.794
354.6,10.453
354.61,10.497
354.62,10.497
354.63,10.541
354.64,10.409
354.65,9.399
354.66,9.706
354.67,9.530
354.68,9.574
354.69,9.970
354.7,10.321
354.71,10.848
354.72,10.804
354.73,9.794
354.74,10.057
354.75,9.750
354.76,9.662
354.77,9.926
354.78,10.409
354.79,10.716
354.8,10.716
354.81,10.321
354.82,10.057
354.83,9.399
354.84,9.442
354.85,9.486
354.86,9.926
354.87,10.585
354.88,10.760
354.89,10.277
354.9,10.277
354.91,10.057
354.92,9.442
354.93,9.750
354.94,10.365
354.95,10.497
354.96,10.541
354.97,10.980
354.98,10.629
354.99,10.409
355,9.926
355.01,9.794
355.02,10.014
355.03,10.057
355.04,10.585
355.05,10.453
355.06,10.936
355.07,10.541
355.08,9.486
355.09,9.442
355.1,9.662
355.11,10.145
355.12,10.101
355.13,10.585
355.14,10.585
355.15,10.277
355.16,9.750
355.17,10.057
355.18,9.926
355.19,9.530
355.2,9.442
355.21,10.233
355.22,10.365
355.23,10.716
355.24,10.277
355.25,9.838
355.26,9.750
355.27,9.794
355.28,9.706
355.29,9.442
355.3,9.926
355.31,10.277
355.32,10.672
355.33,10.409
355.34,9.750
355.35,10.014
355.36,9.838
355.37,9.574
355.38,9.179
355.39,9.091
355.4,9.486
355.41,9.750
355.42,10.321
355.43,10.321
355.44,10.277
355.45,10.365
355.46,10.409
355.47,9.838
355.48,9.223
355.49,9.003
355.5,9.530
355.51,10.145
355.52,10.321
355.53,10.277
355.54,10.189
355.55,9.838
355.56,9.838
355.57,9.355
355.58,9.047
355.59,9.355
355.6,9.574
355.61,10.321
355.62,10.409
355.63,10.057
355.64,9.442
355.65,9.223
355.66,9.355
355.67,9.091
355.68,9.442
355.69,9.926
355.7,10.321
355.71,10.365
355.72,10.145
355.73,9.706
355.74,9.442
355.75,9.091
355.76,9.003
355.77,9.574
355.78,10.145
355.79,10.497
355.8,10.189
355.81,9.618
355.82,9.399
355.83,9.311
355.84,8.959
355.85,9.355
355.86,9.882
355.87,9.926
355.88,9.706
355.89,10.145
355.9,9.926
355.91,9.618
355.92,9.311
355.93,8.959
355.94,9.003
355.95,9.838
355.96,10.189
355.97,9.838
355.98,9.838
355.99,9.794
356,9.706
356.01,9.442
356.02,9.574
356.03,10.057
356.04,10.497
356.05,10.233
356.06,10.585
356.07,10.321
356.08,9.574
356.09,9.399
356.1,9.574
356.11,9.662
356.12,10.321
356.13,10.233
356.14,10.189
356.15,10.365
356.16,9.926
356.17,9.574
356.18,9.047
356.19,9.003
356.2,9.530
356.21,9.223
356.22,8.827
356.23,8.959
356.24,9.267
356.25,9.926
356.26,9.486
356.27,9.135
356.28,8.827
356.29,9.530
356.3,9.794
356.31,9.399
356.32,9.091
356.33,8.696
356.34,9.003
356.35,9.399
356.36,9.047
356.37,9.135
356.38,9.311
356.39,9.091
356.4,8.608
356.41,9.355
356.42,9.267
356.43,8.827
356.44,9.047
356.45,9.091
356.46,8.740
356.47,8.827
356.48,8.959
356.49,9.091
356.5,9.047
356.51,9.223
356.52,9.091
356.53,8.784
356.54,9.047
356.55,9.003
356.56,8.871
356.57,9.223
356.58,9.267
356.59,8.959
356.6,9.267
356.61,9.530
356.62,9.135
356.63,9.091
356.64,9.091
356.65,9.574
356.66,9.486
356.67,9.311
356.68,8.959
356.69,9.223
356.7,9.574
356.71,9.223
356.72,9.223
356.73,9.047
356.74,8.871
356.75,9.442
356.76,9.223
356.77,9.267
356.78,9.091
356.79,9.047
356.8,9.135
356.81,9.003
356.82,8.564
356.83,8.564
356.84,8.784
356.85,9.267
356.86,8.959
356.87,8.652
356.88,8.871
356.89,9.047
356.9,9.442
356.91,9.267
356.92,8.696
356.93,9.135
356.94,9.267
356.95,9.135
356.96,9.135
356.97,8.740
356.98,9.355
356.99,9.223
357,9.926
357.01,9.442
357.02,9.267
357.03,9.311
357.04,9.486
357.05,9.355
357.06,9.618
357.07,9.267
357.08,9.442
357.09,9.794
357.1,9.486
357.11,9.135
357.12,9.311
357.13,9.267
357.14,9.399
357.15,9.355
357.16,9.135
357.17,8.827
357.18,8.827
357.19,9.091
357.2,9.618
357.21,9.311
357.22,9.267
357.23,8.915
357.24,9.047
357.25,9.179
357.26,9.135
357.27,9.442
357.28,9.135
357.29,8.915
357.3,9.442
357.31,9.486
357.32,9.530
357.33,9.574
357.34,9.442
357.35,9.091
357.36,9.530
357.37,9.574
357.38,9.706
357.39,9.794
357.4,9.267
357.41,9.267
357.42,9.486
357.43,9.794
357.44,10.189
357.45,9.926
357.46,9.618
357.47,9.574
357.48,9.442
357.49,9.970
357.5,9.706
357.51,9.838
357.52,9.486
357.53,9.135
357.54,8.915
357.55,8.959
357.56,9.267
357.57,9.267
357.58,9.179
357.59,9.047
357.6,9.047
357.61,8.915
357.62,9.530
357.63,9.223
357.64,8.915
357.65,9.223
357.66,9.179
357.67,9.047
357.68,9.003
357.69,9.223
357.7,9.223
357.71,9.047
357.72,9.135
357.73,9.179
357.74,8.871
357.75,9.047
357.76,9.574
357.77,9.399
357.78,9.311
357.79,8.959
357.8,8.959
357.81,9.267
357.82,8.959
357.83,9.223
357.84,9.223
357.85,9.311
357.86,9.618
357.87,9.267
357.88,9.223
357.89,9.486
357.9,9.618
357.91,9.574
357.92,9.618
357.93,9.750
357.94,9.399
357.95,9.267
357.96,9.355
357.97,9.223
357.98,9.530
357.99,10.057
358,9.838
358.01,9.530
358.02,9.618
358.03,9.399
358.04,9.135
358.05,9.047
358.06,8.915
358.07,9.003
358.08,9.574
358.09,9.794
358.1,9.530
358.11,9.223
358.12,8.915
358.13,9.355
358.14,9.223
358.15,9.399
358.16,9.574
358.17,9.486
358.18,9.267
358.19,9.003
358.2,9.091
358.21,9.179
358.22,9.267
358.23,9.267
358.24,9.442
358.25,9.267
358.26,9.179
358.27,8.871
358.28,9.442
358.29,9.311
358.3,9.179
358.31,9.442
358.32,9.442
358.33,9.399
358.34,8.784
358.35,9.003
358.36,9.135
358.37,9.399
358.38,9.223
358.39,9.267
358.4,9.179
358.41,9.091
358.42,9.662
358.43,10.497
358.44,9.750
358.45,10.014
358.46,9.970
358.47,9.179
358.48,9.179
358.49,9.135
358.5,9.267
358.51,9.574
358.52,10.057
358.53,10.716
358.54,10.629
358.55,10.101
358.56,9.486
358.57,9.399
358.58,9.179
358.59,9.311
358.6,9.882
358.61,10.321
358.62,10.497
358.63,10.672
358.64,10.101
358.65,9.662
358.66,9.442
358.67,9.091
358.68,9.486
358.69,9.750
358.7,9.882
358.71,10.409
358.72,10.409
358.73,9.838
358.74,9.750
358.75,9.442
358.76,9.091
358.77,9.355
358.78,10.321
358.79,10.672
358.8,10.497
358.81,10.014
358.82,9.970
358.83,9.442
358.84,8.784
358.85,9.399
358.86,10.057
358.87,10.233
358.88,10.365
358.89,10.233
358.9,9.706
358.91,9.794
358.92,9.574
358.93,8.784
358.94,9.530
358.95,10.233
358.96,10.409
358.97,10.629
358.98,10.189
358.99,10.101
359,9.838
359.01,9.618
359.02,9.618
359.03,10.014
359.04,10.233
359.05,10.453
359.06,10.321
359.07,10.057
359.08,9.794
359.09,9.399
359.1,9.662
359.11,9.750
359.12,10.145
359.13,10.585
359.14,10.804
359.15,10.277
359.16,10.101
359.17,10.057
359.18,9.442
359.19,9.662
359.2,9.970
359.21,10.233
359.22,10.585
359.23,10.804
359.24,10.409
359.25,10.365
359.26,9.926
359.27,9.399
359.28,9.399
359.29,9.926
359.3,10.453
359.31,10.365
359.32,10.453
359.33,10.497
359.34,9.662
359.35,9.355
359.36,9.399
359.37,9.574
359.38,9.091
359.39,8.871
359.4,9.179
359.41,9.486
359.42,10.014
359.43,10.189
359.44,10.409
359.45,10.409
359.46,9.574
359.47,9.486
359.48,9.267
359.49,9.003
359.5,9.311
359.51,9.926
359.52,10.101
359.53,10.277
359.54,10.189
359.55,9.750
359.56,9.223
359.57,9.355
359.58,9.267
359.59,9.442
359.6,9.794
359.61,10.321
359.62,10.365
359.63,10.057
359.64,10.057
359.65,9.794
359.66,9.223
359.67,9.179
359.68,9.970
359.69,10.057
359.7,10.277
359.71,10.277
359.72,10.848
359.73,10.409
359.74,9.486
359.75,9.442
359.76,9.662
359.77,10.233
359.78,10.233
359.79,10.233
359.8,10.453
359.81,10.672
359.82,10.057
359.83,9.486
359.84,9.530
359.85,9.486
359.86,10.233
359.87,10.277
359.88,10.541
359.89,10.672
359.9,10.057
359.91,9.223
359.92,9.179
359.93,9.047
359.94,9.442
359.95,9.706
359.96,9.750
359.97,10.365
359.98,10.453
359.99,9.838
360,9.399
360.01,9.223
360.02,9.267
360.03,9.970
360.04,10.541
360.05,10.409
360.06,10.409
360.07,10.101
360.08,10.014
360.09,9.794
360.1,9.442
360.11,9.486
360.12,10.101
360.13,10.585
360.14,10.672
360.15,10.716
360.16,10.057
360.17,9.223
360.18,9.311
360.19,9.442
360.2,9.882
360.21,9.970
360.22,10.409
360.23,10.892
360.24,10.804
360.25,10.365
360.26,9.794
360.27,9.662
360.28,9.706
360.29,9.794
360.3,10.365
360.31,10.497
360.32,10.541
360.33,10.497
360.34,9.926
360.35,9.442
360.36,9.091
360.37,9.355
360.38,9.442
360.39,9.618
360.4,9.179
360.41,9.267
360.42,9.706
360.43,10.453
360.44,11.024
360.45,10.497
360.46,9.970
360.47,9.662
360.48,9.574
360.49,9.355
360.5,9.399
360.51,9.662
360.52,10.057
360.53,10.277
360.54,10.497
360.55,9.926
360.56,9.442
360.57,9.223
360.58,9.267
360.59,9.399
360.6,10.365
360.61,10.365
360.62,10.541
360.63,10.453
360.64,10.014
360.65,9.267
360.66,9.399
360.67,9.267
360.68,9.486
360.69,10.101
360.7,10.760
360.71,10.453
360.72,10.321
360.73,9.662
360.74,9.574
360.75,9.486
360.76,9.442
360.77,9.399
360.78,10.233
360.79,10.409
360.8,10.233
360.81,9.970
360.82,9.750
360.83,9.530
360.84,9.091
360.85,9.223
360.86,9.838
360.87,10.233
360.88,10.014
360.89,10.233
360.9,10.409
360.91,9.662
360.92,9.223
360.93,9.223
360.94,9.926
360.95,10.321
360.96,10.409
360.97,10.057
360.98,10.541
360.99,10.189
361,9.882
361.01,9.311
361.02,9.794
361.03,10.189
361.04,10.892
361.05,10.321
361.06,10.716
361.07,10.365
361.08,10.014
361.09,9.662
361.1,9.179
361.11,9.574
361.12,10.453
361.13,10.497
361.14,10.541
361.15,10.233
361.16,10.014
361.17,9.970
361.18,9.223
361.19,8.827
361.2,9.486
361.21,9.882
361.22,10.101
361.23,9.794
361.24,9.970
361.25,9.970
361.26,9.618
361.27,9.311
361.28,8.915
361.29,9.179
361.3,9.399
361.31,9.486
361.32,9.135
361.33,9.003
361.34,9.311
361.35,9.574
361.36,9.574
361.37,9.267
361.38,9.311
361.39,9.399
361.4,9.267
361.41,9.530
361.42,9.618
361.43,9.179
361.44,9.355
361.45,9.794
361.46,9.662
361.47,9.530
361.48,9.355
361.49,9.399
361.5,9.486
361.51,9.574
361.52,9.574
361.53,9.399
361.54,9.486
361.55,9.486
361.56,9.486
361.57,9.135
361.58,9.267
361.59,9.311
361.6,9.662
361.61,9.311
361.62,9.618
361.63,9.926
361.64,9.794
361.65,9.574
361.66,9.926
361.67,10.277
361.68,9.618
361.69,9.662
361.7,10.145
361.71,10.014
361.72,10.014
361.73,9.838
361.74,9.970
361.75,9.838
361.76,9.794
361.77,9.926
361.78,9.750
361.79,9.486
361.8,9.399
361.81,9.706
361.82,9.706
361.83,9.574
361.84,9.662
361.85,9.882
361.86,9.574
361.87,9.399
361.88,9.442
361.89,9.267
361.9,9.223
361.91,9.486
361.92,9.135
361.93,9.399
361.94,9.442
361.95,9.618
361.96,9.047
361.97,8.959
361.98,9.311
361.99,9.311
362,9.442
362.01,9.003
362.02,9.223
362.03,9.486
362.04,9.399
362.05,9.047
362.06,9.135
362.07,9.091
362.08,9.267
362.09,9.267
362.1,9.574
362.11,9.355
362.12,9.442
362.13,9.355
362.14,9.311
362.15,9.355
362.16,9.355
362.17,9.135
362.18,9.047
362.19,9.355
362.2,9.750
362.21,9.399
362.22,9.135
362.23,9.355
362.24,9.970
362.25,9.662
362.26,9.530
362.27,9.267
362.28,9.574
362.29,9.750
362.3,9.442
362.31,9.838
362.32,9.750
362.33,9.706
362.34,9.574
362.35,9.706
362.36,9.399
362.37,9.311
362.38,9.530
362.39,9.399
362.4,9.179
362.41,9.223
362.42,8.871
362.43,9.267
362.44,9.794
362.45,9.355
362.46,9.530
362.47,9.311
362.48,9.223
362.49,9.618
362.5,9.442
362.51,9.662
362.52,9.486
362.53,9.091
362.54,9.618
362.55,9.355
362.56,9.399
362.57,9.355
362.58,9.486
362.59,9.618
362.6,9.662
362.61,9.618
362.62,9.047
362.63,9.223
362.64,9.750
362.65,9.838
362.66,9.530
362.67,9.091
362.68,9.530
362.69,9.311
362.7,9.267
362.71,9.091
362.72,9.530
362.73,9.091
362.74,9.267
362.75,8.959
362.76,9.179
362.77,9.135
362.78,9.530
362.79,9.486
362.8,9.003
362.81,8.915
362.82,9.442
362.83,9.135
362.84,9.399
362.85,9.091
362.86,9.442
362.87,9.618
362.88,9.486
362.89,9.091
362.9,9.091
362.91,9.399
362.92,9.838
362.93,9.486
362.94,9.486
362.95,9.267
362.96,9.399
362.97,9.091
362.98,9.355
362.99,9.442
363,9.442
363.01,9.223
363.02,9.091
363.03,9.091
363.04,9.662
363.05,9.399
363.06,9.442
363.07,8.959
363.08,9.091
363.09,9.618
363.1,9.530
363.11,9.706
363.12,9.267
363.13,9.223
363.14,9.530
363.15,9.355
363.16,9.530
363.17,9.442
363.18,9.399
363.19,9.223
363.2,8.827
363.21,9.355
363.22,9.662
363.23,9.618
363.24,9.223
363.25,9.091
363.26,9.530
363.27,9.662
363.28,9.574
363.29,9.442
363.3,9.442
363.31,9.750
363.32,9.442
363.33,9.355
363.34,9.662
363.35,10.101
363.36,9.794
363.37,9.486
363.38,9.223
363.39,9.442
363.4,9.486
363.41,9.530
363.42,9.442
363.43,9.267
363.44,9.530
363.45,9.355
363.46,9.486
363.47,9.355
363.48,9.223
363.49,9.618
363.5,9.706
363.51,9.926
363.52,10.409
363.53,10.365
363.54,10.497
363.55,10.365
363.56,9.750
363.57,9.355
363.58,9.267
363.59,9.223
363.6,10.233
363.61,10.541
363.62,10.804
363.63,10.672
363.64,10.014
363.65,9.618
363.66,9.618
363.67,9.574
363.68,9.794
363.69,10.189
363.7,10.585
363.71,10.672
363.72,10.277
363.73,10.057
363.74,9.662
363.75,9.399
363.76,9.442
363.77,10.145
363.78,10.189
363.79,10.321
363.8,10.321
363.81,10.057
363.82,9.882
363.83,9.618
363.84,9.530
363.85,9.574
363.86,10.497
363.87,10.892
363.88,10.848
363.89,10.672
363.9,10.321
363.91,9.926
363.92,9.970
363.93,9.838
363.94,9.882
363.95,10.672
363.96,10.629
363.97,10.848
363.98,10.716
363.99,9.970
364,9.486
364.01,9.399
364.02,9.882
364.03,10.014
364.04,10.409
364.05,10.629
364.06,10.629
364.07,10.497
364.08,9.970
364.09,9.662
364.1,8.871
364.11,9.399
364.12,10.189
364.13,10.409
364.14,10.541
364.15,10.233
364.16,9.706
364.17,9.486
364.18,9.530
364.19,9.179
364.2,9.223
364.21,10.014
364.22,10.497
364.23,10.936
364.24,10.629
364.25,9.618
364.26,9.267
364.27,9.267
364.28,9.706
364.29,9.794
364.3,10.189
364.31,10.189
364.32,10.541
364.33,10.497
364.34,10.101
364.35,9.530
364.36,9.355
364.37,9.530
364.38,9.223
364.39,9.399
364.4,9.355
364.41,9.179
364.42,9.882
364.43,10.629
364.44,10.672
364.45,10.277
364.46,9.926
364.47,10.145
364.48,9.838
364.49,9.486
364.5,9.486
364.51,9.882
364.52,10.189
364.53,10.716
364.54,10.541
364.55,10.321
364.56,9.399
364.57,9.267
364.58,9.399
364.59,9.750
364.6,10.101
364.61,10.365
364.62,10.629
364.63,10.716
364.64,9.794
364.65,9.179
364.66,9.223
364.67,9.267
364.68,9.442
364.69,9.618
364.7,10.453
364.71,10.497
364.72,10.233
364.73,9.926
364.74,9.750
364.75,9.355
364.76,9.047
364.77,9.662
364.78,10.057
364.79,10.716
364.8,10.716
364.81,10.409
364.82,9.926
364.83,9.882
364.84,9.706
364.85,9.530
364.86,9.926
364.87,10.760
364.88,10.716
364.89,10.629
364.9,10.277
364.91,9.882
364.92,9.970
364.93,9.750
364.94,10.145
364.95,10.365
364.96,10.409
364.97,10.848
364.98,10.629
364.99,10.321
365,9.882
365.01,9.574
365.02,9.399
365.03,10.409
365.04,10.541
365.05,10.541
365.06,10.804
365.07,10.101
365.08,9.135
365.09,9.047
365.1,9.223
365.11,9.926
365.12,10.716
365.13,10.629
365.14,10.760
365.15,10.321
365.16,9.882
365.17,9.530
365.18,9.618
365.19,9.794
365.2,10.101
365.21,10.541
365.22,10.409
365.23,10.321
365.24,10.365
365.25,10.014
365.26,10.189
365.27,9.530
365.28,9.618
365.29,10.277
365.3,10.585
365.31,10.760
365.32,11.112
365.33,10.848
365.34,10.057
365.35,9.926
365.36,9.706
365.37,9.794
365.38,9.355
365.39,9.662
365.4,9.530
365.41,9.530
365.42,10.189
365.43,10.189
365.44,10.409
365.45,10.716
365.46,10.145
365.47,9.355
365.48,9.179
365.49,9.267
365.5,9.618
365.51,10.014
365.52,10.145
365.53,10.277
365.54,9.750
365.55,9.442
365.56,9.399
365.57,9.355
365.58,9.618
365.59,9.750
365.6,10.321
365.61,10.365
365.62,10.453
365.63,10.233
365.64,9.530
365.65,9.091
365.66,9.355
365.67,9.223
365.68,9.179
365.69,10.189
365.7,10.233
365.71,10.189
365.72,10.497
365.73,10.101
365.74,9.618
365.75,8.784
365.76,9.355
365.77,9.706
365.78,10.014
365.79,10.014
365.8,10.672
365.81,10.321
365.82,9.267
365.83,8.915
365.84,9.047
365.85,9.574
365.86,9.618
365.87,9.530
365.88,10.321
365.89,10.057
365.9,9.882
365.91,9.486
365.92,8.959
365.93,9.179
365.94,9.442
365.95,10.101
365.96,10.321
365.97,10.497
365.98,9.838
365.99,9.838
366,9.574
366.01,9.355
366.02,9.135
366.03,10.014
366.04,10.057
366.05,10.101
366.06,10.453
366.07,10.057
366.08,9.530
366.09,9.399
366.1,9.486
366.11,9.486
366.12,9.882
366.13,10.145
366.14,10.365
366.15,10.277
366.16,10.101
366.17,9.882
366.18,9.355
366.19,9.530
366.2,9.750
366.21,9.926
366.22,9.794
366.23,10.848
366.24,10.672
366.25,9.838
366.26,9.794
366.27,9.618
366.28,9.355
366.29,9.355
366.3,10.233
366.31,10.101
366.32,10.057
366.33,10.233
366.34,9.882
366.35,9.223
366.36,9.003
366.37,9.355
366.38,9.047
366.39,9.442
366.4,9.223
366.41,9.003
366.42,9.486
366.43,9.574
366.44,9.267
366.45,8.959
366.46,9.223
366.47,9.574
366.48,9.355
366.49,9.399
366.5,9.223
366.51,9.574
366.52,9.662
366.53,9.179
366.54,9.267
366.55,9.399
366.56,9.662
366.57,9.091
366.58,9.003
366.59,9.794
366.6,9.442
366.61,9.399
366.62,9.047
366.63,9.091
366.64,9.267
366.65,9.311
366.66,9.223
366.67,9.091
366.68,9.311
366.69,9.486
366.7,9.794
366.71,9.311
366.72,9.179
366.73,9.223
366.74,9.706
366.75,9.662
366.76,9.135
366.77,9.267
366.78,9.311
366.79,9.399
366.8,9.399
366.81,9.179
366.82,9.223
366.83,9.574
366.84,9.442
366.85,9.442
366.86,9.311
366.87,9.355
366.88,9.618
366.89,9.399
366.9,9.574
366.91,9.091
366.92,9.442
366.93,9.091
366.94,9.399
366.95,9.442
366.96,8.959
366.97,9.355
366.98,9.882
366.99,9.618
367,9.399
367.01,9.267
367.02,9.662
367.03,9.486
367.04,9.442
367.05,9.135
367.06,8.915
367.07,9.355
367.08,9.135
367.09,9.047
367.1,9.486
367.11,9.267
367.12,9.179
367.13,9.530
367.14,9.442
367.15,9.442
367.16,9.267
367.17,8.959
367.18,9.662
367.19,10.145
367.2,9.970
367.21,9.530
367.22,9.442
367.23,9.618
367.24,9.970
367.25,9.706
367.26,9.574
367.27,9.047
367.28,9.223
367.29,9.794
367.3,9.618
367.31,9.530
367.32,9.399
367.33,9.135
367.34,9.486
367.35,9.838
367.36,9.442
367.37,9.618
367.38,9.311
367.39,9.135
367.4,9.311
367.41,9.750
367.42,9.399
367.43,9.223
367.44,9.355
367.45,9.486
367.46,9.662
367.47,9.618
367.48,8.959
367.49,8.784
367.5,9.223
367.51,9.574
367.52,9.223
367.53,8.959
367.54,9.311
367.55,9.574
367.56,9.311
367.57,9.047
367.58,9.135
367.59,9.223
367.6,9.399
367.61,9.486
367.62,9.399
367.63,9.574
367.64,9.442
367.65,9.179
367.66,9.267
367.67,9.530
367.68,9.618
367.69,9.442
367.7,9.355
367.71,9.530
367.72,9.399
367.73,9.399
367.74,9.399
367.75,9.618
367.76,9.399
367.77,9.179
367.78,9.706
367.79,9.355
367.8,9.486
367.81,9.442
367.82,9.267
367.83,9.223
367.84,9.311
367.85,9.135
367.86,9.355
367.87,9.311
367.88,9.355
367.89,9.618
367.9,9.355
367.91,9.311
367.92,9.662
367.93,9.486
367.94,9.135
367.95,9.442
367.96,9.442
367.97,9.442
367.98,9.706
367.99,9.135
368,9.574
368.01,9.442
368.02,9.486
368.03,9.794
368.04,9.486
368.05,9.399
368.06,9.618
368.07,9.442
368.08,9.179
368.09,9.486
368.1,9.486
368.11,8.915
368.12,9.442
368.13,9.179
368.14,9.486
368.15,9.530
368.16,9.003
368.17,9.091
368.18,9.223
368.19,9.047
368.2,8.915
368.21,9.618
368.22,9.442
368.23,9.179
368.24,9.223
368.25,9.618
368.26,9.047
368.27,9.399
368.28,9.574
368.29,9.355
368.3,9.399
368.31,9.223
368.32,9.311
368.33,9.267
368.34,9.267
368.35,9.179
368.36,9.442
368.37,9.662
368.38,9.267
368.39,9.486
368.4,9.399
368.41,8.959
368.42,9.399
368.43,9.355
368.44,9.135
368.45,9.003
368.46,9.267
368.47,9.003
368.48,9.135
368.49,9.223
368.5,9.399
368.51,9.223
368.52,9.267
368.53,9.662
368.54,9.223
368.55,9.135
368.56,9.442
368.57,9.442
368.58,9.179
368.59,9.355
368.6,9.706
368.61,9.355
368.62,9.399
368.63,9.706
368.64,9.794
368.65,10.189
368.66,10.321
368.67,10.629
368.68,10.672
368.69,10.277
368.7,9.706
368.71,9.794
368.72,9.618
368.73,9.706
368.74,9.311
368.75,9.267
368.76,9.618
368.77,9.399
368.78,9.442
368.79,10.233
368.8,10.541
368.81,10.760
368.82,10.014
368.83,9.486
368.84,9.355
368.85,9.003
368.86,9.882
368.87,10.233
368.88,9.970
368.89,10.189
368.9,10.804
368.91,10.321
368.92,9.794
368.93,9.135
368.94,9.442
368.95,9.574
368.96,10.014
368.97,10.057
368.98,10.189
368.99,10.541
369,10.277
369.01,9.530
369.02,9.223
369.03,9.179
369.04,9.838
369.05,10.497
369.06,10.409
369.07,10.145
369.08,10.365
369.09,10.321
369.1,9.486
369.11,9.267
369.12,9.399
369.13,10.101
369.14,10.277
369.15,10.189
369.16,10.321
369.17,10.189
369.18,9.574
369.19,9.399
369.2,9.355
369.21,9.267
369.22,9.882
369.23,10.321
369.24,10.453
369.25,10.145
369.26,9.442
369.27,9.179
369.28,9.179
369.29,9.399
369.3,9.442
369.31,9.442
369.32,9.926
369.33,10.321
369.34,10.189
369.35,9.530
369.36,9.179
369.37,9.047
369.38,9.442
369.39,9.179
369.4,8.784
369.41,9.091
369.42,10.101
369.43,10.541
369.44,10.672
369.45,10.321
369.46,9.794
369.47,9.618
369.48,9.838
369.49,9.047
369.5,9.003
369.51,9.047
369.52,9.179
369.53,9.355
369.54,9.838
369.55,10.233
369.56,10.014
369.57,10.365
369.58,10.541
369.59,10.233
369.6,9.706
369.61,9.355
369.62,9.311
369.63,10.101
369.64,10.409
369.65,10.672
369.66,10.585
369.67,10.057
369.68,9.926
369.69,9.574
369.7,9.355
369.71,9.399
369.72,10.189
369.73,10.497
369.74,10.716
369.75,10.365
369.76,9.706
369.77,9.486
369.78,9.530
369.79,9.530
369.8,10.014
369.81,10.365
369.82,10.145
369.83,10.629
369.84,10.453
369.85,9.882
369.86,9.355
369.87,9.486
369.88,9.926
369.89,10.145
369.9,10.145
369.91,10.189
369.92,10.892
369.93,10.233
369.94,9.618
369.95,9.179
369.96,9.311
369.97,9.618
369.98,10.101
369.99,10.014
370,10.057
370.01,10.321
370.02,9.970
370.03,9.355
370.04,9.399
370.05,9.179
370.06,9.750
370.07,9.750
370.08,9.926
370.09,9.970
370.1,10.409
370.11,9.882
370.12,9.662
370.13,8.959
370.14,8.915
370.15,9.926
370.16,10.629
370.17,10.365
370.18,10.760
370.19,10.848
370.2,10.233
370.21,10.014
370.22,9.179
370.23,9.618
370.24,10.497
370.25,10.936
370.26,10.980
370.27,10.760
370.28,10.277
370.29,9.838
370.3,9.882
370.31,9.618
370.32,9.838
370.33,10.233
370.34,10.848
370.35,10.760
370.36,10.233
370.37,9.794
370.38,9.530
370.39,9.530
370.4,9.311
370.41,9.882
370.42,10.145
370.43,10.541
370.44,10.848
370.45,10.453
370.46,9.838
370.47,9.574
370.48,9.618
370.49,10.014
370.5,10.672
370.51,10.760
370.52,10.497
370.53,11.112
370.54,10.892
370.55,10.365
370.56,9.706
370.57,9.486
370.58,10.189
370.59,10.365
370.6,10.497
370.61,10.409
370.62,10.585
370.63,10.409
370.64,10.057
370.65,9.311
370.66,9.223
370.67,10.101
370.68,10.453
370.69,10.585
370.7,10.760
370.71,10.277
370.72,9.530
370.73,9.399
370.74,9.882
370.75,10.014
370.76,10.189
370.77,10.365
370.78,10.277
370.79,10.629
370.8,10.189
370.81,9.442
370.82,9.530
370.83,9.399
370.84,10.189
370.85,10.541
370.86,10.365
370.87,10.629
370.88,10.848
370.89,10.365
370.9,9.618
370.91,9.926
370.92,9.618
370.93,9.970
370.94,9.926
370.95,10.101
370.96,10.672
370.97,10.804
370.98,10.145
370.99,9.486
371,9.355
371.01,9.355
371.02,9.926
371.03,10.277
371.04,10.321
371.05,10.541
371.06,10.716
371.07,9.926
371.08,9.794
371.09,9.311
371.1,9.706
371.11,10.057
371.12,10.014
371.13,9.926
371.14,10.541
371.15,10.057
371.16,9.794
371.17,9.179
371.18,9.618
371.19,10.321
371.2,10.233
371.21,10.848
371.22,10.892
371.23,10.453
371.24,9.926
371.25,9.794
371.26,9.794
371.27,9.442
371.28,10.145
371.29,10.453
371.3,10.497
371.31,10.585
371.32,10.321
371.33,9.882
371.34,9.794
371.35,9.882
371.36,9.267
371.37,9.223
371.38,9.267
371.39,9.267
371.4,9.399
371.41,9.574
371.42,9.970
371.43,10.453
371.44,10.453
371.45,10.497
371.46,10.365
371.47,9.926
371.48,9.311
371.49,9.003
371.5,9.486
371.51,9.223
371.52,9.047
371.53,9.311
371.54,9.574
371.55,9.838
371.56,10.497
371.57,10.321
371.58,10.101
371.59,9.838
371.6,9.882
371.61,9.003
371.62,8.871
371.63,9.355
371.64,9.399
371.65,9.135
371.66,9.223
371.67,9.267
371.68,9.399
371.69,9.135
371.7,8.959
371.71,9.091
371.72,9.223
371.73,9.355
371.74,9.091
371.75,9.047
371.76,8.915
371.77,8.827
371.78,9.311
371.79,9.399
371.8,9.047
371.81,8.915
371.82,9.179
371.83,9.486
371.84,9.179
371.85,9.223
371.86,9.486
371.87,9.179
371.88,9.399
371.89,9.486
371.9,9.399
371.91,9.442
371.92,9.399
371.93,9.574
371.94,9.574
371.95,9.442
371.96,9.267
371.97,9.355
371.98,9.618
371.99,9.442
372,9.091
372.01,8.915
372.02,8.871
372.03,9.223
372.04,9.399
372.05,9.091
372.06,9.003
372.07,9.267
372.08,9.135
372.09,8.959
372.1,9.223
372.11,9.442
372.12,8.915
372.13,8.696
372.14,9.091
372.15,9.355
372.16,9.091
372.17,8.740
372.18,8.871
372.19,9.750
372.2,9.047
372.21,9.135
372.22,8.915
372.23,9.091
372.24,9.486
372.25,9.311
372.26,8.784
372.27,9.179
372.28,9.091
372.29,9.091
372.3,8.740
372.31,9.091
372.32,9.399
372.33,9.003
372.34,9.047
372.35,9.135
372.36,8.915
372.37,8.740
372.38,8.915
372.39,9.091
372.4,8.871
372.41,9.091
372.42,9.223
372.43,8.915
372.44,8.696
372.45,8.915
372.46,9.442
372.47,8.915
372.48,8.784
372.49,9.135
372.5,8.740
372.51,9.003
372.52,9.442
372.53,8.871
372.54,8.871
372.55,9.135
372.56,9.486
372.57,8.871
372.58,9.003
372.59,9.355
372.6,9.179
372.61,9.882
372.62,9.399
372.63,9.618
372.64,9.442
372.65,9.486
372.66,9.926
372.67,9.267
372.68,9.574
372.69,9.530
372.7,9.355
372.71,9.618
372.72,9.442
372.73,9.970
372.74,9.311
372.75,9.574
372.76,9.442
372.77,9.662
372.78,9.618
372.79,9.267
372.8,9.399
372.81,9.267
372.82,9.442
372.83,9.442
372.84,9.135
372.85,9.794
372.86,9.750
372.87,9.618
372.88,9.574
372.89,9.750
372.9,9.618
372.91,9.574
372.92,9.442
372.93,10.057
372.94,9.618
372.95,9.838
372.96,9.882
372.97,10.057
372.98,9.750
372.99,9.662
373,10.057
373.01,9.794
373.02,9.794
373.03,9.970
373.04,9.618
373.05,9.794
373.06,9.574
373.07,9.838
373.08,9.882
373.09,9.618
373.1,9.442
373.11,9.399
373.12,9.926
373.13,9.750
373.14,9.794
373.15,9.442
373.16,9.794
373.17,9.574
373.18,9.618
373.19,9.486
373.2,9.618
373.21,9.442
373.22,9.530
373.23,9.838
373.24,9.970
373.25,9.399
373.26,9.706
373.27,9.794
373.28,9.442
373.29,9.750
373.3,9.574
373.31,9.442
373.32,9.399
373.33,9.706
373.34,9.530
373.35,9.311
373.36,9.399
373.37,9.311
373.38,9.399
373.39,9.574
373.4,9.311
373.41,9.267
373.42,9.442
373.43,9.223
373.44,9.486
373.45,9.355
373.46,9.091
373.47,9.179
373.48,9.530
373.49,9.179
373.5,9.179
373.51,9.618
373.52,9.486
373.53,9.179
373.54,9.267
373.55,8.871
373.56,9.179
373.57,9.355
373.58,9.355
373.59,9.399
373.6,9.355
373.61,9.355
373.62,9.662
373.63,9.486
373.64,8.871
373.65,9.179
373.66,9.179
373.67,9.047
373.68,9.311
373.69,9.399
373.7,9.355
373.71,9.442
373.72,9.091
373.73,9.399
373.74,9.970
373.75,10.101
373.76,10.189
373.77,10.409
373.78,9.618
373.79,9.750
373.8,9.267
373.81,9.311
373.82,9.355
373.83,8.959
373.84,9.047
373.85,8.784
373.86,9.355
373.87,10.014
373.88,10.189
373.89,10.014
373.9,10.014
373.91,9.970
373.92,9.442
373.93,9.047
373.94,9.179
373.95,9.135
373.96,9.662
373.97,10.233
373.98,10.497
373.99,10.453
374,10.145
374.01,9.882
374.02,9.399
374.03,9.399
374.04,10.233
374.05,10.233
374.06,10.629
374.07,10.804
374.08,10.321
374.09,9.970
374.1,9.618
374.11,10.145
374.12,9.530
374.13,10.057
374.14,10.409
374.15,10.629
374.16,10.541
374.17,10.804
374.18,10.145
374.19,9.399
374.2,9.618
374.21,9.882
374.22,10.453
374.23,10.848
374.24,10.497
374.25,10.321
374.26,10.321
374.27,9.750
374.28,9.662
374.29,9.223
374.3,10.101
374.31,10.585
374.32,10.189
374.33,10.629
374.34,10.585
374.35,9.486
374.36,9.486
374.37,9.618
374.38,9.794
374.39,9.530
374.4,9.355
374.41,9.706
374.42,9.926
374.43,10.145
374.44,10.497
374.45,10.321
374.46,10.057
374.47,9.970
374.48,9.223
374.49,9.223
374.5,9.618
374.51,9.486
374.52,9.267
374.53,9.135
374.54,9.794
374.55,10.145
374.56,10.716
374.57,10.672
374.58,10.057
374.59,9.838
374.6,9.399
374.61,9.267
374.62,9.574
374.63,10.014
374.64,10.233
374.65,10.585
374.66,10.672
374.67,10.145
374.68,9.926
374.69,9.794
374.7,9.135
374.71,9.750
374.72,10.277
374.73,10.101
374.74,10.716
374.75,10.716
374.76,9.970
374.77,9.442
374.78,9.442
374.79,9.267
374.8,9.838
374.81,10.409
374.82,10.145
374.83,10.497
374.84,10.277
374.85,9.618
374.86,9.574
374.87,9.486
374.88,9.442
374.89,10.189
374.9,10.716
374.91,10.716
374.92,10.804
374.93,10.672
374.94,10.145
374.95,10.057
374.96,9.794
374.97,9.926
374.98,10.189
374.99,10.892
375,11.112
375.01,10.672
375.02,10.321
375.03,10.233
375.04,9.882
375.05,9.442
375.06,10.057
375.07,10.409
375.08,10.541
375.09,10.716
375.1,10.277
375.11,9.926
375.12,10.014
375.13,9.794
375.14,9.355
375.15,9.970
375.16,10.497
375.17,10.189
375.18,10.277
375.19,10.277
375.2,9.970
375.21,9.223
375.22,9.267
375.23,9.662
375.24,9.706
375.25,10.321
375.26,10.541
375.27,9.926
375.28,9.838
375.29,9.618
375.3,9.311
375.31,8.915
375.32,9.486
375.33,10.233
375.34,9.882
375.35,10.277
375.36,10.277
375.37,9.091
375.38,9.223
375.39,8.959
375.4,9.267
375.41,9.311
375.42,9.926
375.43,10.277
375.44,10.277
375.45,10.453
375.46,9.970
375.47,9.882
375.48,9.574
375.49,9.003
375.5,9.838
375.51,10.057
375.52,10.145
375.53,10.365
375.54,10.014
375.55,9.882
375.56,9.267
375.57,9.311
375.58,9.882
375.59,10.101
375.6,10.101
375.61,10.365
375.62,10.453
375.63,10.101
375.64,9.486
375.65,9.750
375.66,9.399
375.67,9.926
375.68,10.233
375.69,10.672
375.7,10.716
375.71,10.057
375.72,9.706
375.73,9.530
375.74,9.662
375.75,9.618
375.76,10.409
375.77,10.321
375.78,10.321
375.79,10.277
375.8,10.277
375.81,9.574
375.82,9.091
375.83,8.871
375.84,9.267
375.85,9.838
375.86,10.101
375.87,10.277
375.88,10.101
375.89,9.838
375.9,9.179
375.91,8.959
375.92,9.267
375.93,9.970
375.94,10.014
375.95,9.926
375.96,10.189
375.97,9.750
375.98,10.189
375.99,9.970
376,9.486
376.01,9.179
376.02,9.662
376.03,10.189
376.04,10.497
376.05,10.848
376.06,10.629
376.07,9.838
376.08,9.926
376.09,9.442
376.1,9.442
376.11,10.277
376.12,10.497
376.13,10.892
376.14,10.760
376.15,10.101
376.16,9.970
376.17,9.706
376.18,9.794
376.19,10.145
376.2,10.672
376.21,10.409
376.22,10.277
376.23,10.453
376.24,10.057
376.25,9.794
376.26,9.530
376.27,9.618
376.28,10.145
376.29,10.233
376.3,10.145
376.31,10.629
376.32,10.497
376.33,9.970
376.34,9.618
376.35,9.267
376.36,9.179
376.37,8.959
376.38,9.267
376.39,9.706
376.4,9.486
376.41,9.750
376.42,10.057
376.43,9.926
376.44,10.321
376.45,10.716
376.46,9.926
376.47,10.014
376.48,9.530
376.49,8.871
376.5,9.179
376.51,9.223
376.52,9.047
376.53,9.135
376.54,9.838
376.55,10.057
376.56,10.014
376.57,9.794
376.58,9.926
376.59,9.574
376.6,9.399
376.61,9.179
376.62,9.135
376.63,9.223
376.64,9.750
376.65,10.277
376.66,10.189
376.67,9.838
376.68,9.311
376.69,9.047
376.7,9.047
376.71,8.959
376.72,9.047
376.73,9.135
376.74,9.135
376.75,9.091
376.76,9.135
376.77,9.442
376.78,9.486
376.79,9.355
376.8,9.662
376.81,9.442
376.82,9.355
376.83,9.486
376.84,9.618
376.85,9.047
376.86,9.135
376.87,9.442
376.88,9.442
376.89,9.750
376.9,9.882
376.91,9.311
376.92,9.442
376.93,9.399
376.94,9.530
376.95,9.618
376.96,9.091
376.97,8.871
376.98,8.959
376.99,9.223
377,9.223
377.01,8.959
377.02,9.355
377.03,9.530
377.04,9.091
377.05,8.959
377.06,9.442
377.07,9.486
377.08,9.311
377.09,8.959
377.1,9.311
377.11,9.355
377.12,9.179
377.13,9.267
377.14,9.442
377.15,9.267
377.16,8.871
377.17,9.442
377.18,9.618
377.19,9.179
377.2,9.311
377.21,9.135
377.22,9.355
377.23,9.135
377.24,9.179
377.25,9.574
377.26,9.267
377.27,9.311
377.28,9.135
377.29,9.442
377.3,9.311
377.31,8.959
377.32,9.399
377.33,9.399
377.34,9.574
377.35,9.355
377.36,9.355
377.37,9.838
377.38,9.662
377.39,9.267
377.4,9.442
377.41,9.882
377.42,9.970
377.43,9.399
377.44,9.223
377.45,9.355
377.46,9.399
377.47,9.794
377.48,9.530
377.49,9.530
377.5,9.574
377.51,9.662
377.52,9.399
377.53,9.355
377.54,9.223
377.55,9.574
377.56,9.618
377.57,9.662
377.58,9.442
377.59,9.267
377.6,9.618
377.61,9.794
377.62,9.047
377.63,9.047
377.64,9.399
377.65,9.442
377.66,9.442
377.67,9.311
377.68,9.311
377.69,9.706
377.7,9.486
377.71,9.091
377.72,9.442
377.73,9.355
377.74,9.223
377.75,8.740
377.76,9.442
377.77,9.179
377.78,9.179
377.79,8.915
377.8,9.047
377.81,9.530
377.82,8.959
377.83,8.652
377.84,8.959
377.85,9.399
377.86,9.223
377.87,8.784
377.88,9.047
377.89,9.311
377.9,9.091
377.91,9.135
377.92,9.003
377.93,9.223
377.94,9.091
377.95,9.267
377.96,9.135
377.97,9.135
377.98,8.959
377.99,9.179
378,9.047
378.01,8.959
378.02,8.871
378.03,9.091
378.04,9.047
378.05,9.047
378.06,9.311
378.07,9.399
378.08,9.047
378.09,9.355
378.1,9.223
378.11,9.267
378.12,9.003
378.13,9.442
378.14,9.399
378.15,9.223
378.16,8.871
378.17,8.959
378.18,9.399
378.19,9.355
378.2,9.486
378.21,9.135
378.22,9.223
378.23,9.486
378.24,9.706
378.25,9.442
378.26,9.267
378.27,9.047
378.28,9.091
378.29,9.399
378.3,9.618
378.31,9.355
378.32,9.223
378.33,8.959
378.34,9.135
378.35,8.959
378.36,9.091
378.37,9.091
378.38,9.047
378.39,9.003
378.4,9.179
378.41,9.399
378.42,9.355
378.43,9.399
378.44,9.442
378.45,9.091
378.46,9.486
378.47,9.838
378.48,9.970
378.49,9.970
378.5,9.442
378.51,9.267
378.52,9.442
378.53,9.574
378.54,9.794
378.55,9.442
378.56,9.399
378.57,9.311
378.58,10.101
378.59,9.794
378.6,9.838
378.61,9.530
378.62,9.530
378.63,9.838
378.64,9.970
378.65,9.926
378.66,9.530
378.67,9.486
378.68,9.311
378.69,9.486
378.7,9.355
378.71,9.882
378.72,9.794
378.73,9.399
378.74,9.574
378.75,9.530
378.76,9.926
378.77,9.706
378.78,9.486
378.79,9.399
378.8,9.267
378.81,9.574
378.82,9.530
378.83,9.882
378.84,9.135
378.85,9.091
378.86,9.794
378.87,10.585
378.88,10.497
378.89,10.277
378.9,10.101
378.91,9.970
378.92,9.530
378.93,9.794
378.94,9.486
378.95,9.311
378.96,9.882
378.97,9.970
378.98,10.409
378.99,10.541
379,10.321
379.01,9.750
379.02,9.135
379.03,9.003
379.04,9.442
379.05,10.365
379.06,10.848
379.07,10.365
379.08,10.057
379.09,9.662
379.1,9.442
379.11,9.399
379.12,9.442
379.13,10.189
379.14,10.189
379.15,10.101
379.16,10.453
379.17,10.014
379.18,9.530
379.19,9.530
379.2,8.959
379.21,9.135
379.22,9.926
379.23,10.321
379.24,10.277
379.25,10.145
379.26,9.442
379.27,8.915
379.28,9.179
379.29,9.399
379.3,9.706
379.31,9.750
379.32,10.365
379.33,10.497
379.34,10.057
379.35,9.618
379.36,9.179
379.37,9.047
379.38,8.696
379.39,8.696
379.4,9.047
379.41,9.442
379.42,9.838
379.43,10.101
379.44,10.189
379.45,10.145
379.46,9.574
379.47,9.574
379.48,9.311
379.49,9.662
379.5,9.794
379.51,9.267
379.52,9.794
379.53,9.486
379.54,10.145
379.55,9.882
379.56,10.409
379.57,10.365
379.58,10.541
379.59,10.057
379.6,9.047
379.61,9.311
379.62,9.662
379.63,9.750
379.64,10.321
379.65,10.672
379.66,10.716
379.67,10.277
379.68,9.794
379.69,9.267
379.7,9.486
379.71,9.882
379.72,10.057
379.73,10.233
379.74,10.541
379.75,10.321
379.76,10.497
379.77,9.794
379.78,9.530
379.79,9.530
379.8,9.179
379.81,10.145
379.82,10.277
379.83,10.321
379.84,10.541
379.85,10.365
379.86,9.399
379.87,9.223
379.88,9.311
379.89,9.618
379.9,10.365
379.91,10.101
379.92,10.365
379.93,10.365
379.94,9.399
379.95,9.399
379.96,9.442
379.97,9.135
379.98,10.101
379.99,10.277
380,10.497
380.01,10.453
380.02,9.926
380.03,9.618
380.04,9.574
380.05,8.959
380.06,9.486
380.07,10.057
380.08,9.618
380.09,10.101
380.1,10.497
380.11,9.530
380.12,9.355
380.13,9.355
380.14,9.047
380.15,9.355
380.16,9.970
380.17,10.233
380.18,10.057
380.19,10.409
380.2,9.926
380.21,9.267
380.22,9.530
380.23,9.047
380.24,9.838
380.25,10.233
380.26,10.189
380.27,10.409
380.28,10.057
380.29,9.442
380.3,9.135
380.31,9.047
380.32,8.652
380.33,9.794
380.34,10.014
380.35,10.189
380.36,10.497
380.37,10.629
380.38,9.838
380.39,9.223
380.4,9.091
380.41,9.223
380.42,10.233
380.43,10.848
380.44,10.804
380.45,10.541
380.46,9.882
380.47,9.355
380.48,9.311
380.49,9.882
380.5,10.233
380.51,10.321
380.52,10.277
380.53,10.365
380.54,10.453
380.55,10.189
380.56,9.926
380.57,9.486
380.58,9.311
380.59,10.145
380.6,10.277
380.61,10.716
380.62,10.541
380.63,10.365
380.64,9.574
380.65,9.355
380.66,9.574
380.67,9.970
380.68,10.453
380.69,10.365
380.7,10.497
380.71,10.629
380.72,10.101
380.73,10.014
380.74,10.057
380.75,9.486
380.76,9.970
380.77,10.365
380.78,10.672
380.79,10.541
380.8,10.365
380.81,10.145
380.82,9.399
380.83,9.223
380.84,9.179
380.85,9.530
380.86,10.497
380.87,10.541
380.88,10.585
380.89,10.101
380.9,9.706
380.91,9.530
380.92,9.311
380.93,9.662
380.94,9.970
380.95,10.189
380.96,10.277
380.97,10.585
380.98,10.321
380.99,10.057
381,9.530
381.01,9.311
381.02,9.574
381.03,10.233
381.04,10.980
381.05,10.760
381.06,10.672
381.07,10.145
381.08,9.970
381.09,9.926
381.1,9.882
381.11,10.233
381.12,10.277
381.13,10.189
381.14,10.497
381.15,10.804
381.16,10.277
381.17,9.838
381.18,9.486
381.19,9.750
381.2,10.453
381.21,10.760
381.22,10.672
381.23,10.277
381.24,9.838
381.25,9.618
381.26,9.574
381.27,9.530
381.28,9.926
381.29,10.014
381.3,10.321
381.31,10.365
381.32,10.453
381.33,9.970
381.34,9.618
381.35,9.442
381.36,9.530
381.37,9.486
381.38,9.399
381.39,9.311
381.4,9.135
381.41,9.355
381.42,10.365
381.43,10.672
381.44,10.365
381.45,9.882
381.46,9.970
381.47,9.750
381.48,9.399
381.49,9.574
381.5,9.223
381.51,9.926
381.52,10.453
381.53,10.629
381.54,10.145
381.55,9.926
381.56,9.486
381.57,9.355
381.58,9.179
381.59,9.399
381.6,9.926
381.61,10.233
381.62,10.541
381.63,9.926
381.64,9.750
381.65,9.399
381.66,9.442
381.67,9.574
381.68,9.574
381.69,9.882
381.7,10.277
381.71,10.365
381.72,10.321
381.73,9.838
381.74,9.662
381.75,9.311
381.76,9.399
381.77,9.486
381.78,9.223
381.79,9.223
381.8,9.399
381.81,9.794
381.82,9.267
381.83,9.047
381.84,9.135
381.85,9.223
381.86,9.442
381.87,9.047
381.88,9.135
381.89,9.267
381.9,9.399
381.91,9.179
381.92,9.179
381.93,9.267
381.94,9.618
381.95,9.399
381.96,9.574
381.97,9.223
381.98,9.311
381.99,9.223
382,9.311
382.01,9.003
382.02,9.135
382.03,9.267
382.04,9.442
382.05,9.442
382.06,8.915
382.07,8.959
382.08,9.442
382.09,9.530
382.1,9.311
382.11,9.179
382.12,9.618
382.13,9.442
382.14,9.311
382.15,9.750
382.16,9.311
382.17,9.486
382.18,9.355
382.19,9.442
382.2,9.399
382.21,9.486
382.22,9.486
382.23,9.486
382.24,9.486
382.25,9.882
382.26,9.794
382.27,9.355
382.28,9.618
382.29,9.574
382.3,9.662
382.31,9.618
382.32,9.662
382.33,9.794
382.34,9.135
382.35,9.618
382.36,9.618
382.37,9.135
382.38,9.135
382.39,9.794
382.4,9.486
382.41,9.047
382.42,9.706
382.43,9.530
382.44,9.267
382.45,9.091
382.46,9.311
382.47,9.091
382.48,9.442
382.49,9.047
382.5,8.959
382.51,9.135
382.52,9.267
382.53,9.047
382.54,9.091
382.55,9.311
382.56,9.355
382.57,8.959
382.58,8.784
382.59,9.355
382.6,9.574
382.61,9.091
382.62,9.091
382.63,9.355
382.64,9.486
382.65,9.442
382.66,9.003
382.67,9.486
382.68,9.311
382.69,9.355
382.7,9.574
382.71,9.662
382.72,9.442
382.73,9.179
382.74,9.399
382.75,9.399
382.76,9.486
382.77,9.223
382.78,9.223
382.79,9.267
382.8,9.179
382.81,9.355
382.82,9.003
382.83,9.091
382.84,9.047
382.85,8.871
382.86,9.223
382.87,9.223
382.88,9.003
382.89,9.442
382.9,9.574
382.91,9.355
382.92,9.135
382.93,9.091
382.94,9.486
382.95,9.618
382.96,9.574
382.97,9.486
382.98,9.926
382.99,9.926
383,9.926
383.01,9.486
383.02,9.970
383.03,9.662
383.04,9.750
383.05,9.223
383.06,9.486
383.07,10.189
383.08,10.145
383.09,9.794
383.1,9.794
383.11,9.838
383.12,9.530
383.13,9.530
383.14,9.838
383.15,10.101
383.16,10.101
383.17,9.838
383.18,9.926
383.19,10.145
383.2,9.838
383.21,9.970
383.22,9.574
383.23,9.970
383.24,9.794
383.25,9.662
383.26,9.970
383.27,9.662
383.28,9.794
383.29,9.486
383.3,10.057
383.31,9.794
383.32,9.926
383.33,9.662
383.34,10.189
383.35,9.794
383.36,9.662
383.37,9.750
383.38,9.926
383.39,9.618
383.4,9.442
383.41,9.662
383.42,9.618
383.43,9.794
383.44,9.574
383.45,9.179
383.46,9.355
383.47,9.442
383.48,9.574
383.49,9.267
383.5,9.486
383.51,9.618
383.52,9.750
383.53,9.618
383.54,9.706
383.55,9.311
383.56,9.267
383.57,9.530
383.58,9.311
383.59,9.486
383.6,9.530
383.61,9.399
383.62,9.882
383.63,9.267
383.64,9.399
383.65,9.530
383.66,9.399
383.67,9.530
383.68,9.179
383.69,9.618
383.7,9.530
383.71,9.706
383.72,9.574
383.73,9.750
383.74,9.530
383.75,9.442
383.76,9.223
383.77,9.574
383.78,9.442
383.79,9.267
383.8,9.135
383.81,8.959
383.82,9.223
383.83,9.311
383.84,9.399
383.85,9.399
383.86,9.223
383.87,9.003
383.88,9.399
383.89,9.794
383.9,9.355
383.91,9.047
383.92,8.915
383.93,9.047
383.94,9.442
383.95,9.794
383.96,9.618
383.97,9.311
383.98,9.442
383.99,9.794
384,10.277
384.01,10.453
384.02,10.453
384.03,10.101
384.04,10.453
384.05,9.882
384.06,9.267
384.07,9.223
384.08,9.179
384.09,9.926
384.1,10.541
384.11,10.453
384.12,10.321
384.13,9.706
384.14,9.486
384.15,9.618
384.16,9.311
384.17,9.794
384.18,10.014
384.19,10.145
384.2,10.541
384.21,10.453
384.22,10.321
384.23,9.530
384.24,9.442
384.25,9.311
384.26,10.321
384.27,10.453
384.28,10.233
384.29,10.101
384.3,9.970
384.31,9.794
384.32,9.838
384.33,9.223
384.34,9.135
384.35,9.223
384.36,9.047
384.37,9.442
384.38,9.574
384.39,9.179
384.4,8.740
384.41,9.530
384.42,10.189
384.43,10.189
384.44,10.321
384.45,10.277
384.46,10.277
384.47,10.145
384.48,9.355
384.49,9.003
384.5,9.750
384.51,10.365
384.52,10.365
384.53,10.365
384.54,10.233
384.55,10.321
384.56,9.838
384.57,9.486
384.58,9.135
384.59,9.794
384.6,10.629
384.61,10.629
384.62,10.453
384.63,10.585
384.64,10.189
384.65,9.838
384.66,9.311
384.67,9.223
384.68,9.794
384.69,10.145
384.7,10.848
384.71,10.453
384.72,10.453
384.73,10.277
384.74,10.233
384.75,10.057
384.76,9.618
384.77,9.926
384.78,10.541
384.79,10.936
384.8,10.892
384.81,10.541
384.82,9.926
384.83,9.618
384.84,9.442
384.85,9.882
384.86,10.233
384.87,10.101
384.88,10.189
384.89,10.453
384.9,10.321
384.91,10.145
384.92,9.574
384.93,9.442
384.94,9.926
384.95,10.233
384.96,10.760
384.97,10.892
384.98,10.277
384.99,9.794
385,9.311
385.01,9.091
385.02,9.618
385.03,10.321
385.04,10.409
385.05,10.321
385.06,10.453
385.07,9.970
385.08,10.057
385.09,9.618
385.1,9.355
385.11,9.486
385.12,10.365
385.13,10.629
385.14,10.497
385.15,10.277
385.16,9.794
385.17,9.399
385.18,9.267
385.19,9.179
385.2,9.750
385.21,9.794
385.22,10.497
385.23,10.453
385.24,10.409
385.25,10.409
385.26,9.882
385.27,9.706
385.28,9.311
385.29,9.926
385.3,10.585
385.31,10.980
385.32,10.848
385.33,10.716
385.34,9.750
385.35,9.662
385.36,9.706
385.37,9.530
385.38,9.662
385.39,9.442
385.4,9.135
385.41,9.486
385.42,10.233
385.43,10.760
385.44,10.892
385.45,10.409
385.46,10.057
385.47,9.442
385.48,9.135
385.49,9.882
385.5,9.706
385.51,10.321
385.52,10.804
385.53,10.848
385.54,10.541
385.55,10.145
385.56,9.926
385.57,10.014
385.58,9.838
385.59,9.970
385.6,10.233
385.61,10.145
385.62,10.321
385.63,10.101
385.64,9.926
385.65,9.706
385.66,9.794
385.67,9.662
385.68,9.750
385.69,9.574
385.7,10.057
385.71,10.453
385.72,10.277
385.73,10.101
385.74,9.618
385.75,9.003
385.76,9.003
385.77,10.101
385.78,10.145
385.79,10.321
385.8,10.453
385.81,9.662
385.82,9.794
385.83,9.399
385.84,9.267
385.85,9.267
385.86,9.838
385.87,10.189
385.88,10.321
385.89,10.101
385.9,9.970
385.91,9.574
385.92,9.047
385.93,8.871
385.94,9.706
385.95,9.926
385.96,9.838
385.97,10.057
385.98,9.882
385.99,9.750
386,8.959
386.01,8.784
386.02,9.311
386.03,9.750
386.04,10.145
386.05,9.838
386.06,9.970
386.07,10.014
386.08,9.618
386.09,8.827
386.1,8.784
386.11,9.399
386.12,10.014
386.13,10.233
386.14,10.145
386.15,9.838
386.16,9.794
386.17,9.750
386.18,9.399
386.19,9.311
386.2,8.959
386.21,9.926
386.22,10.277
386.23,10.672
386.24,10.233
386.25,9.882
386.26,9.530
386.27,9.179
386.28,9.530
386.29,9.882
386.3,10.189
386.31,10.453
386.32,10.497
386.33,10.453
386.34,9.706
386.35,9.530
386.36,9.135
386.37,9.442
386.38,9.574
386.39,9.091
386.4,9.662
386.41,9.794
386.42,10.189
386.43,10.321
386.44,10.629
386.45,10.277
386.46,10.365
386.47,10.233
386.48,9.574
386.49,9.574
386.5,9.750
386.51,10.189
386.52,10.365
386.53,10.716
386.54,10.848
386.55,10.365
386.56,10.101
386.57,9.706
386.58,9.706
386.59,9.662
386.6,10.277
386.61,10.145
386.62,10.497
386.63,10.409
386.64,9.882
386.65,9.662
386.66,9.223
386.67,9.003
386.68,9.662
386.69,10.145
386.7,10.409
386.71,10.321
386.72,10.365
386.73,9.882
386.74,9.618
386.75,9.618
386.76,9.399
386.77,10.057
386.78,10.365
386.79,10.672
386.8,10.497
386.81,10.453
386.82,10.057
386.83,9.311
386.84,9.442
386.85,9.399
386.86,10.321
386.87,10.057
386.88,10.409
386.89,10.453
386.9,9.838
386.91,10.014
386.92,9.618
386.93,9.135
386.94,9.442
386.95,9.399
386.96,9.618
386.97,9.399
386.98,9.311
386.99,9.706
387,9.486
387.01,9.267
387.02,9.355
387.03,9.530
387.04,9.399
387.05,9.574
387.06,9.267
387.07,9.223
387.08,9.223
387.09,8.827
387.1,9.311
387.11,9.223
387.12,8.827
387.13,9.442
387.14,9.047
387.15,9.179
387.16,9.399
387.17,8.959
387.18,9.179
387.19,9.047
387.2,9.442
387.21,9.442
387.22,9.135
387.23,9.179
387.24,9.486
387.25,9.223
387.26,9.223
387.27,9.311
387.28,9.442
387.29,9.442
387.3,9.179
387.31,9.091
387.32,9.530
387.33,9.091
387.34,9.223
387.35,9.574
387.36,9.091
387.37,9.442
387.38,9.135
387.39,8.959
387.4,9.223
387.41,9.399
387.42,9.399
387.43,9.135
387.44,9.574
387.45,9.442
387.46,9.047
387.47,9.486
387.48,9.047
387.49,8.915
387.5,9.003
387.51,9.091
387.52,9.267
387.53,9.311
387.54,9.267
387.55,8.959
387.56,9.399
387.57,9.311
387.58,9.135
387.59,8.871
387.6,9.311
387.61,9.223
387.62,8.959
387.63,8.871
387.64,9.399
387.65,9.399
387.66,9.486
387.67,9.223
387.68,8.871
387.69,9.355
387.7,9.311
387.71,9.135
387.72,9.267
387.73,9.179
387.74,8.696
387.75,9.091
387.76,9.047
387.77,9.486
387.78,9.530
387.79,9.135
387.8,9.267
387.81,9.267
387.82,9.618
387.83,9.662
387.84,9.399
387.85,9.399
387.86,9.223
387.87,8.959
387.88,9.355
387.89,9.838
387.9,9.794
387.91,9.399
387.92,9.091
387.93,9.047
387.94,9.618
387.95,9.574
387.96,9.794
387.97,9.486
387.98,9.179
387.99,9.486
388,9.223
388.01,9.618
388.02,9.618
388.03,9.530
388.04,9.442
388.05,9.355
388.06,9.355
388.07,9.706
388.08,9.662
388.09,9.223
388.1,8.959
388.11,9.047
388.12,9.618
388.13,9.618
388.14,9.442
388.15,9.442
388.16,9.135
388.17,10.014
388.18,9.970
388.19,10.145
388.2,9.618
388.21,9.618
388.22,9.706
388.23,9.486
388.24,9.838
388.25,9.882
388.26,9.838
388.27,9.618
388.28,9.355
388.29,9.882
388.3,9.794
388.31,9.574
388.32,9.574
388.33,9.355
388.34,9.311
388.35,9.530
388.36,9.750
388.37,9.179
388.38,9.311
388.39,9.223
388.4,9.574
388.41,9.618
388.42,9.486
388.43,9.223
388.44,9.267
388.45,9.706
388.46,9.838
388.47,9.618
388.48,9.574
388.49,9.530
388.5,9.750
388.51,9.750
388.52,9.442
388.53,9.618
388.54,9.750
388.55,10.101
388.56,9.486
388.57,9.047
388.58,9.838
388.59,9.530
388.6,9.311
388.61,9.003
388.62,8.959
388.63,9.794
388.64,9.223
388.65,8.871
388.66,8.959
388.67,9.442
388.68,9.399
388.69,9.574
388.7,9.091
388.71,9.530
388.72,9.750
388.73,9.794
388.74,9.442
388.75,9.530
388.76,9.706
388.77,9.399
388.78,9.618
388.79,9.135
388.8,9.618
388.81,9.135
388.82,9.267
388.83,9.399
388.84,9.530
388.85,9.486
388.86,9.706
388.87,9.662
388.88,9.003
388.89,9.179
388.9,9.442
388.91,9.574
388.92,9.091
388.93,8.959
388.94,9.486
388.95,9.706
388.96,9.179
388.97,9.047
388.98,9.223
388.99,9.355
389,9.311
389.01,9.267
389.02,9.091
389.03,9.179
389.04,9.355
389.05,9.530
389.06,9.311
389.07,9.091
389.08,9.530
389.09,9.838
389.1,9.574
389.11,9.794
389.12,10.497
389.13,10.716
389.14,10.892
389.15,10.233
389.16,9.750
389.17,9.750
389.18,9.794
389.19,9.794
389.2,9.442
389.21,9.618
389.22,9.530
389.23,9.926
389.24,10.014
389.25,10.189
389.26,10.277
389.27,10.585
389.28,10.497
389.29,9.970
389.3,9.486
389.31,9.794
389.32,9.486
389.33,9.706
389.34,10.057
389.35,10.189
389.36,10.716
389.37,10.541
389.38,9.882
389.39,9.355
389.4,9.223
389.41,9.574
389.42,9.926
389.43,10.277
389.44,10.014
389.45,10.497
389.46,10.321
389.47,10.145
389.48,9.442
389.49,9.003
389.5,9.442
389.51,10.321
389.52,10.936
389.53,10.672
389.54,10.189
389.55,10.014
389.56,9.618
389.57,9.442
389.58,9.355
389.59,9.794
389.6,10.057
389.61,10.189
389.62,10.541
389.63,10.497
389.64,9.618
389.65,8.959
389.66,9.135
389.67,9.135
389.68,9.838
389.69,10.189
389.7,10.365
389.71,9.970
389.72,10.189
389.73,9.267
389.74,9.574
389.75,9.135
389.76,9.091
389.77,9.486
389.78,9.574
389.79,10.233
389.8,10.585
389.81,10.321
389.82,9.618
389.83,9.091
389.84,9.003
389.85,9.399
389.86,10.233
389.87,10.233
389.88,10.453
389.89,10.585
389.9,10.057
389.91,9.838
389.92,9.399
389.93,9.662
389.94,9.882
389.95,10.672
389.96,10.233
389.97,10.365
389.98,10.453
389.99,10.057
390,9.794
390.01,9.530
390.02,9.486
390.03,9.882
390.04,10.277
390.05,10.848
390.06,10.716
390.07,10.585
390.08,9.970
390.09,9.442
390.1,9.618
390.11,10.101
390.12,10.365
390.13,10.453
390.14,10.585
390.15,10.629
390.16,10.145
390.17,9.662
390.18,9.926
390.19,9.794
390.2,9.618
390.21,10.277
390.22,10.936
390.23,10.892
390.24,11.068
390.25,10.321
390.26,9.399
390.27,9.442
390.28,9.486
390.29,10.057
390.3,10.409
390.31,10.804
390.32,10.672
390.33,10.585
390.34,10.497
390.35,10.145
390.36,10.145
390.37,9.618
390.38,9.399
390.39,9.399
390.4,9.442
390.41,9.926
390.42,10.409
390.43,10.497
390.44,10.277
390.45,10.672
390.46,10.497
390.47,10.145
390.48,9.662
390.49,9.223
390.5,9.442
390.51,10.057
390.52,10.629
390.53,10.453
390.54,10.453
390.55,9.882
390.56,9.574
390.57,9.530
390.58,9.355
390.59,9.970
390.6,10.057
390.61,9.970
390.62,10.233
390.63,10.277
390.64,9.970
390.65,9.311
390.66,9.091
390.67,9.135
390.68,9.486
390.69,9.970
390.7,10.365
390.71,10.453
390.72,10.233
390.73,9.794
390.74,9.179
390.75,9.399
390.76,9.399
390.77,9.530
390.78,9.706
390.79,9.794
390.8,10.409
390.81,10.189
390.82,9.618
390.83,9.486
390.84,8.827
390.85,8.827
390.86,9.706
390.87,10.014
390.88,10.233
390.89,10.057
390.9,9.486
390.91,9.003
390.92,9.179
390.93,9.223
390.94,9.882
390.95,9.970
390.96,10.014
390.97,10.233
390.98,9.662
390.99,9.882
391,9.486
391.01,9.355
391.02,9.179
391.03,9.486
391.04,10.145
391.05,10.189
391.06,10.277
391.07,9.794
391.08,9.135
391.09,9.223
391.1,9.311
391.11,9.442
391.12,9.662
391.13,10.145
391.14,10.365
391.15,10.145
391.16,9.926
391.17,9.311
391.18,9.355
391.19,9.135
391.2,9.574
391.21,9.926
391.22,10.321
391.23,10.365
391.24,9.970
391.25,9.662
391.26,9.442
391.27,9.618
391.28,9.574
391.29,9.882
391.3,9.882
391.31,10.409
391.32,10.541
391.33,10.321
391.34,9.926
391.35,9.882
391.36,9.530
391.37,9.399
391.38,9.091
391.39,9.530
391.4,9.574
391.41,10.145
391.42,10.497
391.43,10.716
391.44,10.453
391.45,10.629
391.46,10.497
391.47,10.277
391.48,9.926
391.49,9.750
391.5,9.574
391.51,10.365
391.52,10.804
391.53,10.936
391.54,10.629
391.55,10.189
391.56,9.970
391.57,9.442
391.58,9.355
391.59,10.189
391.6,10.629
391.61,10.760
391.62,10.848
391.63,10.497
391.64,10.277
391.65,9.662
391.66,9.970
391.67,9.838
391.68,9.794
391.69,10.057
391.7,10.760
391.71,10.848
391.72,10.804
391.73,10.101
391.74,9.794
391.75,9.267
391.76,9.618
391.77,10.233
391.78,10.453
391.79,10.497
391.8,10.409
391.81,10.233
391.82,10.145
391.83,9.838
391.84,9.662
391.85,10.057
391.86,10.145
391.87,10.057
391.88,10.497
391.89,10.629
391.9,10.365
391.91,9.662
391.92,9.047
391.93,9.355
391.94,9.882
391.95,10.541
391.96,10.541
391.97,10.585
391.98,10.057
391.99,9.486
392,9.618
392.01,9.882
392.02,9.970
392.03,9.267
392.04,9.047
392.05,9.179
392.06,9.442
392.07,9.882
392.08,9.706
392.09,9.267
392.1,9.355
392.11,9.750
392.12,9.838
392.13,9.530
392.14,9.750
392.15,9.442
392.16,9.794
392.17,9.706
392.18,9.179
392.19,9.091
392.2,10.014
392.21,9.662
392.22,9.267
392.23,9.135
392.24,9.486
392.25,9.486
392.26,9.706
392.27,9.399
392.28,9.355
392.29,9.618
392.3,9.486
392.31,9.530
392.32,9.574
392.33,9.970
392.34,9.662
392.35,9.574
392.36,9.662
392.37,9.706
392.38,9.486
392.39,9.399
392.4,9.047
392.41,9.750
392.42,9.794
392.43,9.530
392.44,9.662
392.45,9.618
392.46,9.750
392.47,9.706
392.48,9.838
392.49,9.926
392.5,9.794
392.51,9.399
392.52,9.355
392.53,9.794
392.54,10.014
392.55,9.838
392.56,10.014
392.57,9.618
392.58,9.618
392.59,9.355
392.6,9.486
392.61,9.662
392.62,9.838
392.63,9.486
392.64,9.355
392.65,9.267
392.66,9.267
392.67,9.662
392.68,9.442
392.69,9.750
392.7,9.838
392.71,9.311
392.72,9.047
392.73,9.486
392.74,9.442
392.75,9.267
392.76,9.794
392.77,9.486
392.78,9.530
392.79,9.223
392.8,9.091
392.81,9.223
392.82,9.486
392.83,9.838
392.84,9.618
392.85,9.399
392.86,9.135
392.87,9.091
392.88,9.047
392.89,9.355
392.9,9.223
392.91,9.486
392.92,9.311
392.93,9.970
392.94,9.486
392.95,9.267
392.96,9.047
392.97,9.179
392.98,9.135
392.99,9.486
393,9.399
393.01,9.574
393.02,9.311
393.03,9.091
393.04,9.091
393.05,9.311
393.06,9.574
393.07,9.794
393.08,9.970
393.09,9.530
393.1,9.267
393.11,9.311
393.12,9.486
393.13,9.750
393.14,9.399
393.15,9.486
393.16,9.267
393.17,9.267
393.18,9.091
393.19,9.223
393.2,9.530
393.21,9.179
393.22,9.047
393.23,9.091
393.24,9.135
393.25,9.267
393.26,9.091
393.27,8.959
393.28,9.047
393.29,9.311
393.3,9.091
393.31,9.486
393.32,9.135
393.33,9.179
393.34,9.399
393.35,9.355
393.36,9.003
393.37,8.959
393.38,8.784
393.39,8.696
393.4,9.091
393.41,9.091
393.42,9.179
393.43,9.355
393.44,9.223
393.45,8.871
393.46,9.399
393.47,9.399
393.48,9.530
393.49,9.223
393.5,9.179
393.51,9.223
393.52,9.574
393.53,9.618
393.54,9.355
393.55,9.355
393.56,9.442
393.57,9.442
393.58,9.399
393.59,9.091
393.6,9.267
393.61,9.135
393.62,9.618
393.63,9.267
393.64,9.311
393.65,9.135
393.66,9.662
393.67,8.959
393.68,9.355
393.69,9.662
393.7,9.311
393.71,9.223
393.72,9.882
393.73,9.574
393.74,9.486
393.75,9.355
393.76,9.267
393.77,9.662
393.78,9.662
393.79,9.794
393.8,9.355
393.81,9.442
393.82,9.970
393.83,9.618
393.84,9.399
393.85,9.794
393.86,10.101
393.87,9.442
393.88,9.530
393.89,9.926
393.9,9.442
393.91,9.399
393.92,9.399
393.93,9.618
393.94,9.750
393.95,9.399
393.96,10.014
393.97,9.882
393.98,9.486
393.99,9.442
394,9.399
394.01,9.355
394.02,9.047
394.03,9.135
394.04,9.267
394.05,9.355
394.06,9.311
394.07,8.959
394.08,9.135
394.09,9.618
394.1,9.399
394.11,9.399
394.12,9.442
394.13,9.223
394.14,8.871
394.15,9.179
394.16,9.530
394.17,9.442
394.18,9.311
394.19,9.706
394.2,9.574
394.21,9.267
394.22,10.101
394.23,10.453
394.24,10.453
394.25,10.365
394.26,10.277
394.27,9.838
394.28,9.838
394.29,9.530
394.3,8.959
394.31,9.574
394.32,10.409
394.33,10.672
394.34,10.233
394.35,10.014
394.36,10.145
394.37,9.838
394.38,9.091
394.39,9.311
394.4,9.091
394.41,9.574
394.42,10.014
394.43,10.057
394.44,10.321
394.45,10.189
394.46,10.057
394.47,9.618
394.48,9.091
394.49,9.311
394.5,9.706
394.51,10.409
394.52,10.145
394.53,10.672
394.54,10.804
394.55,10.321
394.56,9.486
394.57,9.399
394.58,9.574
394.59,10.277
394.6,10.497
394.61,10.453
394.62,10.804
394.63,10.277
394.64,10.277
394.65,9.486
394.66,9.223
394.67,9.399
394.68,9.442
394.69,10.277
394.7,10.672
394.71,10.277
394.72,10.497
394.73,9.662
394.74,9.223
394.75,9.486
394.76,9.355
394.77,9.530
394.78,10.233
394.79,10.233
394.8,10.672
394.81,9.926
394.82,9.399
394.83,9.223
394.84,9.003
394.85,9.574
394.86,9.926
394.87,9.838
394.88,10.189
394.89,10.277
394.9,10.014
394.91,9.442
394.92,8.959
394.93,8.827
394.94,9.135
394.95,10.409
394.96,10.497
394.97,10.277
394.98,9.970
394.99,9.838
395,9.311
395.01,9.399
395.02,9.267
395.03,10.277
395.04,10.541
395.05,10.409
395.06,10.804
395.07,10.101
395.08,9.882
395.09,9.750
395.1,9.311
395.11,9.662
395.12,9.838
395.13,9.970
395.14,10.409
395.15,10.453
395.16,10.145
395.17,9.618
395.18,9.179
395.19,8.871
395.2,9.442
395.21,10.014
395.22,10.497
395.23,10.409
395.24,10.233
395.25,10.585
395.26,10.057
395.27,9.618
395.28,9.267
395.29,10.145
395.3,10.409
395.31,10.848
395.32,10.541
395.33,10.409
395.34,10.057
395.35,9.662
395.36,9.223
395.37,9.267
395.38,9.091
395.39,9.223
395.4,9.355
395.41,9.442
395.42,9.662
395.43,10.057
395.44,10.760
395.45,10.365
395.46,10.057
395.47,9.486
395.48,9.838
395.49,9.838
395.5,9.442
395.51,9.399
395.52,10.453
395.53,10.716
395.54,10.453
395.55,9.794
395.56,9.838
395.57,9.706
395.58,9.530
395.59,9.662
395.6,10.014
395.61,10.409
395.62,10.409
395.63,10.057
395.64,10.057
395.65,9.618
395.66,9.926
395.67,9.355
395.68,9.399
395.69,10.057
395.7,10.629
395.71,10.321
395.72,10.453
395.73,10.101
395.74,9.882
395.75,9.662
395.76,9.179
395.77,10.057
395.78,10.585
395.79,10.585
395.8,10.716
395.81,10.629
395.82,9.838
395.83,9.355
395.84,8.959
395.85,9.311
395.86,9.882
395.87,10.453
395.88,10.541
395.89,10.497
395.9,10.101
395.91,9.530
395.92,9.047
395.93,8.915
395.94,9.882
395.95,9.794
395.96,10.233
395.97,10.409
395.98,10.057
395.99,9.706
396,9.135
396.01,9.003
396.02,9.179
396.03,10.014
396.04,10.189
396.05,10.409
396.06,10.365
396.07,10.321
396.08,9.706
396.09,9.179
396.1,9.486
396.11,10.101
396.12,10.453
396.13,10.409
396.14,10.409
396.15,10.848
396.16,10.409
396.17,10.233
396.18,9.838
396.19,9.926
396.2,9.882
396.21,10.585
396.22,10.189
396.23,10.541
396.24,10.892
396.25,10.321
396.26,9.926
396.27,9.794
396.28,9.442
396.29,10.014
396.3,10.145
396.31,10.101
396.32,10.716
396.33,10.629
396.34,10.014
396.35,9.267
396.36,9.267
396.37,9.311
396.38,9.442
396.39,9.399
396.4,9.047
396.41,9.486
396.42,10.101
396.43,10.629
396.44,10.629
396.45,10.321
396.46,10.101
396.47,10.365
396.48,9.706
396.49,9.355
396.5,9.267
396.51,9.970
396.52,10.716
396.53,10.848
396.54,10.672
396.55,10.057
396.56,9.223
396.57,9.530
396.58,9.574
396.59,10.101
396.6,10.497
396.61,10.541
396.62,10.453
396.63,10.585
396.64,10.101
396.65,9.618
396.66,9.618
396.67,9.662
396.68,9.442
396.69,9.750
396.7,10.101
396.71,9.926
396.72,10.277
396.73,10.233
396.74,9.794
396.75,9.530
396.76,9.267
396.77,9.970
396.78,10.409
396.79,10.848
396.8,10.541
396.81,10.585
396.82,10.014
396.83,9.311
396.84,9.223
396.85,9.311
396.86,10.189
396.87,10.321
396.88,10.804
396.89,10.585
396.9,10.145
396.91,9.442
396.92,9.442
396.93,9.574
396.94,10.014
396.95,10.321
396.96,10.585
396.97,10.497
396.98,10.189
396.99,9.926
397,9.618
397.01,9.794
397.02,9.794
397.03,9.970
397.04,9.970
397.05,10.057
397.06,10.541
397.07,10.541
397.08,9.794
397.09,9.399
397.1,8.959
397.11,8.696
397.12,9.223
397.13,9.267
397.14,9.486
397.15,9.486
397.16,9.267
397.17,9.135
397.18,9.179
397.19,9.442
397.2,9.618
397.21,9.574
397.22,9.003
397.23,8.740
397.24,9.091
397.25,9.355
397.26,9.047
397.27,9.223
397.28,8.871
397.29,8.871
397.3,9.618
397.31,9.530
397.32,9.223
397.33,9.003
397.34,9.179
397.35,9.179
397.36,9.091
397.37,8.871
397.38,8.696
397.39,9.047
397.4,9.135
397.41,9.135
397.42,9.047
397.43,9.442
397.44,9.311
397.45,9.574
397.46,9.574
397.47,9.135
397.48,9.355
397.49,9.399
397.5,9.794
397.51,9.486
397.52,9.179
397.53,9.574
397.54,9.486
397.55,9.618
397.56,9.179
397.57,9.047
397.58,9.267
397.59,9.486
397.6,9.794
397.61,9.267
397.62,9.311
397.63,9.003
397.64,9.311
397.65,9.311
397.66,9.311
397.67,9.267
397.68,9.355
397.69,9.662
397.7,9.530
397.71,9.530
397.72,9.311
397.73,9.267
397.74,9.135
397.75,9.794
397.76,9.442
397.77,9.442
397.78,9.442
397.79,9.179
397.8,9.223
397.81,9.486
397.82,9.267
397.83,9.618
397.84,9.135
397.85,9.530
397.86,9.530
397.87,9.003
397.88,9.442
397.89,9.355
397.9,9.135
397.91,9.442
397.92,9.442
397.93,9.838
397.94,9.442
397.95,9.618
397.96,9.047
397.97,9.355
397.98,9.618
397.99,9.618
398,9.530
398.01,9.223
398.02,9.179
398.03,9.091
398.04,9.486
398.05,9.442
398.06,9.399
398.07,9.267
398.08,9.003
398.09,9.311
398.1,9.267
398.11,9.530
398.12,9.267
398.13,9.135
398.14,9.135
398.15,9.135
398.16,9.618
398.17,9.311
398.18,9.530
398.19,9.662
398.2,9.047
398.21,9.091
398.22,9.179
398.23,9.399
398.24,9.662
398.25,9.267
398.26,9.267
398.27,9.091
398.28,9.179
398.29,9.091
398.3,9.530
398.31,9.311
398.32,9.135
398.33,9.135
398.34,8.959
398.35,9.003
398.36,9.003
398.37,9.267
398.38,9.267
398.39,9.003
398.4,8.740
398.41,8.915
398.42,9.135
398.43,9.091
398.44,9.135
398.45,9.311
398.46,9.135
398.47,9.047
398.48,9.091
398.49,9.311
398.5,9.135
398.51,9.399
398.52,9.179
398.53,9.091
398.54,8.915
398.55,9.223
398.56,8.959
398.57,8.959
398.58,9.442
398.59,9.267
398.6,9.091
398.61,9.091
398.62,8.827
398.63,9.223
398.64,9.399
398.65,9.311
398.66,9.442
398.67,9.003
398.68,9.135
398.69,8.784
398.7,9.311
398.71,9.530
398.72,9.662
398.73,9.574
398.74,9.399
398.75,9.047
398.76,9.442
398.77,9.223
398.78,9.442
398.79,9.311
398.8,9.574
398.81,9.091
398.82,8.827
398.83,8.959
398.84,9.135
398.85,9.179
398.86,9.135
398.87,8.827
398.88,8.827
398.89,8.696
398.9,8.915
398.91,9.003
398.92,9.047
398.93,9.355
398.94,9.311
398.95,9.047
398.96,8.915
398.97,9.179
398.98,9.267
398.99,9.135
399,9.267
399.01,9.311
399.02,9.355
399.03,9.223
399.04,9.135
399.05,9.618
399.06,9.574
399.07,9.530
399.08,9.662
399.09,9.794
399.1,10.014
399.11,9.926
399.12,9.970
399.13,9.882
399.14,9.574
399.15,10.101
399.16,9.838
399.17,9.970
399.18,9.486
399.19,9.530
399.2,9.750
399.21,9.355
399.22,9.618
399.23,10.101
399.24,9.970
399.25,9.574
399.26,9.750
399.27,9.970
399.28,9.574
399.29,9.618
399.3,9.838
399.31,9.618
399.32,9.794
399.33,9.530
399.34,9.355
399.35,9.882
399.36,9.574
399.37,9.047
399.38,9.267
399.39,9.135
399.4,9.355
399.41,9.618
399.42,10.145
399.43,10.321
399.44,10.804
399.45,10.277
399.46,9.530
399.47,9.618
399.48,9.486
399.49,9.355
399.5,9.179
399.51,10.189
399.52,10.497
399.53,10.541
399.54,10.365
399.55,10.145
399.56,9.970
399.57,9.618
399.58,9.442
399.59,9.882
399.6,10.189
399.61,10.057
399.62,10.629
399.63,10.716
399.64,9.926
399.65,9.706
399.66,9.399
399.67,9.442
399.68,9.662
399.69,10.365
399.7,10.672
399.71,10.453
399.72,10.321
399.73,10.321
399.74,10.145
399.75,9.794
399.76,9.618
399.77,9.706
399.78,10.189
399.79,10.629
399.8,10.848
399.81,10.277
399.82,10.057
399.83,9.442
399.84,9.662
399.85,9.926
399.86,9.970
399.87,10.365
399.88,10.541
399.89,10.541
399.9,10.145
399.91,9.794
399.92,9.267
399.93,9.442
399.94,9.794
399.95,10.409
399.96,10.760
399.97,10.629
399.98,10.453
399.99,9.926
400,9.926
400.01,9.618
400.02,9.486
400.03,9.926
400.04,10.145
400.05,10.804
400.06,10.804
400.07,10.365
400.08,9.662
400.09,9.794
400.1,9.267
400.11,10.014
400.12,10.453
400.13,10.014
400.14,10.365
400.15,10.541
400.16,9.794
400.17,9.574
400.18,9.618
400.19,9.223
400.2,9.486
400.21,10.101
400.22,10.189
400.23,10.145
400.24,9.926
400.25,10.101
400.26,9.926
400.27,9.399
400.28,9.179
400.29,9.486
400.3,10.277
400.31,10.497
400.32,10.409
400.33,10.233
400.34,9.399
400.35,9.399
400.36,9.574
400.37,9.442
400.38,8.915
400.39,8.915
400.4,9.442
400.41,9.706
400.42,10.101
400.43,10.189
400.44,10.189
400.45,10.277
400.46,9.970
400.47,9.574
400.48,9.574
400.49,9.223
400.5,9.135
400.51,9.882
400.52,10.716
400.53,10.936
400.54,10.277
400.55,10.145
400.56,9.179
400.57,9.618
400.58,9.442
400.59,9.442
400.6,10.189
400.61,10.321
400.62,10.497
400.63,10.497
400.64,10.101
400.65,9.530
400.66,9.091
400.67,9.267
400.68,9.882
400.69,10.057
400.7,9.970
400.71,10.233
400.72,10.233
400.73,9.662
400.74,9.355
400.75,9.530
400.76,9.267
400.77,10.277
400.78,10.321
400.79,10.409
400.8,10.453
400.81,10.365
400.82,10.101
400.83,9.355
400.84,9.399
400.85,9.530
400.86,10.057
400.87,10.101
400.88,10.541
400.89,10.365
400.9,9.970
400.91,9.838
400.92,10.321
400.93,9.838
400.94,9.926
400.95,10.585
400.96,10.892
400.97,10.716
400.98,10.629
400.99,10.277
401,10.014
401.01,9.574
401.02,9.574
401.03,10.453
401.04,10.936
401.05,10.629
401.06,10.277
401.07,10.189
401.08,10.057
401.09,9.706
401.1,9.399
401.11,10.014
401.12,10.409
401.13,10.409
401.14,10.585
401.15,10.585
401.16,10.409
401.17,9.486
401.18,9.399
401.19,9.838
401.2,10.145
401.21,10.453
401.22,10.541
401.23,10.936
401.24,10.936
401.25,10.145
401.26,9.794
401.27,9.530
401.28,9.574
401.29,10.101
401.3,10.277
401.31,10.409
401.32,10.497
401.33,10.585
401.34,10.014
401.35,9.223
401.36,9.135
401.37,9.618
401.38,9.530
401.39,9.399
401.4,9.091
401.41,9.355
401.42,10.321
401.43,10.585
401.44,10.497
401.45,10.101
401.46,10.101
401.47,9.706
401.48,9.442
401.49,9.442
401.5,9.311
401.51,9.838
401.52,10.497
401.53,10.716
401.54,10.321
401.55,10.189
401.56,9.662
401.57,9.882
401.58,9.179
401.59,9.399
401.6,9.970
401.61,10.321
401.62,9.970
401.63,9.574
401.64,9.970
401.65,9.706
401.66,8.915
401.67,9.223
401.68,9.574
401.69,9.882
401.7,10.277
401.71,10.409
401.72,10.233
401.73,9.970
401.74,9.399
401.75,9.003
401.76,9.311
401.77,10.145
401.78,10.014
401.79,9.926
401.8,10.101
401.81,10.233
401.82,9.882
401.83,9.399
401.84,8.696
401.85,9.486
401.86,10.189
401.87,10.233
401.88,10.365
401.89,10.629
401.9,10.145
401.91,9.838
401.92,9.486
401.93,9.223
401.94,10.014
401.95,10.497
401.96,10.892
401.97,10.980
401.98,10.585
401.99,10.145
402,9.882
402.01,9.794
402.02,9.662
402.03,10.014
402.04,9.926
402.05,10.585
402.06,10.892
402.07,10.541
402.08,9.530
402.09,9.311
402.1,9.135
402.11,9.574
402.12,10.277
402.13,10.409
402.14,10.365
402.15,10.804
402.16,10.277
402.17,9.838
402.18,9.618
402.19,9.442
402.2,9.311
402.21,10.321
402.22,10.672
402.23,10.716
402.24,10.453
402.25,10.014
402.26,9.618
402.27,9.618
402.28,9.355
402.29,9.706
402.3,9.267
402.31,8.915
402.32,9.135
402.33,9.003
402.34,9.135
402.35,9.179
402.36,9.047
402.37,9.223
402.38,8.915
402.39,9.003
402.4,9.047
402.41,8.652
402.42,8.740
402.43,9.003
402.44,9.091
402.45,8.784
402.46,8.915
402.47,9.179
402.48,9.399
402.49,9.179
402.5,9.267
402.51,9.442
402.52,9.399
402.53,9.179
402.54,8.740
402.55,8.959
402.56,9.355
402.57,9.574
402.58,9.223
402.59,9.135
402.6,8.784
402.61,9.135
402.62,9.091
402.63,8.959
402.64,8.915
402.65,9.135
402.66,9.267
402.67,9.003
402.68,9.223
402.69,9.574
402.7,9.311
402.71,8.959
402.72,9.311
402.73,9.486
402.74,9.223
402.75,9.135
402.76,9.311
402.77,9.311
402.78,9.223
402.79,8.959
402.8,9.486
402.81,9.486
402.82,9.047
402.83,8.784
402.84,9.442
402.85,9.311
402.86,8.959
402.87,9.003
402.88,9.355
402.89,9.442
402.9,9.267
402.91,9.179
402.92,9.399
402.93,9.267
402.94,8.959
402.95,9.223
402.96,9.399
402.97,9.442
402.98,9.355
402.99,9.311
403,9.091
403.01,9.047
403.02,9.442
403.03,9.355
403.04,8.915
403.05,9.311
403.06,9.355
403.07,9.003
403.08,9.135
403.09,9.047
403.1,9.091
403.11,9.179
403.12,9.047
403.13,9.267
403.14,9.223
403.15,8.740
403.16,8.784
403.17,9.179
403.18,8.871
403.19,8.827
403.2,9.047
403.21,8.959
403.22,8.959
403.23,9.486
403.24,8.915
403.25,9.223
403.26,9.399
403.27,9.047
403.28,8.915
403.29,9.794
403.3,9.706
403.31,9.267
403.32,9.750
403.33,9.486
403.34,9.091
403.35,9.267
403.36,9.574
403.37,9.442
403.38,9.179
403.39,9.399
403.4,9.311
403.41,9.135
403.42,9.442
403.43,9.618
403.44,9.135
403.45,9.530
403.46,9.442
403.47,9.223
403.48,9.399
403.49,9.486
403.5,9.486
403.51,8.915
403.52,9.091
403.53,9.267
403.54,9.442
403.55,9.135
403.56,8.784
403.57,9.179
403.58,9.442
403.59,8.652
403.6,8.871
403.61,9.135
403.62,9.135
403.63,8.915
403.64,9.135
403.65,9.179
403.66,9.355
403.67,9.223
403.68,9.399
403.69,9.442
403.7,9.355
403.71,9.223
403.72,9.091
403.73,8.915
403.74,9.442
403.75,9.442
403.76,9.530
403.77,9.311
403.78,9.135
403.79,9.618
403.8,9.311
403.81,9.530
403.82,9.311
403.83,9.047
403.84,9.091
403.85,9.530
403.86,9.311
403.87,9.223
403.88,9.223
403.89,8.915
403.9,9.399
403.91,9.311
403.92,8.959
403.93,9.091
403.94,9.179
403.95,9.355
403.96,9.267
403.97,9.047
403.98,9.091
403.99,9.530
404,9.311
404.01,9.267
404.02,9.223
404.03,8.740
404.04,9.399
404.05,9.355
404.06,9.135
404.07,9.486
404.08,9.442
404.09,9.399
404.1,9.618
404.11,9.882
404.12,9.618
404.13,9.486
404.14,9.662
404.15,9.399
404.16,9.838
404.17,9.399
404.18,9.662
404.19,9.794
404.2,9.355
404.21,9.618
404.22,9.882
404.23,9.794
404.24,9.223
404.25,9.486
404.26,9.486
404.27,9.486
404.28,9.311
404.29,9.179
404.3,9.267
404.31,9.442
404.32,9.706
404.33,9.355
404.34,9.047
404.35,9.003
404.36,9.311
404.37,9.794
404.38,9.311
404.39,8.827
404.4,8.915
404.41,9.442
404.42,9.618
404.43,9.399
404.44,9.530
404.45,9.267
404.46,9.838
404.47,10.101
404.48,10.541
404.49,10.101
404.5,10.233
404.51,9.794
404.52,9.970
404.53,9.355
404.54,8.915
404.55,9.003
404.56,9.706
404.57,10.541
404.58,10.321
404.59,10.189
404.6,10.014
404.61,10.014
404.62,10.014
404.63,9.267
404.64,9.223
404.65,10.321
404.66,10.277
404.67,10.453
404.68,10.189
404.69,10.233
404.7,10.145
404.71,9.662
404.72,9.311
404.73,9.442
404.74,10.101
404.75,10.233
404.76,10.497
404.77,10.101
404.78,10.057
404.79,9.838
404.8,9.574
404.81,9.662
404.82,10.101
404.83,10.365
404.84,10.497
404.85,10.804
404.86,10.365
404.87,10.189
404.88,9.750
404.89,9.530
404.9,9.662
404.91,10.233
404.92,10.321
404.93,10.672
404.94,10.497
404.95,10.101
404.96,9.838
404.97,9.882
404.98,9.662
404.99,9.355
405,9.750
405.01,10.365
405.02,10.760
405.03,10.497
405.04,10.101
405.05,10.145
405.06,9.399
405.07,9.355
405.08,9.486
405.09,10.277
405.1,10.453
405.11,10.321
405.12,10.277
405.13,10.277
405.14,9.838
405.15,9.618
405.16,9.091
405.17,10.145
405.18,10.672
405.19,10.453
405.2,10.409
405.21,10.409
405.22,10.321
405.23,9.530
405.24,9.047
405.25,9.311
405.26,10.145
405.27,10.277
405.28,10.541
405.29,10.497
405.3,10.497
405.31,9.618
405.32,9.442
405.33,9.047
405.34,9.003
405.35,9.574
405.36,8.915
405.37,9.047
405.38,9.091
405.39,9.091
405.4,9.135
405.41,9.399
405.42,10.145
405.43,10.365
405.44,10.321
405.45,10.145
405.46,9.882
405.47,9.399
405.48,9.574
405.49,9.223
405.5,8.871
405.51,9.267
405.52,9.618
405.53,9.355
405.54,9.706
405.55,10.145
405.56,10.541
405.57,10.541
405.58,10.365
405.59,9.662
405.6,9.486
405.61,9.311
405.62,9.838
405.63,10.145
405.64,10.145
405.65,10.585
405.66,10.497
405.67,10.277
405.68,9.399
405.69,9.486
405.7,9.267
405.71,9.486
405.72,10.233
405.73,10.145
405.74,10.672
405.75,10.760
405.76,10.145
405.77,9.970
405.78,9.311
405.79,9.135
405.8,10.365
405.81,10.804
405.82,10.672
405.83,10.409
405.84,10.233
405.85,10.101
405.86,9.970
405.87,9.794
405.88,9.355
405.89,9.970
405.9,10.409
405.91,10.672
405.92,10.321
405.93,9.618
405.94,9.399
405.95,9.399
405.96,9.794
405.97,9.486
405.98,9.882
405.99,10.629
406,10.672
406.01,10.497
406.02,10.101
406.03,9.223
406.04,9.267
406.05,9.311
406.06,9.662
406.07,10.101
406.08,10.101
406.09,10.189
406.1,10.277
406.11,10.057
406.12,9.442
406.13,9.047
406.14,9.618
406.15,9.926
406.16,9.970
406.17,10.277
406.18,10.101
406.19,10.014
406.2,9.926
406.21,9.267
406.22,9.003
406.23,9.179
406.24,10.057
406.25,10.541
406.26,10.365
406.27,10.057
406.28,9.618
406.29,9.574
406.3,9.486
406.31,8.827
406.32,9.530
406.33,10.277
406.34,10.541
406.35,10.672
406.36,10.277
406.37,9.838
406.38,9.442
406.39,9.618
406.4,9.311
406.41,9.223
406.42,9.970
406.43,10.409
406.44,10.848
406.45,11.200
406.46,10.365
406.47,10.014
406.48,9.882
406.49,9.882
406.5,10.321
406.51,10.541
406.52,10.321
406.53,10.629
406.54,10.541
406.55,9.838
406.56,9.442
406.57,9.355
406.58,10.145
406.59,10.101
406.6,10.233
406.61,10.497
406.62,10.453
406.63,10.101
406.64,9.926
406.65,9.355
406.66,9.706
406.67,10.233
406.68,10.629
406.69,10.453
406.7,10.936
406.71,10.936
406.72,10.365
406.73,10.014
406.74,9.574
406.75,9.706
406.76,10.365
406.77,10.497
406.78,10.541
406.79,10.277
406.8,10.057
406.81,9.794
406.82,9.882
406.83,9.618
406.84,9.530
406.85,10.145
406.86,10.848
406.87,10.804
406.88,10.277
406.89,9.706
406.9,9.794
406.91,9.486
406.92,9.618
406.93,9.399
406.94,10.189
406.95,10.321
406.96,10.057
406.97,10.101
406.98,9.618
406.99,9.530
407,9.486
407.01,9.442
407.02,9.574
407.03,10.145
407.04,10.233
407.05,10.365
407.06,10.233
407.07,9.442
407.08,9.311
407.09,9.355
407.1,9.706
407.11,10.672
407.12,10.497
407.13,10.497
407.14,10.804
407.15,10.497
407.16,9.926
407.17,9.838
407.18,9.706
407.19,9.838
407.2,10.189
407.21,10.541
407.22,11.024
407.23,10.365
407.24,9.486
407.25,9.399
407.26,9.399
407.27,9.267
407.28,9.618
407.29,10.277
407.3,10.497
407.31,10.409
407.32,10.497
407.33,9.926
407.34,9.355
407.35,9.311
407.36,9.399
407.37,9.179
407.38,9.399
407.39,9.047
407.4,9.179
407.41,9.574
407.42,9.706
407.43,9.750
407.44,9.530
407.45,9.486
407.46,9.399
407.47,9.311
407.48,9.442
407.49,8.915
407.5,9.223
407.51,9.662
407.52,9.179
407.53,9.311
407.54,9.267
407.55,9.442
407.56,9.311
407.57,9.267
407.58,9.574
407.59,9.399
407.6,9.267
407.61,9.179
407.62,9.618
407.63,9.047
407.64,8.915
407.65,9.355
407.66,9.311
407.67,9.311
407.68,9.399
407.69,9.179
407.7,9.311
407.71,9.442
407.72,9.355
407.73,9.530
407.74,9.267
407.75,9.091
407.76,9.486
407.77,9.618
407.78,9.091
407.79,8.696
407.8,9.355
407.81,9.399
407.82,8.915
407.83,9.091
407.84,9.442
407.85,8.784
407.86,8.696
407.87,9.135
407.88,9.223
407.89,8.696
407.9,9.311
407.91,9.223
407.92,8.696
407.93,9.003
407.94,9.311
407.95,9.442
407.96,9.267
407.97,8.915
407.98,9.267
407.99,9.486
408,9.311
408.01,8.959
408.02,9.267
408.03,9.662
408.04,9.355
408.05,9.179
408.06,9.267
408.07,9.355
408.08,9.355
408.09,8.959
408.1,9.091
408.11,9.618
408.12,9.530
408.13,9.091
408.14,9.091
408.15,9.706
408.16,9.794
408.17,9.311
408.18,9.267
408.19,9.486
408.2,9.662
408.21,9.574
408.22,9.794
408.23,9.794
408.24,9.530
408.25,9.223
408.26,9.706
408.27,9.706
408.28,9.399
408.29,9.486
408.3,9.706
408.31,9.574
408.32,9.530
408.33,9.706
408.34,9.135
408.35,9.135
408.36,9.091
408.37,9.530
408.38,9.267
408.39,9.047
408.4,9.486
408.41,9.486
408.42,9.311
408.43,9.574
408.44,9.399
408.45,9.311
408.46,9.574
408.47,9.442
408.48,9.223
408.49,8.915
408.5,9.355
408.51,9.311
408.52,9.179
408.53,9.135
408.54,9.442
408.55,9.311
408.56,9.355
408.57,9.311
408.58,9.530
408.59,9.091
408.6,9.091
408.61,9.355
408.62,9.311
408.63,8.915
408.64,9.135
408.65,9.311
408.66,9.223
408.67,9.355
408.68,9.574
408.69,9.662
408.7,9.223
408.71,9.355
408.72,9.355
408.73,9.618
408.74,9.618
408.75,9.399
408.76,9.530
408.77,9.794
408.78,9.311
408.79,9.706
408.8,9.574
408.81,9.574
408.82,9.223
408.83,9.355
408.84,9.706
408.85,9.486
408.86,9.135
408.87,9.618
408.88,9.750
408.89,9.135
408.9,9.047
408.91,9.442
408.92,9.530
408.93,9.047
408.94,9.399
408.95,9.442
408.96,9.399
408.97,9.047
408.98,9.355
408.99,9.267
409,9.618
409.01,9.267
409.02,9.399
409.03,9.135
409.04,9.442
409.05,9.486
409.06,9.135
409.07,9.355
409.08,9.135
409.09,9.311
409.1,9.223
409.11,9.662
409.12,9.530
409.13,9.794
409.14,9.355
409.15,8.959
409.16,9.530
409.17,9.486
409.18,9.135
409.19,9.003
409.2,9.574
409.21,9.399
409.22,9.179
409.23,9.003
409.24,9.530
409.25,9.574
409.26,9.267
409.27,9.135
409.28,9.091
409.29,9.442
409.3,9.486
409.31,9.223
409.32,9.662
409.33,9.838
409.34,9.618
409.35,9.179
409.36,9.530
409.37,9.486
409.38,9.486
409.39,9.091
409.4,9.267
409.41,9.399
409.42,9.618
409.43,9.355
409.44,9.091
409.45,9.618
409.46,9.442
409.47,9.091
409.48,9.135
409.49,9.442
409.5,9.399
409.51,9.530
409.52,9.135
409.53,9.530
409.54,9.794
409.55,9.486
409.56,9.399
409.57,9.486
409.58,9.399
409.59,9.047
409.6,9.882
409.61,10.189
409.62,10.409
409.63,10.629
409.64,10.760
409.65,10.145
409.66,10.057
409.67,9.838
409.68,9.442
409.69,9.970
409.7,10.453
409.71,10.277
409.72,10.497
409.73,10.760
409.74,10.409
409.75,9.399
409.76,9.223
409.77,9.618
409.78,10.014
409.79,10.189
409.8,10.497
409.81,10.672
409.82,10.014
409.83,10.057
409.84,9.442
409.85,9.267
409.86,9.399
409.87,9.926
409.88,10.365
409.89,10.101
409.9,10.321
409.91,9.926
409.92,9.135
409.93,9.311
409.94,9.267
409.95,9.135
409.96,10.057
409.97,10.497
409.98,10.716
409.99,9.926
410,10.014
410.01,9.838
410.02,9.574
410.03,9.223
410.04,9.882
410.05,10.233
410.06,10.716
410.07,10.541
410.08,10.453
410.09,9.794
410.1,9.486
410.11,9.618
410.12,9.618
410.13,10.014
410.14,10.365
410.15,10.497
410.16,10.541
410.17,10.189
410.18,9.794
410.19,9.311
410.2,9.223
410.21,9.970
410.22,10.145
410.23,10.101
410.24,10.497
410.25,10.453
410.26,9.794
410.27,9.135
410.28,9.399
410.29,9.574
410.3,9.794
410.31,9.882
410.32,10.365
410.33,10.848
410.34,10.189
410.35,9.267
410.36,9.047
410.37,9.091
410.38,9.267
410.39,9.091
410.4,8.915
410.41,9.662
410.42,10.014
410.43,10.365
410.44,10.365
410.45,9.970
410.46,10.101
410.47,9.574
410.48,9.223
410.49,9.091
410.5,8.696
410.51,9.003
410.52,9.091
410.53,8.784
410.54,9.223
410.55,9.662
410.56,10.233
410.57,10.189
410.58,9.794
410.59,9.047
410.6,8.959
410.61,8.784
410.62,9.003
410.63,9.311
410.64,9.926
410.65,10.497
410.66,10.497
410.67,9.970
410.68,9.399
410.69,9.267
410.7,9.135
410.71,9.794
410.72,10.145
410.73,10.189
410.74,10.189
410.75,10.409
410.76,10.101
410.77,9.574
410.78,9.311
410.79,9.135
410.8,9.838
410.81,10.365
410.82,10.541
410.83,10.321
410.84,9.750
410.85,9.838
410.86,9.486
410.87,9.179
410.88,9.179
410.89,9.706
410.9,10.014
410.91,10.453
410.92,10.585
410.93,9.970
410.94,9.442
410.95,9.091
410.96,9.135
410.97,9.442
410.98,9.882
410.99,9.882
411,10.145
411.01,10.629
411.02,10.409
411.03,9.662
411.04,9.223
411.05,9.311
411.06,9.970
411.07,10.409
411.08,10.453
411.09,10.453
411.1,10.277
411.11,9.794
411.12,9.618
411.13,9.223
411.14,9.486
411.15,9.618
411.16,10.014
411.17,10.497
411.18,10.277
411.19,10.057
411.2,9.618
411.21,9.003
411.22,9.355
411.23,9.179
411.24,10.057
411.25,10.101
411.26,10.497
411.27,9.970
411.28,9.706
411.29,9.530
411.3,9.442
411.31,9.179
411.32,9.267
411.33,10.233
411.34,10.365
411.35,10.541
411.36,10.189
411.37,9.486
411.38,9.530
411.39,9.179
411.4,9.047
411.41,9.223
411.42,9.618
411.43,9.882
411.44,9.838
411.45,10.365
411.46,10.189
411.47,9.574
411.48,9.091
411.49,9.091
411.5,9.223
411.51,9.838
411.52,10.233
411.53,10.497
411.54,10.321
411.55,9.926
411.56,9.135
411.57,9.399
411.58,9.442
411.59,10.014
411.6,10.277
411.61,10.101
411.62,10.189
411.63,9.926
411.64,9.618
411.65,9.486
411.66,9.574
411.67,9.574
411.68,9.838
411.69,10.585
411.7,10.672
411.71,10.848
411.72,10.233
411.73,9.530
411.74,9.047
411.75,9.355
411.76,9.970
411.77,10.672
411.78,10.541
411.79,10.365
411.8,10.321
411.81,9.794
411.82,9.486
411.83,9.355
411.84,8.959
411.85,9.442
411.86,10.145
411.87,10.629
411.88,10.365
411.89,9.926
411.9,9.442
411.91,9.355
411.92,9.091
411.93,9.574
411.94,10.101
411.95,10.101
411.96,10.101
411.97,10.189
411.98,10.014
411.99,9.970
412,9.530
412.01,9.179
412.02,9.530
412.03,9.926
412.04,10.189
412.05,10.672
412.06,10.365
412.07,9.706
412.08,9.706
412.09,9.926
412.1,10.277
412.11,10.189
412.12,10.409
412.13,10.321
412.14,10.365
412.15,10.277
412.16,10.189
412.17,9.794
412.18,9.047
412.19,9.486
412.2,9.926
412.21,10.497
412.22,10.541
412.23,10.672
412.24,10.233
412.25,9.618
412.26,9.267
412.27,9.399
412.28,9.970
412.29,10.497
412.3,10.497
412.31,10.277
412.32,10.365
412.33,10.057
412.34,9.750
412.35,9.574
412.36,9.355
412.37,9.223
412.38,8.871
412.39,9.311
412.4,9.662
412.41,9.794
412.42,10.321
412.43,10.233
412.44,10.321
412.45,10.453
412.46,9.882
412.47,9.882
412.48,9.530
412.49,9.355
412.5,9.223
412.51,9.355
412.52,9.662
412.53,9.838
412.54,9.618
412.55,9.442
412.56,9.355
412.57,9.926
412.58,9.530
412.59,10.014
412.6,9.882
412.61,9.662
412.62,9.574
412.63,9.574
412.64,10.014
412.65,9.970
412.66,9.530
412.67,9.355
412.68,9.662
412.69,9.618
412.7,9.882
412.71,9.442
412.72,9.355
412.73,9.530
412.74,9.794
412.75,9.530
412.76,9.618
412.77,9.399
412.78,9.223
412.79,9.486
412.8,9.574
412.81,9.662
412.82,9.399
412.83,9.355
412.84,9.399
412.85,9.750
412.86,9.926
412.87,9.399
412.88,9.091
412.89,9.311
412.9,9.311
412.91,9.442
412.92,9.706
412.93,9.179
412.94,9.399
412.95,9.355
412.96,9.486
412.97,9.355
412.98,9.223
412.99,9.179
413,9.267
413.01,9.267
413.02,9.355
413.03,9.311
413.04,9.179
413.05,9.574
413.06,9.267
413.07,9.530
413.08,9.311
413.09,9.135
413.1,9.179
413.11,9.442
413.12,9.618
413.13,9.794
413.14,9.486
413.15,9.618
413.16,9.486
413.17,8.871
413.18,9.662
413.19,9.574
413.2,9.794
413.21,9.662
413.22,9.311
413.23,9.179
413.24,9.618
413.25,9.530
413.26,9.926
413.27,9.882
413.28,9.662
413.29,9.442
413.3,9.091
413.31,9.091
413.32,9.223
413.33,9.838
413.34,9.574
413.35,9.179
413.36,9.311
413.37,9.223
413.38,9.311
413.39,9.047
413.4,9.223
413.41,9.530
413.42,9.486
413.43,10.057
413.44,9.618
413.45,9.442
413.46,9.442
413.47,9.355
413.48,9.530
413.49,9.442
413.5,9.750
413.51,9.750
413.52,9.794
413.53,9.926
413.54,9.223
413.55,9.442
413.56,9.486
413.57,10.014
413.58,9.838
413.59,9.574
413.6,9.618
413.61,9.574
413.62,9.399
413.63,9.311
413.64,9.618
413.65,10.014
413.66,10.057
413.67,9.662
413.68,9.574
413.69,9.486
413.7,9.135
413.71,9.311
413.72,9.135
413.73,9.530
413.74,9.750
413.75,9.618
413.76,9.311
413.77,9.442
413.78,9.442
413.79,9.223
413.8,9.223
413.81,9.618
413.82,9.486
413.83,9.706
413.84,9.486
413.85,9.267
413.86,9.618
413.87,9.574
413.88,9.618
413.89,9.486
413.9,9.530
413.91,9.442
413.92,9.091
413.93,9.442
413.94,9.794
413.95,9.574
413.96,9.706
413.97,9.311
413.98,9.091
413.99,9.442
414,9.486
414.01,9.662
414.02,9.794
414.03,9.618
414.04,9.355
414.05,9.618
414.06,9.618
414.07,9.486
414.08,9.442
414.09,9.926
414.1,10.014
414.11,9.970
414.12,9.486
414.13,9.530
414.14,9.574
414.15,9.926
414.16,9.486
414.17,9.442
414.18,9.882
414.19,9.970
414.2,9.750
414.21,9.311
414.22,9.399
414.23,9.311
414.24,9.618
414.25,9.794
414.26,9.662
414.27,9.662
414.28,9.311
414.29,9.442
414.3,9.618
414.31,9.662
414.32,9.618
414.33,9.574
414.34,9.179
414.35,9.838
414.36,9.530
414.37,9.442
414.38,9.355
414.39,9.223
414.4,9.399
414.41,9.662
414.42,9.794
414.43,9.794
414.44,9.750
414.45,10.321
414.46,10.014
414.47,9.486
414.48,9.706
414.49,9.662
414.5,9.135
414.51,9.926
414.52,9.794
414.53,9.267
414.54,9.311
414.55,9.794
414.56,9.574
414.57,9.486
414.58,9.750
414.59,9.794
414.6,9.486
414.61,9.662
414.62,9.926
414.63,9.179
414.64,9.486
414.65,9.882
414.66,9.399
414.67,9.442
414.68,9.706
414.69,10.057
414.7,10.145
414.71,10.497
414.72,10.672
414.73,10.233
414.74,9.618
414.75,9.794
414.76,9.267
414.77,9.091
414.78,9.399
414.79,9.882
414.8,9.442
414.81,9.091
414.82,10.321
414.83,10.936
414.84,10.453
414.85,10.848
414.86,10.629
414.87,10.189
414.88,9.574
414.89,9.486
414.9,10.057
414.91,10.497
414.92,10.233
414.93,10.277
414.94,11.112
414.95,10.453
414.96,9.618
414.97,9.311
414.98,9.618
414.99,9.794
415,10.321
415.01,10.233
415.02,10.541
415.03,10.716
415.04,10.277
415.05,9.970
415.06,10.057
415.07,9.618
415.08,9.486
415.09,10.057
415.1,10.541
415.11,11.068
415.12,10.277
415.13,10.014
415.14,10.014
415.15,9.355
415.16,9.267
415.17,10.145
415.18,10.014
415.19,10.497
415.2,10.629
415.21,10.189
415.22,9.970
415.23,9.047
415.24,9.399
415.25,9.574
415.26,9.926
415.27,10.497
415.28,10.892
415.29,10.497
415.3,10.277
415.31,9.794
415.32,9.223
415.33,9.662
415.34,9.618
415.35,9.179
415.36,9.223
415.37,9.442
415.38,9.399
415.39,9.267
415.4,9.486
415.41,10.145
415.42,10.409
415.43,10.804
415.44,10.848
415.45,10.980
415.46,9.926
415.47,9.838
415.48,9.662
415.49,9.618
415.5,9.882
415.51,9.530
415.52,9.882
415.53,9.574
415.54,10.277
415.55,10.541
415.56,10.541
415.57,11.112
415.58,10.716
415.59,10.101
415.6,9.706
415.61,9.794
415.62,9.926
415.63,10.321
415.64,10.277
415.65,10.672
415.66,10.760
415.67,10.409
415.68,9.662
415.69,9.442
415.7,9.750
415.71,9.750
415.72,10.057
415.73,10.014
415.74,10.629
415.75,10.629
415.76,9.926
415.77,9.486
415.78,9.399
415.79,9.223
415.8,9.618
415.81,9.970
415.82,10.453
415.83,10.541
415.84,10.145
415.85,9.399
415.86,9.355
415.87,9.530
415.88,9.486
415.89,9.662
415.9,10.409
415.91,10.672
415.92,10.497
415.93,9.750
415.94,9.530
415.95,9.618
415.96,9.618
415.97,9.486
415.98,10.057
415.99,10.716
416,10.672
416.01,10.629
416.02,9.838
416.03,9.970
416.04,9.794
416.05,9.618
416.06,9.926
416.07,10.189
416.08,11.112
416.09,11.024
416.1,10.716
416.11,10.848
416.12,10.101
416.13,9.486
416.14,9.486
416.15,10.233
416.16,10.629
416.17,10.497
416.18,10.541
416.19,10.497
416.2,10.057
416.21,9.530
416.22,9.574
416.23,9.618
416.24,10.321
416.25,10.585
416.26,10.848
416.27,10.716
416.28,9.838
416.29,9.267
416.3,9.574
416.31,9.838
416.32,9.794
416.33,10.277
416.34,10.497
416.35,10.497
416.36,10.497
416.37,9.530
416.38,9.355
416.39,9.838
416.4,9.618
416.41,9.618
416.42,10.497
416.43,10.848
416.44,10.804
416.45,10.453
416.46,10.189
416.47,10.145
416.48,9.838
416.49,9.442
416.5,10.101
416.51,10.629
416.52,10.453
416.53,10.585
416.54,10.497
416.55,9.706
416.56,9.047
416.57,9.047
416.58,9.706
416.59,10.101
416.6,10.233
416.61,10.277
416.62,10.541
416.63,10.014
416.64,9.355
416.65,9.223
416.66,9.662
416.67,10.145
416.68,10.014
416.69,10.497
416.7,10.672
416.71,10.453
416.72,9.399
416.73,9.267
416.74,9.223
416.75,9.399
416.76,9.926
416.77,10.277
416.78,10.716
416.79,10.189
416.8,10.409
416.81,9.926
416.82,9.399
416.83,9.574
416.84,10.145
416.85,10.145
416.86,10.365
416.87,10.892
416.88,10.585
416.89,10.014
416.9,10.057
416.91,9.530
416.92,9.399
416.93,9.486
416.94,10.541
416.95,10.672
416.96,10.277
416.97,10.189
416.98,10.101
416.99,9.574
417,9.706
417.01,9.047
417.02,9.267
417.03,10.101
417.04,10.848
417.05,10.672
417.06,9.970
417.07,9.794
417.08,9.486
417.09,9.267
417.1,9.926
417.11,9.926
417.12,10.321
417.13,10.321
417.14,10.453
417.15,10.277
417.16,9.794
417.17,9.486
417.18,9.267
417.19,10.014
417.2,10.101
417.21,10.365
417.22,10.629
417.23,10.541
417.24,9.399
417.25,9.618
417.26,9.574
417.27,9.662
417.28,9.574
417.29,10.101
417.3,10.585
417.31,10.453
417.32,9.926
417.33,9.442
417.34,9.311
417.35,9.179
417.36,9.179
417.37,8.871
417.38,8.740
417.39,8.696
417.4,8.915
417.41,9.223
417.42,10.057
417.43,9.926
417.44,9.794
417.45,10.057
417.46,9.574
417.47,9.662
417.48,9.267
417.49,9.179
417.5,8.564
417.51,8.608
417.52,9.311
417.53,9.355
417.54,10.145
417.55,10.365
417.56,10.233
417.57,10.189
417.58,10.277
417.59,10.365
417.6,9.706
417.61,9.267
417.62,9.355
417.63,9.970
417.64,10.277
417.65,10.892
417.66,10.101
417.67,9.970
417.68,9.706
417.69,9.794
417.7,9.706
417.71,9.442
417.72,8.915
417.73,9.135
417.74,9.135
417.75,9.267
417.76,9.003
417.77,9.223
417.78,9.135
417.79,8.871
417.8,9.355
417.81,8.827
417.82,9.003
417.83,9.442
417.84,9.267
417.85,8.564
417.86,8.871
417.87,9.267
417.88,9.179
417.89,9.135
417.9,9.047
417.91,9.135
417.92,9.267
417.93,9.706
417.94,9.179
417.95,9.091
417.96,9.530
417.97,9.706
417.98,9.311
417.99,9.223
418,9.355
418.01,9.530
418.02,9.311
418.03,9.179
418.04,9.047
418.05,9.662
418.06,9.662
418.07,9.267
418.08,8.959
418.09,9.223
418.1,9.267
418.11,9.267
418.12,9.135
418.13,9.267
418.14,9.223
418.15,9.355
418.16,9.135
418.17,8.915
418.18,9.223
418.19,9.618
418.2,9.486
418.21,9.047
418.22,8.959
418.23,9.618
418.24,9.223
418.25,8.915
418.26,8.915
418.27,9.311
418.28,9.311
418.29,8.784
418.3,8.915
418.31,8.915
418.32,9.267
418.33,9.179
418.34,9.091
418.35,9.311
418.36,9.442
418.37,9.530
418.38,9.047
418.39,9.355
418.4,9.091
418.41,9.442
418.42,9.179
418.43,8.871
418.44,9.091
418.45,9.530
418.46,9.311
418.47,9.135
418.48,8.915
418.49,9.267
418.5,9.267
418.51,9.267
418.52,9.091
418.53,9.135
418.54,9.618
418.55,9.618
418.56,9.794
418.57,9.267
418.58,9.267
418.59,9.530
418.6,9.179
418.61,9.574
418.62,9.618
418.63,9.442
418.64,8.915
418.65,9.311
418.66,9.399
418.67,9.442
418.68,9.267
418.69,8.959
418.7,8.871
418.71,9.135
418.72,9.355
418.73,9.267
418.74,8.696
418.75,8.608
418.76,9.091
418.77,9.223
418.78,8.959
418.79,9.047
418.8,8.784
418.81,8.827
418.82,8.871
418.83,9.486
418.84,9.355
418.85,9.311
418.86,8.740
418.87,9.003
418.88,9.486
418.89,9.311
418.9,9.442
418.91,8.959
418.92,8.827
418.93,8.915
418.94,9.355
418.95,9.486
418.96,9.223
418.97,8.827
418.98,8.915
418.99,8.871
419,9.091
419.01,9.311
419.02,9.355
419.03,9.047
419.04,8.915
419.05,9.223
419.06,8.871
419.07,9.355
419.08,9.091
419.09,8.915
419.1,8.784
419.11,8.915
419.12,8.827
419.13,9.267
419.14,9.135
419.15,8.784
419.16,8.652
419.17,9.311
419.18,9.355
419.19,9.486
419.2,9.442
419.21,8.827
419.22,9.047
419.23,9.442
419.24,9.530
419.25,9.442
419.26,9.135
419.27,9.135
419.28,9.135
419.29,9.399
419.3,9.442
419.31,9.442
419.32,9.311
419.33,9.530
419.34,9.838
419.35,9.574
419.36,9.047
419.37,9.311
419.38,9.442
419.39,9.530
419.4,9.311
419.41,9.355
419.42,9.311
419.43,9.442
419.44,9.794
419.45,10.057
419.46,9.970
419.47,9.399
419.48,9.574
419.49,9.486
419.5,10.057
419.51,9.970
419.52,9.882
419.53,9.574
419.54,9.662
419.55,10.057
419.56,9.970
419.57,10.014
419.58,9.838
419.59,9.838
419.6,9.574
419.61,9.838
419.62,9.618
419.63,9.486
419.64,9.179
419.65,8.871
419.66,9.662
419.67,9.882
419.68,9.882
419.69,9.355
419.7,9.618
419.71,9.838
419.72,9.794
419.73,9.662
419.74,9.267
419.75,9.794
419.76,9.399
419.77,9.355
419.78,9.399
419.79,9.970
419.8,9.750
419.81,9.530
419.82,10.145
419.83,10.409
419.84,10.760
419.85,10.716
419.86,10.365
419.87,9.618
419.88,10.145
419.89,9.838
419.9,10.057
419.91,9.838
419.92,9.442
419.93,9.530
419.94,9.926
419.95,10.145
419.96,10.277
419.97,10.497
419.98,10.453
419.99,10.277
420,9.706
420.01,9.135
420.02,9.311
420.03,10.145
420.04,10.321
420.05,10.321
420.06,10.409
420.07,10.057
420.08,10.014
420.09,9.618
420.1,9.355
420.11,9.003
420.12,9.442
420.13,9.926
420.14,10.277
420.15,10.497
420.16,9.970
420.17,9.618
420.18,9.618
420.19,9.442
420.2,9.442
420.21,9.838
420.22,10.101
420.23,10.629
420.24,10.760
420.25,10.848
420.26,10.101
420.27,9.311
420.28,9.135
420.29,9.750
420.3,10.585
420.31,10.804
420.32,10.804
420.33,10.629
420.34,9.838
420.35,9.530
420.36,9.926
420.37,9.618
420.38,9.574
420.39,9.486
420.4,9.399
420.41,9.794
420.42,10.453
420.43,11.200
420.44,11.112
420.45,10.892
420.46,10.365
420.47,9.706
420.48,9.794
420.49,9.970
420.5,9.355
420.51,9.882
420.52,10.365
420.53,10.804
420.54,10.409
420.55,10.497
420.56,9.794
420.57,9.530
420.58,9.486
420.59,9.662
420.6,9.706
420.61,10.277
420.62,10.233
420.63,10.277
420.64,10.277
420.65,10.497
420.66,9.882
420.67,9.838
420.68,10.057
420.69,10.365
420.7,10.672
420.71,10.453
420.72,10.453
420.73,10.101
420.74,10.101
420.75,10.014
420.76,9.882
420.77,9.926
420.78,10.497
420.79,10.365
420.8,10.453
420.81,10.541
420.82,10.453
420.83,10.145
420.84,10.014
420.85,9.926
420.86,10.233
420.87,10.365
420.88,10.189
420.89,10.277
420.9,10.497
420.91,10.365
420.92,9.794
420.93,9.530
420.94,9.399
420.95,9.311
420.96,10.189
420.97,10.541
420.98,10.892
420.99,11.024
421,10.189
421.01,9.662
421.02,9.662
421.03,9.618
421.04,9.970
421.05,10.497
421.06,10.760
421.07,10.892
421.08,10.760
421.09,10.145
421.1,9.486
421.11,9.530
421.12,9.486
421.13,10.365
421.14,10.497
421.15,10.760
421.16,10.716
421.17,10.321
421.18,9.662
421.19,9.530
421.2,9.750
421.21,9.618
421.22,9.794
421.23,9.882
421.24,10.321
421.25,10.585
421.26,10.365
421.27,9.486
421.28,9.003
421.29,9.267
421.3,10.145
421.31,10.321
421.32,10.145
421.33,10.365
421.34,10.365
421.35,9.882
421.36,9.399
421.37,9.223
421.38,9.838
421.39,9.970
421.4,9.574
421.41,9.530
421.42,10.233
421.43,10.629
421.44,10.585
421.45,10.672
421.46,9.882
421.47,9.355
421.48,9.442
421.49,9.311
421.5,9.223
421.51,8.784
421.52,9.355
421.53,9.311
421.54,9.618
421.55,10.145
421.56,10.585
421.57,10.585
421.58,10.585
421.59,9.926
421.6,9.530
421.61,9.135
421.62,9.618
421.63,9.838
421.64,9.926
421.65,10.497
421.66,10.716
421.67,9.926
421.68,9.399
421.69,9.399
421.7,9.047
421.71,9.311
421.72,10.014
421.73,10.233
421.74,10.101
421.75,10.057
421.76,9.838
421.77,9.706
421.78,9.135
421.79,9.091
421.8,9.970
421.81,9.926
421.82,10.057
421.83,10.541
421.84,10.101
421.85,9.486
421.86,9.442
421.87,9.399
421.88,9.311
421.89,9.970
421.9,10.497
421.91,10.716
421.92,10.497
421.93,9.618
421.94,9.926
421.95,9.618
421.96,9.047
421.97,9.179
421.98,10.189
421.99,10.321
422,10.453
422.01,10.014
422.02,10.101
422.03,9.574
422.04,9.223
422.05,9.003
422.06,9.706
422.07,9.706
422.08,10.541
422.09,10.321
422.1,9.970
422.11,9.574
422.12,9.399
422.13,9.091
422.14,9.179
422.15,9.970
422.16,10.321
422.17,10.101
422.18,10.189
422.19,10.014
422.2,9.574
422.21,9.091
422.22,9.179
422.23,9.574
422.24,10.057
422.25,10.057
422.26,10.409
422.27,10.409
422.28,9.970
422.29,9.882
422.3,9.486
422.31,9.355
422.32,9.926
422.33,10.453
422.34,10.453
422.35,10.321
422.36,10.277
422.37,9.662
422.38,9.442
422.39,9.179
422.4,9.355
422.41,9.355
422.42,9.838
422.43,10.365
422.44,10.189
422.45,10.541
422.46,10.189
422.47,9.838
422.48,9.530
422.49,9.355
422.5,10.145
422.51,10.848
422.52,10.585
422.53,10.585
422.54,10.233
422.55,10.101
422.56,10.057
422.57,9.618
422.58,9.618
422.59,10.145
422.6,10.189
422.61,10.497
422.62,10.848
422.63,9.970
422.64,9.618
422.65,9.311
422.66,9.311
422.67,10.145
422.68,10.145
422.69,10.541
422.7,10.277
422.71,10.014
422.72,9.794
422.73,9.794
422.74,9.618
422.75,9.574
422.76,9.574
422.77,9.574
422.78,9.399
422.79,9.355
422.8,10.101
422.81,9.838
422.82,9.882
422.83,9.179
422.84,9.355
422.85,9.267
422.86,9.399
422.87,9.442
422.88,9.486
422.89,9.047
422.9,9.135
422.91,9.355
422.92,9.530
422.93,9.135
422.94,9.091
422.95,9.179
422.96,9.223
422.97,9.530
422.98,9.486
422.99,9.267
423,9.223
423.01,9.311
423.02,9.003
423.03,8.784
423.04,9.442
423.05,9.882
423.06,9.399
423.07,9.135
423.08,9.091
423.09,9.442
423.1,9.399
423.11,9.311
423.12,8.959
423.13,9.267
423.14,9.662
423.15,9.750
423.16,9.311
423.17,9.355
423.18,10.014
423.19,9.794
423.2,9.311
423.21,9.618
423.22,9.486
423.23,9.223
423.24,9.530
423.25,9.662
423.26,9.574
423.27,9.311
423.28,9.399
423.29,9.662
423.3,9.355
423.31,9.399
423.32,9.311
423.33,9.662
423.34,9.486
423.35,9.267
423.36,9.706
423.37,9.486
423.38,9.399
423.39,9.662
423.4,9.794
423.41,9.882
423.42,9.618
423.43,10.101
423.44,9.662
423.45,9.794
423.46,9.530
423.47,9.882
423.48,9.970
423.49,9.530
423.5,9.135
423.51,9.399
423.52,9.574
423.53,9.750
423.54,9.399
423.55,9.618
423.56,9.355
423.57,9.618
423.58,9.838
423.59,9.618
423.6,9.662
423.61,9.662
423.62,10.101
423.63,9.530
423.64,9.399
423.65,9.838
423.66,9.530
423.67,9.926
423.68,9.574
423.69,9.662
423.7,9.618
423.71,9.838
423.72,9.926
423.73,9.399
423.74,9.486
423.75,9.794
423.76,9.530
423.77,9.442
423.78,9.135
423.79,9.662
423.8,9.662
423.81,9.267
423.82,8.959
423.83,9.047
423.84,9.399
423.85,9.574
423.86,9.047
423.87,9.223
423.88,9.355
423.89,9.662
423.9,9.486
423.91,9.267
423.92,9.267
423.93,9.179
423.94,9.618
423.95,9.267
423.96,8.959
423.97,9.267
423.98,9.135
423.99,9.574
424,9.135
424.01,9.135
424.02,8.871
424.03,9.091
424.04,9.179
424.05,9.135
424.06,8.959
424.07,9.135
424.08,9.355
424.09,9.267
424.1,9.091
424.11,9.267
424.12,9.442
424.13,9.618
424.14,9.530
424.15,9.091
424.16,9.091
424.17,9.618
424.18,9.267
424.19,9.267
424.2,9.135
424.21,9.355
424.22,9.442
424.23,9.442
424.24,9.135
424.25,8.871
424.26,9.047
424.27,8.959
424.28,9.267
424.29,9.442
424.3,9.091
424.31,9.047
424.32,9.091
424.33,9.135
424.34,9.267
424.35,9.662
424.36,9.311
424.37,9.442
424.38,9.091
424.39,9.091
424.4,9.442
424.41,9.442
424.42,9.442
424.43,9.662
424.44,9.530
424.45,9.399
424.46,9.135
424.47,9.179
424.48,9.574
424.49,9.179
424.5,9.618
424.51,9.223
424.52,9.091
424.53,9.223
424.54,9.530
424.55,9.399
424.56,9.399
424.57,9.311
424.58,9.442
424.59,9.311
424.6,9.399
424.61,9.530
424.62,9.530
424.63,9.355
424.64,9.223
424.65,9.486
424.66,9.574
424.67,9.662
424.68,9.442
424.69,9.399
424.7,9.530
424.71,9.662
424.72,9.750
424.73,9.662
424.74,9.794
424.75,9.838
424.76,9.267
424.77,9.179
424.78,9.311
424.79,9.442
424.8,9.750
424.81,9.706
424.82,9.399
424.83,9.179
424.84,8.871
424.85,9.047
424.86,9.311
424.87,9.355
424.88,9.442
424.89,9.618
424.9,9.794
424.91,9.179
424.92,9.442
424.93,10.189
424.94,10.233
424.95,10.497
424.96,10.804
424.97,10.585
424.98,10.145
424.99,9.882
425,10.014
425.01,9.970
425.02,9.882
425.03,9.662
425.04,9.926
425.05,10.497
425.06,10.277
425.07,10.716
425.08,10.672
425.09,9.970
425.1,9.486
425.11,9.311
425.12,9.047
425.13,9.530
425.14,9.530
425.15,9.794
425.16,10.365
425.17,10.277
425.18,10.716
425.19,10.672
425.2,10.629
425.21,9.926
425.22,9.399
425.23,9.003
425.24,9.442
425.25,10.321
425.26,10.804
425.27,10.541
425.28,10.453
425.29,10.014
425.3,9.750
425.31,9.926
425.32,9.970
425.33,9.882
425.34,10.277
425.35,10.189
425.36,10.585
425.37,10.848
425.38,10.277
425.39,9.926
425.4,9.970
425.41,9.618
425.42,9.926
425.43,10.585
425.44,10.760
425.45,11.024
425.46,10.541
425.47,9.574
425.48,9.003
425.49,9.442
425.5,9.794
425.51,10.233
425.52,9.882
425.53,10.057
425.54,10.497
425.55,10.365
425.56,10.014
425.57,9.794
425.58,9.442
425.59,9.794
425.6,10.233
425.61,10.804
425.62,10.760
425.63,10.277
425.64,9.838
425.65,9.662
425.66,9.706
425.67,9.662
425.68,9.618
425.69,9.794
425.7,10.672
425.71,10.716
425.72,10.672
425.73,9.882
425.74,9.574
425.75,9.047
425.76,9.399
425.77,9.750
425.78,10.409
425.79,9.970
425.8,10.145
425.81,10.321
425.82,9.530
425.83,9.530
425.84,9.311
425.85,9.355
425.86,10.145
425.87,10.189
425.88,10.189
425.89,10.057
425.9,10.101
425.91,9.750
425.92,9.355
425.93,9.003
425.94,9.311
425.95,10.101
425.96,10.497
425.97,10.277
425.98,9.838
425.99,9.311
426,9.442
426.01,9.267
426.02,9.442
426.03,9.970
426.04,10.014
426.05,10.321
426.06,10.497
426.07,10.189
426.08,9.574
426.09,8.915
426.1,8.871
426.11,9.047
426.12,10.057
426.13,10.585
426.14,10.497
426.15,10.189
426.16,9.794
426.17,9.794
426.18,9.662
426.19,9.442
426.2,9.486
426.21,9.926
426.22,10.629
426.23,10.629
426.24,10.585
426.25,10.014
426.26,9.442
426.27,9.530
426.28,9.530
426.29,9.662
426.3,10.365
426.31,10.585
426.32,10.453
426.33,10.057
426.34,9.926
426.35,9.179
426.36,9.311
426.37,9.530
426.38,9.047
426.39,9.223
426.4,9.355
426.41,9.838
426.42,10.365
426.43,10.409
426.44,10.145
426.45,10.321
426.46,9.926
426.47,9.618
426.48,9.047
426.49,8.827
426.5,9.135
426.51,9.926
426.52,10.014
426.53,10.321
426.54,9.838
426.55,9.442
426.56,9.091
426.57,9.223
426.58,9.179
426.59,9.662
426.6,9.838
426.61,10.057
426.62,10.145
426.63,10.321
426.64,10.189
426.65,9.530
426.66,8.871
426.67,9.003
426.68,9.442
426.69,10.101
426.7,10.541
426.71,10.101
426.72,9.926
426.73,9.926
426.74,9.574
426.75,9.399
426.76,9.442
426.77,9.618
426.78,9.926
426.79,10.277
426.8,10.716
426.81,10.233
426.82,9.882
426.83,9.442
426.84,9.399
426.85,9.662
426.86,10.233
426.87,10.057
426.88,10.057
426.89,10.014
426.9,10.101
426.91,9.794
426.92,9.311
426.93,9.003
426.94,9.530
426.95,10.189
426.96,10.497
426.97,10.277
426.98,10.101
426.99,9.706
427,9.486
427.01,9.399
427.02,9.794
427.03,10.057
427.04,9.882
427.05,10.409
427.06,10.541
427.07,10.409
427.08,9.882
427.09,9.399
427.1,9.179
427.11,10.014
427.12,10.497
427.13,10.760
427.14,10.892
427.15,10.541
427.16,10.453
427.17,9.838
427.18,9.926
427.19,9.618
427.2,9.399
427.21,10.189
427.22,10.760
427.23,11.068
427.24,10.541
427.25,9.838
427.26,9.618
427.27,9.926
427.28,9.970
427.29,10.233
427.3,10.321
427.31,10.585
427.32,10.848
427.33,10.716
427.34,10.101
427.35,9.794
427.36,9.442
427.37,9.179
427.38,9.486
427.39,9.750
427.4,9.706
427.41,9.267
427.42,10.014
427.43,10.453
427.44,10.365
427.45,11.024
427.46,10.321
427.47,9.882
427.48,9.179
427.49,9.135
427.5,9.706
427.51,9.970
427.52,10.453
427.53,10.716
427.54,10.365
427.55,9.530
427.56,9.047
427.57,9.442
427.58,9.311
427.59,9.794
427.6,9.486
427.61,9.574
427.62,10.189
427.63,10.321
427.64,9.970
427.65,9.179
427.66,9.003
427.67,8.915
427.68,9.047
427.69,9.794
427.7,10.365
427.71,10.453
427.72,10.365
427.73,9.794
427.74,9.091
427.75,9.179
427.76,9.091
427.77,9.970
427.78,10.233
427.79,10.277
427.8,10.321
427.81,9.530
427.82,9.530
427.83,9.838
427.84,9.838
427.85,9.618
427.86,9.311
427.87,9.355
427.88,8.871
427.89,9.135
427.9,9.399
427.91,9.267
427.92,9.311
427.93,9.223
427.94,9.882
427.95,9.399
427.96,9.135
427.97,9.223
427.98,9.399
427.99,9.882
428,9.574
428.01,9.530
428.02,9.486
428.03,9.706
428.04,9.838
428.05,9.486
428.06,9.486
428.07,9.574
428.08,9.267
428.09,9.179
428.1,9.486
428.11,9.530
428.12,9.706
428.13,9.442
428.14,9.486
428.15,9.311
428.16,9.311
428.17,9.618
428.18,9.662
428.19,9.662
428.2,9.530
428.21,9.355
428.22,9.662
428.23,9.618
428.24,9.486
428.25,9.794
428.26,9.618
428.27,9.223
428.28,9.399
428.29,9.574
428.3,9.135
428.31,9.311
428.32,9.618
428.33,9.442
428.34,9.355
428.35,9.091
428.36,9.047
428.37,9.486
428.38,9.882
428.39,9.267
428.4,9.399
428.41,9.794
428.42,9.618
428.43,9.267
428.44,9.794
428.45,9.970
428.46,9.662
428.47,9.135
428.48,9.355
428.49,9.618
428.5,9.618
428.51,9.574
428.52,9.486
428.53,9.618
428.54,9.442
428.55,9.223
428.56,9.311
428.57,9.486
428.58,9.574
428.59,9.223
428.6,9.794
428.61,9.399
428.62,9.267
428.63,9.135
428.64,9.618
428.65,9.135
428.66,9.091
428.67,10.057
428.68,9.486
428.69,9.223
428.7,9.003
428.71,9.399
428.72,9.750
428.73,9.662
428.74,9.442
428.75,9.267
428.76,9.135
428.77,9.223
428.78,9.311
428.79,9.618
428.8,9.706
428.81,9.223
428.82,9.091
428.83,9.399
428.84,9.926
428.85,9.442
428.86,9.442
428.87,9.794
428.88,9.926
428.89,9.662
428.9,9.530
428.91,9.486
428.92,9.618
428.93,9.838
428.94,9.530
428.95,9.486
428.96,9.750
428.97,9.530
428.98,9.530
428.99,9.267
429,9.267
429.01,9.794
429.02,9.530
429.03,9.399
429.04,9.267
429.05,9.794
429.06,9.662
429.07,10.145
429.08,9.355
429.09,9.530
429.1,9.486
429.11,9.750
429.12,9.486
429.13,9.442
429.14,9.486
429.15,9.574
429.16,9.486
429.17,9.486
429.18,9.267
429.19,9.618
429.2,9.838
429.21,9.838
429.22,9.618
429.23,9.442
429.24,9.750
429.25,9.970
429.26,9.926
429.27,9.442
429.28,9.618
429.29,9.838
429.3,9.706
429.31,9.750
429.32,9.442
429.33,9.530
429.34,9.486
429.35,9.662
429.36,9.530
429.37,9.486
429.38,9.618
429.39,9.662
429.4,9.838
429.41,9.750
429.42,9.970
429.43,9.574
429.44,9.838
429.45,9.970
429.46,10.057
429.47,9.486
429.48,9.574
429.49,9.399
429.5,9.530
429.51,9.838
429.52,10.189
429.53,10.014
429.54,9.311
429.55,9.267
429.56,9.662
429.57,9.926
429.58,9.750
429.59,9.442
429.6,9.355
429.61,9.223
429.62,9.355
429.63,9.486
429.64,9.311
429.65,9.574
429.66,9.355
429.67,8.959
429.68,9.530
429.69,9.838
429.7,9.618
429.71,9.662
429.72,9.574
429.73,9.442
429.74,9.530
429.75,9.618
429.76,9.926
429.77,9.706
429.78,9.442
429.79,9.838
429.8,9.618
429.81,9.970
429.82,10.014
429.83,9.794
429.84,9.267
429.85,9.267
429.86,9.530
429.87,9.750
429.88,9.574
429.89,9.399
429.9,9.311
429.91,9.574
429.92,9.399
429.93,9.530
429.94,9.794
429.95,9.486
429.96,9.179
429.97,9.135
429.98,9.223
429.99,9.179
430,9.399
430.01,9.355
430.02,9.003
430.03,9.179
430.04,9.399
430.05,9.618
430.06,9.970
430.07,9.574
430.08,9.399
430.09,10.189
430.1,10.541
430.11,10.629
430.12,11.024
430.13,10.321
430.14,9.750
430.15,9.750
430.16,9.706
430.17,10.321
430.18,10.629
430.19,10.497
430.2,10.497
430.21,10.760
430.22,10.672
430.23,10.014
430.24,9.355
430.25,9.135
430.26,9.882
430.27,10.672
430.28,11.024
430.29,10.672
430.3,10.057
430.31,9.882
430.32,9.838
430.33,9.794
430.34,9.267
430.35,9.355
430.36,9.223
430.37,9.267
430.38,9.267
430.39,9.179
430.4,9.047
430.41,9.442
430.42,10.321
430.43,10.409
430.44,10.453
430.45,10.233
430.46,10.101
430.47,9.750
430.48,9.794
430.49,9.047
430.5,9.442
430.51,10.233
430.52,10.760
430.53,10.497
430.54,10.145
430.55,9.882
430.56,9.618
430.57,9.574
430.58,9.311
430.59,9.882
430.6,10.497
430.61,10.453
430.62,10.497
430.63,10.014
430.64,9.750
430.65,9.618
430.66,9.267
430.67,9.486
430.68,9.750
430.69,10.409
430.7,10.321
430.71,10.629
430.72,10.014
430.73,9.662
430.74,9.794
430.75,9.530
430.76,9.750
430.77,10.277
430.78,10.672
430.79,10.892
430.8,10.804
430.81,10.189
430.82,9.838
430.83,10.101
430.84,9.926
430.85,9.926
430.86,10.541
430.87,11.068
430.88,11.156
430.89,10.585
430.9,10.057
430.91,9.794
430.92,9.838
430.93,9.442
430.94,9.794
430.95,10.497
430.96,10.848
430.97,10.760
430.98,9.926
430.99,9.618
431,9.267
431.01,9.399
431.02,9.399
431.03,9.794
431.04,10.409
431.05,10.672
431.06,10.277
431.07,9.838
431.08,9.618
431.09,9.530
431.1,9.355
431.11,9.882
431.12,10.409
431.13,9.926
431.14,10.365
431.15,10.453
431.16,9.706
431.17,9.355
431.18,9.135
431.19,9.662
431.2,10.057
431.21,10.057
431.22,10.716
431.23,10.585
431.24,10.057
431.25,9.618
431.26,9.882
431.27,9.618
431.28,9.706
431.29,10.409
431.3,10.629
431.31,10.672
431.32,10.277
431.33,9.970
431.34,9.706
431.35,9.574
431.36,9.267
431.37,9.399
431.38,9.662
431.39,9.267
431.4,9.047
431.41,9.574
431.42,10.321
431.43,10.189
431.44,10.541
431.45,10.760
431.46,10.365
431.47,9.970
431.48,9.442
431.49,9.267
431.5,10.014
431.51,10.365
431.52,10.189
431.53,10.760
431.54,10.936
431.55,10.365
431.56,9.618
431.57,9.399
431.58,9.706
431.59,10.321
431.6,10.497
431.61,10.233
431.62,10.277
431.63,10.716
431.64,9.794
431.65,9.223
431.66,8.827
431.67,9.135
431.68,9.662
431.69,10.145
431.7,10.145
431.71,10.321
431.72,10.321
431.73,9.970
431.74,9.135
431.75,9.179
431.76,9.267
431.77,9.530
431.78,10.277
431.79,10.365
431.8,9.838
431.81,9.838
431.82,9.794
431.83,9.223
431.84,9.179
431.85,9.486
431.86,9.706
431.87,9.970
431.88,9.662
431.89,10.321
431.9,9.970
431.91,9.486
431.92,8.959
431.93,8.871
431.94,9.355
431.95,10.014
431.96,10.804
431.97,10.585
431.98,9.970
431.99,9.618
432,9.442
432.01,9.442
432.02,9.399
432.03,9.530
432.04,9.530
432.05,9.970
432.06,10.409
432.07,10.014
432.08,9.838
432.09,9.355
432.1,9.179
432.11,9.399
432.12,10.365
432.13,10.277
432.14,10.453
432.15,10.497
432.16,9.486
432.17,9.311
432.18,9.091
432.19,9.355
432.2,9.706
432.21,9.662
432.22,9.926
432.23,10.145
432.24,10.321
432.25,10.145
432.26,9.750
432.27,9.223
432.28,9.091
432.29,9.355
432.3,10.145
432.31,10.497
432.32,10.716
432.33,10.672
432.34,9.267
432.35,9.091
432.36,9.399
432.37,9.530
432.38,9.135
432.39,8.871
432.4,9.003
432.41,9.267
432.42,10.101
432.43,10.497
432.44,10.804
432.45,10.409
432.46,9.574
432.47,9.530
432.48,9.574
432.49,9.618
432.5,9.486
432.51,9.618
432.52,10.189
432.53,10.365
432.54,10.189
432.55,10.321
432.56,9.882
432.57,9.311
432.58,9.179
432.59,9.838
432.6,9.530
432.61,10.233
432.62,10.936
432.63,10.409
432.64,9.838
432.65,9.486
432.66,9.706
432.67,9.399
432.68,9.882
432.69,10.497
432.7,10.497
432.71,10.453
432.72,10.541
432.73,10.233
432.74,9.618
432.75,9.003
432.76,9.003
432.77,9.750
432.78,10.585
432.79,10.541
432.8,10.497
432.81,10.145
432.82,9.794
432.83,9.618
432.84,9.618
432.85,9.442
432.86,9.750
432.87,9.838
432.88,10.585
432.89,10.409
432.9,10.277
432.91,10.189
432.92,9.706
432.93,9.355
432.94,9.574
432.95,10.321
432.96,10.629
432.97,10.585
432.98,10.101
432.99,10.014
433,9.530
433.01,9.574
433.02,9.706
433.03,9.530
433.04,8.871
433.05,9.223
433.06,9.486
433.07,9.970
433.08,9.223
433.09,9.091
433.1,9.442
433.11,9.882
433.12,9.882
433.13,9.223
433.14,9.179
433.15,9.442
433.16,9.399
433.17,8.915
433.18,8.915
433.19,9.135
433.2,9.223
433.21,9.267
433.22,8.959
433.23,9.091
433.24,8.915
433.25,8.959
433.26,9.223
433.27,9.530
433.28,9.047
433.29,8.784
433.3,9.003
433.31,9.311
433.32,9.267
433.33,8.959
433.34,8.915
433.35,9.003
433.36,9.267
433.37,9.530
433.38,9.399
433.39,9.311
433.4,9.267
433.41,9.530
433.42,9.442
433.43,9.530
433.44,9.223
433.45,9.530
433.46,9.442
433.47,9.223
433.48,9.530
433.49,9.838
433.5,9.970
433.51,9.662
433.52,9.223
433.53,9.267
433.54,9.399
433.55,9.838
433.56,9.618
433.57,9.399
433.58,9.179
433.59,9.311
433.6,9.355
433.61,9.442
433.62,9.355
433.63,9.618
433.64,9.267
433.65,9.223
433.66,9.047
433.67,9.442
433.68,9.574
433.69,9.135
433.7,9.091
433.71,9.135
433.72,9.618
433.73,9.662
433.74,9.355
433.75,9.618
433.76,9.267
433.77,9.223
433.78,9.618
433.79,9.486
433.8,9.442
433.81,9.267
433.82,9.047
433.83,8.784
433.84,9.267
433.85,9.794
433.86,9.574
433.87,9.223
433.88,9.047
433.89,9.399
433.9,9.486
433.91,9.442
433.92,9.355
433.93,9.399
433.94,9.047
433.95,8.959
433.96,9.399
433.97,9.882
433.98,9.618
433.99,9.223
434,9.135
434.01,8.959
434.02,9.399
434.03,9.399
434.04,9.311
434.05,8.959
434.06,9.355
434.07,9.355
434.08,9.311
434.09,9.311
434.1,9.179
434.11,9.882
434.12,9.926
434.13,9.706
434.14,9.223
434.15,9.399
434.16,9.750
434.17,9.574
434.18,9.574
434.19,9.267
434.2,9.135
434.21,9.267
434.22,9.838
434.23,9.399
434.24,9.486
434.25,9.179
434.26,9.047
434.27,9.399
434.28,9.530
434.29,9.486
434.3,9.442
434.31,9.091
434.32,8.915
434.33,9.267
434.34,9.530
434.35,9.223
434.36,9.355
434.37,9.179
434.38,8.959
434.39,9.355
434.4,9.574
434.41,9.618
434.42,9.223
434.43,9.399
434.44,9.618
434.45,9.618
434.46,9.399
434.47,9.311
434.48,9.311
434.49,9.442
434.5,9.486
434.51,9.311
434.52,9.179
434.53,9.311
434.54,9.267
434.55,9.486
434.56,9.355
434.57,9.355
434.58,9.442
434.59,9.618
434.6,9.442
434.61,9.486
434.62,9.267
434.63,9.486
434.64,9.618
434.65,9.442
434.66,9.179
434.67,9.091
434.68,9.442
434.69,9.530
434.7,9.662
434.71,8.784
434.72,9.399
434.73,9.530
434.74,9.399
434.75,9.003
434.76,9.003
434.77,9.662
434.78,9.399
434.79,9.267
434.8,8.959
434.81,8.959
434.82,9.530
434.83,9.399
434.84,9.355
434.85,9.179
434.86,9.135
434.87,9.442
434.88,9.267
434.89,9.091
434.9,9.706
434.91,9.399
434.92,9.267
434.93,9.882
434.94,9.794
434.95,9.970
434.96,9.530
434.97,9.399
434.98,9.267
434.99,9.662
435,9.970
435.01,9.486
435.02,9.794
435.03,10.145
435.04,9.882
435.05,9.618
435.06,9.311
435.07,9.135
435.08,9.355
435.09,9.794
435.1,9.399
435.11,9.047
435.12,9.003
435.13,9.530
435.14,9.838
435.15,9.662
435.16,9.311
435.17,10.014
435.18,10.497
435.19,10.585
435.2,10.585
435.21,10.409
435.22,10.014
435.23,9.794
435.24,9.355
435.25,9.399
435.26,9.618
435.27,9.442
435.28,9.267
435.29,9.882
435.3,10.365
435.31,10.277
435.32,10.541
435.33,10.233
435.34,9.530
435.35,9.486
435.36,9.223
435.37,9.091
435.38,9.442
435.39,9.311
435.4,8.784
435.41,9.442
435.42,9.662
435.43,10.101
435.44,10.541
435.45,10.453
435.46,10.014
435.47,9.794
435.48,9.399
435.49,9.091
435.5,9.267
435.51,9.662
435.52,9.574
435.53,9.750
435.54,10.014
435.55,10.145
435.56,10.497
435.57,10.672
435.58,10.541
435.59,10.057
435.6,9.662
435.61,9.794
435.62,9.311
435.63,9.838
435.64,10.321
435.65,10.672
435.66,10.453
435.67,10.365
435.68,10.321
435.69,9.926
435.7,9.311
435.71,9.574
435.72,10.233
435.73,10.804
435.74,10.321
435.75,10.409
435.76,10.365
435.77,9.574
435.78,9.442
435.79,9.618
435.8,9.838
435.81,10.014
435.82,10.145
435.83,10.189
435.84,10.585
435.85,10.672
435.86,9.574
435.87,9.179
435.88,9.091
435.89,9.311
435.9,9.882
435.91,9.794
435.92,10.672
435.93,10.409
435.94,10.014
435.95,9.442
435.96,9.047
435.97,9.091
435.98,9.750
435.99,9.794
436,10.101
436.01,10.365
436.02,9.794
436.03,9.311
436.04,9.399
436.05,9.267
436.06,9.223
436.07,9.486
436.08,9.926
436.09,10.365
436.1,10.365
436.11,9.662
436.12,9.618
436.13,9.179
436.14,8.959
436.15,9.355
436.16,9.926
436.17,10.629
436.18,10.585
436.19,10.277
436.2,10.321
436.21,10.014
436.22,9.662
436.23,9.267
436.24,10.541
436.25,10.629
436.26,10.716
436.27,10.716
436.28,10.409
436.29,10.189
436.3,9.442
436.31,9.662
436.32,9.574
436.33,9.838
436.34,10.233
436.35,10.409
436.36,10.892
436.37,10.453
436.38,9.882
436.39,9.662
436.4,9.135
436.41,9.091
436.42,10.101
436.43,10.804
436.44,10.629
436.45,10.453
436.46,10.189
436.47,9.882
436.48,9.706
436.49,9.442
436.5,9.838
436.51,10.189
436.52,10.497
436.53,10.365
436.54,10.057
436.55,9.926
436.56,9.750
436.57,9.311
436.58,8.871
436.59,9.794
436.6,10.585
436.61,10.760
436.62,10.453
436.63,10.014
436.64,10.145
436.65,9.926
436.66,9.926
436.67,9.267
436.68,9.794
436.69,10.848
436.7,11.024
436.71,10.716
436.72,10.760
436.73,10.321
436.74,9.882
436.75,9.706
436.76,9.311
436.77,10.145
436.78,10.585
436.79,10.672
436.8,10.497
436.81,10.189
436.82,10.057
436.83,9.530
436.84,9.223
436.85,9.706
436.86,10.101
436.87,10.453
436.88,10.629
436.89,10.629
436.9,10.321
436.91,9.882
436.92,9.399
436.93,9.530
436.94,9.882
436.95,10.629
436.96,10.145
436.97,10.365
436.98,10.101
436.99,10.057
437,9.355
437.01,9.135
437.02,9.179
437.03,9.926
437.04,10.233
437.05,10.101
437.06,10.541
437.07,10.189
437.08,9.399
437.09,8.871
437.1,9.311
437.11,10.057
437.12,10.277
437.13,10.321
437.14,10.672
437.15,10.629
437.16,9.882
437.17,9.662
437.18,9.311
437.19,9.574
437.2,9.530
437.21,9.970
437.22,10.233
437.23,10.277
437.24,10.321
437.25,9.882
437.26,9.399
437.27,9.399
437.28,9.267
437.29,9.311
437.3,10.277
437.31,10.233
437.32,10.277
437.33,10.057
437.34,9.970
437.35,9.530
437.36,9.135
437.37,9.355
437.38,9.003
437.39,8.959
437.4,9.355
437.41,9.223
437.42,9.882
437.43,10.365
437.44,10.233
437.45,10.189
437.46,9.970
437.47,9.486
437.48,9.267
437.49,9.179
437.5,9.355
437.51,9.794
437.52,10.321
437.53,10.497
437.54,10.365
437.55,9.838
437.56,9.399
437.57,9.486
437.58,9.442
437.59,9.926
437.6,10.233
437.61,10.277
437.62,10.233
437.63,10.453
437.64,10.189
437.65,9.267
437.66,9.223
437.67,9.267
437.68,9.442
437.69,9.794
437.7,10.145
437.71,10.453
437.72,10.145
437.73,10.101
437.74,9.662
437.75,9.486
437.76,9.135
437.77,10.057
437.78,10.409
437.79,10.497
437.8,10.629
437.81,10.497
437.82,9.618
437.83,9.970
437.84,9.486
437.85,9.618
437.86,10.101
437.87,10.277
437.88,10.672
437.89,10.277
437.9,10.057
437.91,10.145
437.92,9.530
437.93,9.223
437.94,10.057
437.95,10.277
437.96,10.277
437.97,10.497
437.98,10.365
437.99,9.355
438,9.179
438.01,9.355
438.02,9.267
438.03,9.926
438.04,10.585
438.05,10.233
438.06,10.101
438.07,9.882
438.08,9.882
438.09,9.267
438.1,8.959
438.11,9.530
438.12,9.135
438.13,9.047
438.14,9.091
438.15,9.530
438.16,9.442
438.17,9.223
438.18,9.135
438.19,9.267
438.2,9.355
438.21,9.267
438.22,9.223
438.23,9.486
438.24,9.399
438.25,9.003
438.26,9.399
438.27,9.267
438.28,9.223
438.29,9.311
438.3,9.618
438.31,9.355
438.32,9.003
438.33,8.959
438.34,9.618
438.35,9.618
438.36,8.959
438.37,9.135
438.38,9.311
438.39,9.311
438.4,9.135
438.41,9.706
438.42,9.662
438.43,9.399
438.44,9.135
438.45,9.574
438.46,9.399
438.47,9.442
438.48,9.135
438.49,9.399
438.5,9.355
438.51,8.959
438.52,9.267
438.53,9.091
438.54,9.618
438.55,9.091
438.56,9.442
438.57,9.223
438.58,9.442
438.59,9.399
438.6,9.399
438.61,9.794
438.62,9.442
438.63,9.091
438.64,9.091
438.65,9.442
438.66,9.311
438.67,9.047
438.68,9.355
438.69,9.311
438.7,9.135
438.71,9.003
438.72,9.091
438.73,9.223
438.74,9.091
438.75,9.091
438.76,9.047
438.77,8.959
438.78,8.915
438.79,9.091
438.8,9.003
438.81,8.959
438.82,8.696
438.83,8.915
438.84,9.267
438.85,9.267
438.86,8.784
438.87,8.871
438.88,9.311
438.89,9.223
438.9,9.311
438.91,9.091
438.92,9.662
438.93,9.618
438.94,9.223
438.95,9.047
438.96,9.662
438.97,9.794
438.98,9.926
438.99,9.223
439,9.706
439.01,9.662
439.02,9.706
439.03,9.267
439.04,9.442
439.05,9.618
439.06,9.530
439.07,9.574
439.08,9.267
439.09,9.135
439.1,9.442
439.11,9.486
439.12,9.486
439.13,9.267
439.14,9.399
439.15,9.311
439.16,9.311
439.17,9.091
439.18,8.915
439.19,9.574
439.2,9.574
439.21,9.399
439.22,9.223
439.23,9.442
439.24,9.486
439.25,9.574
439.26,9.662
439.27,9.399
439.28,9.355
439.29,9.794
439.3,9.486
439.31,9.794
439.32,9.926
439.33,9.530
439.34,9.179
439.35,9.574
439.36,9.794
439.37,9.486
439.38,9.135
439.39,9.530
439.4,9.399
439.41,9.618
439.42,9.003
439.43,9.179
439.44,9.794
439.45,9.399
439.46,9.091
439.47,9.486
439.48,9.618
439.49,9.662
439.5,9.355
439.51,9.223
439.52,9.618
439.53,9.267
439.54,9.662
439.55,9.091
439.56,9.135
439.57,9.355
439.58,9.574
439.59,9.179
439.6,9.135
439.61,9.091
439.62,9.355
439.63,9.794
439.64,9.311
439.65,9.091
439.66,9.442
439.67,9.442
439.68,9.486
439.69,9.047
439.7,9.223
439.71,9.486
439.72,9.399
439.73,9.135
439.74,8.915
439.75,9.355
439.76,9.750
439.77,9.706
439.78,9.530
439.79,9.267
439.8,9.618
439.81,9.267
439.82,9.399
439.83,8.915
439.84,9.311
439.85,9.750
439.86,9.399
439.87,9.442
439.88,9.662
439.89,9.794
439.9,9.882
439.91,9.662
439.92,9.574
439.93,9.750
439.94,9.882
439.95,9.399
439.96,9.047
439.97,9.442
439.98,9.926
439.99,9.662
440,9.442
440.01,9.355
440.02,9.750
440.03,9.574
440.04,9.530
440.05,9.882
440.06,9.750
440.07,9.926
440.08,9.442
440.09,9.574
440.1,9.442
440.11,9.442
440.12,9.311
440.13,9.618
440.14,9.047
440.15,9.267
440.16,9.179
440.17,9.311
440.18,9.223
440.19,9.530
440.2,9.135
440.21,9.047
440.22,9.442
440.23,9.399
440.24,9.135
440.25,8.871
440.26,9.442
440.27,9.399
440.28,9.399
440.29,9.399
440.3,9.355
440.31,9.970
440.32,10.145
440.33,10.233
440.34,10.804
440.35,10.014
440.36,9.355
440.37,9.618
440.38,9.618
440.39,9.311
440.4,9.223
440.41,9.970
440.42,10.189
440.43,10.409
440.44,10.848
440.45,10.497
440.46,10.189
440.47,9.530
440.48,9.399
440.49,9.267
440.5,9.706
440.51,10.057
440.52,10.057
440.53,10.541
440.54,10.848
440.55,10.057
440.56,9.574
440.57,9.486
440.58,9.574
440.59,10.014
440.6,10.277
440.61,10.453
440.62,10.848
440.63,10.409
440.64,10.014
440.65,9.926
440.66,9.574
440.67,9.442
440.68,9.574
440.69,10.057
440.7,10.541
440.71,10.497
440.72,10.409
440.73,9.706
440.74,9.311
440.75,9.530
440.76,9.442
440.77,9.926
440.78,10.277
440.79,10.848
440.8,10.848
440.81,10.321
440.82,9.706
440.83,9.530
440.84,9.662
440.85,9.706
440.86,9.970
440.87,9.970
440.88,10.453
440.89,10.409
440.9,10.014
440.91,9.486
440.92,9.135
440.93,9.399
440.94,9.970
440.95,10.541
440.96,10.145
440.97,10.585
440.98,10.453
440.99,9.970
441,9.355
441.01,8.696
441.02,8.696
441.03,9.442
441.04,10.497
441.05,10.672
441.06,10.716
441.07,10.189
441.08,9.530
441.09,9.311
441.1,9.223
441.11,9.662
441.12,10.145
441.13,9.926
441.14,10.541
441.15,10.233
441.16,9.486
441.17,8.915
441.18,8.959
441.19,9.047
441.2,9.311
441.21,10.145
441.22,10.277
441.23,10.189
441.24,10.321
441.25,10.189
441.26,9.618
441.27,9.442
441.28,9.179
441.29,9.311
441.3,9.926
441.31,10.233
441.32,10.189
441.33,10.145
441.34,9.179
441.35,9.530
441.36,9.399
441.37,9.618
441.38,9.442
441.39,9.091
441.4,8.784
441.41,9.223
441.42,10.014
441.43,10.541
441.44,10.804
441.45,10.497
441.46,10.057
441.47,9.530
441.48,9.223
441.49,9.179
441.5,9.135
441.51,10.365
441.52,10.541
441.53,10.453
441.54,10.585
441.55,9.794
441.56,9.047
441.57,8.959
441.58,8.696
441.59,9.355
441.6,10.189
441.61,10.101
441.62,10.365
441.63,9.970
441.64,9.970
441.65,9.355
441.66,9.223
441.67,9.442
441.68,9.706
441.69,9.970
441.7,10.101
441.71,10.233
441.72,10.277
441.73,10.014
441.74,10.014
441.75,9.530
441.76,9.399
441.77,9.838
441.78,9.970
441.79,10.057
441.8,10.804
441.81,10.453
441.82,9.399
441.83,9.355
441.84,9.267
441.85,9.574
441.86,10.014
441.87,10.101
441.88,10.453
441.89,10.409
441.9,10.101
441.91,9.442
441.92,9.442
441.93,9.135
441.94,9.442
441.95,9.926
441.96,9.750
441.97,10.453
441.98,10.409
441.99,10.057
442,9.223
442.01,9.047
442.02,8.784
442.03,9.574
442.04,9.926
442.05,10.014
442.06,9.838
442.07,9.223
442.08,9.223
442.09,9.355
442.1,9.267
442.11,9.267
442.12,10.057
442.13,10.277
442.14,10.365
442.15,10.189
442.16,10.321
442.17,9.486
442.18,9.091
442.19,9.794
442.2,9.838
442.21,10.145
442.22,10.145
442.23,10.497
442.24,9.970
442.25,10.014
442.26,9.091
442.27,9.223
442.28,9.047
442.29,9.882
442.3,10.101
442.31,10.321
442.32,10.365
442.33,10.321
442.34,9.706
442.35,9.223
442.36,9.311
442.37,8.915
442.38,9.311
442.39,9.311
442.4,8.871
442.41,9.179
442.42,10.014
442.43,10.277
442.44,10.145
442.45,10.189
442.46,9.970
442.47,9.399
442.48,9.179
442.49,9.442
442.5,9.618
442.51,9.618
442.52,10.189
442.53,10.541
442.54,10.057
442.55,9.970
442.56,9.706
442.57,9.179
442.58,9.223
442.59,9.574
442.6,10.101
442.61,9.662
442.62,10.014
442.63,10.189
442.64,9.355
442.65,9.267
442.66,8.959
442.67,9.047
442.68,9.135
442.69,9.530
442.7,10.101
442.71,10.057
442.72,9.618
442.73,9.706
442.74,9.355
442.75,9.047
442.76,8.959
442.77,9.750
442.78,10.145
442.79,10.057
442.8,10.145
442.81,10.189
442.82,9.399
442.83,9.135
442.84,9.091
442.85,9.267
442.86,9.486
442.87,9.970
442.88,10.672
442.89,10.233
442.9,9.530
442.91,9.311
442.92,9.574
442.93,9.355
442.94,9.311
442.95,9.794
442.96,10.233
442.97,10.189
442.98,9.882
442.99,9.662
443,9.574
443.01,9.223
443.02,9.135
443.03,9.618
443.04,10.453
443.05,10.585
443.06,10.365
443.07,10.277
443.08,9.794
443.09,9.223
443.1,9.047
443.11,9.574
443.12,10.189
443.13,10.321
443.14,10.145
443.15,10.497
443.16,9.970
443.17,9.574
443.18,9.662
443.19,9.574
443.2,9.618
443.21,9.223
443.22,9.355
443.23,9.442
443.24,9.618
443.25,9.399
443.26,9.223
443.27,9.399
443.28,9.882
443.29,9.926
443.3,9.223
443.31,9.311
443.32,9.574
443.33,9.530
443.34,9.003
443.35,9.267
443.36,9.574
443.37,9.486
443.38,9.091
443.39,9.135
443.4,9.047
443.41,9.135
443.42,8.915
443.43,8.740
443.44,9.091
443.45,9.223
443.46,9.399
443.47,8.959
443.48,9.355
443.49,9.091
443.5,9.311
443.51,9.091
443.52,9.091
443.53,9.091
443.54,9.135
443.55,9.135
443.56,8.871
443.57,9.003
443.58,9.311
443.59,9.091
443.6,8.959
443.61,9.486
443.62,9.311
443.63,9.047
443.64,9.003
443.65,9.223
443.66,9.618
443.67,9.486
443.68,9.179
443.69,9.179
443.7,9.442
443.71,9.442
443.72,9.399
443.73,9.311
443.74,9.091
443.75,9.442
443.76,9.486
443.77,9.267
443.78,9.135
443.79,9.223
443.8,9.355
443.81,9.530
443.82,9.399
443.83,9.574
443.84,9.267
443.85,9.442
443.86,9.486
443.87,9.486
443.88,9.135
443.89,9.442
443.9,9.706
443.91,9.355
443.92,9.003
443.93,9.135
443.94,9.574
443.95,9.399
443.96,9.223
443.97,9.662
443.98,9.838
443.99,9.311
444,9.486
444.01,9.662
444.02,9.399
444.03,9.574
444.04,9.882
444.05,9.399
444.06,9.179
444.07,9.486
444.08,9.662
444.09,9.618
444.1,9.399
444.11,9.399
444.12,9.750
444.13,9.618
444.14,9.091
444.15,9.486
444.16,9.399
444.17,9.399
444.18,9.047
444.19,9.311
444.2,9.179
444.21,8.959
444.22,9.135
444.23,9.530
444.24,9.662
444.25,9.179
444.26,9.223
444.27,9.486
444.28,9.574
444.29,9.574
444.3,9.530
444.31,9.267
444.32,9.530
444.33,9.399
444.34,9.311
444.35,9.047
444.36,9.179
444.37,9.794
444.38,9.267
444.39,9.135
444.4,9.794
444.41,9.618
444.42,9.442
444.43,9.311
444.44,9.267
444.45,9.750
444.46,9.794
444.47,9.574
444.48,9.311
444.49,9.135
444.5,9.794
444.51,9.618
444.52,9.223
444.53,9.091
444.54,9.486
444.55,9.794
444.56,9.530
444.57,9.047
444.58,9.311
444.59,9.442
444.6,9.399
444.61,9.267
444.62,9.047
444.63,9.399
444.64,9.662
444.65,9.442
444.66,9.135
444.67,9.355
444.68,9.267
444.69,9.355
444.7,9.179
444.71,9.355
444.72,9.486
444.73,9.399
444.74,9.442
444.75,9.486
444.76,9.355
444.77,10.014
444.78,9.838
444.79,9.662
444.8,9.486
444.81,9.486
444.82,9.794
444.83,9.794
444.84,9.486
444.85,9.311
444.86,9.486
444.87,9.970
444.88,9.662
444.89,9.442
444.9,9.706
444.91,9.662
444.92,9.662
444.93,9.794
444.94,9.530
444.95,9.574
444.96,9.794
444.97,9.618
444.98,9.355
444.99,9.442
445,9.750
445.01,9.926
445.02,9.662
445.03,9.574
445.04,9.706
445.05,10.057
445.06,9.838
445.07,9.530
445.08,9.926
445.09,9.970
445.1,9.882
445.11,9.794
445.12,9.399
445.13,9.618
445.14,10.014
445.15,10.014
445.16,10.057
445.17,9.882
445.18,9.574
445.19,9.794
445.2,10.014
445.21,9.926
445.22,9.926
445.23,9.838
445.24,9.486
445.25,9.618
445.26,9.662
445.27,9.838
445.28,10.101
445.29,9.706
445.3,9.750
445.31,10.014
445.32,9.970
445.33,9.838
445.34,9.618
445.35,9.355
445.36,9.618
445.37,9.750
445.38,9.750
445.39,9.794
445.4,9.442
445.41,9.706
445.42,10.848
445.43,10.760
445.44,10.760
445.45,10.365
445.46,9.926
445.47,10.014
445.48,9.574
445.49,9.179
445.5,9.223
445.51,9.091
445.52,9.486
445.53,9.486
445.54,9.442
445.55,10.189
445.56,9.970
445.57,10.672
445.58,10.848
445.59,10.189
445.6,9.970
445.61,9.135
445.62,8.827
445.63,9.311
445.64,9.355
445.65,9.091
445.66,9.618
445.67,10.014
445.68,10.497
445.69,11.068
445.7,10.629
445.71,10.365
445.72,9.750
445.73,9.750
445.74,10.189
445.75,9.223
445.76,9.355
445.77,9.486
445.78,9.662
445.79,10.233
445.8,10.804
445.81,10.848
445.82,10.277
445.83,9.750
445.84,9.486
445.85,9.486
445.86,9.882
445.87,9.838
445.88,9.838
445.89,10.145
445.9,10.453
445.91,10.409
445.92,9.882
445.93,9.970
445.94,9.442
445.95,9.047
445.96,9.399
445.97,10.233
445.98,10.453
445.99,10.365
446,10.189
446.01,9.618
446.02,9.311
446.03,9.355
446.04,9.574
446.05,10.453
446.06,10.409
446.07,10.585
446.08,10.716
446.09,9.794
446.1,9.530
446.11,9.662
446.12,9.399
446.13,9.794
446.14,10.057
446.15,10.101
446.16,10.541
446.17,10.101
446.18,9.882
446.19,9.355
446.2,9.003
446.21,9.047
446.22,9.794
446.23,10.189
446.24,10.409
446.25,10.365
446.26,10.014
446.27,9.486
446.28,9.267
446.29,9.794
446.3,9.706
446.31,10.014
446.32,9.926
446.33,10.101
446.34,10.321
446.35,10.101
446.36,9.706
446.37,9.574
446.38,9.179
446.39,9.047
446.4,8.915
446.41,8.784
446.42,10.145
446.43,10.365
446.44,10.365
446.45,10.057
446.46,9.970
446.47,9.618
446.48,9.091
446.49,8.871
446.5,9.750
446.51,10.014
446.52,10.321
446.53,10.760
446.54,10.365
446.55,9.926
446.56,9.574
446.57,9.135
446.58,9.179
446.59,10.014
446.6,10.189
446.61,10.277
446.62,10.716
446.63,10.365
446.64,9.662
446.65,9.530
446.66,9.662
446.67,9.442
446.68,9.882
446.69,10.145
446.7,10.365
446.71,10.716
446.72,10.409
446.73,9.794
446.74,9.442
446.75,9.530
446.76,9.135
446.77,9.882
446.78,10.585
446.79,10.189
446.8,10.321
446.81,10.277
446.82,9.926
446.83,9.179
446.84,9.003
446.85,9.486
446.86,10.057
446.87,10.277
446.88,10.057
446.89,10.189
446.9,10.277
446.91,9.794
446.92,9.442
446.93,9.179
446.94,10.101
446.95,10.672
446.96,10.409
446.97,10.321
446.98,10.453
446.99,10.365
447,9.662
447.01,9.311
447.02,9.794
447.03,10.321
447.04,10.585
447.05,10.497
447.06,10.848
447.07,10.321
447.08,9.838
447.09,9.091
447.1,9.311
447.11,9.838
447.12,10.014
447.13,10.101
447.14,10.848
447.15,10.189
447.16,9.926
447.17,9.970
447.18,9.442
447.19,9.399
447.2,9.530
447.21,10.189
447.22,10.453
447.23,10.497
447.24,10.277
447.25,10.233
447.26,9.574
447.27,9.399
447.28,9.267
447.29,9.926
447.3,10.321
447.31,10.189
447.32,10.629
447.33,10.585
447.34,9.706
447.35,9.179
447.36,9.355
447.37,9.267
447.38,9.442
447.39,9.399
447.4,9.135
447.41,9.970
447.42,10.409
447.43,10.365
447.44,10.365
447.45,10.453
447.46,10.233
447.47,9.574
447.48,9.091
447.49,9.662
447.5,9.530
447.51,10.057
447.52,10.014
447.53,10.365
447.54,10.541
447.55,10.321
447.56,9.838
447.57,9.399
447.58,9.091
447.59,9.838
447.6,10.716
447.61,10.585
447.62,10.365
447.63,10.189
447.64,10.145
447.65,10.189
447.66,9.838
447.67,9.926
447.68,9.970
447.69,10.672
447.7,10.629
447.71,10.760
447.72,10.936
447.73,10.277
447.74,9.399
447.75,9.662
447.76,9.355
447.77,10.101
447.78,10.585
447.79,10.497
447.8,10.365
447.81,10.365
447.82,10.277
447.83,9.926
447.84,9.574
447.85,9.267
447.86,9.706
447.87,10.101
447.88,10.629
447.89,11.112
447.9,10.541
447.91,10.057
447.92,9.618
447.93,9.970
447.94,10.409
447.95,10.848
447.96,10.541
447.97,10.629
447.98,10.233
447.99,9.530
448,9.970
448.01,9.794
448.02,10.145
448.03,10.321
448.04,10.409
448.05,10.321
448.06,10.629
448.07,10.585
448.08,10.014
448.09,9.926
448.1,9.926
448.11,9.926
448.12,10.189
448.13,10.321
448.14,10.585
448.15,10.497
448.16,10.101
448.17,9.794
448.18,9.442
448.19,9.179
448.2,9.047
448.21,9.750
448.22,10.101
448.23,10.497
448.24,10.848
448.25,10.101
448.26,9.442
448.27,9.135
448.28,8.959
448.29,9.706
448.3,10.497
448.31,10.804
448.32,10.892
448.33,10.277
448.34,9.838
448.35,9.442
448.36,9.574
448.37,9.662
448.38,9.618
448.39,9.486
448.4,9.618
448.41,9.882
448.42,9.618
448.43,9.442
448.44,9.618
448.45,9.530
448.46,9.662
448.47,10.057
448.48,9.750
448.49,9.574
448.5,9.618
448.51,9.486
448.52,9.530
448.53,9.267
448.54,9.486
448.55,9.399
448.56,9.706
448.57,9.574
448.58,9.442
448.59,9.355
448.6,9.486
448.61,9.574
448.62,9.794
448.63,9.486
448.64,9.135
448.65,9.091
448.66,9.486
448.67,9.399
448.68,9.926
448.69,9.882
448.7,9.574
448.71,9.574
448.72,9.750
448.73,9.706
448.74,9.442
448.75,9.223
448.76,9.530
448.77,9.838
448.78,9.574
448.79,9.486
448.8,9.399
448.81,9.662
448.82,9.662
448.83,9.486
448.84,9.311
448.85,9.311
448.86,9.618
448.87,9.838
448.88,9.574
448.89,9.311
448.9,9.311
448.91,9.574
448.92,9.750
448.93,9.794
448.94,9.882
448.95,9.618
448.96,9.311
448.97,9.223
448.98,9.574
448.99,10.101
449,9.838
449.01,9.442
449.02,9.486
449.03,9.838
449.04,9.706
449.05,9.311
449.06,9.486
449.07,9.530
449.08,9.399
449.09,9.179
449.1,9.311
449.11,9.486
449.12,9.135
449.13,9.223
449.14,9.399
449.15,9.267
449.16,9.442
449.17,9.574
449.18,9.926
449.19,9.311
449.2,9.442
449.21,9.794
449.22,9.135
449.23,9.047
449.24,9.399
449.25,9.442
449.26,9.311
449.27,9.399
449.28,9.442
449.29,9.135
449.3,9.355
449.31,9.399
449.32,9.223
449.33,9.135
449.34,9.399
449.35,9.135
449.36,9.223
449.37,9.399
449.38,9.179
449.39,9.223
449.4,9.047
449.41,8.915
449.42,8.915
449.43,9.267
449.44,9.091
449.45,9.135
449.46,9.223
449.47,9.091
449.48,9.223
449.49,9.486
449.5,9.223
449.51,9.091
449.52,9.311
449.53,9.311
449.54,9.179
449.55,9.486
449.56,9.530
449.57,9.135
449.58,9.442
449.59,9.311
449.6,9.311
449.61,9.223
449.62,9.311
449.63,9.399
449.64,9.267
449.65,9.135
449.66,9.135
449.67,9.486
449.68,9.442
449.69,8.696
449.7,9.267
449.71,9.442
449.72,9.618
449.73,9.267
449.74,9.355
449.75,9.355
449.76,9.574
449.77,9.311
449.78,8.871
449.79,9.091
449.8,9.047
449.81,9.355
449.82,8.915
449.83,9.047
449.84,9.135
449.85,9.091
449.86,9.399
449.87,9.179
449.88,9.047
449.89,9.223
449.9,9.135
449.91,9.223
449.92,9.267
449.93,9.135
449.94,9.267
449.95,9.530
449.96,9.047
449.97,9.223
449.98,9.179
449.99,9.135
450,9.047
450.01,9.267
450.02,9.223
450.03,9.091
450.04,9.003
450.05,9.223
450.06,9.399
450.07,9.267
450.08,8.915
450.09,8.959
450.1,9.135
450.11,9.618
450.12,9.223
450.13,8.959
450.14,9.311
450.15,9.355
450.16,9.399
450.17,9.179
450.18,8.827
450.19,9.091
450.2,9.399
450.21,9.574
450.22,9.179
450.23,8.784
450.24,9.179
450.25,9.442
450.26,9.442
450.27,8.959
450.28,9.047
450.29,9.355
450.3,9.530
450.31,9.091
450.32,9.223
450.33,9.223
450.34,9.135
450.35,9.311
450.36,9.091
450.37,9.135
450.38,9.399
450.39,9.618
450.4,8.959
450.41,9.091
450.42,9.311
450.43,9.574
450.44,9.706
450.45,9.223
450.46,9.355
450.47,9.706
450.48,9.486
450.49,9.399
450.5,9.311
450.51,9.662
450.52,10.057
450.53,10.014
450.54,10.365
450.55,10.453
450.56,10.629
450.57,10.892
450.58,10.409
450.59,10.101
450.6,9.530
450.61,9.486
450.62,9.882
450.63,9.838
450.64,9.399
450.65,9.311
450.66,10.321
450.67,10.848
450.68,10.936
450.69,11.024
450.7,10.189
450.71,10.014
450.72,9.838
450.73,9.618
450.74,9.662
450.75,10.057
450.76,10.057
450.77,10.585
450.78,10.892
450.79,10.672
450.8,9.970
450.81,9.750
450.82,9.618
450.83,9.838
450.84,10.497
450.85,10.672
450.86,10.277
450.87,11.024
450.88,10.716
450.89,10.145
450.9,9.662
450.91,9.838
450.92,10.453
450.93,10.848
450.94,10.629
450.95,11.024
450.96,11.068
450.97,10.365
450.98,9.574
450.99,10.014
451,10.145
451.01,10.057
451.02,10.277
451.03,10.453
451.04,10.892
451.05,10.233
451.06,9.618
451.07,9.662
451.08,9.618
451.09,9.926
451.1,10.497
451.11,10.101
451.12,10.760
451.13,10.497
451.14,10.189
451.15,9.662
451.16,9.399
451.17,9.574
451.18,9.794
451.19,10.057
451.2,10.101
451.21,10.497
451.22,10.848
451.23,10.101
451.24,9.662
451.25,9.574
451.26,9.486
451.27,10.321
451.28,10.365
451.29,10.189
451.3,10.541
451.31,10.409
451.32,10.233
451.33,9.442
451.34,9.223
451.35,9.399
451.36,9.618
451.37,8.915
451.38,9.047
451.39,9.311
451.4,9.486
451.41,9.574
451.42,9.750
451.43,10.189
451.44,10.365
451.45,10.453
451.46,10.145
451.47,9.706
451.48,9.530
451.49,9.530
451.5,9.267
451.51,9.530
451.52,10.233
451.53,10.585
451.54,10.277
451.55,9.970
451.56,9.794
451.57,9.574
451.58,9.223
451.59,9.135
451.6,9.838
451.61,10.585
451.62,10.453
451.63,10.716
451.64,10.804
451.65,10.321
451.66,9.618
451.67,10.014
451.68,9.706
451.69,9.926
451.7,10.453
451.71,11.024
451.72,11.024
451.73,10.277
451.74,9.882
451.75,9.926
451.76,9.662
451.77,9.530
451.78,10.497
451.79,10.672
451.8,10.497
451.81,10.101
451.82,10.365
451.83,9.618
451.84,9.486
451.85,9.003
451.86,10.057
451.87,10.497
451.88,10.321
451.89,10.541
451.9,10.277
451.91,10.057
451.92,9.399
451.93,9.530
451.94,9.970
451.95,10.365
451.96,10.409
451.97,10.541
451.98,10.453
451.99,10.233
452,9.486
452.01,9.355
452.02,9.223
452.03,10.101
452.04,10.672
452.05,10.189
452.06,10.541
452.07,10.365
452.08,9.882
452.09,9.618
452.1,9.355
452.11,9.223
452.12,9.794
452.13,10.672
452.14,10.453
452.15,9.926
452.16,10.585
452.17,10.277
452.18,9.486
452.19,9.399
452.2,9.003
452.21,9.618
452.22,10.585
452.23,10.321
452.24,10.409
452.25,10.497
452.26,9.794
452.27,9.135
452.28,9.267
452.29,9.926
452.3,10.409
452.31,10.585
452.32,10.804
452.33,10.541
452.34,10.101
452.35,9.662
452.36,9.662
452.37,9.838
452.38,9.574
452.39,9.267
452.4,9.223
452.41,9.794
452.42,10.497
452.43,10.848
452.44,10.716
452.45,10.497
452.46,10.057
452.47,10.145
452.48,9.223
452.49,9.267
452.5,9.135
452.51,9.618
452.52,10.321
452.53,10.321
452.54,10.321
452.55,10.189
452.56,9.618
452.57,9.618
452.58,9.223
452.59,8.871
452.6,9.530
452.61,9.970
452.62,9.926
452.63,9.926
452.64,10.233
452.65,10.057
452.66,9.486
452.67,9.223
452.68,9.135
452.69,9.882
452.7,9.970
452.71,10.277
452.72,10.277
452.73,9.926
452.74,9.706
452.75,9.223
452.76,9.618
452.77,9.530
452.78,9.926
452.79,9.926
452.8,10.716
452.81,10.541
452.82,10.365
452.83,9.838
452.84,9.267
452.85,9.355
452.86,9.706
452.87,10.145
452.88,10.101
452.89,9.970
452.9,10.233
452.91,9.442
452.92,9.223
452.93,9.267
452.94,9.267
452.95,9.135
452.96,9.882
452.97,10.101
452.98,10.453
452.99,10.321
453,9.442
453.01,9.486
453.02,9.618
453.03,9.618
453.04,9.618
453.05,9.926
453.06,10.321
453.07,10.453
453.08,10.497
453.09,9.926
453.1,9.574
453.11,9.047
453.12,9.618
453.13,10.145
453.14,10.145
453.15,10.321
453.16,10.101
453.17,9.882
453.18,9.399
453.19,9.399
453.2,9.267
453.21,9.311
453.22,9.486
453.23,10.014
453.24,10.101
453.25,10.277
453.26,9.662
453.27,9.135
453.28,9.311
453.29,9.486
453.3,9.618
453.31,10.409
453.32,10.101
453.33,10.101
453.34,10.145
453.35,9.838
453.36,9.574
453.37,9.179
453.38,9.047
453.39,9.047
453.4,9.135
453.41,9.442
453.42,9.970
453.43,9.970
453.44,10.145
453.45,10.233
453.46,9.794
453.47,9.399
453.48,9.486
453.49,9.223
453.5,9.223
453.51,9.355
453.52,9.442
453.53,9.355
453.54,9.091
453.55,9.179
453.56,9.399
453.57,9.267
453.58,9.574
453.59,9.267
453.6,8.959
453.61,9.399
453.62,9.574
453.63,9.399
453.64,9.399
453.65,9.486
453.66,9.047
453.67,9.662
453.68,9.574
453.69,9.530
453.7,9.618
453.71,9.179
453.72,9.179
453.73,9.530
453.74,9.486
453.75,9.267
453.76,9.399
453.77,8.915
453.78,9.179
453.79,9.223
453.8,9.311
453.81,9.399
453.82,9.091
453.83,9.355
453.84,9.223
453.85,9.223
453.86,9.442
453.87,9.311
453.88,9.091
453.89,9.267
453.9,9.091
453.91,9.442
453.92,9.486
453.93,9.399
453.94,9.223
453.95,8.784
453.96,9.311
453.97,9.442
453.98,9.179
453.99,9.311
454,9.091
454.01,8.696
454.02,9.486
454.03,9.135
454.04,9.135
454.05,9.091
454.06,9.091
454.07,9.135
454.08,8.915
454.09,8.871
454.1,9.267
454.11,8.959
454.12,8.915
454.13,8.915
454.14,8.827
454.15,9.135
454.16,9.442
454.17,9.311
454.18,9.135
454.19,9.047
454.2,9.223
454.21,9.223
454.22,9.530
454.23,9.486
454.24,9.486
454.25,8.915
454.26,8.696
454.27,8.740
454.28,9.135
454.29,9.223
454.3,9.486
454.31,9.267
454.32,9.047
454.33,8.915
454.34,8.915
454.35,8.871
454.36,9.355
454.37,9.267
454.38,8.959
454.39,9.267
454.4,9.091
454.41,8.915
454.42,8.784
454.43,9.267
454.44,9.311
454.45,9.135
454.46,9.091
454.47,8.959
454.48,8.784
454.49,8.871
454.5,9.135
454.51,9.486
454.52,9.267
454.53,9.179
454.54,8.959
454.55,9.267
454.56,9.750
454.57,9.486
454.58,9.486
454.59,9.442
454.6,9.311
454.61,9.135
454.62,9.355
454.63,9.223
454.64,9.442
454.65,9.442
454.66,9.179
454.67,9.003
454.68,9.091
454.69,9.442
454.7,9.486
454.71,9.311
454.72,9.355
454.73,9.179
454.74,9.223
454.75,9.926
454.76,9.399
454.77,9.618
454.78,9.618
454.79,9.267
454.8,9.135
454.81,9.311
454.82,9.618
454.83,9.223
454.84,9.574
454.85,9.838
454.86,9.442
454.87,9.618
454.88,9.267
454.89,9.530
454.9,9.838
454.91,9.970
454.92,9.618
454.93,9.618
454.94,9.750
454.95,10.057
454.96,9.882
454.97,9.794
454.98,9.442
454.99,9.530
455,9.574
455.01,9.399
455.02,9.662
455.03,9.838
455.04,9.794
455.05,9.706
455.06,9.399
455.07,9.442
455.08,10.057
455.09,10.101
455.1,10.014
455.11,9.926
455.12,9.838
455.13,9.794
455.14,9.574
455.15,9.838
455.16,10.014
455.17,10.057
455.18,9.662
455.19,9.662
455.2,9.750
455.21,9.750
455.22,9.355
455.23,9.706
455.24,9.618
455.25,9.442
455.26,9.618
455.27,9.442
455.28,9.530
455.29,10.145
455.3,9.882
455.31,9.838
455.32,9.486
455.33,9.486
455.34,9.267
455.35,8.959
455.36,9.486
455.37,9.618
455.38,9.794
455.39,10.145
455.4,10.057
455.41,10.057
455.42,9.882
455.43,9.574
455.44,9.882
455.45,9.574
455.46,9.838
455.47,10.101
455.48,9.662
455.49,9.530
455.5,9.442
455.51,9.618
455.52,9.399
455.53,9.882
455.54,9.574
455.55,9.574
455.56,9.486
455.57,9.574
455.58,9.179
455.59,9.091
455.6,9.091
455.61,9.618
455.62,9.574
455.63,9.794
455.64,9.882
455.65,9.618
455.66,9.486
455.67,9.486
455.68,9.135
455.69,10.057
455.7,10.365
455.71,10.453
455.72,10.848
455.73,10.760
455.74,10.497
455.75,9.970
455.76,9.618
455.77,9.574
455.78,10.189
455.79,10.804
455.8,11.068
455.81,11.112
455.82,10.497
455.83,10.014
455.84,9.882
455.85,9.706
455.86,9.706
455.87,10.057
455.88,10.497
455.89,10.541
455.9,10.629
455.91,10.629
455.92,10.189
455.93,9.794
455.94,9.838
455.95,9.838
455.96,10.321
455.97,10.233
455.98,10.629
455.99,10.760
456,10.497
456.01,9.882
456.02,9.135
456.03,9.267
456.04,10.057
456.05,10.453
456.06,10.804
456.07,10.409
456.08,10.277
456.09,10.321
456.1,9.486
456.11,9.618
456.12,9.706
456.13,9.926
456.14,10.409
456.15,10.848
456.16,10.233
456.17,10.057
456.18,9.838
456.19,9.267
456.2,9.223
456.21,9.530
456.22,10.497
456.23,10.321
456.24,10.716
456.25,10.585
456.26,9.838
456.27,9.223
456.28,9.223
456.29,9.267
456.3,9.750
456.31,9.882
456.32,10.453
456.33,10.277
456.34,10.101
456.35,9.442
456.36,9.442
456.37,9.618
456.38,9.486
456.39,9.223
456.4,9.135
456.41,9.662
456.42,10.541
456.43,10.716
456.44,10.541
456.45,10.848
456.46,10.321
456.47,9.574
456.48,9.486
456.49,9.750
456.5,9.794
456.51,9.486
456.52,9.442
456.53,9.135
456.54,10.057
456.55,10.541
456.56,10.629
456.57,10.453
456.58,10.760
456.59,10.365
456.6,9.618
456.61,9.838
456.62,10.145
456.63,10.409
456.64,10.497
456.65,10.936
456.66,11.112
456.67,10.365
456.68,9.618
456.69,9.311
456.7,9.662
456.71,10.189
456.72,10.057
456.73,10.541
456.74,10.892
456.75,10.848
456.76,10.014
456.77,9.970
456.78,9.750
456.79,9.882
456.8,10.145
456.81,10.629
456.82,10.804
456.83,10.804
456.84,10.277
456.85,9.750
456.86,9.926
456.87,9.970
456.88,9.970
456.89,10.145
456.9,10.672
456.91,11.068
456.92,10.892
456.93,10.145
456.94,9.486
456.95,9.662
456.96,9.618
456.97,9.882
456.98,10.189
456.99,10.453
457,10.892
457.01,11.200
457.02,10.541
457.03,9.838
457.04,9.750
457.05,9.926
457.06,10.409
457.07,10.672
457.08,10.848
457.09,10.980
457.1,10.936
457.11,10.585
457.12,10.101
457.13,9.706
457.14,9.794
457.15,10.409
457.16,10.672
457.17,10.760
457.18,10.101
457.19,9.926
457.2,9.970
457.21,9.794
457.22,9.355
457.23,9.267
457.24,10.014
457.25,10.453
457.26,10.672
457.27,10.629
457.28,9.662
457.29,9.618
457.3,9.355
457.31,9.662
457.32,9.750
457.33,10.233
457.34,9.882
457.35,10.321
457.36,10.189
457.37,9.750
457.38,9.267
457.39,9.003
457.4,9.003
457.41,9.442
457.42,9.838
457.43,10.101
457.44,10.277
457.45,9.926
457.46,9.574
457.47,9.750
457.48,9.794
457.49,9.618
457.5,9.750
457.51,10.057
457.52,10.321
457.53,10.760
457.54,10.453
457.55,9.530
457.56,9.267
457.57,8.696
457.58,9.530
457.59,10.101
457.6,10.585
457.61,10.541
457.62,10.321
457.63,10.101
457.64,9.618
457.65,9.442
457.66,9.399
457.67,9.970
457.68,10.101
457.69,10.672
457.7,10.980
457.71,10.804
457.72,10.145
457.73,9.706
457.74,9.706
457.75,9.618
457.76,9.926
457.77,10.277
457.78,10.233
457.79,10.453
457.8,10.365
457.81,10.014
457.82,9.838
457.83,9.530
457.84,10.145
457.85,10.277
457.86,10.804
457.87,10.760
457.88,10.453
457.89,9.706
457.9,9.926
457.91,9.662
457.92,9.267
457.93,9.442
457.94,10.014
457.95,10.760
457.96,10.321
457.97,10.145
457.98,10.101
457.99,9.794
458,9.442
458.01,9.530
458.02,10.453
458.03,10.716
458.04,10.497
458.05,10.629
458.06,10.541
458.07,9.970
458.08,9.442
458.09,9.311
458.1,9.618
458.11,9.970
458.12,10.101
458.13,10.189
458.14,10.760
458.15,10.014
458.16,9.838
458.17,9.399
458.18,9.267
458.19,10.014
458.2,10.365
458.21,10.321
458.22,10.321
458.23,10.277
458.24,9.926
458.25,9.706
458.26,9.047
458.27,9.135
458.28,9.882
458.29,10.453
458.3,10.629
458.31,10.233
458.32,9.794
458.33,9.486
458.34,9.486
458.35,8.827
458.36,8.959
458.37,9.091
458.38,9.091
458.39,9.179
458.4,8.564
458.41,9.091
458.42,10.057
458.43,10.189
458.44,10.277
458.45,9.750
458.46,9.662
458.47,9.750
458.48,9.223
458.49,9.486
458.5,9.267
458.51,9.223
458.52,9.530
458.53,9.530
458.54,9.574
458.55,9.926
458.56,10.672
458.57,10.497
458.58,10.541
458.59,9.838
458.6,9.794
458.61,9.530
458.62,9.574
458.63,9.135
458.64,9.442
458.65,9.530
458.66,9.486
458.67,9.399
458.68,9.442
458.69,9.794
458.7,9.838
458.71,9.706
458.72,9.399
458.73,9.267
458.74,9.486
458.75,9.530
458.76,9.399
458.77,9.442
458.78,9.442
458.79,9.399
458.8,9.223
458.81,9.003
458.82,9.311
458.83,9.399
458.84,9.311
458.85,9.442
458.86,9.662
458.87,9.486
458.88,9.399
458.89,9.091
458.9,9.442
458.91,9.399
458.92,9.267
458.93,9.442
458.94,9.442
458.95,9.442
458.96,9.047
458.97,9.135
458.98,9.442
458.99,9.399
459,9.574
459.01,9.135
459.02,9.486
459.03,9.706
459.04,9.442
459.05,9.530
459.06,9.179
459.07,9.135
459.08,9.486
459.09,9.662
459.1,9.662
459.11,9.223
459.12,8.959
459.13,9.135
459.14,9.399
459.15,9.662
459.16,9.530
459.17,8.871
459.18,9.530
459.19,9.399
459.2,9.750
459.21,9.662
459.22,9.530
459.23,9.267
459.24,9.530
459.25,9.442
459.26,9.574
459.27,9.530
459.28,9.399
459.29,9.091
459.3,9.442
459.31,9.750
459.32,9.618
459.33,9.794
459.34,9.574
459.35,9.267
459.36,9.838
459.37,9.486
459.38,9.706
459.39,9.794
459.4,9.794
459.41,9.662
459.42,9.618
459.43,9.442
459.44,9.442
459.45,9.311
459.46,9.662
459.47,9.750
459.48,9.794
459.49,9.223
459.5,9.838
459.51,9.750
459.52,9.399
459.53,9.618
459.54,10.057
459.55,9.618
459.56,9.618
459.57,9.618
459.58,9.706
459.59,10.014
459.6,10.101
459.61,9.970
459.62,9.530
459.63,9.618
459.64,9.794
459.65,9.794
459.66,10.233
459.67,10.101
459.68,9.750
459.69,9.926
459.7,9.399
459.71,9.530
459.72,9.794
459.73,10.014
459.74,9.662
459.75,9.355
459.76,9.223
459.77,9.662
459.78,9.706
459.79,9.618
459.8,9.311
459.81,9.267
459.82,9.706
459.83,9.530
459.84,9.355
459.85,9.399
459.86,9.223
459.87,8.871
459.88,9.267
459.89,9.574
459.9,9.618
459.91,9.574
459.92,9.311
459.93,9.442
459.94,9.618
459.95,9.574
459.96,9.223
459.97,9.047
459.98,9.267
459.99,9.882
460,9.442
460.01,9.442
460.02,9.399
460.03,9.530
460.04,9.047
460.05,9.047
460.06,9.355
460.07,9.486
460.08,9.399
460.09,9.047
460.1,9.135
460.11,9.311
460.12,9.486
460.13,9.882
460.14,9.442
460.15,9.399
460.16,9.311
460.17,9.574
460.18,9.794
460.19,9.618
460.2,9.399
460.21,9.530
460.22,9.530
460.23,9.267
460.24,9.838
460.25,9.794
460.26,9.574
460.27,9.355
460.28,9.355
460.29,9.442
460.3,9.618
460.31,9.442
460.32,8.959
460.33,8.827
460.34,9.311
460.35,9.355
460.36,9.442
460.37,9.530
460.38,9.267
460.39,9.223
460.4,9.486
460.41,9.442
460.42,9.530
460.43,9.267
460.44,9.267
460.45,9.267
460.46,9.223
460.47,9.135
460.48,9.091
460.49,8.871
460.5,9.179
460.51,9.706
460.52,9.882
460.53,9.618
460.54,9.662
460.55,9.486
460.56,9.047
460.57,9.399
460.58,9.882
460.59,9.223
460.6,8.959
460.61,8.959
460.62,9.399
460.63,9.794
460.64,9.530
460.65,9.047
460.66,8.871
460.67,9.135
460.68,8.959
460.69,9.530
460.7,9.223
460.71,9.311
460.72,8.827
460.73,9.267
460.74,9.399
460.75,9.267
460.76,9.399
460.77,9.399
460.78,9.135
460.79,9.047
460.8,9.794
460.81,10.453
460.82,10.585
460.83,10.365
460.84,9.926
460.85,9.574
460.86,9.267
460.87,9.618
460.88,9.706
460.89,9.442
460.9,9.530
460.91,9.970
460.92,10.453
460.93,10.497
460.94,10.453
460.95,10.321
460.96,9.355
460.97,9.486
460.98,8.871
460.99,9.618
461,9.355
461.01,9.003
461.02,8.696
461.03,9.311
461.04,10.145
461.05,10.365
461.06,10.365
461.07,10.321
461.08,9.794
461.09,9.442
461.1,9.179
461.11,9.442
461.12,9.618
461.13,10.014
461.14,9.926
461.15,10.189
461.16,10.497
461.17,9.750
461.18,9.662
461.19,9.574
461.2,8.915
461.21,9.882
461.22,10.497
461.23,10.716
461.24,11.068
461.25,10.585
461.26,9.838
461.27,9.223
461.28,9.399
461.29,9.574
461.3,10.277
461.31,10.497
461.32,10.277
461.33,10.585
461.34,9.838
461.35,9.750
461.36,9.574
461.37,9.486
461.38,9.618
461.39,9.399
461.4,9.179
461.41,9.486
461.42,10.321
461.43,10.804
461.44,11.024
461.45,10.497
461.46,9.750
461.47,9.662
461.48,9.838
461.49,9.750
461.5,9.267
461.51,9.970
461.52,9.838
461.53,10.277
461.54,10.145
461.55,10.365
461.56,10.277
461.57,9.882
461.58,9.618
461.59,9.442
461.6,9.486
461.61,10.189
461.62,10.760
461.63,11.244
461.64,10.804
461.65,9.970
461.66,9.662
461.67,9.618
461.68,10.145
461.69,10.014
461.7,10.233
461.71,10.760
461.72,10.804
461.73,10.760
461.74,10.101
461.75,9.399
461.76,9.442
461.77,10.014
461.78,10.321
461.79,10.409
461.8,10.804
461.81,10.629
461.82,10.233
461.83,9.750
461.84,9.750
461.85,10.057
461.86,10.014
461.87,10.672
461.88,10.365
461.89,10.760
461.9,10.541
461.91,10.014
461.92,9.926
461.93,9.574
461.94,9.750
461.95,9.618
461.96,10.365
461.97,10.497
461.98,10.629
461.99,10.497
462,10.057
462.01,9.838
462.02,9.442
462.03,9.223
462.04,9.486
462.05,10.497
462.06,10.453
462.07,10.497
462.08,10.145
462.09,9.530
462.1,9.574
462.11,9.486
462.12,8.959
462.13,9.618
462.14,10.145
462.15,10.497
462.16,10.365
462.17,9.926
462.18,9.399
462.19,9.486
462.2,9.442
462.21,9.399
462.22,9.486
462.23,10.057
462.24,10.365
462.25,10.497
462.26,9.706
462.27,9.267
462.28,9.399
462.29,9.794
462.3,10.233
462.31,10.409
462.32,10.189
462.33,10.980
462.34,10.848
462.35,9.926
462.36,9.311
462.37,9.355
462.38,9.882
462.39,9.838
462.4,9.003
462.41,9.618
462.42,9.926
462.43,10.365
462.44,10.277
462.45,10.101
462.46,9.794
462.47,9.618
462.48,9.662
462.49,9.618
462.5,9.267
462.51,9.047
462.52,9.574
462.53,9.530
462.54,9.662
462.55,10.101
462.56,10.629
462.57,10.629
462.58,10.365
462.59,9.574
462.6,9.399
462.61,9.662
462.62,9.706
462.63,10.145
462.64,9.926
462.65,10.409
462.66,10.057
462.67,9.970
462.68,9.662
462.69,9.003
462.7,8.915
462.71,9.442
462.72,9.970
462.73,10.321
462.74,10.277
462.75,10.585
462.76,10.145
462.77,9.530
462.78,9.442
462.79,9.179
462.8,9.442
462.81,9.838
462.82,9.662
462.83,9.970
462.84,10.145
462.85,9.311
462.86,9.091
462.87,9.091
462.88,9.574
462.89,10.057
462.9,9.926
462.91,10.189
462.92,10.145
462.93,9.794
462.94,9.442
462.95,9.135
462.96,9.003
462.97,9.223
462.98,9.838
462.99,10.014
463,9.794
463.01,10.101
463.02,10.014
463.03,9.311
463.04,8.784
463.05,8.871
463.06,9.618
463.07,10.233
463.08,9.970
463.09,10.057
463.1,10.321
463.11,9.794
463.12,10.057
463.13,9.838
463.14,9.355
463.15,10.057
463.16,10.233
463.17,10.277
463.18,10.365
463.19,10.277
463.2,9.882
463.21,9.618
463.22,9.442
463.23,9.486
463.24,10.057
463.25,10.585
463.26,10.541
463.27,10.585
463.28,10.145
463.29,9.838
463.3,9.618
463.31,9.311
463.32,10.057
463.33,10.541
463.34,10.409
463.35,10.804
463.36,10.980
463.37,10.101
463.38,9.530
463.39,9.838
463.4,9.662
463.41,9.662
463.42,10.497
463.43,10.716
463.44,10.497
463.45,10.980
463.46,10.541
463.47,9.662
463.48,9.574
463.49,9.750
463.5,10.189
463.51,10.189
463.52,10.277
463.53,10.672
463.54,10.365
463.55,10.057
463.56,9.267
463.57,9.135
463.58,9.794
463.59,10.101
463.6,10.057
463.61,10.233
463.62,10.365
463.63,10.057
463.64,9.618
463.65,9.442
463.66,9.003
463.67,10.101
463.68,10.145
463.69,10.321
463.7,10.101
463.71,9.970
463.72,9.926
463.73,9.706
463.74,9.267
463.75,9.267
463.76,9.442
463.77,9.530
463.78,9.355
463.79,9.047
463.8,9.267
463.81,9.442
463.82,9.486
463.83,9.135
463.84,9.355
463.85,9.355
463.86,9.223
463.87,9.311
463.88,8.915
463.89,8.915
463.9,9.135
463.91,9.267
463.92,9.179
463.93,9.442
463.94,9.223
463.95,9.267
463.96,9.135
463.97,9.179
463.98,9.223
463.99,9.530
464,9.355
464.01,9.091
464.02,9.047
464.03,9.135
464.04,9.047
464.05,8.827
464.06,8.915
464.07,9.530
464.08,9.530
464.09,9.003
464.1,9.135
464.11,9.399
464.12,9.311
464.13,9.267
464.14,8.915
464.15,9.530
464.16,9.530
464.17,8.959
464.18,9.047
464.19,9.574
464.2,9.574
464.21,9.311
464.22,9.486
464.23,9.574
464.24,9.970
464.25,9.618
464.26,9.442
464.27,9.662
464.28,9.882
464.29,9.574
464.3,9.311
464.31,9.442
464.32,9.838
464.33,9.574
464.34,9.618
464.35,9.267
464.36,9.838
464.37,9.662
464.38,9.399
464.39,9.135
464.4,9.838
464.41,9.574
464.42,9.618
464.43,9.135
464.44,9.574
464.45,9.882
464.46,9.926
464.47,9.618
464.48,9.223
464.49,9.399
464.5,9.442
464.51,9.530
464.52,9.267
464.53,9.399
464.54,9.618
464.55,9.399
464.56,9.399
464.57,9.091
464.58,9.399
464.59,9.838
464.6,9.574
464.61,9.399
464.62,9.047
464.63,9.662
464.64,9.311
464.65,9.223
464.66,9.091
464.67,9.355
464.68,9.267
464.69,9.442
464.7,9.399
464.71,9.179
464.72,9.047
464.73,9.794
464.74,9.311
464.75,9.442
464.76,9.530
464.77,9.750
464.78,9.662
464.79,9.530
464.8,10.277
464.81,10.014
464.82,9.706
464.83,9.618
464.84,9.750
464.85,9.794
464.86,10.057
464.87,9.662
464.88,9.706
464.89,9.530
464.9,9.574
464.91,9.486
464.92,9.926
464.93,9.618
464.94,9.530
464.95,9.223
464.96,9.618
464.97,9.794
464.98,9.442
464.99,9.223
465,9.618
465.01,9.530
465.02,9.311
465.03,9.135
465.04,9.091
465.05,9.486
465.06,9.442
465.07,9.047
465.08,9.618
465.09,9.574
465.1,9.091
465.11,9.179
465.12,9.311
465.13,9.662
465.14,9.311
465.15,9.267
465.16,9.486
465.17,9.311
465.18,9.267
465.19,9.135
465.2,9.399
465.21,9.530
465.22,9.267
465.23,9.442
465.24,9.662
465.25,9.442
465.26,9.355
465.27,9.267
465.28,9.574
465.29,9.399
465.3,9.135
465.31,9.179
465.32,9.355
465.33,9.223
465.34,9.355
465.35,8.915
465.36,9.311
465.37,9.355
465.38,9.311
465.39,9.047
465.4,9.399
465.41,9.530
465.42,9.135
465.43,9.223
465.44,9.486
465.45,9.750
465.46,9.706
465.47,9.223
465.48,9.267
465.49,9.003
465.5,8.827
465.51,9.355
465.52,9.399
465.53,9.311
465.54,9.442
465.55,9.267
465.56,9.442
465.57,9.399
465.58,9.267
465.59,8.740
465.6,9.486
465.61,9.574
465.62,9.662
465.63,9.618
465.64,9.574
465.65,9.530
465.66,9.530
465.67,9.223
465.68,9.223
465.69,9.662
465.7,9.135
465.71,9.003
465.72,9.355
465.73,9.135
465.74,8.959
465.75,8.784
465.76,9.267
465.77,9.355
465.78,9.267
465.79,9.047
465.8,8.827
465.81,9.091
465.82,8.871
465.83,8.784
465.84,8.959
465.85,8.827
465.86,8.784
465.87,9.091
465.88,8.871
465.89,9.091
465.9,8.696
465.91,9.355
465.92,10.233
465.93,10.189
465.94,10.014
465.95,9.047
465.96,9.267
465.97,9.355
465.98,9.179
465.99,8.915
466,9.574
466.01,10.804
466.02,11.024
466.03,10.672
466.04,10.101
466.05,9.574
466.06,9.662
466.07,9.882
466.08,9.838
466.09,10.453
466.1,10.101
466.11,10.672
466.12,10.629
466.13,10.453
466.14,9.486
466.15,9.355
466.16,9.530
466.17,9.706
466.18,10.277
466.19,10.541
466.2,10.365
466.21,10.101
466.22,10.233
466.23,9.794
466.24,9.530
466.25,9.662
466.26,9.926
466.27,10.189
466.28,9.970
466.29,10.541
466.3,10.585
466.31,10.057
466.32,9.223
466.33,9.135
466.34,9.047
466.35,9.135
466.36,9.267
466.37,9.267
466.38,9.442
466.39,9.486
466.4,8.959
466.41,9.355
466.42,10.145
466.43,10.497
466.44,10.277
466.45,10.629
466.46,10.497
466.47,10.014
466.48,9.530
466.49,9.486
466.5,9.574
466.51,9.399
466.52,9.135
466.53,9.486
466.54,9.794
466.55,10.277
466.56,10.057
466.57,10.453
466.58,10.541
466.59,10.014
466.6,9.750
466.61,9.750
466.62,10.057
466.63,10.321
466.64,10.321
466.65,10.453
466.66,10.848
466.67,10.277
466.68,9.794
466.69,9.574
466.7,9.530
466.71,10.145
466.72,10.453
466.73,10.189
466.74,10.453
466.75,11.024
466.76,10.804
466.77,9.794
466.78,9.574
466.79,9.662
466.8,10.233
466.81,10.541
466.82,10.585
466.83,10.277
466.84,10.277
466.85,9.970
466.86,9.706
466.87,9.399
466.88,9.486
466.89,9.662
466.9,10.014
466.91,10.716
466.92,10.541
466.93,9.882
466.94,9.047
466.95,9.091
466.96,9.003
466.97,9.442
466.98,9.838
466.99,9.574
467,10.014
467.01,10.277
467.02,9.882
467.03,9.574
467.04,8.784
467.05,9.223
467.06,9.970
467.07,10.233
467.08,10.145
467.09,10.497
467.1,10.409
467.11,10.057
467.12,9.750
467.13,9.003
467.14,9.091
467.15,9.926
467.16,10.277
467.17,10.233
467.18,10.057
467.19,10.101
467.2,10.014
467.21,9.662
467.22,9.311
467.23,9.530
467.24,10.233
467.25,10.629
467.26,10.760
467.27,10.629
467.28,10.672
467.29,10.321
467.3,10.014
467.31,9.970
467.32,9.882
467.33,10.629
467.34,10.892
467.35,10.848
467.36,10.365
467.37,9.970
467.38,9.794
467.39,9.662
467.4,9.706
467.41,9.355
467.42,9.970
467.43,10.277
467.44,10.892
467.45,10.848
467.46,10.101
467.47,9.926
467.48,9.882
467.49,9.662
467.5,9.530
467.51,10.014
467.52,10.585
467.53,10.848
467.54,10.014
467.55,9.750
467.56,9.706
467.57,9.530
467.58,9.135
467.59,9.838
467.6,10.233
467.61,10.760
467.62,10.014
467.63,9.750
467.64,9.706
467.65,9.355
467.66,9.574
467.67,9.574
467.68,10.233
467.69,10.321
467.7,10.321
467.71,10.365
467.72,9.926
467.73,9.486
467.74,9.091
467.75,9.047
467.76,9.926
467.77,10.277
467.78,10.321
467.79,10.672
467.8,10.321
467.81,9.926
467.82,9.794
467.83,9.530
467.84,9.047
467.85,10.233
467.86,10.453
467.87,10.365
467.88,10.716
467.89,10.848
467.9,10.014
467.91,10.057
467.92,10.145
467.93,9.838
467.94,10.101
467.95,10.453
467.96,10.453
467.97,10.585
467.98,10.365
467.99,9.662
468,9.530
468.01,9.662
468.02,9.838
468.03,9.926
468.04,10.277
468.05,10.804
468.06,10.453
468.07,10.145
468.08,9.838
468.09,9.794
468.1,9.311
468.11,10.145
468.12,10.629
468.13,10.629
468.14,10.189
468.15,10.277
468.16,10.101
468.17,9.223
468.18,9.399
468.19,9.618
468.2,9.926
468.21,10.101
468.22,10.365
468.23,10.233
468.24,10.014
468.25,9.970
468.26,9.926
468.27,9.618
468.28,9.750
468.29,10.057
468.3,10.848
468.31,11.024
468.32,10.277
468.33,9.662
468.34,9.530
468.35,10.145
468.36,9.442
468.37,9.047
468.38,9.486
468.39,9.486
468.4,9.311
468.41,9.574
468.42,10.453
468.43,10.848
468.44,10.848
468.45,10.321
468.46,10.233
468.47,9.926
468.48,9.794
468.49,9.618
468.5,10.101
468.51,10.453
468.52,11.287
468.53,10.892
468.54,10.321
468.55,9.970
468.56,9.662
468.57,9.882
468.58,9.399
468.59,9.794
468.6,10.321
468.61,10.189
468.62,10.629
468.63,10.233
468.64,9.574
468.65,9.486
468.66,10.057
468.67,9.267
468.68,9.442
468.69,10.189
468.7,10.409
468.71,10.760
468.72,10.541
468.73,10.014
468.74,10.145
468.75,9.574
468.76,9.794
468.77,9.838
468.78,10.145
468.79,10.277
468.8,10.760
468.81,10.101
468.82,9.574
468.83,9.838
468.84,9.311
468.85,9.574
468.86,9.399
468.87,9.223
468.88,9.135
468.89,9.574
468.9,9.530
468.91,9.267
468.92,9.091
468.93,9.047
468.94,9.486
468.95,9.355
468.96,9.530
468.97,9.267
468.98,9.179
468.99,9.750
469,9.486
469.01,9.223
469.02,9.135
469.03,9.442
469.04,9.882
469.05,9.486
469.06,8.784
469.07,9.530
469.08,9.091
469.09,9.135
469.1,8.871
469.11,9.003
469.12,9.223
469.13,9.179
469.14,8.959
469.15,9.223
469.16,9.267
469.17,9.091
469.18,9.135
469.19,9.047
469.2,9.486
469.21,9.311
469.22,9.135
469.23,9.135
469.24,9.267
469.25,9.486
469.26,9.179
469.27,9.355
469.28,9.662
469.29,9.706
469.3,9.311
469.31,9.574
469.32,9.838
469.33,9.662
469.34,9.618
469.35,9.223
469.36,9.530
469.37,9.486
469.38,9.135
469.39,9.574
469.4,9.311
469.41,9.267
469.42,9.003
469.43,9.442
469.44,9.794
469.45,9.530
469.46,9.618
469.47,9.530
469.48,9.530
469.49,9.091
469.5,9.794
469.51,9.662
469.52,9.091
469.53,9.662
469.54,9.530
469.55,9.135
469.56,9.399
469.57,9.486
469.58,9.047
469.59,9.311
469.6,9.618
469.61,9.311
469.62,9.179
469.63,9.399
469.64,9.618
469.65,9.311
469.66,9.706
469.67,9.618
469.68,9.311
469.69,9.618
469.7,9.355
469.71,9.442
469.72,9.135
469.73,9.047
469.74,9.486
469.75,9.091
469.76,9.267
469.77,8.871
469.78,8.784
469.79,9.486
469.8,9.442
469.81,9.047
469.82,9.223
469.83,9.486
469.84,9.311
469.85,9.355
469.86,9.662
469.87,9.618
469.88,9.486
469.89,9.794
469.9,9.618
469.91,9.399
469.92,9.399
469.93,9.618
469.94,9.267
469.95,9.399
469.96,9.267
469.97,9.355
469.98,9.399
469.99,9.223
470,9.399
470.01,9.135
470.02,9.091
470.03,9.311
470.04,9.618
470.05,9.486
470.06,9.135
470.07,9.662
470.08,9.486
470.09,9.311
470.1,9.267
470.11,9.179
470.12,9.442
470.13,9.267
470.14,9.267
470.15,9.267
470.16,9.135
470.17,9.530
470.18,8.959
470.19,9.091
470.2,8.784
470.21,9.311
470.22,9.706
470.23,9.047
470.24,9.355
470.25,9.179
470.26,9.267
470.27,9.399
470.28,9.399
470.29,9.486
470.3,9.486
470.31,9.223
470.32,9.618
470.33,9.486
470.34,9.267
470.35,9.399
470.36,9.267
470.37,9.530
470.38,9.091
470.39,9.267
470.4,9.223
470.41,9.135
470.42,9.135
470.43,9.047
470.44,9.047
470.45,8.871
470.46,9.135
470.47,9.399
470.48,8.871
470.49,8.915
470.5,9.267
470.51,9.047
470.52,9.047
470.53,9.047
470.54,9.047
470.55,9.267
470.56,9.311
470.57,9.355
470.58,9.442
470.59,9.135
470.6,9.574
470.61,9.311
470.62,9.706
470.63,9.618
470.64,9.091
470.65,9.574
470.66,9.223
470.67,9.135
470.68,9.399
470.69,9.442
470.7,9.311
470.71,8.827
470.72,9.267
470.73,9.442
470.74,9.223
470.75,9.530
470.76,9.574
470.77,9.750
470.78,9.486
470.79,9.355
470.8,9.794
470.81,9.355
470.82,9.135
470.83,9.662
470.84,9.355
470.85,9.179
470.86,9.179
470.87,9.311
470.88,9.794
470.89,9.223
470.9,9.091
470.91,9.618
470.92,9.574
470.93,9.399
470.94,9.047
470.95,9.223
470.96,9.486
470.97,9.706
470.98,9.355
470.99,9.442
471,9.618
471.01,9.442
471.02,9.311
471.03,9.618
471.04,9.838
471.05,9.838
471.06,9.970
471.07,10.409
471.08,10.541
471.09,10.453
471.1,9.047
471.11,9.223
471.12,9.179
471.13,9.530
471.14,9.179
471.15,9.135
471.16,9.047
471.17,9.618
471.18,10.233
471.19,9.970
471.2,10.101
471.21,10.233
471.22,9.794
471.23,9.311
471.24,8.915
471.25,9.047
471.26,9.574
471.27,10.145
471.28,9.970
471.29,10.453
471.3,10.365
471.31,9.970
471.32,9.003
471.33,9.311
471.34,9.223
471.35,8.871
471.36,8.652
471.37,9.223
471.38,9.311
471.39,9.223
471.4,9.267
471.41,9.135
471.42,10.101
471.43,10.541
471.44,10.716
471.45,10.453
471.46,10.145
471.47,9.662
471.48,9.355
471.49,9.442
471.5,9.882
471.51,10.145
471.52,10.277
471.53,10.497
471.54,10.629
471.55,10.365
471.56,9.926
471.57,9.135
471.58,9.267
471.59,9.926
471.6,10.716
471.61,11.024
471.62,10.848
471.63,10.497
471.64,10.145
471.65,10.189
471.66,9.970
471.67,10.145
471.68,10.453
471.69,10.585
471.7,10.804
471.71,10.848
471.72,10.585
471.73,9.926
471.74,9.530
471.75,9.882
471.76,10.365
471.77,10.672
471.78,10.672
471.79,10.453
471.8,10.409
471.81,10.145
471.82,9.838
471.83,9.618
471.84,9.047
471.85,9.882
471.86,10.497
471.87,10.804
471.88,10.497
471.89,10.233
471.9,9.926
471.91,9.618
471.92,9.135
471.93,9.355
471.94,9.838
471.95,10.321
471.96,10.760
471.97,10.497
471.98,9.706
471.99,9.223
472,9.574
472.01,9.442
472.02,9.530
472.03,9.838
472.04,9.574
472.05,10.189
472.06,10.453
472.07,9.794
472.08,9.135
472.09,9.355
472.1,9.530
472.11,10.101
472.12,10.233
472.13,10.014
472.14,10.233
472.15,10.145
472.16,9.838
472.17,9.355
472.18,8.959
472.19,8.915
472.2,10.277
472.21,10.014
472.22,10.321
472.23,10.145
472.24,9.926
472.25,9.486
472.26,9.442
472.27,9.003
472.28,9.223
472.29,9.750
472.3,10.321
472.31,10.585
472.32,10.233
472.33,9.662
472.34,9.179
472.35,9.047
472.36,9.442
472.37,9.135
472.38,9.047
472.39,8.652
472.4,8.915
472.41,9.618
472.42,10.189
472.43,10.277
472.44,9.838
472.45,10.233
472.46,10.057
472.47,9.530
472.48,8.959
472.49,8.696
472.5,9.442
472.51,10.145
472.52,10.189
472.53,10.145
472.54,10.057
472.55,9.838
472.56,9.574
472.57,9.311
472.58,9.135
472.59,9.530
472.6,10.497
472.61,10.760
472.62,10.848
472.63,10.189
472.64,9.794
472.65,9.662
472.66,9.355
472.67,9.179
472.68,9.223
472.69,9.794
472.7,10.409
472.71,10.365
472.72,10.233
472.73,9.882
472.74,9.662
472.75,9.179
472.76,9.223
472.77,9.399
472.78,10.057
472.79,10.497
472.8,10.453
472.81,10.189
472.82,9.530
472.83,9.311
472.84,9.486
472.85,9.882
472.86,9.882
472.87,10.189
472.88,10.321
472.89,10.585
472.9,10.365
472.91,9.618
472.92,9.267
472.93,9.267
472.94,9.574
472.95,10.277
472.96,10.672
472.97,10.409
472.98,9.926
472.99,10.057
473,9.530
473.01,9.838
473.02,9.179
473.03,9.530
473.04,10.145
473.05,10.233
473.06,10.321
473.07,9.926
473.08,9.442
473.09,9.003
473.1,8.959
473.11,9.794
473.12,10.145
473.13,10.541
473.14,10.453
473.15,9.926
473.16,9.882
473.17,9.486
473.18,9.662
473.19,9.662
473.2,9.794
473.21,9.926
473.22,10.277
473.23,10.541
473.24,10.716
473.25,10.453
473.26,9.530
473.27,9.486
473.28,9.003
473.29,9.662
473.3,10.277
473.31,10.716
473.32,10.233
473.33,9.882
473.34,9.530
473.35,9.442
473.36,9.399
473.37,9.311
473.38,9.003
473.39,9.003
473.4,9.399
473.41,9.530
473.42,10.101
473.43,10.101
473.44,10.145
473.45,9.706
473.46,9.706
473.47,9.574
473.48,9.179
473.49,9.003
473.5,8.740
473.51,9.574
473.52,10.497
473.53,9.970
473.54,9.970
473.55,9.486
473.56,9.135
473.57,9.179
473.58,9.179
473.59,9.706
473.6,9.926
473.61,9.662
473.62,10.101
473.63,10.101
473.64,9.882
473.65,9.399
473.66,8.827
473.67,8.959
473.68,9.794
473.69,10.145
473.7,10.321
473.71,10.189
473.72,10.145
473.73,9.838
473.74,9.486
473.75,9.267
473.76,9.442
473.77,9.882
473.78,9.926
473.79,10.365
473.8,10.541
473.81,10.189
473.82,9.838
473.83,9.311
473.84,8.959
473.85,9.442
473.86,10.057
473.87,10.101
473.88,10.541
473.89,10.321
473.9,9.530
473.91,9.223
473.92,9.267
473.93,9.135
473.94,9.486
473.95,9.926
473.96,10.233
473.97,9.794
473.98,9.618
473.99,9.399
474,9.223
474.01,9.442
474.02,9.442
474.03,9.091
474.04,8.871
474.05,9.486
474.06,9.530
474.07,9.618
474.08,9.618
474.09,9.706
474.1,9.486
474.11,9.267
474.12,9.662
474.13,9.838
474.14,9.574
474.15,10.014
474.16,9.970
474.17,9.574
474.18,9.618
474.19,9.486
474.2,9.706
474.21,9.399
474.22,9.794
474.23,9.794
474.24,9.706
474.25,9.442
474.26,9.135
474.27,9.442
474.28,9.706
474.29,9.706
474.3,9.706
474.31,9.574
474.32,9.003
474.33,9.091
474.34,9.223
474.35,9.442
474.36,9.486
474.37,9.311
474.38,9.267
474.39,9.047
474.4,9.091
474.41,9.267
474.42,9.091
474.43,9.047
474.44,9.311
474.45,9.706
474.46,9.662
474.47,9.311
474.48,9.003
474.49,9.267
474.5,9.926
474.51,9.926
474.52,9.618
474.53,9.179
474.54,9.486
474.55,9.442
474.56,9.574
474.57,9.486
474.58,9.486
474.59,9.047
474.6,9.442
474.61,9.399
474.62,9.574
474.63,9.047
474.64,9.135
474.65,9.267
474.66,9.267
474.67,9.442
474.68,9.223
474.69,9.311
474.7,9.355
474.71,9.618
474.72,9.355
474.73,8.959
474.74,9.355
474.75,9.399
474.76,9.486
474.77,9.091
474.78,9.267
474.79,9.311
474.8,9.223
474.81,9.223
474.82,9.311
474.83,9.662
474.84,9.530
474.85,9.794
474.86,9.618
474.87,9.662
474.88,10.057
474.89,9.706
474.9,9.838
474.91,9.662
474.92,9.486
474.93,9.926
474.94,9.706
474.95,9.574
474.96,9.882
474.97,9.135
474.98,8.915
474.99,9.223
475,9.574
475.01,9.399
475.02,9.267
475.03,9.179
475.04,9.003
475.05,9.179
475.06,9.399
475.07,9.486
475.08,9.794
475.09,9.530
475.1,9.442
475.11,9.267
475.12,9.311
475.13,9.399
475.14,9.618
475.15,9.135
475.16,8.959
475.17,9.135
475.18,9.399
475.19,9.311
475.2,9.838
475.21,9.574
475.22,9.574
475.23,9.311
475.24,9.706
475.25,9.618
475.26,9.882
475.27,9.706
475.28,9.355
475.29,9.442
475.3,9.135
475.31,9.706
475.32,9.750
475.33,9.442
475.34,9.223
475.35,9.574
475.36,9.486
475.37,9.706
475.38,9.618
475.39,9.399
475.4,9.486
475.41,10.057
475.42,10.277
475.43,10.101
475.44,9.970
475.45,9.618
475.46,9.662
475.47,10.145
475.48,9.838
475.49,9.750
475.5,9.706
475.51,9.399
475.52,9.618
475.53,9.662
475.54,9.530
475.55,9.794
475.56,9.662
475.57,9.530
475.58,9.267
475.59,9.618
475.6,9.882
475.61,9.574
475.62,9.442
475.63,9.267
475.64,9.091
475.65,9.223
475.66,9.574
475.67,9.355
475.68,9.223
475.69,9.442
475.7,9.223
475.71,9.223
475.72,9.267
475.73,9.706
475.74,9.970
475.75,9.706
475.76,9.091
475.77,9.267
475.78,9.706
475.79,9.970
475.8,9.574
475.81,9.970
475.82,9.442
475.83,9.047
475.84,9.267
475.85,9.399
475.86,9.399
475.87,9.882
475.88,9.794
475.89,9.442
475.9,9.530
475.91,9.442
475.92,9.530
475.93,9.882
475.94,9.838
475.95,9.618
475.96,9.706
475.97,9.794
475.98,9.223
475.99,8.915
476,9.135
476.01,9.311
476.02,9.618
476.03,9.574
476.04,9.399
476.05,9.355
476.06,9.135
476.07,9.179
476.08,9.486
476.09,10.014
476.1,9.618
476.11,9.662
476.12,9.794
476.13,9.311
476.14,9.135
476.15,9.399
476.16,9.135
476.17,10.321
476.18,10.672
476.19,11.068
476.2,10.629
476.21,10.453
476.22,9.618
476.23,9.223
476.24,9.530
476.25,9.486
476.26,9.135
476.27,9.530
476.28,9.750
476.29,9.618
476.3,9.970
476.31,10.057
476.32,10.189
476.33,10.277
476.34,10.233
476.35,10.365
476.36,9.486
476.37,9.399
476.38,9.047
476.39,8.915
476.4,9.223
476.41,9.838
476.42,10.145
476.43,10.585
476.44,10.892
476.45,10.629
476.46,9.750
476.47,9.223
476.48,9.355
476.49,9.399
476.5,9.662
476.51,9.574
476.52,9.486
476.53,9.355
476.54,9.882
476.55,10.365
476.56,10.629
476.57,10.497
476.58,10.409
476.59,10.321
476.6,9.662
476.61,9.618
476.62,9.750
476.63,10.233
476.64,10.497
476.65,10.541
476.66,10.453
476.67,9.926
476.68,9.794
476.69,9.574
476.7,9.442
476.71,9.970
476.72,10.189
476.73,10.321
476.74,10.716
476.75,10.848
476.76,10.145
476.77,9.442
476.78,9.135
476.79,8.959
476.8,9.618
476.81,10.629
476.82,10.585
476.83,10.365
476.84,10.233
476.85,9.574
476.86,8.959
476.87,9.311
476.88,9.926
476.89,10.277
476.9,10.101
476.91,10.497
476.92,10.585
476.93,10.189
476.94,9.486
476.95,9.794
476.96,9.442
476.97,9.399
476.98,10.014
476.99,10.277
477,10.233
477.01,10.585
477.02,10.189
477.03,9.662
477.04,9.311
477.05,9.047
477.06,9.750
477.07,9.794
477.08,10.497
477.09,10.409
477.1,9.838
477.11,9.662
477.12,9.355
477.13,9.311
477.14,9.662
477.15,10.101
477.16,10.101
477.17,10.672
477.18,10.892
477.19,10.672
477.2,9.882
477.21,9.486
477.22,9.355
477.23,9.970
477.24,10.101
477.25,10.321
477.26,10.804
477.27,10.321
477.28,10.057
477.29,9.442
477.3,9.399
477.31,9.311
477.32,10.101
477.33,10.585
477.34,10.453
477.35,10.453
477.36,10.497
477.37,9.926
477.38,9.311
477.39,9.355
477.4,9.662
477.41,9.882
477.42,10.057
477.43,10.716
477.44,10.980
477.45,10.804
477.46,10.145
477.47,9.618
477.48,9.750
477.49,9.574
477.5,10.101
477.51,10.980
477.52,10.892
477.53,10.804
477.54,10.365
477.55,10.189
477.56,9.882
477.57,9.706
477.58,9.882
477.59,10.716
477.6,10.541
477.61,10.365
477.62,10.365
477.63,10.233
477.64,9.970
477.65,9.486
477.66,9.706
477.67,10.014
477.68,10.321
477.69,10.497
477.7,10.716
477.71,10.585
477.72,9.706
477.73,9.003
477.74,9.442
477.75,9.574
477.76,9.706
477.77,9.926
477.78,10.453
477.79,10.277
477.8,10.014
477.81,9.794
477.82,9.486
477.83,8.959
477.84,9.530
477.85,10.365
477.86,10.057
477.87,10.277
477.88,10.409
477.89,9.838
477.9,9.399
477.91,8.915
477.92,9.267
477.93,9.574
477.94,9.838
477.95,10.497
477.96,10.409
477.97,10.277
477.98,9.970
477.99,9.267
478,9.003
478.01,9.223
478.02,9.794
478.03,10.365
478.04,10.365
478.05,9.970
478.06,10.145
478.07,9.794
478.08,9.311
478.09,9.267
478.1,9.355
478.11,9.662
478.12,9.926
478.13,10.365
478.14,10.409
478.15,9.662
478.16,9.530
478.17,9.442
478.18,9.223
478.19,9.399
478.2,10.497
478.21,10.365
478.22,10.497
478.23,10.101
478.24,10.145
478.25,9.794
478.26,9.223
478.27,9.618
478.28,9.926
478.29,9.882
478.3,10.233
478.31,10.541
478.32,10.145
478.33,9.486
478.34,9.442
478.35,9.311
478.36,9.135
478.37,9.135
478.38,9.179
478.39,9.091
478.4,8.915
478.41,9.486
478.42,9.794
478.43,10.145
478.44,10.453
478.45,10.189
478.46,9.838
478.47,9.750
478.48,9.311
478.49,9.091
478.5,9.003
478.51,9.179
478.52,9.486
478.53,9.047
478.54,10.145
478.55,10.497
478.56,10.760
478.57,10.453
478.58,10.233
478.59,10.277
478.6,9.662
478.61,9.311
478.62,9.399
478.63,10.057
478.64,10.453
478.65,10.277
478.66,10.321
478.67,10.189
478.68,10.057
478.69,9.530
478.7,9.399
478.71,9.970
478.72,10.585
478.73,10.233
478.74,10.760
478.75,10.716
478.76,10.409
478.77,9.618
478.78,9.399
478.79,9.399
478.8,10.145
478.81,10.233
478.82,10.453
478.83,10.716
478.84,10.321
478.85,9.838
478.86,9.486
478.87,9.970
478.88,10.145
478.89,9.926
478.9,10.233
478.91,10.760
478.92,10.760
478.93,10.057
478.94,9.794
478.95,9.926
478.96,9.794
478.97,9.794
478.98,10.892
478.99,11.068
479,10.760
479.01,10.848
479.02,10.453
479.03,10.233
479.04,9.662
479.05,9.618
479.06,9.926
479.07,10.541
479.08,10.365
479.09,10.453
479.1,10.497
479.11,10.189
479.12,9.794
479.13,9.530
479.14,9.662
479.15,9.706
479.16,9.530
479.17,9.442
479.18,9.530
479.19,9.530
479.2,9.399
479.21,9.267
479.22,9.618
479.23,9.662
479.24,9.311
479.25,8.784
479.26,9.091
479.27,9.574
479.28,9.399
479.29,8.827
479.3,9.003
479.31,9.355
479.32,9.838
479.33,9.355
479.34,9.003
479.35,9.442
479.36,9.442
479.37,9.442
479.38,9.486
479.39,9.267
479.4,9.355
479.41,9.223
479.42,8.915
479.43,9.530
479.44,9.662
479.45,9.179
479.46,9.267
479.47,9.486
479.48,9.267
479.49,8.871
479.5,9.399
479.51,9.662
479.52,9.223
479.53,9.442
479.54,9.618
479.55,9.530
479.56,9.399
479.57,9.794
479.58,9.618
479.59,9.223
479.6,9.355
479.61,9.442
479.62,9.442
479.63,9.662
479.64,9.486
479.65,8.915
479.66,9.486
479.67,9.706
479.68,9.838
479.69,10.189
479.7,9.706
479.71,9.311
479.72,9.618
479.73,9.662
479.74,9.399
479.75,9.267
479.76,9.486
479.77,9.574
479.78,9.486
479.79,9.311
479.8,9.355
479.81,9.267
479.82,9.486
479.83,9.706
479.84,9.135
479.85,9.311
479.86,9.486
479.87,9.355
479.88,9.794
479.89,9.574
479.9,9.135
479.91,9.794
479.92,10.014
479.93,10.057
479.94,9.311
479.95,9.486
479.96,9.794
479.97,9.794
479.98,9.442
479.99,9.223
480,9.135
480.01,9.179
480.02,9.574
480.03,9.574
480.04,9.267
480.05,9.223
480.06,9.135
480.07,9.355
480.08,9.355
480.09,9.530
480.1,9.530
480.11,9.091
480.12,8.959
480.13,9.311
480.14,9.530
480.15,9.662
480.16,9.618
480.17,9.442
480.18,9.530
480.19,9.311
480.2,9.267
480.21,9.618
480.22,9.618
480.23,9.662
480.24,8.959
480.25,8.959
480.26,9.267
480.27,9.882
480.28,9.838
480.29,9.091
480.3,9.179
480.31,8.959
480.32,9.003
480.33,9.618
480.34,9.355
480.35,9.135
480.36,9.047
480.37,8.915
480.38,9.355
480.39,9.267
480.4,9.530
480.41,9.574
480.42,9.311
480.43,9.267
480.44,9.355
480.45,9.530
480.46,9.618
480.47,9.442
480.48,9.091
480.49,9.311
480.5,8.959
480.51,9.486
480.52,9.442
480.53,9.355
480.54,9.047
480.55,9.267
480.56,9.399
480.57,9.179
480.58,9.135
480.59,9.135
480.6,9.442
480.61,9.442
480.62,9.662
480.63,9.399
480.64,9.091
480.65,9.179
480.66,9.223
480.67,9.794
480.68,9.486
480.69,9.267
480.7,9.179
480.71,9.486
480.72,9.662
480.73,9.135
480.74,8.915
480.75,9.267
480.76,9.047
480.77,9.267
480.78,9.530
480.79,9.267
480.8,9.355
480.81,9.486
480.82,9.706
480.83,9.662
480.84,9.970
480.85,9.838
480.86,9.750
480.87,9.794
480.88,9.838
480.89,9.794
480.9,9.706
480.91,9.311
480.92,9.662
480.93,10.189
480.94,10.145
480.95,9.618
480.96,9.223
480.97,9.530
480.98,9.662
480.99,10.145
481,9.970
481.01,9.399
481.02,9.662
481.03,9.223
481.04,9.311
481.05,9.399
481.06,9.355
481.07,9.091
481.08,9.223
481.09,9.267
481.1,9.311
481.11,9.047
481.12,8.915
481.13,9.530
481.14,9.399
481.15,9.355
481.16,9.135
481.17,8.959
481.18,9.179
481.19,9.355
481.2,9.223
481.21,9.267
481.22,9.047
481.23,8.959
481.24,9.223
481.25,9.442
481.26,9.267
481.27,9.003
481.28,9.267
481.29,9.794
481.3,10.233
481.31,10.629
481.32,10.497
481.33,9.750
481.34,9.311
481.35,9.047
481.36,9.486
481.37,9.311
481.38,9.267
481.39,9.047
481.4,9.135
481.41,9.442
481.42,9.970
481.43,10.189
481.44,10.057
481.45,10.585
481.46,10.057
481.47,9.662
481.48,9.267
481.49,9.355
481.5,9.750
481.51,10.233
481.52,10.233
481.53,10.629
481.54,10.936
481.55,10.321
481.56,9.926
481.57,9.179
481.58,9.223
481.59,10.365
481.6,10.541
481.61,10.672
481.62,10.629
481.63,10.057
481.64,9.970
481.65,9.750
481.66,9.662
481.67,9.486
481.68,9.838
481.69,10.629
481.7,10.980
481.71,10.892
481.72,10.892
481.73,10.014
481.74,9.486
481.75,9.530
481.76,9.442
481.77,10.145
481.78,10.409
481.79,10.233
481.8,10.497
481.81,10.321
481.82,9.970
481.83,9.794
481.84,9.135
481.85,9.223
481.86,9.486
481.87,10.277
481.88,10.629
481.89,10.541
481.9,9.926
481.91,9.618
481.92,9.223
481.93,9.179
481.94,9.530
481.95,10.585
481.96,10.409
481.97,10.409
481.98,10.497
481.99,10.189
482,10.101
482.01,9.926
482.02,9.970
482.03,10.145
482.04,10.760
482.05,11.200
482.06,10.848
482.07,10.672
482.08,10.101
482.09,9.486
482.1,9.223
482.11,9.882
482.12,10.585
482.13,10.892
482.14,10.804
482.15,10.453
482.16,10.233
482.17,9.838
482.18,9.926
482.19,9.267
482.2,9.794
482.21,10.277
482.22,10.892
482.23,10.760
482.24,10.189
482.25,10.057
482.26,9.970
482.27,9.486
482.28,9.355
482.29,9.750
482.3,9.926
482.31,10.453
482.32,10.541
482.33,10.409
482.34,9.926
482.35,9.223
482.36,9.618
482.37,9.794
482.38,9.311
482.39,9.179
482.4,8.915
482.41,8.915
482.42,10.277
482.43,10.980
482.44,10.936
482.45,10.716
482.46,10.145
482.47,9.794
482.48,9.750
482.49,9.926
482.5,9.838
482.51,10.233
482.52,10.497
482.53,10.672
482.54,10.936
482.55,10.277
482.56,9.750
482.57,9.486
482.58,9.486
482.59,10.101
482.6,10.453
482.61,10.629
482.62,10.848
482.63,10.672
482.64,10.585
482.65,9.706
482.66,9.706
482.67,9.223
482.68,9.135
482.69,9.926
482.7,10.365
482.71,10.892
482.72,10.453
482.73,10.057
482.74,9.574
482.75,9.267
482.76,9.574
482.77,10.365
482.78,10.848
482.79,10.672
482.8,10.848
482.81,10.365
482.82,10.541
482.83,9.882
482.84,9.486
482.85,9.662
482.86,9.970
482.87,10.189
482.88,10.277
482.89,10.409
482.9,10.145
482.91,9.794
482.92,9.618
482.93,9.179
482.94,9.662
482.95,9.970
482.96,10.057
482.97,10.672
482.98,10.585
482.99,9.882
483,9.618
483.01,8.915
483.02,9.355
483.03,9.750
483.04,10.101
483.05,10.541
483.06,10.233
483.07,10.014
483.08,9.355
483.09,9.003
483.1,9.355
483.11,9.574
483.12,10.365
483.13,10.365
483.14,11.024
483.15,10.716
483.16,9.882
483.17,9.399
483.18,9.091
483.19,9.574
483.2,9.399
483.21,10.277
483.22,10.629
483.23,10.453
483.24,10.145
483.25,9.618
483.26,9.618
483.27,9.486
483.28,9.442
483.29,9.399
483.3,9.882
483.31,10.014
483.32,10.145
483.33,10.101
483.34,9.618
483.35,9.179
483.36,9.442
483.37,9.486
483.38,9.135
483.39,8.915
483.4,8.696
483.41,8.915
483.42,9.662
483.43,9.882
483.44,10.497
483.45,10.409
483.46,10.365
483.47,9.442
483.48,9.223
483.49,9.750
483.5,9.530
483.51,10.057
483.52,10.057
483.53,10.321
483.54,10.233
483.55,9.970
483.56,9.574
483.57,9.311
483.58,9.091
483.59,9.223
483.6,9.750
483.61,9.794
483.62,9.838
483.63,9.838
483.64,9.618
483.65,9.091
483.66,8.740
483.67,9.003
483.68,9.530
483.69,10.453
483.7,10.629
483.71,10.716
483.72,10.277
483.73,10.233
483.74,9.355
483.75,9.047
483.76,9.047
483.77,9.926
483.78,10.189
483.79,10.541
483.8,10.672
483.81,10.189
483.82,10.014
483.83,9.882
483.84,9.794
483.85,9.442
483.86,10.189
483.87,10.497
483.88,10.892
483.89,10.365
483.9,9.706
483.91,9.838
483.92,9.399
483.93,9.091
483.94,9.794
483.95,10.101
483.96,10.321
483.97,10.585
483.98,10.014
483.99,9.794
484,9.399
484.01,9.618
484.02,9.399
484.03,9.926
484.04,10.233
484.05,10.672
484.06,10.189
484.07,9.882
484.08,9.486
484.09,9.311
484.1,9.442
484.11,9.223
484.12,9.882
484.13,10.233
484.14,10.057
484.15,10.497
484.16,9.926
484.17,9.530
484.18,9.618
484.19,9.267
484.2,9.267
484.21,9.267
484.22,9.267
484.23,9.399
484.24,8.959
484.25,9.442
484.26,9.311
484.27,9.486
484.28,9.267
484.29,9.486
484.3,9.355
484.31,9.135
484.32,9.311
484.33,9.223
484.34,9.223
484.35,9.135
484.36,9.223
484.37,9.399
484.38,9.135
484.39,9.179
484.4,9.223
484.41,8.959
484.42,8.564
484.43,9.442
484.44,8.915
484.45,9.223
484.46,9.267
484.47,8.915
484.48,8.696
484.49,9.399
484.5,9.618
484.51,9.267
484.52,8.915
484.53,9.267
484.54,9.618
484.55,9.267
484.56,9.179
484.57,9.530
484.58,9.223
484.59,8.959
484.6,9.399
484.61,9.662
484.62,9.442
484.63,9.179
484.64,9.706
484.65,9.794
484.66,9.442
484.67,9.618
484.68,9.706
484.69,8.915
484.7,9.135
484.71,9.706
484.72,9.399
484.73,9.047
484.74,9.486
484.75,9.530
484.76,9.091
484.77,9.486
484.78,9.574
484.79,9.223
484.8,9.486
484.81,9.179
484.82,9.179
484.83,9.574
484.84,9.399
484.85,9.267
484.86,9.267
484.87,9.574
484.88,9.794
484.89,9.311
484.9,9.179
484.91,9.662
484.92,10.014
484.93,9.750
484.94,9.442
484.95,9.486
484.96,9.838
484.97,9.838
484.98,9.794
484.99,9.926
485,9.574
485.01,9.662
485.02,9.838
485.03,9.486
485.04,9.442
485.05,9.882
485.06,9.794
485.07,9.574
485.08,9.574
485.09,9.574
485.1,9.618
485.11,9.838
485.12,9.618
485.13,9.530
485.14,9.794
485.15,9.442
485.16,9.399
485.17,9.530
485.18,10.057
485.19,9.926
485.2,9.618
485.21,9.442
485.22,9.355
485.23,9.574
485.24,9.574
485.25,9.794
485.26,9.486
485.27,9.091
485.28,9.267
485.29,9.750
485.3,9.794
485.31,9.618
485.32,9.574
485.33,9.223
485.34,9.574
485.35,9.486
485.36,9.486
485.37,9.442
485.38,9.442
485.39,9.311
485.4,9.355
485.41,9.574
485.42,9.838
485.43,9.662
485.44,9.355
485.45,9.486
485.46,9.355
485.47,9.442
485.48,9.838
485.49,9.311
485.5,9.223
485.51,9.179
485.52,9.618
485.53,9.662
485.54,9.135
485.55,9.003
485.56,9.399
485.57,9.618
485.58,9.267
485.59,9.223
485.6,9.311
485.61,9.530
485.62,9.442
485.63,9.267
485.64,9.442
485.65,9.618
485.66,9.399
485.67,9.311
485.68,9.530
485.69,9.355
485.7,9.618
485.71,9.530
485.72,9.442
485.73,9.442
485.74,9.311
485.75,9.267
485.76,9.047
485.77,9.355
485.78,9.574
485.79,9.135
485.8,9.179
485.81,9.267
485.82,9.486
485.83,9.311
485.84,9.135
485.85,9.486
485.86,9.311
485.87,9.179
485.88,9.399
485.89,9.355
485.9,9.267
485.91,9.399
485.92,9.442
485.93,9.135
485.94,9.662
485.95,9.838
485.96,9.486
485.97,9.223
485.98,9.838
485.99,9.618
486,9.618
486.01,9.838
486.02,9.662
486.03,9.223
486.04,9.442
486.05,9.179
486.06,9.442
486.07,9.267
486.08,9.618
486.09,8.827
486.1,9.223
486.11,9.574
486.12,9.618
486.13,9.618
486.14,9.794
486.15,9.574
486.16,9.267
486.17,9.311
486.18,9.399
486.19,9.442
486.2,9.135
486.21,9.442
486.22,9.662
486.23,9.442
486.24,9.399
486.25,9.662
486.26,9.530
486.27,9.399
486.28,9.399
486.29,9.574
486.3,9.399
486.31,9.003
486.32,9.530
486.33,9.486
486.34,9.091
486.35,9.442
486.36,9.311
486.37,9.311
486.38,9.355
486.39,9.047
486.4,9.311
486.41,9.574
486.42,10.101
486.43,10.321
486.44,10.760
486.45,10.321
486.46,9.618
486.47,9.311
486.48,9.574
486.49,9.442
486.5,9.530
486.51,9.970
486.52,10.760
486.53,10.585
486.54,10.101
486.55,9.926
486.56,9.662
486.57,9.486
486.58,9.267
486.59,9.882
486.6,10.233
486.61,10.672
486.62,10.848
486.63,10.189
486.64,10.014
486.65,9.970
486.66,9.618
486.67,9.442
486.68,9.882
486.69,10.145
486.7,10.672
486.71,10.277
486.72,10.585
486.73,10.321
486.74,9.794
486.75,9.267
486.76,9.091
486.77,9.926
486.78,10.672
486.79,10.497
486.8,10.497
486.81,10.189
486.82,9.794
486.83,9.618
486.84,9.311
486.85,9.574
486.86,9.574
486.87,10.101
486.88,10.145
486.89,10.365
486.9,10.057
486.91,9.442
486.92,8.740
486.93,8.827
486.94,9.750
486.95,10.233
486.96,10.409
486.97,10.497
486.98,10.101
486.99,9.530
487,9.223
487.01,9.618
487.02,9.530
487.03,9.882
487.04,10.277
487.05,10.277
487.06,10.277
487.07,10.057
487.08,9.530
487.09,9.223
487.1,9.574
487.11,9.618
487.12,9.706
487.13,10.189
487.14,10.541
487.15,10.321
487.16,10.189
487.17,9.794
487.18,9.399
487.19,9.179
487.2,9.091
487.21,9.794
487.22,10.629
487.23,10.848
487.24,10.321
487.25,9.794
487.26,9.486
487.27,9.355
487.28,9.442
487.29,10.365
487.3,10.409
487.31,10.409
487.32,10.277
487.33,10.014
487.34,9.970
487.35,9.530
487.36,9.530
487.37,9.486
487.38,9.047
487.39,8.915
487.4,9.047
487.41,9.926
487.42,10.321
487.43,10.453
487.44,10.497
487.45,10.277
487.46,9.970
487.47,9.750
487.48,9.838
487.49,9.399
487.5,9.311
487.51,10.014
487.52,10.453
487.53,10.716
487.54,10.672
487.55,9.926
487.56,9.662
487.57,9.530
487.58,9.530
487.59,9.838
487.6,10.453
487.61,10.716
487.62,10.365
487.63,10.057
487.64,10.101
487.65,9.574
487.66,9.750
487.67,9.662
487.68,9.706
487.69,10.409
487.7,10.804
487.71,11.024
487.72,10.672
487.73,10.321
487.74,9.311
487.75,8.871
487.76,9.574
487.77,9.970
487.78,10.453
487.79,10.585
487.8,10.629
487.81,9.926
487.82,9.618
487.83,9.442
487.84,9.399
487.85,9.750
487.86,10.233
487.87,10.101
487.88,10.145
487.89,10.233
487.9,10.409
487.91,9.399
487.92,9.662
487.93,9.442
487.94,9.750
487.95,10.101
487.96,10.365
487.97,10.760
487.98,10.848
487.99,10.057
488,9.530
488.01,9.355
488.02,9.794
488.03,9.838
488.04,10.497
488.05,10.497
488.06,10.233
488.07,9.926
488.08,9.882
488.09,9.399
488.1,9.047
488.11,9.530
488.12,10.145
488.13,10.321
488.14,10.541
488.15,10.497
488.16,10.277
488.17,9.706
488.18,9.442
488.19,9.047
488.2,9.399
488.21,10.277
488.22,10.848
488.23,10.848
488.24,10.497
488.25,10.321
488.26,9.486
488.27,9.838
488.28,9.882
488.29,10.101
488.3,9.926
488.31,9.970
488.32,10.321
488.33,10.233
488.34,9.794
488.35,9.311
488.36,8.915
488.37,9.003
488.38,9.135
488.39,9.267
488.4,9.267
488.41,9.267
488.42,9.838
488.43,10.321
488.44,10.189
488.45,10.848
488.46,10.189
488.47,9.750
488.48,9.223
488.49,9.267
488.5,9.662
488.51,10.145
488.52,10.277
488.53,10.057
488.54,10.014
488.55,9.926
488.56,9.530
488.57,9.267
488.58,9.267
488.59,9.442
488.6,9.706
488.61,10.101
488.62,10.321
488.63,10.277
488.64,9.530
488.65,9.091
488.66,9.091
488.67,8.915
488.68,9.442
488.69,9.838
488.7,10.145
488.71,9.838
488.72,9.926
488.73,9.662
488.74,9.662
488.75,9.486
488.76,9.091
488.77,9.355
488.78,9.926
488.79,9.926
488.8,10.672
488.81,10.277
488.82,9.794
488.83,9.135
488.84,8.784
488.85,9.223
488.86,10.145
488.87,10.409
488.88,10.497
488.89,10.321
488.9,9.486
488.91,9.530
488.92,9.355
488.93,9.135
488.94,9.486
488.95,10.057
488.96,10.233
488.97,10.277
488.98,10.014
488.99,10.189
489,9.662
489.01,9.486
489.02,9.574
489.03,10.233
489.04,10.365
489.05,10.848
489.06,10.760
489.07,10.233
489.08,9.618
489.09,9.223
489.1,8.915
489.11,9.882
489.12,10.277
489.13,10.321
489.14,10.277
489.15,10.145
489.16,9.618
489.17,9.311
489.18,9.267
489.19,9.399
489.2,9.486
489.21,9.794
489.22,10.014
489.23,10.145
489.24,10.189
489.25,9.970
489.26,9.486
489.27,9.399
489.28,9.442
489.29,9.047
489.3,8.784
489.31,9.311
489.32,9.267
489.33,9.267
489.34,9.355
489.35,9.223
489.36,9.135
489.37,9.311
489.38,9.135
489.39,9.267
489.4,9.355
489.41,9.179
489.42,9.003
489.43,9.003
489.44,9.706
489.45,9.530
489.46,9.574
489.47,9.223
489.48,8.959
489.49,8.959
489.5,9.179
489.51,9.838
489.52,9.794
489.53,9.179
489.54,9.135
489.55,8.871
489.56,9.135
489.57,9.135
489.58,9.442
489.59,9.355
489.6,9.179
489.61,9.003
489.62,8.959
489.63,9.399
489.64,9.706
489.65,9.530
489.66,9.267
489.67,8.915
489.68,9.618
489.69,9.223
489.7,9.442
489.71,9.003
489.72,9.091
489.73,8.871
489.74,9.530
489.75,9.486
489.76,9.399
489.77,9.355
489.78,9.135
489.79,9.223
489.8,9.311
489.81,9.179
489.82,9.223
489.83,9.003
489.84,8.871
489.85,9.135
489.86,9.135
489.87,9.311
489.88,9.442
489.89,9.223
489.9,9.091
489.91,8.959
489.92,9.442
489.93,9.750
489.94,9.530
489.95,9.267
489.96,9.135
489.97,9.179
489.98,9.311
489.99,9.574
490,9.223
490.01,9.091
490.02,9.618
490.03,9.574
490.04,9.486
490.05,9.486
490.06,9.530
490.07,9.486
490.08,9.442
490.09,9.267
490.1,9.091
490.11,9.486
490.12,9.970
490.13,9.267
490.14,9.486
490.15,9.355
490.16,9.223
490.17,9.003
490.18,9.618
490.19,9.442
490.2,9.794
490.21,9.399
490.22,9.486
490.23,9.091
490.24,8.784
490.25,9.047
490.26,9.399
490.27,9.662
490.28,9.486
490.29,9.311
490.3,9.179
490.31,9.091
490.32,9.135
490.33,8.959
490.34,9.135
490.35,9.311
490.36,9.355
490.37,9.267
490.38,8.827
490.39,8.871
490.4,8.915
490.41,9.003
490.42,9.223
490.43,9.135
490.44,8.915
490.45,9.399
490.46,9.706
490.47,9.618
490.48,9.311
490.49,9.574
490.5,9.750
490.51,9.355
490.52,9.882
490.53,9.662
490.54,9.838
490.55,9.794
490.56,9.530
490.57,9.574
490.58,9.574
490.59,9.618
490.6,9.486
490.61,9.311
490.62,9.311
490.63,9.267
490.64,9.179
490.65,9.047
490.66,9.047
490.67,9.047
490.68,9.047
490.69,9.442
490.7,9.399
490.71,9.399
490.72,9.442
490.73,9.442
490.74,9.135
490.75,9.003
490.76,9.530
490.77,9.618
490.78,9.442
490.79,9.574
490.8,9.486
490.81,9.399
490.82,9.399
490.83,9.399
490.84,9.267
490.85,9.047
490.86,9.267
490.87,9.399
490.88,9.135
490.89,9.267
490.9,9.838
490.91,9.618
490.92,9.179
490.93,9.399
490.94,9.618
490.95,9.486
490.96,9.618
490.97,9.003
490.98,9.135
490.99,9.267
491,9.047
491.01,9.047
491.02,9.179
491.03,9.267
491.04,9.047
491.05,9.442
491.06,9.311
491.07,9.047
491.08,9.135
491.09,9.399
491.1,9.442
491.11,9.267
491.12,9.311
491.13,9.530
491.14,9.267
491.15,9.091
491.16,9.486
491.17,9.706
491.18,9.399
491.19,9.135
491.2,9.399
491.21,9.442
491.22,9.794
491.23,9.267
491.24,9.355
491.25,9.794
491.26,9.926
491.27,9.926
491.28,9.574
491.29,9.662
491.3,9.970
491.31,10.014
491.32,9.399
491.33,9.355
491.34,9.486
491.35,9.618
491.36,9.530
491.37,9.662
491.38,9.399
491.39,9.442
491.4,9.399
491.41,9.838
491.42,9.574
491.43,9.706
491.44,9.574
491.45,9.486
491.46,9.574
491.47,9.794
491.48,9.618
491.49,9.223
491.5,9.399
491.51,10.189
491.52,10.189
491.53,10.629
491.54,10.629
491.55,10.057
491.56,9.442
491.57,9.486
491.58,9.618
491.59,9.794
491.6,10.101
491.61,10.145
491.62,10.497
491.63,10.321
491.64,10.014
491.65,9.223
491.66,9.442
491.67,9.706
491.68,9.838
491.69,10.585
491.7,10.541
491.71,10.277
491.72,10.760
491.73,10.233
491.74,9.926
491.75,9.530
491.76,9.750
491.77,10.145
491.78,10.672
491.79,10.848
491.8,10.672
491.81,10.057
491.82,9.882
491.83,9.882
491.84,9.882
491.85,9.882
491.86,10.057
491.87,10.760
491.88,10.892
491.89,11.024
491.9,10.672
491.91,9.794
491.92,9.442
491.93,9.530
491.94,10.189
491.95,10.585
491.96,10.321
491.97,10.101
491.98,10.189
491.99,9.838
492,9.486
492.01,9.574
492.02,9.399
492.03,10.145
492.04,10.277
492.05,10.716
492.06,10.892
492.07,10.541
492.08,9.574
492.09,9.442
492.1,9.574
492.11,10.145
492.12,10.848
492.13,10.804
492.14,10.672
492.15,10.541
492.16,10.189
492.17,10.057
492.18,9.530
492.19,9.442
492.2,9.926
492.21,10.189
492.22,10.848
492.23,10.541
492.24,10.497
492.25,9.794
492.26,9.442
492.27,9.530
492.28,9.442
492.29,10.057
492.3,10.101
492.31,10.233
492.32,10.365
492.33,10.453
492.34,9.706
492.35,9.618
492.36,9.091
492.37,9.047
492.38,9.223
492.39,9.399
492.4,9.003
492.41,8.827
492.42,9.838
492.43,10.585
492.44,10.277
492.45,9.838
492.46,9.662
492.47,9.750
492.48,9.311
492.49,9.267
492.5,9.882
492.51,10.101
492.52,10.365
492.53,10.409
492.54,10.277
492.55,10.101
492.56,9.574
492.57,9.311
492.58,9.442
492.59,9.706
492.6,10.014
492.61,10.585
492.62,10.848
492.63,10.365
492.64,9.970
492.65,9.574
492.66,9.442
492.67,9.530
492.68,9.926
492.69,9.794
492.7,10.233
492.71,10.409
492.72,10.189
492.73,9.486
492.74,9.223
492.75,8.959
492.76,8.915
492.77,9.838
492.78,10.497
492.79,10.672
492.8,10.541
492.81,9.750
492.82,9.574
492.83,9.618
492.84,9.179
492.85,9.223
492.86,9.882
492.87,10.057
492.88,10.365
492.89,10.453
492.9,9.662
492.91,9.662
492.92,9.574
492.93,9.311
492.94,10.101
492.95,10.277
492.96,10.145
492.97,10.541
492.98,10.585
492.99,9.706
493,9.750
493.01,9.926
493.02,9.486
493.03,10.014
493.04,10.629
493.05,10.804
493.06,10.321
493.07,10.145
493.08,9.794
493.09,9.135
493.1,9.091
493.11,9.838
493.12,10.145
493.13,10.057
493.14,10.453
493.15,10.629
493.16,9.882
493.17,9.750
493.18,9.794
493.19,9.311
493.2,9.399
493.21,10.541
493.22,10.672
493.23,10.453
493.24,10.936
493.25,10.321
493.26,9.706
493.27,9.618
493.28,9.530
493.29,10.014
493.3,10.057
493.31,10.409
493.32,10.585
493.33,10.321
493.34,9.486
493.35,9.179
493.36,9.486
493.37,9.091
493.38,9.091
493.39,9.442
493.4,9.223
493.41,9.486
493.42,10.189
493.43,10.453
493.44,10.277
493.45,9.970
493.46,10.101
493.47,9.926
493.48,9.047
493.49,9.003
493.5,9.530
493.51,10.189
493.52,10.057
493.53,10.409
493.54,10.672
493.55,10.145
493.56,9.442
493.57,9.223
493.58,9.311
493.59,9.530
493.6,9.926
493.61,10.672
493.62,10.277
493.63,9.926
493.64,9.574
493.65,9.399
493.66,8.959
493.67,9.135
493.68,9.355
493.69,10.189
493.7,10.541
493.71,10.277
493.72,10.014
493.73,9.750
493.74,9.223
493.75,8.959
493.76,9.091
493.77,9.355
493.78,10.057
493.79,10.585
493.8,10.321
493.81,10.101
493.82,9.574
493.83,9.442
493.84,9.179
493.85,9.530
493.86,10.189
493.87,10.233
493.88,10.145
493.89,10.453
493.9,10.233
493.91,9.135
493.92,9.486
493.93,9.442
493.94,9.574
493.95,10.365
493.96,10.453
493.97,10.321
493.98,10.321
493.99,9.882
494,9.267
494.01,9.179
494.02,9.442
494.03,9.838
494.04,9.970
494.05,10.453
494.06,10.365
494.07,9.970
494.08,9.662
494.09,9.442
494.1,8.740
494.11,9.618
494.12,9.618
494.13,9.838
494.14,10.321
494.15,10.233
494.16,9.926
494.17,9.267
494.18,9.047
494.19,9.223
494.2,9.486
494.21,9.574
494.22,10.057
494.23,10.365
494.24,10.365
494.25,10.101
494.26,9.706
494.27,9.926
494.28,9.838
494.29,9.926
494.3,9.926
494.31,10.365
494.32,10.365
494.33,10.233
494.34,9.530
494.35,9.662
494.36,9.574
494.37,9.223
494.38,9.223
494.39,9.267
494.4,9.399
494.41,9.706
494.42,9.311
494.43,9.442
494.44,9.618
494.45,9.662
494.46,9.399
494.47,9.267
494.48,9.618
494.49,9.530
494.5,9.574
494.51,9.311
494.52,9.223
494.53,9.267
494.54,9.442
494.55,9.530
494.56,9.574
494.57,9.135
494.58,9.135
494.59,9.794
494.6,9.838
494.61,9.223
494.62,9.223
494.63,9.486
494.64,9.794
494.65,9.662
494.66,9.223
494.67,9.618
494.68,9.486
494.69,9.530
494.7,9.223
494.71,9.662
494.72,9.618
494.73,9.794
494.74,9.618
494.75,9.267
494.76,9.355
494.77,9.750
494.78,9.442
494.79,9.135
494.8,8.959
494.81,9.311
494.82,9.618
494.83,9.794
494.84,9.047
494.85,9.179
494.86,9.750
494.87,9.574
494.88,9.442
494.89,9.267
494.9,9.223
494.91,9.618
494.92,9.355
494.93,9.135
494.94,9.355
494.95,9.311
494.96,9.267
494.97,9.135
494.98,8.871
494.99,9.091
495,9.267
495.01,9.179
495.02,8.915
495.03,9.003
495.04,8.871
495.05,9.311
495.06,9.399
495.07,8.784
495.08,8.740
495.09,9.091
495.1,9.003
495.11,9.267
495.12,9.530
495.13,9.135
495.14,9.267
495.15,9.047
495.16,9.223
495.17,9.399
495.18,9.882
495.19,9.267
495.2,9.179
495.21,9.311
495.22,9.838
495.23,9.486
495.24,9.355
495.25,9.267
495.26,9.135
495.27,9.399
495.28,9.486
495.29,9.442
495.3,9.223
495.31,9.267
495.32,9.618
495.33,9.486
495.34,9.311
495.35,9.574
495.36,9.662
495.37,9.574
495.38,9.442
495.39,9.047
495.4,9.311
495.41,9.574
495.42,9.223
495.43,9.355
495.44,9.442
495.45,9.047
495.46,9.047
495.47,9.311
495.48,9.267
495.49,9.574
495.5,9.442
495.51,9.223
495.52,9.223
495.53,9.574
495.54,9.267
495.55,9.091
495.56,9.442
495.57,9.179
495.58,9.135
495.59,9.135
495.6,9.442
495.61,9.135
495.62,9.003
495.63,9.223
495.64,9.003
495.65,9.003
495.66,9.311
495.67,9.267
495.68,8.871
495.69,9.047
495.7,9.311
495.71,9.442
495.72,8.871
495.73,9.311
495.74,9.311
495.75,9.091
495.76,9.355
495.77,9.091
495.78,9.179
495.79,8.871
495.8,9.091
495.81,9.047
495.82,8.915
495.83,8.784
495.84,8.959
495.85,9.091
495.86,9.355
495.87,8.959
495.88,8.476
495.89,8.915
495.9,9.267
495.91,9.003
495.92,8.520
495.93,9.047
495.94,9.267
495.95,9.135
495.96,8.740
495.97,8.871
495.98,9.223
495.99,9.135
496,9.003
496.01,9.135
496.02,9.618
496.03,9.355
496.04,9.223
496.05,9.179
496.06,9.442
496.07,9.047
496.08,9.003
496.09,9.135
496.1,9.267
496.11,9.047
496.12,9.091
496.13,8.915
496.14,9.267
496.15,9.179
496.16,9.091
496.17,8.959
496.18,9.267
496.19,9.486
496.2,9.223
496.21,9.267
496.22,9.399
496.23,9.267
496.24,9.399
496.25,9.355
496.26,9.355
496.27,9.223
496.28,8.827
496.29,9.047
496.3,9.355
496.31,9.311
496.32,9.003
496.33,9.267
496.34,9.838
496.35,9.926
496.36,9.618
496.37,9.530
496.38,9.926
496.39,10.057
496.4,9.399
496.41,9.486
496.42,9.662
496.43,9.750
496.44,9.530
496.45,9.574
496.46,9.926
496.47,9.486
496.48,8.915
496.49,9.223
496.5,9.399
496.51,9.662
496.52,9.223
496.53,9.838
496.54,9.618
496.55,9.267
496.56,9.223
496.57,9.662
496.58,9.530
496.59,9.223
496.6,9.267
496.61,9.574
496.62,9.750
496.63,9.267
496.64,9.311
496.65,10.057
496.66,10.409
496.67,9.838
496.68,10.453
496.69,10.321
496.7,9.706
496.71,9.311
496.72,9.135
496.73,9.399
496.74,9.574
496.75,8.915
496.76,9.267
496.77,9.750
496.78,9.926
496.79,10.321
496.8,10.101
496.81,10.497
496.82,9.882
496.83,9.355
496.84,9.399
496.85,9.442
496.86,9.530
496.87,9.750
496.88,10.321
496.89,10.365
496.9,10.101
496.91,9.794
496.92,9.750
496.93,9.267
496.94,9.135
496.95,9.530
496.96,10.101
496.97,9.882
496.98,10.672
496.99,10.145
497,9.926
497.01,9.223
497.02,9.311
497.03,9.399
497.04,9.662
497.05,10.101
497.06,10.365
497.07,10.321
497.08,10.189
497.09,9.838
497.1,9.179
497.11,8.959
497.12,9.311
497.13,10.057
497.14,10.145
497.15,10.057
497.16,10.145
497.17,9.926
497.18,9.267
497.19,8.827
497.2,8.915
497.21,9.311
497.22,10.101
497.23,10.014
497.24,10.014
497.25,10.321
497.26,9.970
497.27,9.223
497.28,8.827
497.29,9.618
497.3,9.838
497.31,9.794
497.32,10.189
497.33,10.541
497.34,9.882
497.35,9.662
497.36,9.311
497.37,9.047
497.38,9.179
497.39,9.179
497.4,8.959
497.41,9.355
497.42,9.838
497.43,10.321
497.44,10.760
497.45,10.497
497.46,9.662
497.47,9.618
497.48,9.399
497.49,9.047
497.5,9.179
497.51,9.047
497.52,9.311
497.53,9.311
497.54,9.486
497.55,10.277
497.56,10.585
497.57,10.365
497.58,10.453
497.59,10.145
497.6,9.794
497.61,9.135
497.62,9.530
497.63,10.365
497.64,10.189
497.65,10.848
497.66,10.321
497.67,10.233
497.68,10.189
497.69,9.223
497.7,9.311
497.71,9.442
497.72,10.409
497.73,10.365
497.74,10.760
497.75,10.453
497.76,10.233
497.77,9.355
497.78,9.311
497.79,9.706
497.8,10.057
497.81,10.233
497.82,10.848
497.83,10.585
497.84,10.321
497.85,9.794
497.86,9.486
497.87,9.355
497.88,9.970
497.89,10.189
497.9,10.233
497.91,10.672
497.92,10.585
497.93,10.189
497.94,9.618
497.95,9.486
497.96,9.399
497.97,9.794
497.98,9.926
497.99,10.189
498,10.497
498.01,10.233
498.02,10.145
498.03,9.618
498.04,9.091
498.05,9.135
498.06,9.574
498.07,10.057
498.08,10.189
498.09,10.321
498.1,10.189
498.11,9.618
498.12,9.618
498.13,9.135
498.14,9.574
498.15,9.794
498.16,10.145
498.17,10.453
498.18,10.497
498.19,10.189
498.2,9.311
498.21,9.223
498.22,8.827
498.23,9.442
498.24,9.574
498.25,10.014
498.26,10.453
498.27,10.101
498.28,9.706
498.29,9.267
498.3,9.223
498.31,8.959
498.32,9.311
498.33,10.014
498.34,10.145
498.35,10.101
498.36,10.101
498.37,9.618
498.38,8.827
498.39,9.311
498.4,9.267
498.41,8.915
498.42,10.014
498.43,10.409
498.44,9.970
498.45,10.057
498.46,9.706
498.47,9.047
498.48,9.091
498.49,9.355
498.5,10.014
498.51,10.233
498.52,10.101
498.53,10.233
498.54,10.497
498.55,9.970
498.56,9.267
498.57,9.003
498.58,9.486
498.59,9.838
498.6,10.189
498.61,10.101
498.62,10.057
498.63,9.574
498.64,9.399
498.65,9.442
498.66,9.135
498.67,9.399
498.68,9.662
498.69,9.750
498.7,10.277
498.71,10.145
498.72,9.486
498.73,8.959
498.74,9.047
498.75,9.267
498.76,9.838
498.77,9.794
498.78,9.926
498.79,10.189
498.8,9.926
498.81,9.399
498.82,9.486
498.83,9.355
498.84,9.355
498.85,10.233
498.86,10.936
498.87,10.716
498.88,10.101
498.89,9.574
498.9,9.399
498.91,9.355
498.92,9.399
498.93,9.662
498.94,9.926
498.95,10.453
498.96,10.760
498.97,10.321
498.98,9.706
498.99,9.486
499,9.135
499.01,8.784
499.02,9.926
499.03,10.409
499.04,10.101
499.05,10.145
499.06,9.706
499.07,9.223
499.08,9.267
499.09,9.574
499.1,9.662
499.11,9.486
499.12,9.926
499.13,10.497
499.14,10.233
499.15,9.706
499.16,9.926
499.17,9.486
499.18,9.179
499.19,9.926
499.2,10.277
499.21,10.321
499.22,10.057
499.23,10.497
499.24,9.970
499.25,9.311
499.26,9.399
499.27,9.355
499.28,9.838
499.29,10.541
499.3,10.672
499.31,10.277
499.32,10.189
499.33,10.101
499.34,9.530
499.35,9.486
499.36,9.618
499.37,9.442
499.38,9.311
499.39,9.794
499.4,9.311
499.41,9.267
499.42,9.486
499.43,10.541
499.44,10.541
499.45,10.189
499.46,10.277
499.47,9.706
499.48,9.355
499.49,9.355
499.5,9.311
499.51,8.827
499.52,9.091
499.53,9.442
499.54,9.530
499.55,10.145
499.56,10.365
499.57,10.277
499.58,10.057
499.59,9.970
499.6,9.399
499.61,9.267
499.62,9.223
499.63,9.223
499.64,8.784
499.65,8.915
499.66,9.311
499.67,9.399
499.68,9.135
499.69,8.696
499.7,9.311
499.71,9.662
499.72,9.530
499.73,9.091
499.74,9.311
499.75,9.486
499.76,9.399
499.77,9.267
499.78,9.311
499.79,9.750
499.8,9.662
499.81,9.442
499.82,9.574
499.83,9.706
499.84,9.442
499.85,9.442
499.86,9.574
499.87,9.442
499.88,9.706
499.89,9.794
499.9,9.794
499.91,9.399
499.92,9.662
499.93,9.574
499.94,9.223
499.95,9.662
499.96,9.794
499.97,9.486
499.98,9.399
499.99,9.442
500,9.662
500.01,9.311
500.02,9.091
500.03,9.618
500.04,9.399
500.05,9.003
500.06,9.135
500.07,9.311
500.08,9.311
500.09,9.223
500.1,9.223
500.11,9.442
500.12,9.135
500.13,9.267
500.14,9.486
500.15,9.442
500.16,9.486
500.17,9.003
500.18,9.311
500.19,9.794
500.2,9.486
500.21,9.267
500.22,9.003
500.23,9.486
500.24,9.618
500.25,9.223
500.26,8.959
500.27,9.267
500.28,9.223
500.29,9.442
500.3,9.311
500.31,9.223
500.32,9.267
500.33,9.838
500.34,9.530
500.35,9.267
500.36,9.179
500.37,9.530
500.38,9.662
500.39,9.355
500.4,9.091
500.41,9.311
500.42,9.882
500.43,9.442
500.44,9.486
500.45,9.442
500.46,9.838
500.47,9.662
500.48,9.618
500.49,9.399
500.5,9.399
500.51,9.794
500.52,9.574
500.53,9.355
500.54,9.179
500.55,9.311
500.56,9.486
500.57,9.399
500.58,9.267
500.59,9.091
500.6,9.794
500.61,9.662
500.62,9.706
500.63,9.618
500.64,9.486
500.65,9.838
500.66,9.618
500.67,9.135
500.68,8.871
500.69,9.706
500.7,9.442
500.71,9.662
500.72,9.662
500.73,9.618
500.74,9.223
500.75,9.706
500.76,9.750
500.77,9.970
500.78,9.530
500.79,9.486
500.8,9.574
500.81,9.574
500.82,9.882
500.83,9.794
500.84,9.355
500.85,9.091
500.86,9.311
500.87,9.618
500.88,9.838
500.89,9.926
500.9,9.574
500.91,9.486
500.92,9.618
500.93,10.321
500.94,10.189
500.95,9.750
500.96,9.574
500.97,9.486
500.98,9.794
500.99,9.838
501,9.750
501.01,9.530
501.02,9.355
501.03,9.618
501.04,9.838
501.05,9.794
501.06,9.794
501.07,9.267
501.08,9.223
501.09,9.311
501.1,9.530
501.11,9.838
501.12,9.135
501.13,9.179
501.14,9.047
501.15,9.267
501.16,9.399
501.17,9.311
501.18,9.311
501.19,9.399
501.2,9.399
501.21,9.618
501.22,9.311
501.23,9.399
501.24,9.223
501.25,9.179
501.26,9.355
501.27,9.442
501.28,9.486
501.29,9.442
501.3,9.311
501.31,9.311
501.32,9.706
501.33,9.267
501.34,9.442
501.35,9.399
501.36,9.267
501.37,9.091
501.38,8.959
501.39,9.311
501.4,9.530
501.41,9.442
501.42,9.179
501.43,9.047
501.44,9.618
501.45,9.618
501.46,9.399
501.47,9.574
501.48,9.267
501.49,8.871
501.5,9.135
501.51,9.399
501.52,9.311
501.53,9.047
501.54,9.135
501.55,9.179
501.56,9.135
501.57,9.003
501.58,9.223
501.59,9.091
501.6,8.915
501.61,9.003
501.62,9.267
501.63,9.311
501.64,9.311
501.65,9.530
501.66,9.135
501.67,8.784
501.68,8.564
501.69,9.091
501.7,9.574
501.71,9.618
501.72,9.574
501.73,9.399
501.74,9.970
501.75,10.409
501.76,10.672
501.77,10.497
501.78,10.189
501.79,9.794
501.8,9.179
501.81,9.047
501.82,9.179
501.83,9.486
501.84,9.355
501.85,9.574
501.86,9.794
501.87,10.101
501.88,10.365
501.89,10.497
501.9,10.277
501.91,10.321
501.92,9.882
501.93,9.882
501.94,9.442
501.95,9.399
501.96,10.189
501.97,10.629
501.98,11.024
501.99,11.112
502,10.672
502.01,10.057
502.02,9.486
502.03,9.750
502.04,10.497
502.05,11.068
502.06,10.804
502.07,10.848
502.08,10.629
502.09,10.409
502.1,10.145
502.11,9.838
502.12,10.057
502.13,10.672
502.14,10.672
502.15,10.497
502.16,11.068
502.17,11.068
502.18,10.189
502.19,9.970
502.2,9.662
502.21,9.838
502.22,10.321
502.23,10.629
502.24,10.848
502.25,10.848
502.26,10.541
502.27,9.926
502.28,9.399
502.29,9.574
502.3,10.321
502.31,10.453
502.32,10.760
502.33,10.629
502.34,10.145
502.35,9.486
502.36,9.135
502.37,9.442
502.38,9.355
502.39,9.311
502.4,8.915
502.41,9.091
502.42,9.750
502.43,10.321
502.44,10.892
502.45,10.453
502.46,9.838
502.47,9.399
502.48,9.355
502.49,9.267
502.5,9.442
502.51,9.399
502.52,9.486
502.53,9.047
502.54,9.794
502.55,10.233
502.56,10.453
502.57,10.277
502.58,10.189
502.59,9.838
502.6,9.003
502.61,9.047
502.62,9.442
502.63,9.970
502.64,10.145
502.65,10.014
502.66,9.662
502.67,9.970
502.68,9.618
502.69,9.091
502.7,8.696
502.71,9.091
502.72,9.794
502.73,10.057
502.74,10.541
502.75,10.233
502.76,9.882
502.77,9.399
502.78,9.530
502.79,9.794
502.8,9.838
502.81,10.189
502.82,10.497
502.83,10.980
502.84,10.629
502.85,10.014
502.86,9.794
502.87,9.442
502.88,9.970
502.89,10.804
502.9,10.760
502.91,10.672
502.92,10.848
502.93,10.541
502.94,10.057
502.95,9.706
502.96,9.530
502.97,9.618
502.98,10.277
502.99,10.409
503,10.585
503.01,10.453
503.02,9.750
503.03,9.618
503.04,9.926
503.05,9.442
503.06,9.662
503.07,10.101
503.08,10.321
503.09,10.453
503.1,10.453
503.11,10.057
503.12,9.442
503.13,9.355
503.14,9.311
503.15,9.882
503.16,10.848
503.17,10.804
503.18,10.541
503.19,9.794
503.2,9.838
503.21,9.794
503.22,9.750
503.23,9.882
503.24,10.365
503.25,10.497
503.26,10.585
503.27,10.409
503.28,10.233
503.29,10.101
503.3,9.750
503.31,9.399
503.32,10.277
503.33,10.629
503.34,10.936
503.35,10.716
503.36,10.365
503.37,9.750
503.38,9.355
503.39,9.267
503.4,9.970
503.41,9.926
503.42,10.277
503.43,10.145
503.44,10.804
503.45,10.233
503.46,10.277
503.47,10.189
503.48,9.486
503.49,9.399
503.5,9.926
503.51,10.321
503.52,10.848
503.53,10.672
503.54,10.365
503.55,9.750
503.56,9.135
503.57,9.047
503.58,9.706
503.59,10.057
503.6,10.760
503.61,10.892
503.62,10.936
503.63,10.101
503.64,9.882
503.65,9.706
503.66,9.355
503.67,10.101
503.68,10.541
503.69,10.672
503.7,10.585
503.71,10.277
503.72,9.750
503.73,9.399
503.74,9.399
503.75,10.057
503.76,10.541
503.77,10.629
503.78,10.672
503.79,10.321
503.8,9.750
503.81,9.486
503.82,9.926
503.83,9.486
503.84,10.014
503.85,10.277
503.86,10.145
503.87,10.277
503.88,10.233
503.89,10.277
503.9,9.838
503.91,9.179
503.92,9.091
503.93,9.355
503.94,9.926
503.95,9.926
503.96,10.541
503.97,10.277
503.98,9.530
503.99,9.311
504,8.871
504.01,9.091
504.02,9.794
504.03,9.794
504.04,9.530
504.05,9.838
504.06,9.882
504.07,9.486
504.08,9.530
504.09,9.486
504.1,9.574
504.11,9.882
504.12,9.926
504.13,10.541
504.14,10.189
504.15,9.486
504.16,9.618
504.17,9.267
504.18,9.091
504.19,9.311
504.2,9.574
504.21,10.145
504.22,10.365
504.23,10.145
504.24,9.838
504.25,9.091
504.26,9.047
504.27,9.355
504.28,10.189
504.29,10.497
504.3,9.926
504.31,10.277
504.32,10.189
504.33,9.530
504.34,9.091
504.35,8.959
504.36,9.047
504.37,9.047
504.38,8.827
504.39,9.003
504.4,9.091
504.41,9.267
504.42,10.101
504.43,10.716
504.44,10.409
504.45,10.672
504.46,9.706
504.47,9.091
504.48,8.827
504.49,8.959
504.5,9.618
504.51,9.618
504.52,9.179
504.53,9.311
504.54,9.574
504.55,9.970
504.56,10.233
504.57,10.497
504.58,10.145
504.59,9.223
504.6,8.784
504.61,9.179
504.62,9.311
504.63,9.838
504.64,9.882
504.65,10.233
504.66,10.497
504.67,10.057
504.68,9.399
504.69,9.662
504.7,9.355
504.71,9.179
504.72,8.959
504.73,9.442
504.74,9.355
504.75,9.223
504.76,9.530
504.77,9.091
504.78,9.223
504.79,9.399
504.8,9.223
504.81,9.355
504.82,8.915
504.83,9.442
504.84,9.882
504.85,9.003
504.86,9.223
504.87,9.179
504.88,9.047
504.89,9.574
504.9,9.135
504.91,9.399
504.92,9.179
504.93,9.267
504.94,9.223
504.95,9.486
504.96,9.574
504.97,9.355
504.98,9.223
504.99,9.223
505,9.442
505.01,9.311
505.02,9.355
505.03,9.179
505.04,9.179
505.05,9.399
505.06,9.442
505.07,9.091
505.08,9.091
505.09,9.399
505.1,9.135
505.11,9.399
505.12,9.574
505.13,9.355
505.14,9.530
505.15,9.618
505.16,9.442
505.17,9.355
505.18,9.355
505.19,9.223
505.2,9.399
505.21,9.486
505.22,9.399
505.23,9.926
505.24,9.530
505.25,9.530
505.26,9.662
505.27,9.618
505.28,9.970
505.29,9.662
505.3,9.399
505.31,9.618
505.32,9.267
505.33,9.355
505.34,9.486
505.35,9.530
505.36,9.135
505.37,9.399
505.38,9.486
505.39,9.311
505.4,9.047
505.41,9.267
505.42,8.959
505.43,9.267
505.44,9.662
505.45,9.267
505.46,9.442
505.47,9.530
505.48,9.267
505.49,9.003
505.5,8.827
505.51,9.311
505.52,9.794
505.53,9.442
505.54,9.399
505.55,9.399
505.56,9.355
505.57,9.618
505.58,9.574
505.59,9.574
505.6,9.662
505.61,9.267
505.62,9.399
505.63,9.838
505.64,9.706
505.65,9.618
505.66,9.267
505.67,9.355
505.68,9.486
505.69,9.574
505.7,10.145
505.71,9.662
505.72,9.662
505.73,9.794
505.74,9.926
505.75,9.794
505.76,9.794
505.77,9.574
505.78,9.794
505.79,9.926
505.8,9.706
505.81,9.442
505.82,9.311
505.83,9.091
505.84,9.311
505.85,9.970
505.86,9.838
505.87,9.530
505.88,9.399
505.89,9.442
505.9,9.311
505.91,9.970
505.92,9.442
505.93,9.267
505.94,9.794
505.95,9.574
505.96,9.486
505.97,9.179
505.98,9.267
505.99,9.223
506,9.223
506.01,9.267
506.02,9.574
506.03,9.091
506.04,9.662
506.05,9.574
506.06,9.486
506.07,9.091
506.08,9.662
506.09,9.442
506.1,9.442
506.11,9.486
506.12,9.223
506.13,9.311
506.14,9.574
506.15,9.706
506.16,9.750
506.17,9.355
506.18,9.003
506.19,9.838
506.2,10.145
506.21,9.750
506.22,9.399
506.23,9.486
506.24,9.486
506.25,9.926
506.26,9.750
506.27,9.486
506.28,9.662
506.29,10.101
506.3,10.014
506.31,9.882
506.32,9.399
506.33,9.442
506.34,9.794
506.35,9.970
506.36,9.530
506.37,9.530
506.38,9.311
506.39,10.014
506.4,9.486
506.41,9.355
506.42,9.442
506.43,9.706
506.44,9.618
506.45,9.618
506.46,9.442
506.47,9.926
506.48,10.057
506.49,9.750
506.5,9.794
506.51,9.926
506.52,9.882
506.53,9.706
506.54,9.618
506.55,9.662
506.56,9.970
506.57,9.838
506.58,9.442
506.59,9.838
506.6,9.882
506.61,10.189
506.62,9.750
506.63,10.101
506.64,9.882
506.65,9.750
506.66,9.442
506.67,9.574
506.68,9.926
506.69,9.706
506.7,9.530
506.71,9.530
506.72,9.399
506.73,9.355
506.74,9.179
506.75,9.355
506.76,9.618
506.77,9.223
506.78,9.091
506.79,9.223
506.8,9.267
506.81,9.442
506.82,8.959
506.83,9.355
506.84,9.399
506.85,9.311
506.86,9.574
506.87,10.101
506.88,10.848
506.89,10.497
506.9,10.233
506.91,9.838
506.92,9.970
506.93,9.574
506.94,9.047
506.95,9.706
506.96,10.145
506.97,10.145
506.98,10.189
506.99,10.277
507,9.838
507.01,9.311
507.02,9.355
507.03,9.047
507.04,9.311
507.05,9.926
507.06,10.189
507.07,9.970
507.08,10.233
507.09,9.574
507.1,8.915
507.11,8.520
507.12,9.267
507.13,10.145
507.14,9.706
507.15,9.882
507.16,10.145
507.17,10.057
507.18,9.355
507.19,9.135
507.2,9.135
507.21,9.530
507.22,9.794
507.23,10.145
507.24,10.585
507.25,10.760
507.26,9.574
507.27,9.706
507.28,9.399
507.29,9.223
507.3,9.399
507.31,10.189
507.32,10.541
507.33,10.629
507.34,9.838
507.35,9.662
507.36,9.486
507.37,9.355
507.38,8.871
507.39,9.223
507.4,9.179
507.41,9.355
507.42,9.882
507.43,10.101
507.44,10.804
507.45,10.321
507.46,10.189
507.47,9.618
507.48,9.750
507.49,9.486
507.5,9.530
507.51,9.091
507.52,9.267
507.53,9.267
507.54,9.486
507.55,10.014
507.56,10.145
507.57,10.541
507.58,10.453
507.59,9.618
507.6,9.442
507.61,9.706
507.62,9.223
507.63,9.618
507.64,10.145
507.65,10.541
507.66,10.980
507.67,11.024
507.68,10.101
507.69,9.574
507.7,9.662
507.71,9.794
507.72,10.365
507.73,10.277
507.74,10.629
507.75,10.541
507.76,10.497
507.77,9.618
507.78,8.959
507.79,9.223
507.8,9.399
507.81,10.101
507.82,10.716
507.83,10.629
507.84,10.365
507.85,10.057
507.86,9.750
507.87,9.662
507.88,9.442
507.89,9.530
507.9,9.838
507.91,10.233
507.92,10.848
507.93,10.672
507.94,10.057
507.95,9.662
507.96,9.442
507.97,9.530
507.98,10.189
507.99,10.453
508,10.585
508.01,10.365
508.02,10.057
508.03,9.838
508.04,9.618
508.05,9.750
508.06,9.618
508.07,10.145
508.08,10.365
508.09,10.892
508.1,10.716
508.11,10.365
508.12,9.794
508.13,9.574
508.14,9.399
508.15,9.926
508.16,10.321
508.17,10.497
508.18,10.760
508.19,10.409
508.2,9.838
508.21,9.662
508.22,9.530
508.23,9.530
508.24,9.618
508.25,10.321
508.26,10.672
508.27,10.365
508.28,9.882
508.29,9.399
508.3,9.618
508.31,9.399
508.32,9.003
508.33,9.267
508.34,10.145
508.35,10.672
508.36,10.453
508.37,10.057
508.38,9.442
508.39,9.399
508.4,9.311
508.41,9.618
508.42,9.311
508.43,9.530
508.44,9.926
508.45,10.409
508.46,10.629
508.47,10.277
508.48,10.233
508.49,10.145
508.5,9.618
508.51,9.047
508.52,8.959
508.53,9.486
508.54,9.574
508.55,9.135
508.56,9.399
508.57,10.014
508.58,10.453
508.59,10.541
508.6,10.365
508.61,9.794
508.62,9.311
508.63,9.223
508.64,9.706
508.65,9.706
508.66,9.970
508.67,10.629
508.68,10.321
508.69,9.794
508.7,9.442
508.71,9.618
508.72,9.179
508.73,9.486
508.74,10.145
508.75,10.321
508.76,10.365
508.77,10.629
508.78,10.101
508.79,9.838
508.8,9.399
508.81,9.882
508.82,10.145
508.83,10.233
508.84,10.629
508.85,10.760
508.86,10.145
508.87,10.189
508.88,9.926
508.89,9.311
508.9,9.970
508.91,10.189
508.92,10.409
508.93,11.068
508.94,10.497
508.95,10.541
508.96,10.014
508.97,9.750
508.98,9.486
508.99,9.662
509,10.057
509.01,10.497
509.02,10.804
509.03,10.716
509.04,10.189
509.05,10.014
509.06,9.882
509.07,9.486
509.08,9.838
509.09,10.365
509.1,10.233
509.11,10.541
509.12,10.760
509.13,10.365
509.14,9.442
509.15,9.618
509.16,9.399
509.17,10.101
509.18,10.233
509.19,10.145
509.2,10.848
509.21,10.497
509.22,10.101
509.23,9.662
509.24,9.486
509.25,9.662
509.26,10.453
509.27,10.672
509.28,10.980
509.29,10.585
509.3,10.365
509.31,10.189
509.32,10.057
509.33,9.399
509.34,9.442
509.35,9.706
509.36,9.442
509.37,9.223
509.38,9.047
509.39,9.047
509.4,9.794
509.41,10.189
509.42,10.189
509.43,10.101
509.44,10.892
509.45,10.716
509.46,10.233
509.47,9.882
509.48,9.223
509.49,9.442
509.5,9.970
509.51,9.618
509.52,9.135
509.53,9.399
509.54,10.101
509.55,10.277
509.56,10.585
509.57,10.453
509.58,10.585
509.59,9.970
509.6,9.750
509.61,9.311
509.62,9.706
509.63,9.882
509.64,10.365
509.65,10.321
509.66,10.057
509.67,9.838
509.68,9.750
509.69,9.882
509.7,9.267
509.71,9.311
509.72,10.277
509.73,10.321
509.74,10.277
509.75,9.926
509.76,9.355
509.77,9.618
509.78,9.355
509.79,9.355
509.8,9.442
509.81,9.794
509.82,10.585
509.83,10.804
509.84,10.014
509.85,9.706
509.86,9.486
509.87,9.486
509.88,9.355
509.89,8.915
509.9,8.871
509.91,9.223
509.92,9.442
509.93,9.311
509.94,9.091
509.95,8.959
509.96,9.267
509.97,9.486
509.98,9.530
509.99,9.355
510,9.135
510.01,9.574
510.02,9.530
510.03,9.794
510.04,9.223
510.05,8.959
510.06,9.486
510.07,9.530
510.08,9.530
510.09,9.486
510.1,9.179
510.11,9.399
510.12,9.618
510.13,9.618
510.14,9.442
510.15,9.135
510.16,9.091
510.17,9.442
510.18,9.530
510.19,9.355
510.2,9.267
510.21,9.794
510.22,9.618
510.23,9.662
510.24,9.399
510.25,9.091
510.26,9.135
510.27,9.399
510.28,9.794
510.29,9.618
510.3,8.959
510.31,9.267
510.32,9.486
510.33,9.838
510.34,9.486
510.35,9.355
510.36,9.311
510.37,9.442
510.38,9.794
510.39,10.057
510.4,9.399
510.41,9.618
510.42,9.706
510.43,9.794
510.44,9.750
510.45,9.311
510.46,9.355
510.47,9.486
510.48,9.662
510.49,9.838
510.5,9.750
510.51,9.442
510.52,9.530
510.53,9.399
510.54,9.970
510.55,9.442
510.56,9.223
510.57,9.486
510.58,9.399
510.59,9.750
510.6,9.355
510.61,9.442
510.62,9.794
510.63,9.486
510.64,9.267
510.65,9.794
510.66,9.574
510.67,9.355
510.68,9.399
510.69,9.574
510.7,9.750
510.71,9.530
510.72,9.311
510.73,9.618
510.74,9.530
510.75,9.618
510.76,9.311
510.77,9.442
510.78,9.882
510.79,9.838
510.8,9.574
510.81,9.706
510.82,9.574
510.83,9.530
510.84,9.486
510.85,9.486
510.86,9.486
510.87,9.530
510.88,9.618
510.89,9.311
510.9,10.101
510.91,9.618
510.92,9.618
510.93,9.662
510.94,9.794
510.95,9.618
510.96,9.486
510.97,9.047
510.98,9.486
510.99,9.882
511,9.530
511.01,9.311
511.02,9.442
511.03,9.794
511.04,9.838
511.05,9.399
511.06,9.135
511.07,9.486
511.08,9.530
511.09,9.442
511.1,9.486
511.11,9.091
511.12,9.486
511.13,9.794
511.14,9.970
511.15,9.355
511.16,9.486
511.17,9.838
511.18,9.091
511.19,9.486
511.2,9.574
511.21,9.486
511.22,9.618
511.23,9.838
511.24,9.267
511.25,9.486
511.26,9.662
511.27,9.618
511.28,9.574
511.29,9.574
511.3,9.486
511.31,9.926
511.32,9.750
511.33,9.442
511.34,9.530
511.35,9.486
511.36,9.530
511.37,9.399
511.38,9.399
511.39,9.399
511.4,9.267
511.41,9.794
511.42,9.794
511.43,9.486
511.44,9.706
511.45,9.662
511.46,9.442
511.47,9.267
511.48,9.003
511.49,9.047
511.5,9.574
511.51,9.662
511.52,9.618
511.53,9.267
511.54,9.179
511.55,9.047
511.56,9.486
511.57,9.794
511.58,9.135
511.59,9.618
511.6,9.794
511.61,9.442
511.62,9.179
511.63,9.311
511.64,9.311
511.65,9.442
511.66,9.574
511.67,9.135
511.68,9.091
511.69,9.003
511.7,9.442
511.71,9.223
511.72,9.574
511.73,9.442
511.74,9.486
511.75,9.574
511.76,9.091
511.77,9.311
511.78,9.135
511.79,8.740
511.8,9.091
511.81,9.399
511.82,9.047
511.83,9.618
511.84,9.267
511.85,9.355
511.86,9.311
511.87,9.091
511.88,9.047
511.89,9.223
511.9,8.915
511.91,8.871
511.92,9.003
511.93,9.179
511.94,9.047
511.95,9.091
511.96,9.530
511.97,9.706
511.98,9.618
511.99,10.145
512,10.804
512.01,10.760
512.02,9.970
512.03,10.145
512.04,9.970
512.05,9.618
512.06,9.355
512.07,9.399
512.08,9.574
512.09,9.486
512.1,9.091
512.11,9.750
512.12,10.585
512.13,10.321
512.14,10.145
512.15,10.321
512.16,10.189
512.17,9.399
512.18,9.223
512.19,9.574
512.2,9.662
512.21,9.223
512.22,9.179
512.23,9.442
512.24,10.321
512.25,10.321
512.26,10.409
512.27,10.716
512.28,10.189
512.29,10.057
512.3,9.706
512.31,9.442
512.32,9.223
512.33,9.794
512.34,10.233
512.35,10.497
512.36,10.321
512.37,10.277
512.38,9.662
512.39,9.267
512.4,8.827
512.41,9.355
512.42,9.970
512.43,10.277
512.44,10.321
512.45,10.716
512.46,10.541
512.47,10.014
512.48,9.399
512.49,9.618
512.5,9.794
512.51,10.321
512.52,10.453
512.53,10.497
512.54,10.277
512.55,10.057
512.56,9.750
512.57,9.442
512.58,9.486
512.59,10.277
512.6,10.365
512.61,10.057
512.62,10.585
512.63,10.585
512.64,9.574
512.65,9.267
512.66,9.355
512.67,9.355
512.68,9.618
512.69,9.618
512.7,9.970
512.71,10.409
512.72,10.497
512.73,9.926
512.74,9.047
512.75,9.003
512.76,9.223
512.77,9.838
512.78,10.277
512.79,10.409
512.8,10.189
512.81,10.101
512.82,9.926
512.83,9.486
512.84,9.530
512.85,9.618
512.86,10.189
512.87,10.233
512.88,10.629
512.89,10.892
512.9,10.365
512.91,9.706
512.92,9.355
512.93,9.311
512.94,9.926
512.95,10.541
512.96,10.365
512.97,10.453
512.98,10.014
512.99,9.970
513,10.014
513.01,9.882
513.02,10.101
513.03,10.541
513.04,10.541
513.05,10.672
513.06,10.760
513.07,11.024
513.08,10.497
513.09,10.014
513.1,9.574
513.11,9.662
513.12,10.365
513.13,10.672
513.14,10.936
513.15,10.409
513.16,9.838
513.17,9.442
513.18,9.574
513.19,10.057
513.2,9.926
513.21,10.277
513.22,10.233
513.23,10.848
513.24,11.112
513.25,10.629
513.26,10.101
513.27,9.970
513.28,9.794
513.29,10.057
513.3,10.629
513.31,10.716
513.32,10.585
513.33,10.365
513.34,9.926
513.35,10.145
513.36,9.486
513.37,9.399
513.38,9.442
513.39,9.574
513.4,9.223
513.41,9.442
513.42,9.750
513.43,10.321
513.44,10.629
513.45,10.277
513.46,10.145
513.47,10.057
513.48,9.442
513.49,9.442
513.5,9.794
513.51,10.321
513.52,10.409
513.53,10.629
513.54,10.585
513.55,10.057
513.56,9.399
513.57,9.530
513.58,9.970
513.59,10.145
513.6,10.321
513.61,10.848
513.62,10.760
513.63,10.672
513.64,10.101
513.65,10.145
513.66,9.618
513.67,9.486
513.68,10.057
513.69,10.321
513.7,10.629
513.71,10.629
513.72,10.892
513.73,10.321
513.74,9.970
513.75,9.223
513.76,9.838
513.77,10.453
513.78,10.409
513.79,10.277
513.8,10.672
513.81,10.672
513.82,9.838
513.83,9.311
513.84,9.618
513.85,9.926
513.86,10.101
513.87,10.189
513.88,10.848
513.89,10.892
513.9,10.233
513.91,9.794
513.92,9.486
513.93,9.486
513.94,10.145
513.95,10.189
513.96,10.189
513.97,10.277
513.98,10.277
513.99,9.618
514,9.486
514.01,9.618
514.02,9.926
514.03,9.970
514.04,10.189
514.05,10.365
514.06,10.716
514.07,10.497
514.08,9.750
514.09,9.618
514.1,9.794
514.11,9.794
514.12,10.189
514.13,10.277
514.14,10.497
514.15,10.629
514.16,9.794
514.17,9.311
514.18,9.399
514.19,9.355
514.2,9.267
514.21,9.618
514.22,10.365
514.23,10.497
514.24,10.365
514.25,9.838
514.26,9.618
514.27,9.355
514.28,9.179
514.29,9.267
514.3,9.530
514.31,10.145
514.32,10.629
514.33,10.277
514.34,9.750
514.35,9.794
514.36,9.311
514.37,9.003
514.38,9.047
514.39,9.442
514.4,9.486
514.41,9.618
514.42,9.838
514.43,10.365
514.44,10.541
514.45,10.453
514.46,9.706
514.47,9.223
514.48,9.618
514.49,9.355
514.5,9.530
514.51,9.970
514.52,9.750
514.53,10.277
514.54,10.497
514.55,9.662
514.56,9.311
514.57,9.179
514.58,9.223
514.59,9.574
514.6,10.145
514.61,10.057
514.62,9.882
514.63,9.794
514.64,9.574
514.65,9.486
514.66,9.399
514.67,9.223
514.68,9.311
514.69,9.574
514.7,10.497
514.71,10.892
514.72,10.541
514.73,9.882
514.74,9.267
514.75,9.355
514.76,9.442
514.77,10.145
514.78,10.409
514.79,10.672
514.8,10.629
514.81,10.277
514.82,9.399
514.83,9.311
514.84,9.618
514.85,10.101
514.86,10.409
514.87,10.233
514.88,10.321
514.89,10.585
514.9,10.277
514.91,10.189
514.92,9.794
514.93,9.399
514.94,9.574
514.95,9.223
514.96,9.355
514.97,9.530
514.98,9.574
514.99,9.355
515,9.267
515.01,8.871
515.02,9.003
515.03,9.267
515.04,9.135
515.05,9.399
515.06,9.135
515.07,8.959
515.08,8.696
515.09,9.091
515.1,9.047
515.11,9.355
515.12,9.399
515.13,8.871
515.14,8.915
515.15,9.179
515.16,9.267
515.17,9.091
515.18,9.179
515.19,8.827
515.2,8.784
515.21,9.047
515.22,9.355
515.23,9.091
515.24,9.223
515.25,9.267
515.26,9.399
515.27,9.311
515.28,9.662
515.29,9.267
515.3,8.915
515.31,9.047
515.32,9.750
515.33,9.486
515.34,9.618
515.35,9.267
515.36,9.399
515.37,9.311
515.38,9.442
515.39,9.179
515.4,9.267
515.41,9.223
515.42,9.267
515.43,9.267
515.44,9.223
515.45,9.223
515.46,9.091
515.47,9.223
515.48,9.223
515.49,9.267
515.5,9.179
515.51,8.915
515.52,9.311
515.53,9.355
515.54,9.267
515.55,9.223
515.56,8.871
515.57,9.003
515.58,9.311
515.59,9.706
515.6,9.311
515.61,9.179
515.62,9.311
515.63,9.662
515.64,9.618
515.65,9.091
515.66,9.135
515.67,9.486
515.68,9.662
515.69,9.399
515.7,9.399
515.71,9.442
515.72,9.223
515.73,10.101
515.74,9.574
515.75,9.135
515.76,9.135
515.77,9.530
515.78,9.486
515.79,9.662
515.8,9.574
515.81,9.135
515.82,8.959
515.83,9.442
515.84,9.399
515.85,9.618
515.86,9.486
515.87,9.223
515.88,9.267
515.89,9.486
515.9,9.442
515.91,9.047
515.92,9.135
515.93,9.311
515.94,9.750
515.95,9.750
515.96,9.486
515.97,9.355
515.98,9.091
515.99,9.750
516,9.618
516.01,9.530
516.02,9.442
516.03,9.574
516.04,9.311
516.05,9.662
516.06,9.399
516.07,9.530
516.08,9.530
516.09,9.355
516.1,9.267
516.11,9.355
516.12,9.926
516.13,9.662
516.14,9.399
516.15,9.047
516.16,9.574
516.17,9.750
516.18,9.838
516.19,9.530
516.2,9.223
516.21,9.442
516.22,9.882
516.23,10.145
516.24,9.970
516.25,10.101
516.26,9.970
516.27,9.618
516.28,9.399
516.29,9.970
516.3,9.794
516.31,9.750
516.32,9.311
516.33,9.267
516.34,9.399
516.35,9.574
516.36,9.530
516.37,9.706
516.38,9.442
516.39,9.091
516.4,9.047
516.41,9.311
516.42,9.355
516.43,10.014
516.44,9.838
516.45,9.838
516.46,9.355
516.47,9.618
516.48,9.223
516.49,9.399
516.5,9.574
516.51,9.794
516.52,9.442
516.53,9.267
516.54,9.267
516.55,9.618
516.56,9.750
516.57,9.618
516.58,9.355
516.59,9.223
516.6,9.135
516.61,9.223
516.62,9.223
516.63,9.530
516.64,9.311
516.65,9.399
516.66,9.003
516.67,8.959
516.68,8.827
516.69,9.530
516.7,9.530
516.71,9.574
516.72,9.486
516.73,9.179
516.74,9.135
516.75,9.267
516.76,9.311
516.77,9.091
516.78,9.223
516.79,9.179
516.8,9.179
516.81,8.784
516.82,8.740
516.83,9.311
516.84,9.311
516.85,9.530
516.86,9.047
516.87,8.827
516.88,8.915
516.89,9.267
516.9,9.047
516.91,9.047
516.92,9.179
516.93,8.959
516.94,8.827
516.95,8.959
516.96,8.871
516.97,9.574
516.98,9.311
516.99,9.486
517,9.091
517.01,8.871
517.02,8.871
517.03,9.179
517.04,9.311
517.05,9.486
517.06,9.399
517.07,9.267
517.08,9.267
517.09,9.442
517.1,9.442
517.11,9.970
517.12,10.453
517.13,10.409
517.14,10.365
517.15,9.618
517.16,9.442
517.17,9.926
517.18,9.530
517.19,9.530
517.2,9.135
517.21,8.959
517.22,9.135
517.23,9.267
517.24,9.706
517.25,10.189
517.26,10.014
517.27,10.145
517.28,10.101
517.29,9.926
517.3,9.574
517.31,9.179
517.32,9.223
517.33,9.970
517.34,10.145
517.35,10.189
517.36,10.101
517.37,9.882
517.38,10.101
517.39,9.399
517.4,9.267
517.41,9.135
517.42,9.530
517.43,10.101
517.44,10.672
517.45,10.716
517.46,10.101
517.47,9.662
517.48,9.311
517.49,9.574
517.5,10.277
517.51,10.629
517.52,10.233
517.53,9.970
517.54,10.629
517.55,10.365
517.56,9.574
517.57,9.223
517.58,9.135
517.59,9.794
517.6,10.365
517.61,10.716
517.62,10.716
517.63,10.541
517.64,9.926
517.65,9.574
517.66,9.926
517.67,9.838
517.68,9.618
517.69,9.838
517.7,10.101
517.71,10.409
517.72,10.453
517.73,10.101
517.74,9.267
517.75,8.959
517.76,9.179
517.77,10.145
517.78,10.101
517.79,9.970
517.8,10.101
517.81,10.277
517.82,9.970
517.83,9.267
517.84,9.179
517.85,9.442
517.86,9.926
517.87,10.672
517.88,10.672
517.89,10.716
517.9,10.057
517.91,9.794
517.92,9.047
517.93,9.442
517.94,9.794
517.95,10.585
517.96,10.365
517.97,10.321
517.98,10.014
517.99,9.794
518,9.574
518.01,9.223
518.02,9.794
518.03,9.574
518.04,9.970
518.05,10.189
518.06,10.101
518.07,9.970
518.08,9.970
518.09,9.486
518.1,9.047
518.11,9.003
518.12,9.442
518.13,10.145
518.14,10.101
518.15,10.189
518.16,9.486
518.17,8.959
518.18,8.784
518.19,9.223
518.2,9.399
518.21,9.706
518.22,10.101
518.23,10.409
518.24,10.629
518.25,9.838
518.26,9.311
518.27,9.442
518.28,9.311
518.29,9.970
518.3,10.277
518.31,10.365
518.32,10.629
518.33,10.541
518.34,9.970
518.35,9.267
518.36,9.179
518.37,9.135
518.38,9.091
518.39,8.871
518.4,9.003
518.41,9.047
518.42,9.926
518.43,10.189
518.44,10.629
518.45,10.321
518.46,10.014
518.47,10.014
518.48,9.882
518.49,9.223
518.5,9.486
518.51,9.662
518.52,9.662
518.53,9.662
518.54,10.497
518.55,10.014
518.56,9.618
518.57,9.311
518.58,8.784
518.59,9.003
518.6,9.794
518.61,10.057
518.62,10.101
518.63,9.618
518.64,9.267
518.65,9.530
518.66,9.003
518.67,9.179
518.68,9.618
518.69,10.014
518.7,9.926
518.71,10.409
518.72,10.409
518.73,10.101
518.74,9.574
518.75,9.091
518.76,9.179
518.77,10.189
518.78,10.321
518.79,10.145
518.8,10.321
518.81,10.189
518.82,9.355
518.83,9.135
518.84,9.311
518.85,9.355
518.86,9.970
518.87,10.672
518.88,10.629
518.89,10.277
518.9,10.321
518.91,9.750
518.92,9.530
518.93,9.223
518.94,9.926
518.95,10.497
518.96,10.453
518.97,10.672
518.98,10.585
518.99,9.970
519,9.926
519.01,9.442
519.02,9.618
519.03,10.277
519.04,10.233
519.05,10.541
519.06,10.409
519.07,10.189
519.08,9.970
519.09,9.223
519.1,9.355
519.11,9.970
519.12,10.585
519.13,10.760
519.14,10.585
519.15,10.277
519.16,9.794
519.17,9.926
519.18,9.706
519.19,9.618
519.2,9.442
519.21,9.838
519.22,10.321
519.23,10.409
519.24,10.409
519.25,10.057
519.26,9.399
519.27,9.399
519.28,9.574
519.29,9.662
519.3,9.926
519.31,10.321
519.32,10.453
519.33,10.541
519.34,10.233
519.35,9.399
519.36,9.135
519.37,9.223
519.38,9.706
519.39,9.399
519.4,9.355
519.41,9.355
519.42,10.101
519.43,10.365
519.44,10.716
519.45,10.629
519.46,9.926
519.47,9.267
519.48,9.442
519.49,9.794
519.5,9.442
519.51,9.794
519.52,10.101
519.53,10.453
519.54,10.277
519.55,10.189
519.56,9.662
519.57,9.399
519.58,9.399
519.59,9.618
519.6,10.057
519.61,10.365
519.62,10.409
519.63,9.970
519.64,9.618
519.65,9.706
519.66,9.486
519.67,9.179
519.68,9.486
519.69,10.189
519.7,10.672
519.71,10.541
519.72,10.189
519.73,9.618
519.74,9.311
519.75,9.355
519.76,9.135
519.77,9.662
519.78,10.014
519.79,10.409
519.8,10.848
519.81,10.365
519.82,9.838
519.83,9.047
519.84,9.223
519.85,9.750
519.86,9.882
519.87,10.189
519.88,10.453
519.89,10.541
519.9,9.970
519.91,9.135
519.92,9.355
519.93,9.662
519.94,9.794
519.95,10.189
519.96,10.497
519.97,10.453
519.98,10.057
519.99,9.926
520,9.618
520.01,9.223
520.02,9.442
520.03,9.399
520.04,9.223
520.05,9.003
520.06,9.047
520.07,9.618
520.08,9.267
520.09,8.959
520.1,9.179
520.11,9.530
520.12,9.311
520.13,9.047
520.14,9.091
520.15,9.047
520.16,9.311
520.17,9.047
520.18,8.959
520.19,8.915
520.2,9.311
520.21,9.267
520.22,9.091
520.23,9.135
520.24,9.311
520.25,9.442
520.26,9.530
520.27,9.311
520.28,9.311
520.29,9.442
520.3,9.530
520.31,9.179
520.32,9.179
520.33,9.530
520.34,9.442
520.35,9.311
520.36,9.399
520.37,9.574
520.38,9.486
520.39,9.355
520.4,8.871
520.41,9.179
520.42,9.442
520.43,9.179
520.44,9.267
520.45,9.267
520.46,9.267
520.47,9.135
520.48,9.135
520.49,9.135
520.5,9.486
520.51,9.574
520.52,9.091
520.53,8.959
520.54,8.959
520.55,9.442
520.56,9.750
520.57,9.267
520.58,9.311
520.59,9.486
520.6,9.399
520.61,9.179
520.62,9.530
520.63,9.618
520.64,9.486
520.65,9.399
520.66,9.486
520.67,9.838
520.68,9.399
520.69,9.442
520.7,9.179
520.71,9.574
520.72,9.355
520.73,9.267
520.74,9.047
520.75,9.179
520.76,9.179
520.77,9.442
520.78,9.442
520.79,8.871
520.8,9.003
520.81,9.311
520.82,9.311
520.83,8.740
520.84,9.135
520.85,9.003
520.86,9.223
520.87,9.135
520.88,9.135
520.89,9.267
520.9,9.355
520.91,8.915
520.92,8.871
520.93,9.618
520.94,9.574
520.95,9.135
520.96,9.311
520.97,9.223
520.98,9.355
520.99,9.267
521,9.486
521.01,9.706
521.02,9.618
521.03,9.311
521.04,9.530
521.05,9.838
521.06,9.970
521.07,9.311
521.08,9.223
521.09,9.794
521.1,9.530
521.11,8.915
521.12,9.135
521.13,9.750
521.14,9.618
521.15,9.223
521.16,9.091
521.17,9.486
521.18,9.618
521.19,9.179
521.2,9.047
521.21,9.355
521.22,9.442
521.23,9.091
521.24,9.003
521.25,9.486
521.26,9.706
521.27,9.047
521.28,8.871
521.29,9.091
521.3,9.618
521.31,9.399
521.32,9.135
521.33,9.618
521.34,9.486
521.35,9.179
521.36,9.091
521.37,9.486
521.38,9.794
521.39,9.355
521.4,9.179
521.41,9.926
521.42,9.618
521.43,9.311
521.44,9.267
521.45,9.311
521.46,9.794
521.47,9.706
521.48,9.574
521.49,9.311
521.5,9.794
521.51,9.750
521.52,9.574
521.53,9.442
521.54,9.486
521.55,9.486
521.56,9.355
521.57,9.530
521.58,9.047
521.59,9.355
521.6,9.442
521.61,9.618
521.62,9.970
521.63,9.662
521.64,9.091
521.65,9.311
521.66,9.530
521.67,9.794
521.68,9.750
521.69,9.442
521.7,9.486
521.71,9.486
521.72,9.486
521.73,10.057
521.74,9.794
521.75,9.135
521.76,9.135
521.77,9.311
521.78,9.399
521.79,9.574
521.8,9.794
521.81,9.399
521.82,9.399
521.83,9.399
521.84,9.662
521.85,9.750
521.86,9.750
521.87,9.926
521.88,9.442
521.89,9.311
521.9,9.223
521.91,9.574
521.92,9.486
521.93,10.145
521.94,10.101
521.95,9.926
521.96,9.706
521.97,9.970
521.98,10.057
521.99,9.794
522,10.145
522.01,9.882
522.02,9.618
522.03,9.574
522.04,9.926
522.05,10.057
522.06,9.662
522.07,9.706
522.08,9.618
522.09,9.311
522.1,9.267
522.11,9.267
522.12,9.574
522.13,9.574
522.14,9.399
522.15,9.399
522.16,9.267
522.17,9.179
522.18,9.442
522.19,9.574
522.2,9.399
522.21,9.662
522.22,10.321
522.23,10.497
522.24,10.101
522.25,10.233
522.26,10.057
522.27,10.145
522.28,9.794
522.29,9.662
522.3,9.442
522.31,9.970
522.32,10.057
522.33,10.277
522.34,10.672
522.35,10.321
522.36,9.838
522.37,9.662
522.38,9.399
522.39,9.223
522.4,8.915
522.41,9.399
522.42,10.233
522.43,10.453
522.44,10.453
522.45,10.409
522.46,9.794
522.47,9.355
522.48,9.399
522.49,9.706
522.5,9.662
522.51,9.926
522.52,10.101
522.53,10.101
522.54,10.145
522.55,9.794
522.56,9.399
522.57,9.399
522.58,9.486
522.59,9.618
522.6,9.574
522.61,10.409
522.62,10.716
522.63,10.453
522.64,9.794
522.65,9.311
522.66,9.047
522.67,9.047
522.68,9.970
522.69,10.409
522.7,10.277
522.71,10.541
522.72,10.101
522.73,9.838
522.74,9.442
522.75,9.486
522.76,9.486
522.77,9.882
522.78,10.145
522.79,10.497
522.8,10.453
522.81,10.629
522.82,10.057
522.83,9.442
522.84,9.267
522.85,9.355
522.86,9.926
522.87,10.321
522.88,10.804
522.89,10.760
522.9,10.101
522.91,10.014
522.92,9.794
522.93,9.706
522.94,9.970
522.95,10.277
522.96,10.321
522.97,10.541
522.98,10.409
522.99,9.750
523,9.355
523.01,9.486
523.02,9.442
523.03,9.794
523.04,10.453
523.05,10.672
523.06,11.068
523.07,10.277
523.08,9.794
523.09,9.442
523.1,9.091
523.11,9.926
523.12,10.585
523.13,10.585
523.14,10.497
523.15,10.409
523.16,9.926
523.17,9.838
523.18,9.530
523.19,9.794
523.2,9.486
523.21,10.145
523.22,10.541
523.23,10.892
523.24,10.716
523.25,10.321
523.26,9.662
523.27,9.794
523.28,9.486
523.29,10.321
523.3,10.541
523.31,10.629
523.32,10.629
523.33,10.321
523.34,10.233
523.35,10.057
523.36,9.882
523.37,9.486
523.38,9.179
523.39,9.618
523.4,9.399
523.41,10.014
523.42,10.541
523.43,10.101
523.44,10.453
523.45,10.541
523.46,10.541
523.47,10.233
523.48,10.014
523.49,9.530
523.5,9.223
523.51,10.057
523.52,10.365
523.53,10.892
523.54,10.936
523.55,10.057
523.56,9.267
523.57,9.267
523.58,9.223
523.59,9.838
523.6,9.926
523.61,10.277
523.62,10.409
523.63,10.277
523.64,9.970
523.65,9.838
523.66,9.486
523.67,9.355
523.68,9.574
523.69,9.926
523.7,10.672
523.71,10.848
523.72,10.277
523.73,9.926
523.74,9.662
523.75,9.574
523.76,9.399
523.77,9.926
523.78,10.453
523.79,10.672
523.8,10.672
523.81,10.101
523.82,9.618
523.83,9.311
523.84,9.442
523.85,9.574
523.86,9.926
523.87,10.277
523.88,10.365
523.89,10.233
523.9,10.365
523.91,10.014
523.92,9.706
523.93,9.135
523.94,10.233
523.95,10.409
523.96,10.497
523.97,10.497
523.98,10.497
523.99,9.970
524,9.311
524.01,9.355
524.02,9.926
524.03,10.321
524.04,10.277
524.05,10.321
524.06,10.101
524.07,10.145
524.08,9.838
524.09,9.882
524.1,9.267
524.11,9.442
524.12,9.970
524.13,10.629
524.14,10.848
524.15,10.453
524.16,10.057
524.17,9.750
524.18,9.882
524.19,9.399
524.2,9.486
524.21,10.277
524.22,10.629
524.23,10.541
524.24,10.365
524.25,10.057
524.26,10.321
524.27,9.750
524.28,9.530
524.29,9.530
524.3,10.101
524.31,10.497
524.32,10.541
524.33,10.233
524.34,9.706
524.35,9.223
524.36,9.355
524.37,9.618
524.38,9.355
524.39,9.442
524.4,9.267
524.41,9.574
524.42,10.189
524.43,10.497
524.44,10.716
524.45,10.453
524.46,9.882
524.47,9.618
524.48,9.970
524.49,9.618
524.5,10.189
524.51,10.541
524.52,10.541
524.53,10.365
524.54,10.892
524.55,10.629
524.56,10.014
524.57,9.882
524.58,9.355
524.59,9.618
524.6,10.277
524.61,10.804
524.62,10.892
524.63,10.453
524.64,10.145
524.65,9.794
524.66,9.311
524.67,9.794
524.68,9.794
524.69,10.189
524.7,10.672
524.71,10.541
524.72,10.365
524.73,10.145
524.74,9.706
524.75,9.486
524.76,9.442
524.77,9.794
524.78,10.629
524.79,10.629
524.8,10.716
524.81,10.277
524.82,9.794
524.83,9.530
524.84,9.618
524.85,9.926
524.86,10.233
524.87,10.101
524.88,10.585
524.89,10.848
524.9,10.277
524.91,9.706
524.92,9.530
524.93,9.442
524.94,10.014
524.95,10.233
524.96,10.321
524.97,10.672
524.98,10.497
524.99,10.101
525,9.267
525.01,9.267
525.02,9.442
525.03,10.277
525.04,10.629
525.05,10.541
525.06,10.321
525.07,9.706
525.08,9.970
525.09,9.794
525.1,9.838
525.11,9.355
525.12,8.915
525.13,9.091
525.14,9.179
525.15,9.311
525.16,9.486
525.17,9.442
525.18,9.794
525.19,9.267
525.2,9.574
525.21,9.618
525.22,9.662
525.23,9.750
525.24,9.662
525.25,9.706
525.26,9.838
525.27,9.223
525.28,9.091
525.29,9.442
525.3,9.047
525.31,9.267
525.32,9.618
525.33,9.135
525.34,9.486
525.35,9.618
525.36,9.442
525.37,9.706
525.38,9.618
525.39,9.442
525.4,9.706
525.41,9.574
525.42,9.442
525.43,9.223
525.44,9.135
525.45,9.047
525.46,9.047
525.47,8.784
525.48,9.179
525.49,8.959
525.5,9.442
525.51,9.399
525.52,9.311
525.53,9.442
525.54,9.311
525.55,8.871
525.56,9.003
525.57,9.047
525.58,9.047
525.59,9.311
525.6,9.311
525.61,9.135
525.62,9.267
525.63,9.135
525.64,9.267
525.65,9.486
525.66,9.442
525.67,9.091
525.68,9.267
525.69,9.267
525.7,9.355
525.71,9.662
525.72,9.399
525.73,9.267
525.74,9.486
525.75,9.750
525.76,9.662
525.77,9.442
525.78,9.311
525.79,9.618
525.8,9.926
525.81,9.662
525.82,9.486
525.83,9.355
525.84,9.311
525.85,9.311
525.86,9.486
525.87,9.135
525.88,9.223
525.89,9.442
525.9,9.399
525.91,9.223
525.92,9.179
525.93,9.223
525.94,9.486
525.95,9.223
525.96,9.135
525.97,9.355
525.98,9.618
525.99,9.442
526,9.442
526.01,9.267
526.02,9.442
526.03,9.442
526.04,9.399
526.05,9.179
526.06,9.267
526.07,9.223
526.08,9.267
526.09,9.267
526.1,9.003
526.11,9.486
526.12,9.267
526.13,9.091
526.14,9.003
526.15,9.091
526.16,9.135
526.17,9.223
526.18,9.091
526.19,9.530
526.2,9.486
526.21,9.179
526.22,8.915
526.23,9.794
526.24,9.442
526.25,9.267
526.26,8.959
526.27,9.706
526.28,9.530
526.29,9.091
526.3,9.311
526.31,9.486
526.32,9.135
526.33,9.794
526.34,9.135
526.35,9.267
526.36,8.871
526.37,9.618
526.38,9.179
526.39,9.618
526.4,9.399
526.41,9.135
526.42,9.047
526.43,9.311
526.44,9.530
526.45,9.003
526.46,9.311
526.47,9.442
526.48,9.750
526.49,9.618
526.5,9.003
526.51,9.706
526.52,9.091
526.53,9.311
526.54,9.091
526.55,9.267
526.56,9.355
526.57,9.179
526.58,9.135
526.59,9.135
526.6,9.399
526.61,9.311
526.62,9.091
526.63,8.959
526.64,9.267
526.65,9.355
526.66,9.091
526.67,9.267
526.68,9.003
526.69,8.696
526.7,9.091
526.71,9.223
526.72,9.662
526.73,8.740
526.74,8.432
526.75,9.091
526.76,9.267
526.77,9.135
526.78,8.784
526.79,8.871
526.8,8.915
526.81,8.871
526.82,9.003
526.83,8.959
526.84,9.530
526.85,9.091
526.86,9.003
526.87,9.003
526.88,9.706
526.89,9.399
526.9,9.135
526.91,9.223
526.92,9.618
526.93,9.442
526.94,9.442
526.95,9.179
526.96,9.662
526.97,9.618
526.98,9.267
526.99,9.355
527,9.794
527.01,9.926
527.02,9.399
527.03,9.091
527.04,9.311
527.05,9.267
527.06,9.399
527.07,9.794
527.08,9.794
527.09,9.574
527.1,9.355
527.11,9.486
527.12,9.618
527.13,9.442
527.14,9.486
527.15,9.618
527.16,9.267
527.17,9.179
527.18,9.530
527.19,9.618
527.2,9.179
527.21,9.135
527.22,9.618
527.23,9.442
527.24,9.003
527.25,9.135
527.26,9.486
527.27,9.047
527.28,9.135
527.29,9.135
527.3,9.442
527.31,9.223
527.32,9.530
527.33,9.882
527.34,10.145
527.35,10.014
527.36,10.365
527.37,10.189
527.38,9.486
527.39,8.784
527.4,9.355
527.41,9.267
527.42,8.652
527.43,9.135
527.44,9.706
527.45,9.882
527.46,10.453
527.47,10.277
527.48,9.970
527.49,9.486
527.5,9.399
527.51,9.223
527.52,8.827
527.53,9.223
527.54,9.179
527.55,8.871
527.56,9.399
527.57,10.014
527.58,10.321
527.59,9.970
527.6,9.662
527.61,9.794
527.62,9.311
527.63,8.959
527.64,8.827
527.65,9.574
527.66,9.926
527.67,9.838
527.68,10.365
527.69,9.750
527.7,8.827
527.71,9.003
527.72,9.179
527.73,9.750
527.74,9.794
527.75,10.321
527.76,10.672
527.77,10.409
527.78,9.574
527.79,9.838
527.8,9.442
527.81,9.223
527.82,9.662
527.83,10.409
527.84,10.716
527.85,10.672
527.86,10.453
527.87,9.926
527.88,9.399
527.89,9.706
527.9,9.706
527.91,10.233
527.92,10.101
527.93,10.541
527.94,10.672
527.95,9.794
527.96,9.574
527.97,9.750
527.98,9.179
527.99,9.091
528,10.014
528.01,10.672
528.02,10.672
528.03,10.277
528.04,10.409
528.05,9.662
528.06,9.179
528.07,9.530
528.08,9.882
528.09,9.926
528.1,10.321
528.11,10.716
528.12,10.760
528.13,10.101
528.14,9.662
528.15,9.794
528.16,9.618
528.17,10.365
528.18,10.585
528.19,10.629
528.2,10.541
528.21,10.541
528.22,10.629
528.23,9.794
528.24,9.882
528.25,10.189
528.26,10.365
528.27,10.409
528.28,10.848
528.29,10.936
528.3,10.277
528.31,10.101
528.32,9.882
528.33,9.618
528.34,9.223
528.35,9.530
528.36,9.574
528.37,9.311
528.38,9.399
528.39,9.530
528.4,9.574
528.41,9.574
528.42,10.453
528.43,10.716
528.44,10.892
528.45,10.453
528.46,10.233
528.47,10.057
528.48,9.311
528.49,9.662
528.5,9.530
528.51,9.399
528.52,9.486
528.53,9.091
528.54,9.486
528.55,10.672
528.56,10.585
528.57,10.760
528.58,9.926
528.59,9.267
528.6,9.706
528.61,9.311
528.62,9.047
528.63,9.399
528.64,10.101
528.65,10.716
528.66,10.541
528.67,10.101
528.68,9.794
528.69,9.442
528.7,9.355
528.71,9.750
528.72,10.233
528.73,10.321
528.74,10.453
528.75,10.321
528.76,10.277
528.77,9.486
528.78,9.442
528.79,9.355
528.8,10.365
528.81,10.760
528.82,10.760
528.83,10.497
528.84,10.409
528.85,10.233
528.86,10.145
528.87,9.750
528.88,10.057
528.89,10.453
528.9,11.287
528.91,11.200
528.92,11.024
528.93,10.453
528.94,9.706
528.95,9.794
528.96,9.926
528.97,9.706
528.98,10.101
528.99,10.145
529,10.672
529.01,10.804
529.02,10.760
529.03,9.970
529.04,9.267
529.05,9.355
529.06,9.926
529.07,10.497
529.08,10.848
529.09,10.716
529.1,10.541
529.11,9.794
529.12,9.399
529.13,9.706
529.14,9.355
529.15,9.970
529.16,10.233
529.17,10.848
529.18,10.629
529.19,10.365
529.2,9.750
529.21,9.618
529.22,10.014
529.23,10.233
529.24,10.585
529.25,10.585
529.26,10.980
529.27,11.024
529.28,10.145
529.29,9.662
529.3,9.574
529.31,9.794
529.32,10.014
529.33,9.926
529.34,10.189
529.35,10.453
529.36,10.409
529.37,9.750
529.38,9.267
529.39,9.794
529.4,9.399
529.41,9.618
529.42,9.970
529.43,10.277
529.44,10.585
529.45,10.409
529.46,10.189
529.47,9.486
529.48,9.091
529.49,9.618
529.5,10.497
529.51,10.716
529.52,10.497
529.53,10.497
529.54,10.497
529.55,9.926
529.56,10.057
529.57,9.706
529.58,9.486
529.59,10.233
529.6,10.672
529.61,10.629
529.62,10.541
529.63,10.014
529.64,9.442
529.65,9.706
529.66,9.486
529.67,9.750
529.68,10.233
529.69,10.629
529.7,10.892
529.71,10.145
529.72,10.145
529.73,9.794
529.74,9.530
529.75,9.442
529.76,10.057
529.77,10.233
529.78,10.629
529.79,10.321
529.8,10.189
529.81,9.882
529.82,9.662
529.83,9.442
529.84,10.145
529.85,10.716
529.86,10.804
529.87,10.936
529.88,11.068
529.89,10.277
529.9,9.706
529.91,9.486
529.92,9.926
529.93,10.189
529.94,10.409
529.95,10.409
529.96,10.892
529.97,11.024
529.98,10.101
529.99,9.970
530,9.882
530.01,9.530
530.02,9.750
530.03,10.453
530.04,10.541
530.05,10.365
530.06,10.145
530.07,9.926
530.08,9.530
530.09,9.091
530.1,9.970
530.11,10.277
530.12,10.233
530.13,10.497
530.14,10.716
530.15,10.409
530.16,9.794
530.17,9.662
530.18,9.706
530.19,10.233
530.2,10.189
530.21,10.453
530.22,10.541
530.23,10.321
530.24,9.442
530.25,9.662
530.26,9.838
530.27,9.355
530.28,9.618
530.29,9.223
530.3,9.091
530.31,8.959
530.32,9.311
530.33,9.486
530.34,9.311
530.35,9.003
530.36,9.662
530.37,9.399
530.38,9.355
530.39,9.355
530.4,9.355
530.41,10.014
530.42,9.530
530.43,9.794
530.44,10.057
530.45,9.486
530.46,9.399
530.47,9.574
530.48,9.574
530.49,9.838
530.5,9.267
530.51,9.530
530.52,9.486
530.53,9.091
530.54,9.091
530.55,9.530
530.56,9.223
530.57,9.223
530.58,9.618
530.59,9.355
530.6,8.871
530.61,9.355
530.62,9.750
530.63,9.091
530.64,8.520
530.65,9.135
530.66,9.223
530.67,8.871
530.68,9.135
530.69,9.267
530.7,8.827
530.71,9.355
530.72,9.442
530.73,9.135
530.74,9.091
530.75,9.223
530.76,9.179
530.77,9.179
530.78,9.355
530.79,9.442
530.8,9.135
530.81,9.442
530.82,9.794
530.83,9.750
530.84,9.618
530.85,9.706
530.86,9.574
530.87,9.442
530.88,9.706
530.89,9.706
530.9,9.399
530.91,9.618
530.92,9.750
530.93,9.618
530.94,9.662
530.95,9.750
530.96,9.618
530.97,9.179
530.98,9.706
530.99,9.838
531,9.618
531.01,9.399
531.02,9.794
531.03,9.926
531.04,9.135
531.05,9.355
531.06,9.882
531.07,9.574
531.08,9.399
531.09,9.882
531.1,9.618
531.11,8.959
531.12,9.486
531.13,9.794
531.14,9.794
531.15,9.486
531.16,9.662
531.17,9.662
531.18,9.574
531.19,9.399
531.2,9.530
531.21,10.189
531.22,9.926
531.23,9.574
531.24,9.399
531.25,10.014
531.26,9.838
531.27,9.486
531.28,9.267
531.29,9.662
531.3,9.662
531.31,9.223
531.32,9.442
531.33,9.399
531.34,9.706
531.35,9.179
531.36,9.442
531.37,9.311
531.38,9.794
531.39,9.311
531.4,9.091
531.41,9.135
531.42,9.926
531.43,9.970
531.44,9.530
531.45,9.618
531.46,9.486
531.47,9.355
531.48,9.486
531.49,9.486
531.5,9.355
531.51,9.091
531.52,9.442
531.53,9.223
531.54,9.267
531.55,9.267
531.56,9.311
531.57,9.135
531.58,9.223
531.59,9.530
531.6,9.223
531.61,9.442
531.62,9.486
531.63,9.223
531.64,9.135
531.65,8.740
531.66,9.135
531.67,9.311
531.68,9.135
531.69,9.047
531.7,9.135
531.71,9.267
531.72,9.223
531.73,9.486
531.74,9.267
531.75,9.135
531.76,9.399
531.77,9.662
531.78,9.311
531.79,9.442
531.8,9.442
531.81,9.399
531.82,9.442
531.83,9.750
531.84,10.145
531.85,9.926
531.86,9.486
531.87,9.618
531.88,10.014
531.89,9.399
531.9,9.970
531.91,10.014
531.92,10.014
531.93,9.794
531.94,10.057
531.95,9.706
531.96,9.750
531.97,9.618
531.98,9.794
531.99,9.838
532,9.574
532.01,9.970
532.02,9.574
532.03,9.311
532.04,9.486
532.05,9.399
532.06,9.618
532.07,9.706
532.08,9.618
532.09,9.355
532.1,9.355
532.11,9.750
532.12,9.311
532.13,9.794
532.14,9.706
532.15,9.267
532.16,9.750
532.17,9.618
532.18,9.750
532.19,9.486
532.2,9.355
532.21,9.574
532.22,10.101
532.23,9.618
532.24,9.970
532.25,9.574
532.26,9.135
532.27,9.530
532.28,9.574
532.29,9.179
532.3,9.179
532.31,9.223
532.32,9.442
532.33,9.135
532.34,9.311
532.35,9.399
532.36,8.871
532.37,9.355
532.38,9.135
532.39,8.696
532.4,9.223
532.41,9.179
532.42,9.003
532.43,9.223
532.44,9.311
532.45,9.486
532.46,9.223
532.47,10.233
532.48,10.760
532.49,10.760
532.5,11.068
532.51,9.750
532.52,9.750
532.53,9.486
532.54,9.442
532.55,9.091
532.56,9.574
532.57,10.585
532.58,10.277
532.59,10.541
532.6,10.321
532.61,9.750
532.62,9.662
532.63,9.091
532.64,9.530
532.65,9.926
532.66,10.409
532.67,10.716
532.68,10.672
532.69,10.716
532.7,10.189
532.71,9.442
532.72,10.014
532.73,10.145
532.74,10.804
532.75,10.672
532.76,10.848
532.77,10.760
532.78,10.321
532.79,10.145
532.8,9.706
532.81,9.442
532.82,10.101
532.83,10.672
532.84,10.629
532.85,10.277
532.86,10.453
532.87,9.882
532.88,9.091
532.89,9.267
532.9,9.750
532.91,9.750
532.92,10.057
532.93,10.716
532.94,10.541
532.95,9.662
532.96,9.442
532.97,9.530
532.98,9.355
532.99,9.047
533,10.014
533.01,10.629
533.02,10.585
533.03,10.409
533.04,10.145
533.05,9.794
533.06,9.530
533.07,9.355
533.08,9.574
533.09,9.838
533.1,10.497
533.11,10.672
533.12,10.497
533.13,10.321
533.14,9.926
533.15,9.750
533.16,9.355
533.17,9.838
533.18,10.233
533.19,10.936
533.2,11.156
533.21,10.672
533.22,9.706
533.23,9.486
533.24,9.399
533.25,9.486
533.26,10.585
533.27,10.629
533.28,10.541
533.29,10.277
533.3,10.365
533.31,9.882
533.32,9.706
533.33,9.355
533.34,9.355
533.35,9.355
533.36,9.399
533.37,9.135
533.38,9.135
533.39,9.486
533.4,9.618
533.41,9.706
533.42,10.145
533.43,10.145
533.44,10.189
533.45,10.585
533.46,10.409
533.47,9.706
533.48,9.399
533.49,9.003
533.5,9.355
533.51,9.355
533.52,9.530
533.53,9.355
533.54,9.662
533.55,9.926
533.56,10.277
533.57,10.453
533.58,10.409
533.59,9.750
533.6,9.311
533.61,9.530
533.62,9.706
533.63,10.233
533.64,10.189
533.65,10.541
533.66,10.453
533.67,10.365
533.68,9.926
533.69,9.574
533.7,9.442
533.71,9.574
533.72,10.101
533.73,10.980
533.74,11.068
533.75,10.804
533.76,10.145
533.77,9.486
533.78,10.145
533.79,9.882
533.8,10.101
533.81,10.497
533.82,10.760
533.83,10.760
533.84,10.365
533.85,9.926
533.86,9.399
533.87,9.311
533.88,9.311
533.89,10.233
533.9,10.497
533.91,10.672
533.92,10.629
533.93,10.189
533.94,9.662
533.95,9.794
533.96,9.794
533.97,9.970
533.98,10.233
533.99,10.365
534,10.804
534.01,10.629
534.02,10.145
534.03,10.057
534.04,9.399
534.05,9.311
534.06,9.706
534.07,10.409
534.08,10.629
534.09,10.409
534.1,10.145
534.11,9.355
534.12,9.706
534.13,9.794
534.14,9.530
534.15,10.014
534.16,10.145
534.17,10.760
534.18,10.672
534.19,10.497
534.2,9.750
534.21,9.311
534.22,9.574
534.23,9.706
534.24,10.453
534.25,10.541
534.26,10.497
534.27,10.585
534.28,9.926
534.29,9.794
534.3,9.794
534.31,9.267
534.32,9.530
534.33,10.585
534.34,10.848
534.35,10.409
534.36,9.970
534.37,9.750
534.38,9.838
534.39,9.355
534.4,9.311
534.41,9.662
534.42,10.453
534.43,10.409
534.44,10.541
534.45,10.585
534.46,10.233
534.47,9.838
534.48,9.882
534.49,9.838
534.5,10.101
534.51,10.409
534.52,10.585
534.53,10.585
534.54,10.189
534.55,9.618
534.56,9.574
534.57,9.618
534.58,9.794
534.59,10.057
534.6,10.716
534.61,10.848
534.62,10.541
534.63,9.926
534.64,9.794
534.65,9.662
534.66,9.618
534.67,10.057
534.68,10.101
534.69,10.233
534.7,9.882
534.71,10.541
534.72,9.926
534.73,9.399
534.74,9.135
534.75,9.574
534.76,10.145
534.77,10.277
534.78,10.497
534.79,10.892
534.8,10.629
534.81,10.057
534.82,9.662
534.83,9.486
534.84,10.101
534.85,10.848
534.86,10.892
534.87,10.453
534.88,10.672
534.89,10.233
534.9,10.145
534.91,9.574
534.92,9.574
534.93,9.618
534.94,10.189
534.95,10.629
534.96,10.716
534.97,10.497
534.98,10.189
534.99,10.057
535,9.794
535.01,9.486
535.02,10.101
535.03,10.541
535.04,10.892
535.05,10.892
535.06,10.101
535.07,9.750
535.08,9.882
535.09,9.838
535.1,9.926
535.11,9.706
535.12,10.321
535.13,10.629
535.14,10.585
535.15,9.970
535.16,9.882
535.17,9.618
535.18,9.223
535.19,9.662
535.2,9.882
535.21,10.014
535.22,10.716
535.23,10.233
535.24,9.530
535.25,9.486
535.26,9.442
535.27,9.311
535.28,10.057
535.29,10.014
535.3,10.189
535.31,10.672
535.32,10.409
535.33,9.706
535.34,9.267
535.35,9.530
535.36,9.662
535.37,9.179
535.38,9.355
535.39,9.223
535.4,9.486
535.41,9.706
535.42,9.486
535.43,9.223
535.44,9.355
535.45,9.311
535.46,9.486
535.47,9.794
535.48,9.926
535.49,9.574
535.5,9.091
535.51,9.399
535.52,9.486
535.53,9.486
535.54,9.574
535.55,9.135
535.56,9.530
535.57,9.882
535.58,9.530
535.59,9.399
535.6,9.223
535.61,9.311
535.62,9.706
535.63,10.014
535.64,9.399
535.65,9.442
535.66,8.915
535.67,9.442
535.68,9.618
535.69,9.618
535.7,9.267
535.71,9.223
535.72,9.311
535.73,9.311
535.74,9.311
535.75,9.311
535.76,8.959
535.77,9.399
535.78,9.574
535.79,9.311
535.8,9.179
535.81,8.915
535.82,9.355
535.83,9.399
535.84,9.618
535.85,8.784
535.86,9.179
535.87,8.784
535.88,9.047
535.89,9.135
535.9,8.564
535.91,8.959
535.92,9.442
535.93,9.267
535.94,8.740
535.95,8.959
535.96,8.915
535.97,8.827
535.98,8.915
535.99,8.784
536,8.696
536.01,8.784
536.02,9.179
536.03,9.223
536.04,8.959
536.05,8.959
536.06,9.003
536.07,9.267
536.08,9.003
536.09,8.915
536.1,9.003
536.11,9.091
536.12,8.915
536.13,8.696
536.14,8.652
536.15,8.696
536.16,8.784
536.17,9.267
536.18,9.047
536.19,9.135
536.2,8.915
536.21,9.135
536.22,9.091
536.23,9.267
536.24,9.311
536.25,9.135
536.26,9.003
536.27,8.608
536.28,9.091
536.29,9.442
536.3,9.311
536.31,9.355
536.32,9.135
536.33,9.618
536.34,9.355
536.35,9.355
536.36,9.091
536.37,9.003
536.38,8.740
536.39,8.784
536.4,9.047
536.41,9.618
536.42,9.003
536.43,9.311
536.44,9.267
536.45,9.047
536.46,9.311
536.47,9.442
536.48,9.486
536.49,9.223
536.5,9.091
536.51,9.091
536.52,9.311
536.53,9.399
536.54,9.486
536.55,9.574
536.56,9.442
536.57,9.091
536.58,9.267
536.59,9.223
536.6,9.662
536.61,9.486
536.62,9.486
536.63,9.486
536.64,9.047
536.65,8.871
536.66,9.311
536.67,9.486
536.68,9.267
536.69,9.091
536.7,8.827
536.71,8.564
536.72,9.267
536.73,9.267
536.74,9.442
536.75,9.091
536.76,8.871
536.77,8.696
536.78,8.784
536.79,9.530
536.8,9.530
536.81,9.311
536.82,9.486
536.83,9.223
536.84,8.915
536.85,9.091
536.86,9.442
536.87,9.618
536.88,9.311
536.89,9.311
536.9,9.267
536.91,9.399
536.92,9.618
536.93,9.574
536.94,9.311
536.95,9.179
536.96,8.915
536.97,8.959
536.98,8.784
536.99,8.784
537,9.179
537.01,9.267
537.02,9.179
537.03,8.652
537.04,9.135
537.05,9.135
537.06,9.091
537.07,8.959
537.08,9.442
537.09,9.179
537.1,9.003
537.11,9.267
537.12,9.003
537.13,9.442
537.14,9.311
537.15,9.618
537.16,9.530
537.17,9.442
537.18,9.003
537.19,9.442
537.2,9.223
537.21,9.838
537.22,9.618
537.23,9.618
537.24,9.135
537.25,9.399
537.26,9.399
537.27,9.574
537.28,9.794
537.29,9.926
537.3,9.223
537.31,9.047
537.32,9.179
537.33,9.486
537.34,9.530
537.35,9.574
537.36,9.047
537.37,8.871
537.38,8.915
537.39,9.223
537.4,9.223
537.41,9.355
537.42,9.267
537.43,9.267
537.44,9.091
537.45,9.267
537.46,9.442
537.47,9.530
537.48,9.486
537.49,9.267
537.5,9.091
537.51,9.618
537.52,9.223
537.53,9.442
537.54,9.618
537.55,9.706
537.56,9.486
537.57,9.311
537.58,9.530
537.59,9.355
537.6,9.794
537.61,10.277
537.62,10.321
537.63,10.672
537.64,10.453
537.65,10.101
537.66,10.014
537.67,9.618
537.68,9.135
537.69,8.959
537.7,9.442
537.71,9.706
537.72,9.355
537.73,9.662
537.74,9.926
537.75,10.541
537.76,10.365
537.77,10.189
537.78,9.926
537.79,9.442
537.8,9.091
537.81,9.179
537.82,10.014
537.83,10.541
537.84,10.629
537.85,10.585
537.86,10.321
537.87,9.750
537.88,9.662
537.89,9.970
537.9,9.970
537.91,10.101
537.92,10.145
537.93,10.672
537.94,10.804
537.95,10.585
537.96,10.101
537.97,9.794
537.98,9.530
537.99,9.794
538,10.145
538.01,10.760
538.02,10.541
538.03,10.365
538.04,10.101
538.05,9.662
538.06,9.662
538.07,9.486
538.08,9.794
538.09,9.794
538.1,10.101
538.11,10.497
538.12,10.233
538.13,10.057
538.14,9.442
538.15,9.267
538.16,9.486
538.17,9.618
538.18,10.409
538.19,10.716
538.2,10.760
538.21,9.838
538.22,9.355
538.23,9.091
538.24,9.574
538.25,9.530
538.26,10.145
538.27,10.233
538.28,10.365
538.29,10.189
538.3,10.057
538.31,9.706
538.32,9.355
538.33,9.442
538.34,9.618
538.35,9.311
538.36,9.003
538.37,9.179
538.38,9.794
538.39,9.399
538.4,9.574
538.41,9.486
538.42,10.189
538.43,10.497
538.44,10.189
538.45,10.585
538.46,10.365
538.47,9.794
538.48,9.970
538.49,9.267
538.5,9.091
538.51,8.871
538.52,8.915
538.53,9.091
538.54,10.189
538.55,10.321
538.56,10.321
538.57,10.409
538.58,10.101
538.59,9.838
538.6,9.311
538.61,9.530
538.62,9.486
538.63,10.145
538.64,10.409
538.65,10.453
538.66,10.189
538.67,9.706
538.68,9.267
538.69,9.399
538.7,9.442
538.71,9.662
538.72,10.497
538.73,10.233
538.74,10.365
538.75,10.189
538.76,9.574
538.77,9.574
538.78,9.311
538.79,9.486
538.8,10.057
538.81,10.453
538.82,10.277
538.83,10.145
538.84,9.662
538.85,9.311
538.86,9.047
538.87,9.355
538.88,9.794
538.89,9.926
538.9,10.321
538.91,9.750
538.92,9.794
538.93,9.662
538.94,9.399
538.95,9.047
538.96,9.003
538.97,9.179
538.98,9.838
538.99,10.101
539,10.014
539.01,10.057
539.02,9.794
539.03,9.442
539.04,9.091
539.05,8.827
539.06,9.311
539.07,9.794
539.08,10.057
539.09,9.750
539.1,9.794
539.11,9.442
539.12,9.267
539.13,9.267
539.14,9.399
539.15,10.145
539.16,10.233
539.17,10.189
539.18,9.926
539.19,9.882
539.2,9.355
539.21,9.267
539.22,9.135
539.23,9.442
539.24,10.145
539.25,9.970
539.26,10.277
539.27,10.541
539.28,9.618
539.29,9.355
539.3,9.091
539.31,9.047
539.32,9.530
539.33,9.926
539.34,10.233
539.35,10.453
539.36,9.838
539.37,9.442
539.38,9.267
539.39,9.047
539.4,9.047
539.41,8.784
539.42,9.750
539.43,10.497
539.44,10.365
539.45,10.014
539.46,10.057
539.47,9.794
539.48,9.135
539.49,9.267
539.5,9.135
539.51,9.223
539.52,9.311
539.53,8.915
539.54,9.486
539.55,10.145
539.56,10.277
539.57,10.453
539.58,10.277
539.59,9.794
539.6,9.882
539.61,9.267
539.62,9.750
539.63,9.970
539.64,10.277
539.65,10.892
539.66,10.453
539.67,10.453
539.68,10.497
539.69,9.750
539.7,9.311
539.71,9.838
539.72,10.497
539.73,10.409
539.74,10.453
539.75,11.024
539.76,10.672
539.77,9.838
539.78,10.145
539.79,10.014
539.8,10.189
539.81,10.365
539.82,10.277
539.83,10.716
539.84,10.892
539.85,10.672
539.86,9.838
539.87,9.574
539.88,9.618
539.89,10.277
539.9,10.277
539.91,10.848
539.92,10.892
539.93,11.024
539.94,10.453
539.95,9.970
539.96,9.662
539.97,9.838
539.98,10.277
539.99,10.541
540,10.716
540.01,10.760
540.02,10.497
540.03,9.926
540.04,9.838
540.05,9.530
540.06,9.530
540.07,9.926
540.08,10.409
540.09,10.848
540.1,10.409
540.11,9.750
540.12,9.882
540.13,9.706
540.14,9.530
540.15,9.574
540.16,10.145
540.17,10.321
540.18,10.585
540.19,10.409
540.2,9.442
540.21,9.399
540.22,9.706
540.23,9.355
540.24,9.838
540.25,10.101
540.26,10.585
540.27,10.409
540.28,9.794
540.29,9.530
540.3,9.750
540.31,9.970
540.32,9.574
540.33,9.574
540.34,10.321
540.35,10.585
540.36,10.848
540.37,10.497
540.38,9.574
540.39,9.486
540.4,9.530
540.41,9.618
540.42,9.882
540.43,10.057
540.44,10.497
540.45,10.629
540.46,10.716
540.47,9.926
540.48,9.530
540.49,9.486
540.5,9.838
540.51,10.585
540.52,10.497
540.53,10.672
540.54,10.585
540.55,9.970
540.56,9.311
540.57,9.706
540.58,9.399
540.59,9.399
540.6,9.311
540.61,9.003
540.62,9.135
540.63,9.662
540.64,9.442
540.65,9.442
540.66,9.442
540.67,9.267
540.68,9.486
540.69,9.311
540.7,9.355
540.71,9.091
540.72,9.091
540.73,9.267
540.74,9.706
540.75,9.442
540.76,9.135
540.77,9.486
540.78,9.399
540.79,9.706
540.8,9.399
540.81,9.267
540.82,9.135
540.83,9.442
540.84,9.486
540.85,9.267
540.86,9.223
540.87,9.355
540.88,9.442
540.89,9.486
540.9,9.838
540.91,9.486
540.92,9.530
540.93,9.618
540.94,9.750
540.95,9.926
540.96,9.706
540.97,9.486
540.98,9.442
540.99,10.145
541,9.838
541.01,9.574
541.02,9.267
541.03,9.486
541.04,9.618
541.05,9.794
541.06,9.223
541.07,9.135
541.08,9.574
541.09,9.882
541.1,9.442
541.11,9.267
541.12,9.486
541.13,9.794
541.14,9.750
541.15,9.662
541.16,9.486
541.17,9.399
541.18,9.574
541.19,9.574
541.2,9.223
541.21,9.662
541.22,9.311
541.23,9.355
541.24,9.355
541.25,9.442
541.26,9.574
541.27,9.355
541.28,9.179
541.29,9.618
541.3,9.486
541.31,9.794
541.32,9.530
541.33,9.706
541.34,9.794
541.35,9.530
541.36,9.486
541.37,9.970
541.38,9.838
541.39,9.442
541.4,9.486
541.41,9.618
541.42,9.574
541.43,9.442
541.44,9.355
541.45,9.662
541.46,9.662
541.47,9.399
541.48,9.442
541.49,9.662
541.5,9.311
541.51,9.091
541.52,9.311
541.53,9.486
541.54,9.223
541.55,9.179
541.56,9.486
541.57,9.179
541.58,9.574
541.59,9.574
541.6,9.355
541.61,9.179
541.62,9.662
541.63,9.530
541.64,9.223
541.65,9.618
541.66,9.618
541.67,9.311
541.68,9.882
541.69,9.618
541.7,9.311
541.71,9.838
541.72,9.882
541.73,9.662
541.74,9.574
541.75,9.838
541.76,9.794
541.77,9.399
541.78,9.399
541.79,9.442
541.8,9.530
541.81,9.311
541.82,9.486
541.83,9.399
541.84,9.223
541.85,9.267
541.86,9.267
541.87,9.574
541.88,9.223
541.89,9.662
541.9,9.794
541.91,9.618
541.92,9.442
541.93,9.706
541.94,9.530
541.95,9.794
541.96,9.179
541.97,9.530
541.98,9.706
541.99,9.574
542,9.486
542.01,9.838
542.02,9.970
542.03,9.618
542.04,9.662
542.05,9.882
542.06,9.750
542.07,9.399
542.08,9.442
542.09,9.574
542.1,9.618
542.11,9.135
542.12,9.442
542.13,9.486
542.14,9.267
542.15,9.399
542.16,9.179
542.17,9.574
542.18,9.574
542.19,9.223
542.2,9.486
542.21,9.662
542.22,9.442
542.23,9.135
542.24,9.267
542.25,9.399
542.26,9.399
542.27,9.135
542.28,9.047
542.29,9.530
542.3,9.530
542.31,9.223
542.32,9.311
542.33,9.750
542.34,9.618
542.35,9.399
542.36,9.311
542.37,9.399
542.38,9.618
542.39,9.399
542.4,9.442
542.41,9.223
542.42,9.179
542.43,9.662
542.44,9.970
542.45,9.662
542.46,9.530
542.47,9.838
542.48,9.926
542.49,9.838
542.5,9.750
542.51,9.882
542.52,9.355
542.53,9.267
542.54,9.882
542.55,9.750
542.56,9.574
542.57,9.135
542.58,9.355
542.59,9.442
542.6,9.882
542.61,9.794
542.62,9.530
542.63,9.135
542.64,9.574
542.65,9.311
542.66,9.750
542.67,9.882
542.68,9.486
542.69,10.189
542.7,10.629
542.71,10.892
542.72,10.804
542.73,10.057
542.74,9.750
542.75,10.145
542.76,9.926
542.77,9.530
542.78,9.267
542.79,9.311
542.8,9.486
542.81,9.223
542.82,9.838
542.83,10.014
542.84,10.541
542.85,10.936
542.86,9.970
542.87,9.794
542.88,9.442
542.89,9.223
542.9,9.355
542.91,9.267
542.92,10.233
542.93,10.585
542.94,10.497
542.95,9.706
542.96,9.399
542.97,9.223
542.98,9.223
542.99,9.091
543,9.442
543.01,9.838
543.02,10.541
543.03,10.365
543.04,9.750
543.05,9.530
543.06,9.311
543.07,9.135
543.08,9.267
543.09,9.970
543.1,10.277
543.11,10.233
543.12,9.926
543.13,9.926
543.14,9.618
543.15,9.223
543.16,9.179
543.17,10.101
543.18,10.629
543.19,10.541
543.2,10.497
543.21,10.189
543.22,9.662
543.23,9.530
543.24,9.399
543.25,9.355
543.26,10.101
543.27,10.541
543.28,10.629
543.29,10.365
543.3,10.057
543.31,10.101
543.32,9.794
543.33,9.267
543.34,9.442
543.35,9.574
543.36,9.574
543.37,9.311
543.38,9.618
543.39,9.794
543.4,9.267
543.41,9.706
543.42,10.541
543.43,10.409
543.44,10.321
543.45,10.453
543.46,10.189
543.47,9.530
543.48,9.442
543.49,9.486
543.5,9.574
543.51,9.530
543.52,9.135
543.53,9.223
543.54,9.926
543.55,10.409
543.56,10.101
543.57,10.321
543.58,10.233
543.59,9.882
543.6,9.047
543.61,8.871
543.62,9.135
543.63,10.145
543.64,10.233
543.65,10.321
543.66,10.321
543.67,10.057
543.68,9.662
543.69,8.915
543.7,9.047
543.71,9.311
543.72,10.321
543.73,10.409
543.74,10.057
543.75,10.057
543.76,10.101
543.77,9.838
543.78,9.399
543.79,9.091
543.8,10.189
543.81,10.321
543.82,10.233
543.83,10.233
543.84,10.365
543.85,10.057
543.86,9.530
543.87,9.047
543.88,9.926
543.89,10.497
543.9,10.585
543.91,10.672
543.92,10.453
543.93,10.321
543.94,9.794
543.95,9.355
543.96,9.355
543.97,9.355
543.98,10.057
543.99,10.453
544,10.716
544.01,10.453
544.02,10.101
544.03,9.882
544.04,9.618
544.05,9.442
544.06,9.618
544.07,9.970
544.08,10.629
544.09,10.365
544.1,10.760
544.11,10.145
544.12,9.574
544.13,9.311
544.14,9.442
544.15,10.365
544.16,10.233
544.17,10.189
544.18,10.365
544.19,10.277
544.2,9.794
544.21,9.047
544.22,9.179
544.23,10.014
544.24,10.189
544.25,10.409
544.26,10.629
544.27,11.112
544.28,10.585
544.29,9.926
544.3,9.486
544.31,9.574
544.32,10.541
544.33,10.936
544.34,10.848
544.35,10.585
544.36,10.453
544.37,10.233
544.38,9.838
544.39,9.794
544.4,9.442
544.41,9.486
544.42,10.760
544.43,10.453
544.44,10.848
544.45,10.277
544.46,9.838
544.47,9.970
544.48,9.926
544.49,9.926
544.5,10.409
544.51,10.629
544.52,10.629
544.53,10.848
544.54,10.629
544.55,10.145
544.56,9.794
544.57,9.574
544.58,9.838
544.59,10.453
544.6,10.497
544.61,10.321
544.62,10.585
544.63,10.233
544.64,9.530
544.65,9.706
544.66,9.399
544.67,9.706
544.68,10.409
544.69,10.585
544.7,10.848
544.71,10.277
544.72,10.101
544.73,9.794
544.74,9.882
544.75,9.838
544.76,9.970
544.77,10.629
544.78,10.541
544.79,10.716
544.8,10.057
544.81,9.794
544.82,9.618
544.83,9.838
544.84,10.057
544.85,10.453
544.86,10.672
544.87,10.980
544.88,10.672
544.89,10.101
544.9,9.794
544.91,9.970
544.92,9.662
544.93,9.882
544.94,10.189
544.95,10.804
544.96,10.716
544.97,10.585
544.98,10.101
544.99,9.926
545,9.486
545.01,9.223
545.02,9.926
545.03,10.541
545.04,10.672
545.05,10.321
545.06,10.233
545.07,10.189
545.08,9.882
545.09,9.530
545.1,9.882
545.11,10.277
545.12,10.409
545.13,10.629
545.14,10.760
545.15,10.629
545.16,9.794
545.17,9.486
545.18,9.530
545.19,9.574
545.2,10.409
545.21,10.277
545.22,10.189
545.23,10.321
545.24,9.706
545.25,9.574
545.26,9.442
545.27,9.530
545.28,10.014
545.29,10.101
545.3,10.497
545.31,10.672
545.32,10.321
545.33,9.486
545.34,9.399
545.35,9.530
545.36,9.355
545.37,9.311
545.38,9.530
545.39,9.706
545.4,9.399
545.41,9.399
545.42,10.321
545.43,10.672
545.44,10.497
545.45,10.453
545.46,10.233
545.47,9.706
545.48,9.574
545.49,9.442
545.5,9.618
545.51,9.442
545.52,9.574
545.53,9.267
545.54,9.662
545.55,10.365
545.56,10.760
545.57,10.277
545.58,10.101
545.59,9.970
545.6,9.794
545.61,9.399
545.62,9.486
545.63,10.057
545.64,10.453
545.65,10.585
545.66,10.057
545.67,9.882
545.68,9.750
545.69,9.574
545.7,9.618
545.71,9.091
545.72,9.003
545.73,9.442
545.74,9.135
545.75,9.442
545.76,9.442
545.77,9.442
545.78,9.442
545.79,9.794
545.8,9.838
545.81,9.399
545.82,9.267
545.83,9.267
545.84,9.355
545.85,9.223
545.86,9.179
545.87,8.959
545.88,9.267
545.89,9.311
545.9,9.882
545.91,9.794
545.92,9.311
545.93,9.838
545.94,9.530
545.95,9.838
545.96,9.574
545.97,9.574
545.98,9.706
545.99,9.618
546,9.267
546.01,9.399
546.02,9.618
546.03,9.574
546.04,9.882
546.05,9.662
546.06,9.399
546.07,9.486
546.08,9.750
546.09,9.662
546.1,9.926
546.11,9.267
546.12,9.267
546.13,9.486
546.14,9.486
546.15,9.442
546.16,9.530
546.17,9.399
546.18,9.223
546.19,9.311
546.2,9.355
546.21,9.530
546.22,9.223
546.23,9.355
546.24,9.267
546.25,9.179
546.26,9.442
546.27,9.091
546.28,9.442
546.29,9.442
546.3,9.267
546.31,9.399
546.32,9.750
546.33,9.267
546.34,9.179
546.35,9.530
546.36,9.486
546.37,9.486
546.38,9.574
546.39,9.794
546.4,9.311
546.41,9.530
546.42,9.706
546.43,9.223
546.44,9.442
546.45,9.311
546.46,9.311
546.47,9.399
546.48,8.959
546.49,9.311
546.5,9.486
546.51,9.091
546.52,9.267
546.53,9.442
546.54,9.399
546.55,9.574
546.56,9.574
546.57,9.135
546.58,9.267
546.59,9.223
546.6,9.267
546.61,8.959
546.62,9.223
546.63,9.486
546.64,8.871
546.65,8.827
546.66,9.355
546.67,9.926
546.68,9.311
546.69,9.355
546.7,9.399
546.71,9.355
546.72,9.179
546.73,9.311
546.74,9.794
546.75,9.574
546.76,9.135
546.77,9.399
546.78,9.794
546.79,9.750
546.8,9.618
546.81,9.838
546.82,9.399
546.83,9.838
546.84,9.794
546.85,9.399
546.86,9.399
546.87,9.530
546.88,9.882
546.89,9.618
546.9,9.135
546.91,9.750
546.92,9.662
546.93,9.574
546.94,9.223
546.95,9.047
546.96,9.442
546.97,9.574
546.98,9.486
546.99,9.135
547,9.311
547.01,9.750
547.02,9.794
547.03,9.091
547.04,9.530
547.05,9.530
547.06,9.399
547.07,9.311
547.08,9.091
547.09,9.311
547.1,9.267
547.11,9.486
547.12,9.486
547.13,9.311
547.14,9.486
547.15,9.706
547.16,9.794
547.17,9.486
547.18,9.574
547.19,9.662
547.2,9.706
547.21,9.486
547.22,9.486
547.23,10.145
547.24,9.750
547.25,9.794
547.26,9.574
547.27,9.838
547.28,10.365
547.29,9.970
547.3,9.794
547.31,9.706
547.32,9.970
547.33,9.926
547.34,9.794
547.35,9.311
547.36,9.618
547.37,9.618
547.38,9.838
547.39,9.442
547.4,9.311
547.41,9.355
547.42,9.794
547.43,9.662
547.44,9.311
547.45,9.179
547.46,9.618
547.47,9.838
547.48,9.926
547.49,9.311
547.5,9.750
547.51,9.530
547.52,9.794
547.53,9.530
547.54,9.662
547.55,9.574
547.56,9.794
547.57,9.530
547.58,9.574
547.59,9.618
547.6,9.399
547.61,9.223
547.62,9.355
547.63,9.838
547.64,9.662
547.65,9.399
547.66,9.794
547.67,9.970
547.68,9.618
547.69,9.355
547.7,9.882
547.71,9.794
547.72,9.399
547.73,9.442
547.74,9.574
547.75,9.662
547.76,9.267
547.77,9.530
547.78,9.574
547.79,9.574
547.8,9.355
547.81,10.014
547.82,10.189
547.83,10.233
547.84,10.497
547.85,10.629
547.86,10.057
547.87,9.574
547.88,9.223
547.89,9.442
547.9,9.486
547.91,9.574
547.92,9.223
547.93,9.179
547.94,9.970
547.95,10.365
547.96,11.068
547.97,10.672
547.98,10.497
547.99,10.321
548,9.882
548.01,9.574
548.02,9.135
548.03,9.882
548.04,10.453
548.05,10.541
548.06,10.409
548.07,10.629
548.08,10.189
548.09,9.311
548.1,9.486
548.11,9.486
548.12,9.838
548.13,10.497
548.14,10.585
548.15,10.453
548.16,10.892
548.17,10.189
548.18,9.970
548.19,9.618
548.2,9.486
548.21,10.057
548.22,10.365
548.23,10.672
548.24,10.672
548.25,10.585
548.26,9.926
548.27,9.882
548.28,9.530
548.29,9.486
548.3,10.189
548.31,10.541
548.32,10.585
548.33,10.760
548.34,9.838
548.35,9.311
548.36,9.794
548.37,9.794
548.38,9.574
548.39,9.003
548.4,9.003
548.41,9.706
548.42,10.321
548.43,10.233
548.44,10.585
548.45,10.848
548.46,10.145
548.47,9.311
548.48,9.003
548.49,9.486
548.5,9.442
548.51,10.057
548.52,9.970
548.53,10.541
548.54,10.497
548.55,10.321
548.56,9.970
548.57,10.101
548.58,9.574
548.59,9.311
548.6,9.794
548.61,10.541
548.62,10.716
548.63,10.453
548.64,10.760
548.65,10.277
548.66,9.399
548.67,9.486
548.68,9.706
548.69,10.014
548.7,10.453
548.71,10.892
548.72,10.672
548.73,10.277
548.74,10.409
548.75,10.014
548.76,9.442
548.77,9.838
548.78,10.101
548.79,10.760
548.8,10.672
548.81,10.672
548.82,10.541
548.83,9.750
548.84,9.442
548.85,9.706
548.86,10.057
548.87,10.409
548.88,10.497
548.89,10.629
548.9,10.014
548.91,9.970
548.92,9.530
548.93,9.135
548.94,9.442
548.95,9.486
548.96,9.794
548.97,10.014
548.98,10.629
548.99,10.585
549,9.750
549.01,9.926
549.02,9.486
549.03,9.311
549.04,9.706
549.05,10.541
549.06,10.365
549.07,10.541
549.08,10.497
549.09,9.926
549.1,9.223
549.11,9.267
549.12,9.662
549.13,10.057
549.14,10.233
549.15,10.541
549.16,10.189
549.17,9.574
549.18,9.179
549.19,9.355
549.2,9.442
549.21,9.311
549.22,9.750
549.23,10.409
549.24,10.233
549.25,10.189
549.26,9.530
549.27,9.706
549.28,9.355
549.29,9.091
549.3,9.486
549.31,10.189
549.32,10.585
549.33,10.585
549.34,10.321
549.35,9.399
549.36,9.047
549.37,9.530
549.38,9.750
549.39,9.486
549.4,9.311
549.41,9.618
549.42,10.365
549.43,10.936
549.44,10.892
549.45,10.760
549.46,10.189
549.47,9.486
549.48,9.311
549.49,9.399
549.5,9.486
549.51,9.179
549.52,9.267
549.53,9.179
549.54,9.882
549.55,10.453
549.56,10.497
549.57,10.497
549.58,10.804
549.59,10.321
549.6,9.838
549.61,9.047
549.62,9.442
549.63,10.409
549.64,10.277
549.65,10.848
549.66,10.189
549.67,10.233
549.68,10.101
549.69,9.662
549.7,9.399
549.71,9.530
549.72,10.101
549.73,10.716
549.74,10.716
549.75,10.672
549.76,9.794
549.77,9.486
549.78,9.618
549.79,9.486
549.8,10.101
549.81,10.145
549.82,10.453
549.83,10.365
549.84,10.497
549.85,9.750
549.86,9.311
549.87,9.135
549.88,9.970
549.89,10.409
549.9,10.189
549.91,10.497
549.92,10.409
549.93,10.014
549.94,10.057
549.95,9.267
549.96,9.179
549.97,9.135
549.98,9.926
549.99,10.453
550,10.541
550.01,10.497
550.02,9.618
550.03,9.047
550.04,9.355
550.05,9.794
550.06,10.189
550.07,10.057
550.08,10.014
550.09,10.409
550.1,10.321
550.11,9.926
550.12,9.355
550.13,9.091
550.14,9.135
550.15,9.750
550.16,10.453
550.17,10.233
550.18,9.882
550.19,9.750
550.2,9.574
550.21,9.399
550.22,9.618
550.23,9.706
550.24,9.882
550.25,10.101
550.26,10.497
550.27,10.936
550.28,10.057
550.29,9.355
550.3,9.486
550.31,9.486
550.32,10.014
550.33,9.882
550.34,9.926
550.35,10.189
550.36,10.277
550.37,9.838
550.38,9.355
550.39,9.355
550.4,9.311
550.41,9.618
550.42,10.145
550.43,10.277
550.44,10.057
550.45,10.453
550.46,10.145
550.47,9.574
550.48,8.740
550.49,8.652
550.5,9.662
550.51,10.189
550.52,10.101
550.53,10.014
550.54,9.794
550.55,9.530
550.56,9.135
550.57,8.871
550.58,9.442
550.59,10.057
550.6,10.057
550.61,10.233
550.62,10.277
550.63,9.970
550.64,9.399
550.65,9.091
550.66,8.871
550.67,9.311
550.68,9.662
550.69,9.794
550.7,9.750
550.71,9.882
550.72,9.750
550.73,9.047
550.74,8.652
550.75,9.047
550.76,9.179
550.77,8.915
550.78,8.608
550.79,8.871
550.8,8.915
550.81,9.223
550.82,8.871
550.83,8.476
550.84,8.871
550.85,9.003
550.86,8.959
550.87,8.959
550.88,9.311
550.89,9.003
550.9,8.871
550.91,9.135
550.92,8.871
550.93,8.827
550.94,9.223
550.95,9.267
550.96,9.091
550.97,9.091
550.98,9.442
550.99,9.574
551,9.003
551.01,8.871
551.02,9.442
551.03,9.223
551.04,9.003
551.05,9.267
551.06,8.959
551.07,9.618
551.08,9.838
551.09,9.618
551.1,9.223
551.11,9.311
551.12,9.838
551.13,9.662
551.14,9.442
551.15,9.970
551.16,9.486
551.17,9.442
551.18,9.442
551.19,9.486
551.2,9.706
551.21,9.574
551.22,9.267
551.23,9.091
551.24,9.530
551.25,9.838
551.26,9.399
551.27,9.135
551.28,9.574
551.29,9.574
551.3,9.574
551.31,9.179
551.32,9.091
551.33,9.618
551.34,9.750
551.35,9.399
551.36,9.091
551.37,9.399
551.38,9.311
551.39,9.047
551.4,8.915
551.41,9.091
551.42,9.486
551.43,9.442
551.44,9.135
551.45,9.047
551.46,9.179
551.47,9.311
551.48,9.442
551.49,8.915
551.5,8.827
551.51,9.355
551.52,9.267
551.53,9.091
551.54,9.311
551.55,9.442
551.56,9.355
551.57,9.179
551.58,9.574
551.59,9.486
551.6,9.355
551.61,9.091
551.62,9.135
551.63,9.486
551.64,9.618
551.65,9.179
551.66,8.959
551.67,9.179
551.68,9.530
551.69,9.662
551.7,9.311
551.71,9.442
551.72,9.530
551.73,9.662
551.74,9.355
551.75,9.267
551.76,9.179
551.77,9.135
551.78,9.574
551.79,9.267
551.8,9.179
551.81,9.003
551.82,9.486
551.83,9.355
551.84,9.486
551.85,9.355
551.86,8.827
551.87,9.223
551.88,9.223
551.89,9.442
551.9,9.223
551.91,9.223
551.92,9.882
551.93,9.442
551.94,9.091
551.95,9.267
551.96,9.662
551.97,9.399
551.98,9.135
551.99,9.399
552,9.662
552.01,9.618
552.02,9.442
552.03,9.267
552.04,9.530
552.05,9.662
552.06,9.486
552.07,9.267
552.08,9.091
552.09,9.442
552.1,9.662
552.11,9.311
552.12,9.091
552.13,9.267
552.14,9.311
552.15,9.399
552.16,9.047
552.17,9.003
552.18,9.267
552.19,9.794
552.2,9.355
552.21,8.959
552.22,9.223
552.23,9.223
552.24,9.267
552.25,9.047
552.26,8.959
552.27,9.091
552.28,9.662
552.29,9.574
552.3,8.959
552.31,9.223
552.32,9.223
552.33,9.355
552.34,9.091
552.35,9.179
552.36,9.574
552.37,9.047
552.38,9.311
552.39,9.794
552.4,9.267
552.41,9.267
552.42,9.618
552.43,9.750
552.44,9.618
552.45,9.135
552.46,9.486
552.47,9.662
552.48,9.442
552.49,9.179
552.5,9.574
552.51,9.355
552.52,9.135
552.53,9.355
552.54,9.618
552.55,9.618
552.56,9.442
552.57,9.135
552.58,9.003
552.59,9.047
552.6,9.267
552.61,9.223
552.62,9.223
552.63,9.179
552.64,9.135
552.65,9.442
552.66,9.442
552.67,9.486
552.68,9.574
552.69,9.267
552.7,9.618
552.71,9.926
552.72,9.970
552.73,9.926
552.74,9.530
552.75,9.267
552.76,9.662
552.77,9.530
552.78,9.706
552.79,9.311
552.8,9.135
552.81,9.530
552.82,9.794
552.83,9.794
552.84,9.267
552.85,9.047
552.86,9.486
552.87,9.267
552.88,9.355
552.89,9.618
552.9,9.399
552.91,9.267
552.92,9.267
552.93,9.794
552.94,10.321
552.95,10.453
552.96,10.672
552.97,10.145
552.98,9.662
552.99,9.135
553,9.355
553.01,9.486
553.02,9.091
553.03,9.311
553.04,9.970
553.05,10.585
553.06,10.585
553.07,10.848
553.08,10.585
553.09,10.365
553.1,9.926
553.11,10.321
553.12,10.409
553.13,10.057
553.14,9.530
553.15,10.101
553.16,10.541
553.17,10.672
553.18,11.156
553.19,10.892
553.2,10.409
553.21,10.057
553.22,10.057
553.23,9.970
553.24,9.618
553.25,10.057
553.26,10.804
553.27,11.156
553.28,10.541
553.29,10.409
553.3,10.321
553.31,9.618
553.32,9.794
553.33,10.365
553.34,10.409
553.35,10.453
553.36,11.112
553.37,10.936
553.38,10.365
553.39,10.233
553.4,9.399
553.41,9.486
553.42,10.145
553.43,9.530
553.44,9.838
553.45,10.716
553.46,10.760
553.47,10.541
553.48,10.585
553.49,9.926
553.5,9.091
553.51,9.311
553.52,9.179
553.53,9.355
553.54,9.003
553.55,9.179
553.56,9.794
553.57,10.145
553.58,10.541
553.59,10.497
553.6,9.926
553.61,9.618
553.62,9.486
553.63,9.091
553.64,9.442
553.65,9.618
553.66,10.321
553.67,10.585
553.68,10.453
553.69,10.189
553.7,9.618
553.71,9.311
553.72,9.662
553.73,9.706
553.74,10.189
553.75,10.321
553.76,10.321
553.77,10.585
553.78,9.926
553.79,9.706
553.8,9.574
553.81,9.355
553.82,10.145
553.83,10.497
553.84,10.672
553.85,10.409
553.86,10.541
553.87,9.706
553.88,9.355
553.89,9.442
553.9,9.750
553.91,10.145
553.92,10.497
553.93,10.497
553.94,10.585
553.95,10.365
553.96,9.618
553.97,9.267
553.98,9.355
553.99,9.486
554,10.321
554.01,10.057
554.02,10.057
554.03,10.365
554.04,10.629
554.05,10.014
554.06,9.750
554.07,9.355
554.08,10.057
554.09,10.277
554.1,10.497
554.11,10.497
554.12,10.453
554.13,10.101
554.14,9.706
554.15,9.618
554.16,8.959
554.17,9.267
554.18,10.233
554.19,10.585
554.2,10.760
554.21,10.321
554.22,9.574
554.23,9.530
554.24,9.223
554.25,9.530
554.26,10.014
554.27,10.101
554.28,10.277
554.29,10.497
554.3,10.057
554.31,9.399
554.32,8.871
554.33,9.355
554.34,9.399
554.35,9.135
554.36,9.223
554.37,8.959
554.38,9.574
554.39,9.442
554.4,9.442
554.41,9.530
554.42,9.926
554.43,10.629
554.44,10.760
554.45,10.453
554.46,9.838
554.47,9.135
554.48,9.530
554.49,9.618
554.5,9.706
554.51,9.355
554.52,9.399
554.53,9.091
554.54,10.057
554.55,10.848
554.56,11.068
554.57,11.024
554.58,10.497
554.59,9.926
554.6,10.057
554.61,9.794
554.62,9.530
554.63,10.365
554.64,10.453
554.65,10.936
554.66,10.760
554.67,10.585
554.68,9.970
554.69,9.882
554.7,9.706
554.71,9.794
554.72,10.189
554.73,10.804
554.74,11.024
554.75,10.716
554.76,10.145
554.77,9.838
554.78,9.794
554.79,9.750
554.8,9.794
554.81,9.926
554.82,10.629
554.83,10.629
554.84,10.365
554.85,9.179
554.86,9.442
554.87,9.530
554.88,9.706
554.89,9.838
554.9,10.189
554.91,10.365
554.92,10.497
554.93,9.838
554.94,9.179
554.95,9.179
554.96,9.530
554.97,10.057
554.98,9.970
554.99,10.057
555,10.541
555.01,11.068
555.02,10.145
555.03,9.794
555.04,9.618
555.05,9.399
555.06,9.662
555.07,9.970
555.08,10.233
555.09,10.804
555.1,10.497
555.11,9.838
555.12,9.882
555.13,9.794
555.14,9.838
555.15,9.970
555.16,10.409
555.17,10.936
555.18,10.453
555.19,10.233
555.2,10.233
555.21,9.794
555.22,9.267
555.23,9.838
555.24,10.277
555.25,10.497
555.26,10.365
555.27,10.936
555.28,10.672
555.29,9.926
555.3,9.486
555.31,9.662
555.32,10.057
555.33,10.541
555.34,10.980
555.35,10.804
555.36,10.497
555.37,9.618
555.38,9.970
555.39,9.442
555.4,9.574
555.41,10.145
555.42,10.277
555.43,10.145
555.44,10.629
555.45,11.024
555.46,10.321
555.47,9.838
555.48,9.399
555.49,9.574
555.5,9.442
555.51,9.355
555.52,8.740
555.53,9.091
555.54,9.794
555.55,10.189
555.56,9.926
555.57,10.321
555.58,10.014
555.59,9.399
555.6,8.959
555.61,9.223
555.62,9.399
555.63,9.706
555.64,10.101
555.65,10.672
555.66,10.409
555.67,9.750
555.68,9.926
555.69,9.442
555.7,9.003
555.71,9.179
555.72,9.882
555.73,10.321
555.74,10.277
555.75,9.750
555.76,9.442
555.77,9.223
555.78,9.267
555.79,8.915
555.8,9.003
555.81,9.794
555.82,9.574
555.83,10.189
555.84,10.409
555.85,10.057
555.86,9.399
555.87,9.135
555.88,9.311
555.89,9.399
555.9,9.574
555.91,9.750
555.92,10.189
555.93,10.189
555.94,9.618
555.95,9.442
555.96,9.574
555.97,9.267
555.98,8.871
555.99,9.179
556,9.399
556.01,9.223
556.02,9.223
556.03,9.355
556.04,9.223
556.05,9.223
556.06,9.574
556.07,9.442
556.08,9.091
556.09,9.047
556.1,9.223
556.11,9.311
556.12,9.223
556.13,9.223
556.14,9.618
556.15,9.442
556.16,8.915
556.17,9.267
556.18,9.662
556.19,9.355
556.2,9.047
556.21,9.486
556.22,9.706
556.23,9.355
556.24,8.784
556.25,9.530
556.26,9.530
556.27,9.311
556.28,9.267
556.29,9.223
556.3,9.399
556.31,9.311
556.32,9.223
556.33,8.871
556.34,9.355
556.35,9.750
556.36,9.794
556.37,9.530
556.38,9.223
556.39,9.223
556.4,9.486
556.41,9.706
556.42,9.442
556.43,8.959
556.44,8.959
556.45,9.530
556.46,9.442
556.47,8.959
556.48,9.047
556.49,9.135
556.5,9.091
556.51,9.003
556.52,8.871
556.53,9.355
556.54,9.486
556.55,9.355
556.56,9.135
556.57,9.267
556.58,9.355
556.59,9.794
556.6,9.267
556.61,9.267
556.62,9.442
556.63,9.662
556.64,9.838
556.65,9.267
556.66,8.959
556.67,9.662
556.68,9.530
556.69,9.486
556.7,9.442
556.71,9.486
556.72,9.574
556.73,9.399
556.74,9.223
556.75,9.618
556.76,9.662
556.77,9.399
556.78,9.442
556.79,9.223
556.8,9.442
556.81,9.486
556.82,9.399
556.83,9.486
556.84,8.959
556.85,8.915
556.86,9.047
556.87,9.399
556.88,9.267
556.89,8.959
556.9,9.135
556.91,9.267
556.92,9.179
556.93,9.838
556.94,9.530
556.95,9.442
556.96,9.223
556.97,9.399
556.98,9.970
556.99,9.662
557,9.179
557.01,9.135
557.02,9.267
557.03,9.311
557.04,9.530
557.05,9.223
557.06,9.135
557.07,9.135
557.08,9.355
557.09,9.486
557.1,9.399
557.11,9.574
557.12,9.442
557.13,9.091
557.14,9.574
557.15,9.838
557.16,9.574
557.17,9.662
557.18,9.223
557.19,9.223
557.2,9.311
557.21,9.399
557.22,9.486
557.23,9.486
557.24,9.442
557.25,9.223
557.26,9.003
557.27,9.135
557.28,9.574
557.29,9.838
557.3,9.311
557.31,9.442
557.32,9.047
557.33,9.399
557.34,9.706
557.35,9.442
557.36,9.223
557.37,9.091
557.38,9.135
557.39,9.267
557.4,9.311
557.41,9.574
557.42,9.223
557.43,9.047
557.44,9.399
557.45,9.618
557.46,9.926
557.47,9.530
557.48,9.311
557.49,9.223
557.5,9.047
557.51,9.618
557.52,9.311
557.53,9.794
557.54,9.311
557.55,8.915
557.56,9.223
557.57,9.399
557.58,9.267
557.59,9.047
557.6,8.915
557.61,8.740
557.62,9.047
557.63,9.135
557.64,9.003
557.65,9.091
557.66,9.047
557.67,9.267
557.68,9.223
557.69,9.223
557.7,9.179
557.71,9.442
557.72,9.574
557.73,9.794
557.74,9.399
557.75,9.223
557.76,9.267
557.77,9.442
557.78,9.311
557.79,9.267
557.8,9.618
557.81,9.794
557.82,9.618
557.83,10.014
557.84,9.311
557.85,9.399
557.86,9.574
557.87,9.970
557.88,9.926
557.89,9.267
557.9,9.047
557.91,9.399
557.92,9.267
557.93,9.355
557.94,9.091
557.95,9.267
557.96,9.399
557.97,9.662
557.98,9.399
557.99,9.091
558,9.003
558.01,9.442
558.02,9.355
558.03,9.355
558.04,9.223
558.05,9.223
558.06,9.399
558.07,9.530
558.08,9.574
558.09,10.057
558.1,10.716
558.11,11.200
558.12,10.980
558.13,10.321
558.14,9.618
558.15,10.014
558.16,10.233
558.17,10.233
558.18,10.453
558.19,10.365
558.2,10.760
558.21,11.024
558.22,10.716
558.23,9.926
558.24,9.618
558.25,9.442
558.26,10.189
558.27,10.672
558.28,10.409
558.29,10.716
558.3,10.365
558.31,9.882
558.32,9.618
558.33,9.530
558.34,9.838
558.35,9.311
558.36,9.223
558.37,9.486
558.38,9.135
558.39,9.135
558.4,9.311
558.41,9.486
558.42,9.838
558.43,10.189
558.44,10.760
558.45,10.321
558.46,9.838
558.47,9.399
558.48,9.179
558.49,9.135
558.5,9.091
558.51,9.882
558.52,10.321
558.53,10.189
558.54,10.277
558.55,9.355
558.56,9.267
558.57,9.223
558.58,8.871
558.59,9.223
558.6,9.706
558.61,10.321
558.62,10.277
558.63,9.926
558.64,9.135
558.65,8.915
558.66,8.959
558.67,9.047
558.68,9.223
558.69,9.486
558.7,9.794
558.71,10.321
558.72,10.497
558.73,10.014
558.74,9.574
558.75,8.959
558.76,9.486
558.77,9.706
558.78,9.970
558.79,10.101
558.8,10.014
558.81,9.662
558.82,9.530
558.83,9.311
558.84,9.179
558.85,9.179
558.86,9.794
558.87,10.277
558.88,10.672
558.89,10.189
558.9,9.838
558.91,9.838
558.92,9.882
558.93,9.442
558.94,9.442
558.95,10.057
558.96,10.277
558.97,10.672
558.98,10.321
558.99,9.618
559,9.399
559.01,9.399
559.02,9.442
559.03,10.277
559.04,10.497
559.05,10.409
559.06,10.760
559.07,10.629
559.08,9.970
559.09,9.399
559.1,9.179
559.11,9.399
559.12,10.277
559.13,10.321
559.14,10.629
559.15,10.277
559.16,9.355
559.17,9.574
559.18,9.442
559.19,9.486
559.2,9.838
559.21,10.409
559.22,10.145
559.23,10.321
559.24,11.024
559.25,10.409
559.26,9.618
559.27,9.311
559.28,9.223
559.29,9.530
559.3,10.277
559.31,10.760
559.32,10.629
559.33,10.541
559.34,9.750
559.35,9.486
559.36,9.662
559.37,9.926
559.38,9.486
559.39,9.179
559.4,9.267
559.41,9.486
559.42,10.189
559.43,10.365
559.44,10.453
559.45,10.101
559.46,9.442
559.47,9.223
559.48,9.223
559.49,9.355
559.5,9.530
559.51,10.101
559.52,10.145
559.53,10.014
559.54,10.189
559.55,10.453
559.56,10.014
559.57,9.574
559.58,9.442
559.59,10.057
559.6,10.145
559.61,10.716
559.62,11.024
559.63,10.848
559.64,9.794
559.65,9.267
559.66,9.662
559.67,9.399
559.68,10.014
559.69,10.277
559.7,10.101
559.71,10.365
559.72,10.848
559.73,10.277
559.74,9.794
559.75,9.311
559.76,9.135
559.77,10.057
559.78,10.189
559.79,10.145
559.8,10.321
559.81,10.145
559.82,9.882
559.83,9.618
559.84,9.662
559.85,9.530
559.86,10.497
559.87,10.365
559.88,10.189
559.89,10.848
559.9,10.277
559.91,9.574
559.92,9.750
559.93,9.486
559.94,9.794
559.95,10.629
559.96,10.980
559.97,10.716
559.98,10.277
559.99,10.057
560,10.233
560.01,9.530
560.02,9.486
560.03,9.926
560.04,10.497
560.05,10.321
560.06,10.760
560.07,10.980
560.08,10.804
560.09,10.672
560.1,11.024
560.11,11.331
560.12,12.078
560.13,12.913
560.14,13.132
560.15,13.835
560.16,14.758
560.17,15.461
560.18,16.383
560.19,17.745
560.2,19.107
560.21,20.996
560.22,27.409
560.23,34.262
560.24,40.544
560.25,46.914
560.26,114.090
560.27,1033.577
560.28,7428.640
560.29,9889.456
560.3,10627.058
560.31,10123.646
560.32,7685.195
560.33,6301.358
560.34,5901.787
560.35,6212.479
560.36,6079.253
560.37,6034.868
560.38,6168.059
560.39,6301.358
560.4,6434.768
560.41,7103.454
560.42,7461.206
560.43,7640.373
560.44,7730.029
560.45,7864.605
560.46,7819.735
560.47,8899.990
560.48,10169.137
560.49,10898.642
560.5,10898.642
560.51,11173.008
560.52,12782.202
560.53,14173.361
560.54,14686.194
560.55,14732.889
560.56,14919.787
560.57,14546.186
560.58,12967.058
560.59,11723.055
560.6,10898.642
560.61,10852.956
560.62,10898.642
560.63,10807.283
560.64,10442.336
560.65,9805.551
560.66,9669.406
560.67,9624.050
560.68,10123.646
560.69,10078.167
560.7,10214.640
560.71,9941.804
560.72,9941.804
560.73,9987.246
560.74,9624.050
560.75,9669.406
560.76,9578.705
560.77,10670.337
560.78,10533.500
560.79,10078.167
560.8,10214.640
560.81,10078.167
560.82,10032.700
560.83,9805.551
560.84,9669.406
560.85,9805.551
560.86,10579.101
560.87,10624.713
560.88,10078.167
560.89,9850.956
560.9,9624.050
560.91,9850.956
560.92,9714.775
560.93,9805.551
560.94,9850.956
560.95,10169.137
560.96,10487.912
560.97,10396.772
560.98,9896.374
560.99,9896.374
561,10032.700
561.01,10169.137
561.02,10123.646
561.03,10032.700
561.04,10032.700
561.05,9896.374
561.06,10169.137
561.07,9850.956
561.08,9805.551
561.09,9624.050
561.1,10260.154
561.11,10169.137
561.12,9896.374
561.13,9624.050
561.14,10123.646
561.15,10761.622
561.16,10761.622
561.17,10670.337
561.18,10761.622
561.19,11035.771
561.2,11081.504
561.21,11127.250
561.22,10624.713
561.23,10990.049
561.24,10944.339
561.25,11081.504
561.26,11035.771
561.27,10807.283
561.28,10715.974
561.29,11127.250
561.3,11035.771
561.31,11081.504
561.32,11264.561
561.33,11218.778
561.34,10761.622
561.35,10260.154
561.36,10533.500
561.37,10944.339
561.38,10990.049
561.39,10715.974
561.4,10715.974
561.41,10944.339
561.42,10898.642
561.43,10944.339
561.44,10670.337
561.45,10715.974
561.46,11081.504
561.47,10852.956
561.48,10670.337
561.49,10670.337
561.5,11218.778
561.51,11401.981
561.52,10944.339
561.53,10670.337
561.54,10852.956
561.55,10852.956
561.56,11035.771
561.57,11035.771
561.58,10670.337
561.59,10487.912
561.6,10715.974
561.61,10715.974
561.62,10761.622
561.63,11218.778
561.64,11035.771
561.65,11081.504
561.66,10715.974
561.67,11035.771
561.68,10944.339
561.69,10715.974
561.7,10487.912
561.71,11127.250
561.72,11218.778
561.73,10944.339
561.74,10807.283
561.75,10852.956
561.76,10944.339
561.77,11173.008
561.78,10990.049
561.79,10944.339
561.8,10944.339
561.81,10670.337
561.82,10715.974
561.83,10715.974
561.84,10852.956
561.85,10944.339
561.86,10944.339
561.87,10944.339
561.88,10761.622
561.89,10761.622
561.9,10990.049
561.91,11081.504
561.92,10807.283
561.93,10944.339
561.94,10990.049
561.95,10944.339
561.96,10715.974
561.97,10944.339
561.98,11310.355
561.99,11035.771
562,10852.956
562.01,10670.337
562.02,10624.713
562.03,10852.956
562.04,10944.339
562.05,10579.101
562.06,11035.771
562.07,11081.504
562.08,11127.250
562.09,10898.642
562.1,10579.101
562.11,10715.974
562.12,10944.339
562.13,10990.049
562.14,10944.339
562.15,10944.339
562.16,10944.339
562.17,10807.283
562.18,10807.283
562.19,10624.713
562.2,10579.101
562.21,11081.504
562.22,11127.250
562.23,10944.339
562.24,10761.622
562.25,10990.049
562.26,11127.250
562.27,10944.339
562.28,10898.642
562.29,11173.008
562.3,10898.642
562.31,10761.622
562.32,10670.337
562.33,10898.642
562.34,10898.642
562.35,11035.771
562.36,10898.642
562.37,10807.283
562.38,10761.622
562.39,10761.622
562.4,10898.642
562.41,11081.504
562.42,10852.956
562.43,10898.642
562.44,11081.504
562.45,10807.283
562.46,10670.337
562.47,11173.008
562.48,11127.250
562.49,10852.956
562.5,10807.283
562.51,10990.049
562.52,10807.283
562.53,11035.771
562.54,10807.283
562.55,10944.339
562.56,11035.771
562.57,10761.622
562.58,11127.250
562.59,11081.504
562.6,10944.339
562.61,10715.974
562.62,11035.771
562.63,11035.771
562.64,10898.642
562.65,10898.642
562.66,11035.771
562.67,10944.339
562.68,10990.049
562.69,10761.622
562.7,10715.974
562.71,11127.250
562.72,10944.339
562.73,10807.283
562.74,10624.713
562.75,10944.339
562.76,10852.956
562.77,10807.283
562.78,11035.771
562.79,10944.339
562.8,10944.339
562.81,10852.956
562.82,10898.642
562.83,10944.339
562.84,11218.778
562.85,10852.956
562.86,10990.049
562.87,11035.771
562.88,11127.250
562.89,10990.049
562.9,10898.642
562.91,11081.504
562.92,10670.337
562.93,10487.912
562.94,10761.622
562.95,11081.504
562.96,11173.008
562.97,10990.049
562.98,11127.250
562.99,11127.250
563,10944.339
563.01,10715.974
563.02,10715.974
563.03,10852.956
563.04,10670.337
563.05,10898.642
563.06,10990.049
563.07,11310.355
563.08,10944.339
563.09,10715.974
563.1,10944.339
563.11,10898.642
563.12,10715.974
563.13,10533.500
563.14,10533.500
563.15,10944.339
563.16,10898.642
563.17,10715.974
563.18,10715.974
563.19,10944.339
563.2,10807.283
563.21,11218.778
563.22,11218.778
563.23,10944.339
563.24,10990.049
563.25,11356.162
563.26,11081.504
563.27,10533.500
563.28,10579.101
563.29,10670.337
563.3,10579.101
563.31,11035.771
563.32,11081.504
563.33,11264.561
563.34,11035.771
563.35,10898.642
563.36,10624.713
563.37,10487.912
563.38,10624.713
563.39,10807.283
563.4,11127.250
563.41,11356.162
563.42,11264.561
563.43,11035.771
563.44,10579.101
563.45,11127.250
563.46,10715.974
563.47,10260.154
563.48,10442.336
563.49,10715.974
563.5,11035.771
563.51,10533.500
563.52,10761.622
563.53,11310.355
563.54,11493.655
563.55,11127.250
563.56,11035.771
563.57,10807.283
563.58,10670.337
563.59,10533.500
563.6,10715.974
563.61,10852.956
563.62,10715.974
563.63,10944.339
563.64,10715.974
563.65,11127.250
563.66,11081.504
563.67,10990.049
563.68,11081.504
563.69,10807.283
563.7,10442.336
563.71,10852.956
563.72,10761.622
563.73,10670.337
563.74,10761.622
563.75,10852.956
563.76,11127.250
563.77,11264.561
563.78,10990.049
563.79,10761.622
563.8,10761.622
563.81,10761.622
563.82,10761.622
563.83,10761.622
563.84,10624.713
563.85,10715.974
563.86,11035.771
563.87,10990.049
563.88,10990.049
563.89,10990.049
563.9,10898.642
563.91,10898.642
563.92,10487.912
563.93,10715.974
563.94,10990.049
563.95,10898.642
563.96,11264.561
563.97,11127.250
563.98,10533.500
563.99,10715.974
564,10670.337
564.01,10579.101
564.02,10533.500
564.03,10670.337
564.04,11127.250
564.05,11218.778
564.06,11081.504
564.07,11218.778
564.08,11127.250
564.09,10579.101
564.1,10670.337
564.11,10898.642
564.12,10807.283
564.13,10944.339
564.14,11447.813
564.15,11173.008
564.16,10715.974
564.17,10898.642
564.18,10761.622
564.19,10898.642
564.2,10715.974
564.21,10852.956
564.22,10990.049
564.23,10852.956
564.24,10807.283
564.25,10807.283
564.26,10533.500
564.27,10670.337
564.28,10533.500
564.29,11035.771
564.3,11081.504
564.31,10990.049
564.32,10990.049
564.33,10852.956
564.34,10807.283
564.35,10670.337
564.36,10761.622
564.37,10807.283
564.38,11127.250
564.39,11081.504
564.4,10898.642
564.41,10990.049
564.42,10990.049
564.43,11173.008
564.44,11035.771
564.45,11127.250
564.46,10944.339
564.47,10852.956
564.48,10898.642
564.49,10852.956
564.5,10807.283
564.51,10807.283
564.52,10898.642
564.53,10715.974
564.54,11218.778
564.55,11218.778
564.56,11081.504
564.57,11218.778
564.58,10807.283
564.59,10533.500
564.6,10990.049
564.61,10898.642
564.62,10807.283
564.63,10898.642
564.64,10852.956
564.65,10852.956
564.66,10670.337
564.67,10624.713
564.68,10624.713
564.69,10807.283
564.7,10852.956
564.71,10761.622
564.72,10807.283
564.73,11173.008
564.74,11081.504
564.75,10944.339
564.76,10624.713
564.77,10579.101
564.78,10944.339
564.79,10807.283
564.8,10761.622
564.81,10761.622
564.82,10624.713
564.83,10898.642
564.84,11127.250
564.85,11035.771
564.86,10990.049
564.87,11035.771
564.88,10898.642
564.89,10533.500
564.9,10579.101
564.91,10533.500
564.92,10670.337
564.93,10761.622
564.94,11035.771
564.95,11081.504
564.96,10715.974
564.97,10990.049
564.98,10944.339
564.99,10944.339
565,10715.974
565.01,10670.337
565.02,10852.956
565.03,10990.049
565.04,11310.355
565.05,11035.771
565.06,10761.622
565.07,10533.500
565.08,10442.336
565.09,10852.956
565.1,10807.283
565.11,10761.622
565.12,11081.504
565.13,11310.355
565.14,11081.504
565.15,10487.912
565.16,10579.101
565.17,10579.101
565.18,10761.622
565.19,10852.956
565.2,11173.008
565.21,11310.355
565.22,10852.956
565.23,10715.974
565.24,10807.283
565.25,10579.101
565.26,10487.912
565.27,10807.283
565.28,10990.049
565.29,11310.355
565.3,11081.504
565.31,10807.283
565.32,10761.622
565.33,10715.974
565.34,10715.974
565.35,11035.771
565.36,10944.339
565.37,10624.713
565.38,10579.101
565.39,10715.974
565.4,11035.771
565.41,10944.339
565.42,10807.283
565.43,10852.956
565.44,10944.339
565.45,10852.956
565.46,10715.974
565.47,10944.339
565.48,10624.713
565.49,10487.912
565.5,10807.283
565.51,11310.355
565.52,10715.974
565.53,10670.337
565.54,11173.008
565.55,11310.355
565.56,11081.504
565.57,10715.974
565.58,10670.337
565.59,10533.500
565.6,10715.974
565.61,10852.956
565.62,10944.339
565.63,10852.956
565.64,10852.956
565.65,11081.504
565.66,10944.339
565.67,10852.956
565.68,10670.337
565.69,10169.137
565.7,10579.101
565.71,11173.008
565.72,10898.642
565.73,11035.771
565.74,11081.504
565.75,11035.771
565.76,11218.778
565.77,10944.339
565.78,10715.974
565.79,10579.101
565.8,10670.337
565.81,11173.008
565.82,11310.355
565.83,10898.642
565.84,10761.622
565.85,10715.974
565.86,10807.283
565.87,10579.101
565.88,10715.974
565.89,11127.250
565.9,11310.355
565.91,11035.771
565.92,10898.642
565.93,10807.283
565.94,10944.339
565.95,10579.101
565.96,10533.500
565.97,10715.974
565.98,11173.008
565.99,11310.355
566,11218.778
566.01,10944.339
566.02,10487.912
566.03,10442.336
566.04,10852.956
566.05,10944.339
566.06,11127.250
566.07,10990.049
566.08,10579.101
566.09,10898.642
566.1,10807.283
566.11,10761.622
566.12,10715.974
566.13,10761.622
566.14,10761.622
566.15,10990.049
566.16,10990.049
566.17,11081.504
566.18,10898.642
566.19,10533.500
566.2,10305.682
566.21,10260.154
566.22,9896.374
566.23,9805.551
566.24,10032.700
566.25,10123.646
566.26,10169.137
566.27,10032.700
566.28,9896.374
566.29,9850.956
566.3,9624.050
566.31,9760.157
566.32,9805.551
566.33,10305.682
566.34,10351.221
566.35,10123.646
566.36,9805.551
566.37,9987.246
566.38,9987.246
566.39,9714.775
566.4,9533.372
566.41,9624.050
566.42,10214.640
566.43,10032.700
566.44,9941.804
566.45,9987.246
566.46,9760.157
566.47,9533.372
566.48,9941.804
566.49,10169.137
566.5,9987.246
566.51,10260.154
566.52,10214.640
566.53,10078.167
566.54,9941.804
566.55,9941.804
566.56,9987.246
566.57,9896.374
566.58,9624.050
566.59,10260.154
566.6,10078.167
566.61,10305.682
566.62,10032.700
566.63,9624.050
566.64,9850.956
566.65,9941.804
566.66,9987.246
566.67,10032.700
566.68,10078.167
566.69,9624.050
566.7,9669.406
566.71,9987.246
566.72,9896.374
566.73,10078.167
566.74,9805.551
566.75,9760.157
566.76,10032.700
566.77,10169.137
566.78,9896.374
566.79,9987.246
566.8,10032.700
566.81,9987.246
566.82,10078.167
566.83,9805.551
566.84,9624.050
566.85,9805.551
566.86,10032.700
566.87,9941.804
566.88,10123.646
566.89,10123.646
566.9,10078.167
566.91,9850.956
566.92,9714.775
566.93,10305.682
566.94,10169.137
566.95,10078.167
566.96,10078.167
566.97,9714.775
566.98,10032.700
566.99,9941.804
567,10032.700
567.01,10260.154
567.02,9941.804
567.03,9714.775
567.04,10123.646
567.05,10078.167
567.06,9987.246
567.07,10123.646
567.08,10078.167
567.09,10169.137
567.1,10032.700
567.11,9941.804
567.12,9624.050
567.13,9805.551
567.14,9941.804
567.15,10123.646
567.16,10123.646
567.17,9624.050
567.18,10123.646
567.19,10442.336
567.2,10260.154
567.21,9896.374
567.22,10123.646
567.23,10123.646
567.24,9850.956
567.25,10078.167
567.26,9987.246
567.27,10396.772
567.28,10260.154
567.29,9896.374
567.3,9941.804
567.31,9533.372
567.32,9352.162
567.33,9624.050
567.34,10078.167
567.35,9987.246
567.36,9805.551
567.37,9896.374
567.38,9714.775
567.39,9624.050
567.4,9397.446
567.41,9488.052
567.42,9669.406
567.43,9442.743
567.44,9624.050
567.45,9488.052
567.46,9488.052
567.47,9352.162
567.48,9397.446
567.49,9578.705
567.5,9669.406
567.51,9397.446
567.52,9442.743
567.53,9306.891
567.54,9216.383
567.55,9760.157
567.56,9896.374
567.57,9578.705
567.58,9442.743
567.59,9261.631
567.6,9533.372
567.61,9488.052
567.62,9533.372
567.63,9488.052
567.64,9216.383
567.65,9533.372
567.66,9714.775
567.67,9533.372
567.68,9442.743
567.69,9760.157
567.7,9714.775
567.71,9669.406
567.72,9714.775
567.73,9805.551
567.74,9624.050
567.75,9488.052
567.76,9760.157
567.77,10305.682
567.78,9669.406
567.79,9714.775
567.8,9306.891
567.81,9442.743
567.82,9442.743
567.83,9533.372
567.84,9624.050
567.85,9533.372
567.86,9261.631
567.87,9488.052
567.88,9760.157
567.89,9624.050
567.9,9805.551
567.91,9578.705
567.92,9578.705
567.93,9896.374
567.94,10214.640
567.95,10078.167
567.96,10852.956
567.97,11401.981
567.98,11356.162
567.99,10898.642
568,10944.339
568.01,10579.101
568.02,10260.154
568.03,10260.154
568.04,10487.912
568.05,10032.700
568.06,9760.157
568.07,10032.700
568.08,10351.221
568.09,10351.221
568.1,9987.246
568.11,9896.374
568.12,10214.640
568.13,10396.772
568.14,10351.221
568.15,10396.772
568.16,10260.154
568.17,10487.912
568.18,10624.713
568.19,10169.137
568.2,10032.700
568.21,10078.167
568.22,9760.157
568.23,9442.743
568.24,9805.551
568.25,10032.700
568.26,9987.246
568.27,10214.640
568.28,10579.101
568.29,10305.682
568.3,10032.700
568.31,10487.912
568.32,10670.337
568.33,10351.221
568.34,10442.336
568.35,10123.646
568.36,10169.137
568.37,10078.167
568.38,10214.640
568.39,10032.700
568.4,9987.246
568.41,9805.551
568.42,10396.772
568.43,10715.974
568.44,10624.713
568.45,10260.154
568.46,9941.804
568.47,10078.167
568.48,9850.956
568.49,9442.743
568.5,10032.700
568.51,10579.101
568.52,10761.622
568.53,10761.622
568.54,10260.154
568.55,9896.374
568.56,9941.804
568.57,9714.775
568.58,9941.804
568.59,10169.137
568.6,10260.154
568.61,10305.682
568.62,10169.137
568.63,10123.646
568.64,9941.804
568.65,9805.551
568.66,10032.700
568.67,10169.137
568.68,10533.500
568.69,10305.682
568.7,10260.154
568.71,9442.743
568.72,9669.406
568.73,9987.246
568.74,9624.050
568.75,9578.705
568.76,9578.705
568.77,9624.050
568.78,10032.700
568.79,9850.956
568.8,9669.406
568.81,10032.700
568.82,10260.154
568.83,10533.500
568.84,10214.640
568.85,10032.700
568.86,9805.551
568.87,9941.804
568.88,9941.804
568.89,10032.700
568.9,10624.713
568.91,10351.221
568.92,10305.682
568.93,10032.700
568.94,9941.804
568.95,9760.157
568.96,9578.705
568.97,9760.157
568.98,9896.374
568.99,10214.640
569,9850.956
569.01,9850.956
569.02,9941.804
569.03,10214.640
569.04,10123.646
569.05,10032.700
569.06,9714.775
569.07,9760.157
569.08,10442.336
569.09,10442.336
569.1,9987.246
569.11,10761.622
569.12,12228.801
569.13,13059.559
569.14,13430.049
569.15,13662.000
569.16,13569.183
569.17,13569.183
569.18,13708.426
569.19,13801.316
569.2,13847.779
569.21,13476.414
569.22,13476.414
569.23,13987.241
569.24,14080.277
569.25,13987.241
569.26,13662.000
569.27,13662.000
569.28,13940.742
569.29,13754.865
569.3,13198.401
569.31,13198.401
569.32,13569.183
569.33,13522.792
569.34,13847.779
569.35,13940.742
569.36,14033.754
569.37,13894.255
569.38,13198.401
569.39,13476.414
569.4,13801.316
569.41,13801.316
569.42,14219.922
569.43,13940.742
569.44,13522.792
569.45,13801.316
569.46,13476.414
569.47,13291.023
569.48,13662.000
569.49,13476.414
569.5,14313.079
569.51,14452.906
569.52,14266.495
569.53,14219.922
569.54,13894.255
569.55,13476.414
569.56,13244.706
569.57,13291.023
569.58,13430.049
569.59,13894.255
569.6,13847.779
569.61,13754.865
569.62,14080.277
569.63,14033.754
569.64,14080.277
569.65,13569.183
569.66,13337.353
569.67,13708.426
569.68,13894.255
569.69,14080.277
569.7,14126.813
569.71,13940.742
569.72,13987.241
569.73,13476.414
569.74,13337.353
569.75,13708.426
569.76,14173.361
569.77,13894.255
569.78,13569.183
569.79,13569.183
569.8,13940.742
569.81,14219.922
569.82,13894.255
569.83,13894.255
569.84,13754.865
569.85,13801.316
569.86,13801.316
569.87,13708.426
569.88,13569.183
569.89,13662.000
569.9,14080.277
569.91,14266.495
569.92,14033.754
569.93,13662.000
569.94,13708.426
569.95,13383.694
569.96,13383.694
569.97,13569.183
569.98,14080.277
569.99,14359.677
570,14080.277
570.01,13522.792
570.02,12182.763
570.03,10761.622
570.04,10396.772
570.05,10169.137
570.06,9397.446
570.07,9714.775
570.08,9896.374
570.09,10032.700
570.1,9805.551
570.11,9896.374
570.12,9760.157
570.13,9578.705
570.14,9896.374
570.15,9941.804
570.16,10169.137
570.17,9850.956
570.18,9987.246
570.19,9896.374
570.2,9941.804
570.21,9850.956
570.22,9624.050
570.23,9669.406
570.24,9896.374
570.25,9941.804
570.26,10214.640
570.27,10123.646
570.28,10214.640
570.29,9850.956
570.3,9624.050
570.31,9261.631
570.32,9442.743
570.33,9669.406
570.34,10214.640
570.35,10396.772
570.36,10260.154
570.37,10032.700
570.38,10032.700
570.39,9987.246
570.4,9714.775
570.41,9941.804
570.42,9669.406
570.43,9850.956
570.44,9850.956
570.45,9442.743
570.46,9488.052
570.47,10032.700
570.48,9987.246
570.49,9987.246
570.5,9805.551
570.51,10214.640
570.52,10305.682
570.53,10214.640
570.54,9624.050
570.55,9533.372
570.56,9714.775
570.57,9488.052
570.58,9216.383
570.59,9941.804
570.6,10260.154
570.61,10396.772
570.62,9850.956
570.63,10032.700
570.64,9760.157
570.65,9805.551
570.66,9624.050
570.67,9714.775
570.68,9850.956
570.69,10032.700
570.7,10078.167
570.71,10078.167
570.72,9850.956
570.73,9805.551
570.74,9941.804
570.75,9578.705
570.76,9669.406
570.77,10260.154
570.78,10169.137
570.79,9987.246
570.8,9805.551
570.81,9760.157
570.82,10032.700
570.83,9533.372
570.84,9533.372
570.85,9760.157
570.86,9941.804
570.87,10305.682
570.88,10123.646
570.89,9896.374
570.9,10032.700
570.91,9805.551
570.92,9760.157
570.93,9397.446
570.94,9442.743
570.95,9714.775
570.96,10169.137
570.97,10032.700
570.98,9760.157
570.99,9850.956
571,10032.700
571.01,10032.700
571.02,9442.743
571.03,9352.162
571.04,10032.700
571.05,10533.500
571.06,10214.640
571.07,9760.157
571.08,9669.406
571.09,9760.157
571.1,9941.804
571.11,10260.154
571.12,10351.221
571.13,10898.642
571.14,10761.622
571.15,10487.912
571.16,9896.374
571.17,9533.372
571.18,10032.700
571.19,10305.682
571.2,10351.221
571.21,10260.154
571.22,9987.246
571.23,10123.646
571.24,10078.167
571.25,9714.775
571.26,9714.775
571.27,9488.052
571.28,9805.551
571.29,9760.157
571.3,9578.705
571.31,9987.246
571.32,10351.221
571.33,10396.772
571.34,9941.804
571.35,9896.374
571.36,9850.956
571.37,9850.956
571.38,9624.050
571.39,9669.406
571.4,10032.700
571.41,9987.246
571.42,10078.167
571.43,9941.804
571.44,9941.804
571.45,10487.912
571.46,10396.772
571.47,10305.682
571.48,10214.640
571.49,10032.700
571.5,9896.374
571.51,9850.956
571.52,9714.775
571.53,10123.646
571.54,9941.804
571.55,10032.700
571.56,10169.137
571.57,10078.167
571.58,10214.640
571.59,10078.167
571.6,10169.137
571.61,11447.813
571.62,12874.605
571.63,13522.792
571.64,13615.585
571.65,13847.779
571.66,13754.865
571.67,13522.792
571.68,13662.000
571.69,13662.000
571.7,13708.426
571.71,13522.792
571.72,13662.000
571.73,14359.677
571.74,14080.277
571.75,14080.277
571.76,13615.585
571.77,13615.585
571.78,13801.316
571.79,13615.585
571.8,13662.000
571.81,14173.361
571.82,14126.813
571.83,13754.865
571.84,13430.049
571.85,13522.792
571.86,13662.000
571.87,13708.426
571.88,13940.742
571.89,13801.316
571.9,13801.316
571.91,13754.865
571.92,14033.754
571.93,13894.255
571.94,13662.000
571.95,13662.000
571.96,13754.865
571.97,14173.361
571.98,13940.742
571.99,14080.277
572,13754.865
572.01,13615.585
572.02,13708.426
572.03,13801.316
572.04,13894.255
572.05,13847.779
572.06,13615.585
572.07,13383.694
572.08,13708.426
572.09,13476.414
572.1,13801.316
572.11,13894.255
572.12,13894.255
572.13,13754.865
572.14,13662.000
572.15,13801.316
572.16,14080.277
572.17,13708.426
572.18,13708.426
572.19,14173.361
572.2,13940.742
572.21,13569.183
572.22,13708.426
572.23,13662.000
572.24,13754.865
572.25,13662.000
572.26,13708.426
572.27,13847.779
572.28,13847.779
572.29,14033.754
572.3,13847.779
572.31,12782.202
572.32,11677.150
572.33,10990.049
572.34,9805.551
572.35,9442.743
572.36,9488.052
572.37,9669.406
572.38,9896.374
572.39,10032.700
572.4,10123.646
572.41,9941.804
572.42,9714.775
572.43,9669.406
572.44,9760.157
572.45,9624.050
572.46,10169.137
572.47,9896.374
572.48,9987.246
572.49,10032.700
572.5,9805.551
572.51,9850.956
572.52,9896.374
572.53,9987.246
572.54,9987.246
572.55,9805.551
572.56,9850.956
572.57,9941.804
572.58,10032.700
572.59,10078.167
572.6,10032.700
572.61,9850.956
572.62,9624.050
572.63,9805.551
572.64,9669.406
572.65,9896.374
572.66,9896.374
572.67,9941.804
572.68,10169.137
572.69,10396.772
572.7,9987.246
572.71,9714.775
572.72,9850.956
572.73,9714.775
572.74,9624.050
572.75,9714.775
572.76,10123.646
572.77,9941.804
572.78,9941.804
572.79,9850.956
572.8,10032.700
572.81,10123.646
572.82,9714.775
572.83,9941.804
572.84,9850.956
572.85,9714.775
572.86,9714.775
572.87,9714.775
572.88,9578.705
572.89,9624.050
572.9,9896.374
572.91,10032.700
572.92,9760.157
572.93,9987.246
572.94,10396.772
572.95,10169.137
572.96,9987.246
572.97,9624.050
572.98,9850.956
572.99,9805.551
573,9896.374
573.01,9714.775
573.02,9805.551
573.03,9896.374
573.04,9896.374
573.05,10123.646
573.06,10169.137
573.07,10078.167
573.08,9714.775
573.09,9760.157
573.1,9896.374
573.11,9760.157
573.12,9805.551
573.13,9805.551
573.14,10032.700
573.15,10123.646
573.16,9805.551
573.17,9941.804
573.18,10032.700
573.19,9760.157
573.2,9941.804
573.21,10169.137
573.22,10396.772
573.23,10169.137
573.24,9987.246
573.25,9850.956
573.26,9896.374
573.27,10169.137
573.28,10078.167
573.29,10032.700
573.3,9624.050
573.31,9760.157
573.32,9760.157
573.33,9805.551
573.34,9941.804
573.35,9987.246
573.36,9896.374
573.37,10078.167
573.38,10214.640
573.39,10169.137
573.4,9805.551
573.41,9669.406
573.42,9624.050
573.43,9987.246
573.44,10396.772
573.45,10396.772
573.46,10305.682
573.47,10032.700
573.48,10123.646
573.49,10078.167
573.5,10169.137
573.51,10351.221
573.52,9805.551
573.53,9578.705
573.54,9488.052
573.55,9624.050
573.56,10396.772
573.57,10351.221
573.58,10123.646
573.59,10078.167
573.6,9714.775
573.61,9578.705
573.62,9941.804
573.63,9987.246
573.64,10078.167
573.65,10078.167
573.66,10351.221
573.67,9896.374
573.68,10990.049
573.69,12182.763
573.7,12736.019
573.71,13337.353
573.72,13569.183
573.73,13662.000
573.74,13894.255
573.75,14080.277
573.76,13801.316
573.77,13708.426
573.78,13615.585
573.79,13244.706
573.8,13847.779
573.81,13894.255
573.82,13754.865
573.83,13987.241
573.84,14080.277
573.85,14033.754
573.86,13662.000
573.87,13476.414
573.88,13708.426
573.89,13430.049
573.9,13476.414
573.91,13801.316
573.92,14033.754
573.93,13940.742
573.94,13708.426
573.95,13569.183
573.96,13522.792
573.97,13662.000
573.98,13894.255
573.99,13615.585
574,14033.754
574.01,13801.316
574.02,13987.241
574.03,13476.414
574.04,13522.792
574.05,13615.585
574.06,13522.792
574.07,13662.000
574.08,14080.277
574.09,13847.779
574.1,14033.754
574.11,14033.754
574.12,13987.241
574.13,13615.585
574.14,13615.585
574.15,13522.792
574.16,13522.792
574.17,13615.585
574.18,13940.742
574.19,14219.922
574.2,13708.426
574.21,13940.742
574.22,14173.361
574.23,14033.754
574.24,14266.495
574.25,13801.316
574.26,13198.401
574.27,13430.049
574.28,13430.049
574.29,13847.779
574.3,14080.277
574.31,13569.183
574.32,13708.426
574.33,13894.255
574.34,13662.000
574.35,13662.000
574.36,13522.792
574.37,13801.316
574.38,13708.426
574.39,13662.000
574.4,13801.316
574.41,13801.316
574.42,14266.495
574.43,14126.813
574.44,14080.277
574.45,14266.495
574.46,13894.255
574.47,13476.414
574.48,13430.049
574.49,13894.255
574.5,13662.000
574.51,13662.000
574.52,13708.426
574.53,13615.585
574.54,13847.779
574.55,14266.495
574.56,13894.255
574.57,13801.316
574.58,13522.792
574.59,13894.255
574.6,13894.255
574.61,13662.000
574.62,13894.255
574.63,13708.426
574.64,13754.865
574.65,13894.255
574.66,13708.426
574.67,13708.426
574.68,13522.792
574.69,13708.426
574.7,13708.426
574.71,13940.742
574.72,13847.779
574.73,13894.255
574.74,13615.585
574.75,13708.426
574.76,13708.426
574.77,13662.000
574.78,13987.241
574.79,14080.277
574.8,13987.241
574.81,13801.316
574.82,13662.000
574.83,13847.779
574.84,13847.779
574.85,13662.000
574.86,13754.865
574.87,13940.742
574.88,13894.255
574.89,13476.414
574.9,13383.694
574.91,13615.585
574.92,14080.277
574.93,14219.922
574.94,13940.742
574.95,13754.865
574.96,13940.742
574.97,14126.813
574.98,13662.000
574.99,13383.694
575,13522.792
575.01,13801.316
575.02,14219.922
575.03,13940.742
575.04,13894.255
575.05,14080.277
575.06,13569.183
575.07,13383.694
575.08,13476.414
575.09,13708.426
575.1,14033.754
575.11,13940.742
575.12,13662.000
575.13,13754.865
575.14,14033.754
575.15,13801.316
575.16,13708.426
575.17,13662.000
575.18,13569.183
575.19,13847.779
575.2,13847.779
575.21,14080.277
575.22,13987.241
575.23,13662.000
575.24,13708.426
575.25,13152.108
575.26,13522.792
575.27,14080.277
575.28,13987.241
575.29,13987.241
575.3,14173.361
575.31,13615.585
575.32,13662.000
575.33,13847.779
575.34,13337.353
575.35,13847.779
575.36,13894.255
575.37,13476.414
575.38,13383.694
575.39,13476.414
575.4,13894.255
575.41,13987.241
575.42,14406.285
575.43,14313.079
575.44,14080.277
575.45,13708.426
575.46,13476.414
575.47,13383.694
575.48,13383.694
575.49,13708.426
575.5,14080.277
575.51,14033.754
575.52,13801.316
575.53,13522.792
575.54,13940.742
575.55,14173.361
575.56,13615.585
575.57,13987.241
575.58,13847.779
575.59,13940.742
575.6,13708.426
575.61,13569.183
575.62,13801.316
575.63,13894.255
575.64,14033.754
575.65,14080.277
575.66,13940.742
575.67,13522.792
575.68,13847.779
575.69,13894.255
575.7,13987.241
575.71,13894.255
575.72,13754.865
575.73,13801.316
575.74,13708.426
575.75,13940.742
575.76,13662.000
575.77,13430.049
575.78,13337.353
575.79,13801.316
575.8,14126.813
575.81,13801.316
575.82,13894.255
575.83,13801.316
575.84,14033.754
575.85,14313.079
575.86,13754.865
575.87,13754.865
575.88,13940.742
575.89,13708.426
575.9,13476.414
575.91,13198.401
575.92,13708.426
575.93,14033.754
575.94,13987.241
575.95,13940.742
575.96,14126.813
575.97,13569.183
575.98,13383.694
575.99,13383.694
576,13476.414
576.01,13105.827
576.02,12136.737
576.03,10715.974
576.04,10442.336
576.05,9714.775
576.06,10123.646
576.07,10123.646
576.08,10351.221
576.09,10214.640
576.1,9987.246
576.11,9714.775
576.12,10123.646
576.13,10032.700
576.14,9987.246
576.15,10260.154
576.16,9941.804
576.17,10078.167
576.18,9850.956
576.19,10123.646
576.2,10396.772
576.21,9624.050
576.22,9125.924
576.23,9488.052
576.24,9896.374
576.25,10351.221
576.26,10169.137
576.27,10032.700
576.28,9896.374
576.29,9805.551
576.3,9533.372
576.31,9941.804
576.32,10169.137
576.33,10214.640
576.34,10078.167
576.35,10032.700
576.36,10032.700
576.37,9533.372
576.38,9760.157
576.39,9941.804
576.4,9805.551
576.41,10032.700
576.42,9896.374
576.43,10078.167
576.44,10123.646
576.45,10123.646
576.46,9805.551
576.47,9805.551
576.48,9850.956
576.49,9987.246
576.5,9714.775
576.51,9805.551
576.52,9805.551
576.53,9714.775
576.54,9896.374
576.55,10579.101
576.56,10579.101
576.57,9987.246
576.58,9578.705
576.59,9624.050
576.6,9714.775
576.61,9805.551
576.62,9805.551
576.63,9624.050
576.64,9850.956
576.65,9760.157
576.66,9987.246
576.67,10123.646
576.68,9941.804
576.69,9850.956
576.7,10078.167
576.71,10169.137
576.72,9805.551
576.73,9805.551
576.74,9850.956
576.75,9941.804
576.76,9533.372
576.77,9896.374
576.78,10214.640
576.79,10214.640
576.8,10169.137
576.81,9896.374
576.82,9624.050
576.83,9941.804
576.84,9896.374
576.85,9896.374
576.86,9941.804
576.87,10032.700
576.88,9760.157
576.89,9805.551
576.9,9941.804
576.91,10305.682
576.92,10078.167
576.93,9896.374
576.94,9805.551
576.95,10032.700
576.96,10169.137
576.97,10305.682
576.98,10078.167
576.99,9987.246
577,9805.551
577.01,9805.551
577.02,9805.551
577.03,9533.372
577.04,9760.157
577.05,9669.406
577.06,9987.246
577.07,10260.154
577.08,10169.137
577.09,9987.246
577.1,10078.167
577.11,10260.154
577.12,9714.775
577.13,9624.050
577.14,9714.775
577.15,9850.956
577.16,9805.551
577.17,9624.050
577.18,9714.775
577.19,9987.246
577.2,10078.167
577.21,9987.246
577.22,9941.804
577.23,10078.167
577.24,9896.374
577.25,9669.406
577.26,10123.646
577.27,10396.772
577.28,10032.700
577.29,9714.775
577.3,9850.956
577.31,9941.804
577.32,9941.804
577.33,9624.050
577.34,9624.050
577.35,9896.374
577.36,10169.137
577.37,9896.374
577.38,9714.775
577.39,9941.804
577.4,9987.246
577.41,9941.804
577.42,9987.246
577.43,9714.775
577.44,9896.374
577.45,10032.700
577.46,9805.551
577.47,9624.050
577.48,9714.775
577.49,9941.804
577.5,10305.682
577.51,10487.912
577.52,9987.246
577.53,9805.551
577.54,9987.246
577.55,9805.551
577.56,9624.050
577.57,9624.050
577.58,9805.551
577.59,9896.374
577.6,10260.154
577.61,10078.167
577.62,9669.406
577.63,10032.700
577.64,10260.154
577.65,10078.167
577.66,10123.646
577.67,9805.551
577.68,9850.956
577.69,10169.137
577.7,10078.167
577.71,10169.137
577.72,10032.700
577.73,9896.374
577.74,9669.406
577.75,9850.956
577.76,9624.050
577.77,9896.374
577.78,10032.700
577.79,9805.551
577.8,10260.154
577.81,9941.804
577.82,9760.157
577.83,10032.700
577.84,9941.804
577.85,9669.406
577.86,9760.157
577.87,10078.167
577.88,9987.246
577.89,10169.137
577.9,9896.374
577.91,10078.167
577.92,9805.551
577.93,9850.956
577.94,10260.154
577.95,9850.956
577.96,10078.167
577.97,9896.374
577.98,10078.167
577.99,10032.700
578,10169.137
578.01,9896.374
578.02,9850.956
578.03,9578.705
578.04,9578.705
578.05,9987.246
578.06,9805.551
578.07,9805.551
578.08,9941.804
578.09,9987.246
578.1,9896.374
578.11,9987.246
578.12,9896.374
578.13,9941.804
578.14,10169.137
578.15,10032.700
578.16,9987.246
578.17,9805.551
578.18,9714.775
578.19,10078.167
578.2,10169.137
578.21,9896.374
578.22,10396.772
578.23,10169.137
578.24,9850.956
578.25,9805.551
578.26,9850.956
578.27,9896.374
578.28,9987.246
578.29,10123.646
578.3,10032.700
578.31,9987.246
578.32,9850.956
578.33,9624.050
578.34,10078.167
578.35,10078.167
578.36,9987.246
578.37,9850.956
578.38,10032.700
578.39,9805.551
578.4,9941.804
578.41,9941.804
578.42,9896.374
578.43,9941.804
578.44,10032.700
578.45,10169.137
578.46,10214.640
578.47,9805.551
578.48,10123.646
578.49,10123.646
578.5,10169.137
578.51,9760.157
578.52,9714.775
578.53,9941.804
578.54,10123.646
578.55,10078.167
578.56,10032.700
578.57,9896.374
578.58,10032.700
578.59,10396.772
578.6,10078.167
578.61,9987.246
578.62,9714.775
578.63,9714.775
578.64,9987.246
578.65,9941.804
578.66,9987.246
578.67,10123.646
578.68,10214.640
578.69,10032.700
578.7,9896.374
578.71,9941.804
578.72,9714.775
578.73,9805.551
578.74,9805.551
578.75,10169.137
578.76,10078.167
578.77,9987.246
578.78,9624.050
578.79,10032.700
578.8,10351.221
578.81,10305.682
578.82,10214.640
578.83,10396.772
578.84,10396.772
578.85,10944.339
578.86,10579.101
578.87,10214.640
578.88,9714.775
578.89,9442.743
578.9,9488.052
578.91,9669.406
578.92,9805.551
578.93,9850.956
578.94,9488.052
578.95,9035.514
578.96,8945.152
578.97,9125.924
578.98,9306.891
578.99,9624.050
579,9624.050
579.01,9578.705
579.02,9352.162
579.03,9125.924
579.04,9261.631
579.05,9397.446
579.06,9352.162
579.07,9171.147
579.08,9397.446
579.09,9578.705
579.1,9805.551
579.11,9624.050
579.12,9216.383
579.13,9216.383
579.14,9306.891
579.15,9488.052
579.16,9669.406
579.17,10078.167
579.18,10169.137
579.19,10260.154
579.2,10351.221
579.21,10032.700
579.22,9714.775
579.23,9669.406
579.24,9669.406
579.25,10169.137
579.26,10305.682
579.27,10487.912
579.28,10214.640
579.29,10169.137
579.3,9714.775
579.31,9488.052
579.32,9488.052
579.33,9624.050
579.34,9987.246
579.35,9896.374
579.36,9941.804
579.37,10032.700
579.38,10123.646
579.39,10305.682
579.4,10305.682
579.41,10214.640
579.42,10169.137
579.43,10442.336
579.44,10396.772
579.45,10579.101
579.46,9578.705
579.47,9850.956
579.48,9488.052
579.49,9171.147
579.5,10123.646
579.51,10533.500
579.52,10579.101
579.53,10487.912
579.54,10169.137
579.55,10169.137
579.56,10670.337
579.57,10123.646
579.58,9896.374
579.59,9714.775
579.6,9805.551
579.61,10442.336
579.62,10169.137
579.63,10078.167
579.64,9805.551
579.65,10214.640
579.66,10396.772
579.67,10214.640
579.68,9896.374
579.69,9442.743
579.7,9624.050
579.71,10078.167
579.72,10351.221
579.73,10487.912
579.74,10260.154
579.75,10078.167
579.76,9896.374
579.77,10169.137
579.78,10305.682
579.79,10169.137
579.8,9805.551
579.81,9714.775
579.82,10396.772
579.83,10761.622
579.84,10123.646
579.85,9624.050
579.86,9669.406
579.87,9941.804
579.88,10169.137
579.89,10487.912
579.9,10396.772
579.91,10487.912
579.92,10078.167
579.93,10260.154
579.94,9760.157
579.95,9850.956
579.96,9850.956
579.97,9805.551
579.98,10032.700
579.99,10214.640
580,9987.246
580.01,10396.772
580.02,10260.154
580.03,10351.221
580.04,10442.336
580.05,10078.167
580.06,9805.551
580.07,9896.374
580.08,9669.406
580.09,9896.374
580.1,9896.374
580.11,9805.551
580.12,10032.700
580.13,10487.912
580.14,10533.500
580.15,10351.221
580.16,10214.640
580.17,10214.640
580.18,10305.682
580.19,10305.682
580.2,10123.646
580.21,9624.050
580.22,9714.775
580.23,9987.246
580.24,10305.682
580.25,10123.646
580.26,10396.772
580.27,10214.640
580.28,9805.551
580.29,9669.406
580.3,9714.775
580.31,10396.772
580.32,10169.137
580.33,10761.622
580.34,10442.336
580.35,10078.167
580.36,9714.775
580.37,9941.804
580.38,10169.137
580.39,10214.640
580.4,9850.956
580.41,9760.157
580.42,10123.646
580.43,10396.772
580.44,10487.912
580.45,10442.336
580.46,10123.646
580.47,9714.775
580.48,9896.374
580.49,10078.167
580.5,10351.221
580.51,10442.336
580.52,10305.682
580.53,10032.700
580.54,9714.775
580.55,10078.167
580.56,10032.700
580.57,9850.956
580.58,9896.374
580.59,10305.682
580.6,10351.221
580.61,10396.772
580.62,9987.246
580.63,10396.772
580.64,10351.221
580.65,9987.246
580.66,9896.374
580.67,9941.804
580.68,9805.551
580.69,9896.374
580.7,9669.406
580.71,9987.246
580.72,10260.154
580.73,10396.772
580.74,10442.336
580.75,10123.646
580.76,10214.640
580.77,10260.154
580.78,10032.700
580.79,9896.374
580.8,9714.775
580.81,9805.551
580.82,10032.700
580.83,9896.374
580.84,10351.221
580.85,10442.336
580.86,10032.700
580.87,9987.246
580.88,10123.646
580.89,10442.336
580.9,10214.640
580.91,10169.137
580.92,10579.101
580.93,10579.101
580.94,10169.137
580.95,10078.167
580.96,9760.157
580.97,9941.804
580.98,9941.804
580.99,10214.640
581,10305.682
581.01,10214.640
581.02,10169.137
581.03,9941.804
581.04,9987.246
581.05,9941.804
581.06,10214.640
581.07,10487.912
581.08,10715.974
581.09,10579.101
581.1,10214.640
581.11,9714.775
581.12,9624.050
581.13,9488.052
581.14,10078.167
581.15,10032.700
581.16,10169.137
581.17,10169.137
581.18,10123.646
581.19,10396.772
581.2,9850.956
581.21,9850.956
581.22,10032.700
581.23,10123.646
581.24,9941.804
581.25,10032.700
581.26,10396.772
581.27,10396.772
581.28,10533.500
581.29,9805.551
581.3,9896.374
581.31,10078.167
581.32,10169.137
581.33,10169.137
581.34,9805.551
581.35,9987.246
581.36,10260.154
581.37,9805.551
581.38,10396.772
581.39,9941.804
581.4,9987.246
581.41,9987.246
581.42,9941.804
581.43,9987.246
581.44,10123.646
581.45,10260.154
581.46,10579.101
581.47,10214.640
581.48,10032.700
581.49,9805.551
581.5,10032.700
581.51,10305.682
581.52,10396.772
581.53,9987.246
581.54,10169.137
581.55,10305.682
581.56,10260.154
581.57,10260.154
581.58,10396.772
581.59,10260.154
581.6,10032.700
581.61,9805.551
581.62,9850.956
581.63,9805.551
581.64,9805.551
581.65,9760.157
581.66,9850.956
581.67,10579.101
581.68,10260.154
581.69,10123.646
581.7,10260.154
581.71,10169.137
581.72,10396.772
581.73,10123.646
581.74,10123.646
581.75,9850.956
581.76,9760.157
581.77,10032.700
581.78,10032.700
581.79,10123.646
581.8,10123.646
581.81,9850.956
581.82,10396.772
581.83,10396.772
581.84,9896.374
581.85,9714.775
581.86,10169.137
581.87,10260.154
581.88,10078.167
581.89,10032.700
581.9,10169.137
581.91,10487.912
581.92,10351.221
581.93,10078.167
581.94,10214.640
581.95,10351.221
581.96,10078.167
581.97,9987.246
581.98,9941.804
581.99,10214.640
582,10260.154
582.01,10032.700
582.02,10123.646
582.03,10260.154
582.04,10123.646
582.05,10260.154
582.06,10032.700
582.07,9987.246
582.08,10032.700
582.09,9987.246
582.1,10123.646
582.11,10214.640
582.12,10214.640
582.13,9941.804
582.14,9987.246
582.15,10032.700
582.16,10123.646
582.17,10214.640
582.18,9987.246
582.19,10123.646
582.2,10078.167
582.21,10078.167
582.22,9987.246
582.23,9987.246
582.24,9896.374
582.25,10078.167
582.26,10123.646
582.27,10169.137
582.28,9850.956
582.29,10078.167
582.3,10123.646
582.31,10214.640
582.32,10123.646
582.33,10351.221
582.34,10078.167
582.35,10169.137
582.36,9941.804
582.37,9941.804
582.38,10169.137
582.39,10123.646
582.4,10396.772
582.41,10032.700
582.42,10123.646
582.43,10214.640
582.44,10305.682
582.45,10123.646
582.46,9714.775
582.47,10032.700
582.48,10305.682
582.49,10260.154
582.5,9987.246
582.51,9669.406
582.52,9896.374
582.53,10305.682
582.54,10260.154
582.55,9987.246
582.56,9941.804
582.57,9896.374
582.58,10078.167
582.59,10351.221
582.6,10305.682
582.61,10032.700
582.62,9987.246
582.63,9896.374
582.64,10123.646
582.65,10123.646
582.66,10214.640
582.67,10169.137
582.68,10169.137
582.69,9987.246
582.7,9987.246
582.71,9987.246
582.72,10260.154
582.73,10123.646
582.74,10169.137
582.75,9987.246
582.76,9987.246
582.77,10260.154
582.78,10169.137
582.79,9987.246
582.8,10169.137
582.81,9987.246
582.82,10032.700
582.83,9941.804
582.84,10214.640
582.85,10260.154
582.86,9941.804
582.87,9850.956
582.88,10032.700
582.89,10078.167
582.9,9669.406
582.91,9941.804
582.92,10078.167
582.93,9941.804
582.94,10487.912
582.95,10351.221
582.96,10032.700
582.97,10169.137
582.98,10487.912
582.99,10260.154
583,9714.775
583.01,9850.956
583.02,9850.956
583.03,9896.374
583.04,10123.646
583.05,10442.336
583.06,10396.772
583.07,9896.374
583.08,9760.157
583.09,9896.374
583.1,9941.804
583.11,10260.154
583.12,10533.500
583.13,10487.912
583.14,9805.551
583.15,9850.956
583.16,10305.682
583.17,10214.640
583.18,9987.246
583.19,10032.700
583.2,9987.246
583.21,10123.646
583.22,10123.646
583.23,9987.246
583.24,9714.775
583.25,10169.137
583.26,10442.336
583.27,10442.336
583.28,9760.157
583.29,9714.775
583.3,9850.956
583.31,10305.682
583.32,10351.221
583.33,10305.682
583.34,10214.640
583.35,9987.246
583.36,9896.374
583.37,10396.772
583.38,10169.137
583.39,10214.640
583.4,10305.682
583.41,10078.167
583.42,9714.775
583.43,9533.372
583.44,9805.551
583.45,9805.551
583.46,10078.167
583.47,9850.956
583.48,10214.640
583.49,9987.246
583.5,10032.700
583.51,10123.646
583.52,9987.246
583.53,9850.956
583.54,9805.551
583.55,10533.500
583.56,10396.772
583.57,10305.682
583.58,10214.640
583.59,10260.154
583.6,10078.167
583.61,9987.246
583.62,9941.804
583.63,9896.374
583.64,10260.154
583.65,10260.154
583.66,10260.154
583.67,10214.640
583.68,9669.406
583.69,10123.646
583.7,10579.101
583.71,10169.137
583.72,10305.682
583.73,10214.640
583.74,9896.374
583.75,9578.705
583.76,9941.804
583.77,10214.640
583.78,10214.640
583.79,9987.246
583.8,10123.646
583.81,10169.137
583.82,10214.640
583.83,10169.137
583.84,10214.640
583.85,9987.246
583.86,10032.700
583.87,10260.154
583.88,10305.682
583.89,9987.246
583.9,10032.700
583.91,9805.551
583.92,9805.551
583.93,10123.646
583.94,9941.804
583.95,10123.646
583.96,10260.154
583.97,10169.137
583.98,10123.646
583.99,10214.640
584,10123.646
584.01,9941.804
584.02,10214.640
584.03,9850.956
584.04,10032.700
584.05,9896.374
584.06,10442.336
584.07,10487.912
584.08,9896.374
584.09,9442.743
584.1,9850.956
584.11,10123.646
584.12,9941.804
584.13,9987.246
584.14,10032.700
584.15,10351.221
584.16,10579.101
584.17,10032.700
584.18,9533.372
584.19,9624.050
584.2,9850.956
584.21,9805.551
584.22,10396.772
584.23,10260.154
584.24,10670.337
584.25,10078.167
584.26,9987.246
584.27,9896.374
584.28,9805.551
584.29,10032.700
584.3,10032.700
584.31,10123.646
584.32,10169.137
584.33,10078.167
584.34,10169.137
584.35,10396.772
584.36,10305.682
584.37,10579.101
584.38,10624.713
584.39,10396.772
584.4,10214.640
584.41,10351.221
584.42,10305.682
584.43,10624.713
584.44,10807.283
584.45,10807.283
584.46,10807.283
584.47,10579.101
584.48,10852.956
584.49,12274.851
584.5,13198.401
584.51,13662.000
584.52,13940.742
584.53,14406.285
584.54,14406.285
584.55,14499.540
584.56,14313.079
584.57,14219.922
584.58,14173.361
584.59,14080.277
584.6,14359.677
584.61,14126.813
584.62,14126.813
584.63,14499.540
584.64,14406.285
584.65,14266.495
584.66,14406.285
584.67,14126.813
584.68,14173.361
584.69,14080.277
584.7,14173.361
584.71,14499.540
584.72,14639.513
584.73,14499.540
584.74,14219.922
584.75,14546.186
584.76,14080.277
584.77,14126.813
584.78,13894.255
584.79,14313.079
584.8,14033.754
584.81,13987.241
584.82,14173.361
584.83,14359.677
584.84,14546.186
584.85,13291.023
584.86,12505.282
584.87,12136.737
584.88,11310.355
584.89,10533.500
584.9,10852.956
584.91,10579.101
584.92,11081.504
584.93,10990.049
584.94,10533.500
584.95,10214.640
584.96,10123.646
584.97,10260.154
584.98,10761.622
584.99,10807.283
585,10761.622
585.01,10761.622
585.02,10944.339
585.03,10624.713
585.04,10533.500
585.05,10487.912
585.06,10761.622
585.07,10579.101
585.08,10214.640
585.09,10670.337
585.1,11127.250
585.11,11310.355
585.12,10852.956
585.13,10305.682
585.14,10351.221
585.15,10351.221
585.16,10169.137
585.17,10579.101
585.18,10898.642
585.19,11356.162
585.2,11127.250
585.21,10761.622
585.22,10624.713
585.23,10579.101
585.24,10761.622
585.25,10898.642
585.26,10944.339
585.27,11493.655
585.28,10898.642
585.29,10852.956
585.3,10807.283
585.31,10944.339
585.32,10944.339
585.33,11127.250
585.34,11401.981
585.35,11447.813
585.36,11998.733
585.37,12366.987
585.38,12643.688
585.39,13615.585
585.4,13708.426
585.41,14266.495
585.42,13847.779
585.43,14452.906
585.44,13801.316
585.45,13894.255
585.46,13708.426
585.47,13615.585
585.48,12736.019
585.49,12090.724
585.5,11814.898
585.51,11768.971
585.52,11768.971
585.53,12136.737
585.54,12459.172
585.55,12090.724
585.56,12090.724
585.57,11768.971
585.58,11677.150
585.59,11860.839
585.6,11401.981
585.61,11631.259
585.62,11218.778
585.63,11173.008
585.64,11310.355
585.65,11860.839
585.66,12274.851
585.67,12366.987
585.68,12413.073
585.69,12551.405
585.7,12320.913
585.71,12920.825
585.72,13013.302
585.73,13105.827
585.74,13476.414
585.75,13801.316
585.76,14033.754
585.77,13801.316
585.78,13801.316
585.79,14033.754
585.8,14313.079
585.81,14546.186
585.82,14686.194
585.83,14219.922
585.84,14033.754
585.85,13662.000
585.86,13801.316
585.87,14080.277
585.88,14266.495
585.89,15106.879
585.9,14826.313
585.91,14173.361
585.92,14546.186
585.93,14033.754
585.94,14173.361
585.95,16893.957
585.96,18794.055
585.97,20520.770
585.98,21244.885
585.99,21486.863
586,21438.443
586.01,21583.740
586.02,21632.197
586.03,21341.639
586.04,21051.520
586.05,21003.209
586.06,21099.842
586.07,21486.863
586.08,21583.740
586.09,21486.863
586.1,21486.863
586.11,21293.256
586.12,21293.256
586.13,20858.350
586.14,21099.842
586.15,21486.863
586.16,21438.443
586.17,21729.146
586.18,21874.662
586.19,21244.885
586.2,20858.350
586.21,20761.838
586.22,21196.525
586.23,22068.854
586.24,22166.021
586.25,21777.639
586.26,21244.885
586.27,21293.256
586.28,21244.885
586.29,21051.520
586.3,21244.885
586.31,21390.035
586.32,21583.740
586.33,21293.256
586.34,21438.443
586.35,21632.197
586.36,21244.885
586.37,21003.209
586.38,21051.520
586.39,21293.256
586.4,21196.525
586.41,21438.443
586.42,21535.295
586.43,21729.146
586.44,21486.863
586.45,21486.863
586.46,21244.885
586.47,21148.178
586.48,20954.910
586.49,21244.885
586.5,21244.885
586.51,21341.639
586.52,21341.639
586.53,21680.666
586.54,21196.525
586.55,21535.295
586.56,21535.295
586.57,21486.863
586.58,21244.885
586.59,21341.639
586.6,21341.639
586.61,20954.910
586.62,21148.178
586.63,21680.666
586.64,21777.639
586.65,21632.197
586.66,21486.863
586.67,21148.178
586.68,20906.623
586.69,20810.088
586.7,20954.910
586.71,21341.639
586.72,21632.197
586.73,21729.146
586.74,21971.732
586.75,21390.035
586.76,21099.842
586.77,20906.623
586.78,20810.088
586.79,20906.623
586.8,21196.525
586.81,21341.639
586.82,21535.295
586.83,21438.443
586.84,21293.256
586.85,21293.256
586.86,21486.863
586.87,21196.525
586.88,21583.740
586.89,21777.639
586.9,21680.666
586.91,21148.178
586.92,21003.209
586.93,21293.256
586.94,21583.740
586.95,21826.145
586.96,21632.197
586.97,21341.639
586.98,20906.623
586.99,20665.373
587,20906.623
587.01,20954.910
587.02,21293.256
587.03,21632.197
587.04,21244.885
587.05,21244.885
587.06,21148.178
587.07,21293.256
587.08,21341.639
587.09,21826.145
587.1,21680.666
587.11,21390.035
587.12,21341.639
587.13,21244.885
587.14,21244.885
587.15,21148.178
587.16,21390.035
587.17,21293.256
587.18,21535.295
587.19,21293.256
587.2,21390.035
587.21,21244.885
587.22,21680.666
587.23,21729.146
587.24,21632.197
587.25,21535.295
587.26,21051.520
587.27,21341.639
587.28,21341.639
587.29,21099.842
587.3,21003.209
587.31,21148.178
587.32,21293.256
587.33,21293.256
587.34,21486.863
587.35,21632.197
587.36,21486.863
587.37,21486.863
587.38,21390.035
587.39,21293.256
587.4,21632.197
587.41,21438.443
587.42,21583.740
587.43,21196.525
587.44,21051.520
587.45,21729.146
587.46,21486.863
587.47,21003.209
587.48,20954.910
587.49,20713.600
587.5,21535.295
587.51,21244.885
587.52,21390.035
587.53,21438.443
587.54,21244.885
587.55,21051.520
587.56,21583.740
587.57,21680.666
587.58,21680.666
587.59,21148.178
587.6,21051.520
587.61,21148.178
587.62,21680.666
587.63,21196.525
587.64,21196.525
587.65,21148.178
587.66,21632.197
587.67,21680.666
587.68,21680.666
587.69,21341.639
587.7,21003.209
587.71,21244.885
587.72,21390.035
587.73,21099.842
587.74,21390.035
587.75,21293.256
587.76,21099.842
587.77,21196.525
587.78,21293.256
587.79,21632.197
587.8,21244.885
587.81,21438.443
587.82,21244.885
587.83,21148.178
587.84,21196.525
587.85,21583.740
587.86,21390.035
587.87,21293.256
587.88,20906.623
587.89,21196.525
587.9,21099.842
587.91,21438.443
587.92,21438.443
587.93,21583.740
587.94,21680.666
587.95,21438.443
587.96,21390.035
587.97,21438.443
587.98,21293.256
587.99,21244.885
588,21244.885
588.01,21244.885
588.02,21293.256
588.03,21148.178
588.04,20954.910
588.05,21099.842
588.06,21390.035
588.07,21632.197
588.08,21390.035
588.09,21148.178
588.1,21051.520
588.11,21293.256
588.12,21390.035
588.13,21244.885
588.14,21099.842
588.15,21341.639
588.16,21826.145
588.17,21535.295
588.18,21486.863
588.19,21196.525
588.2,21486.863
588.21,21244.885
588.22,21244.885
588.23,21196.525
588.24,20906.623
588.25,21390.035
588.26,21293.256
588.27,21293.256
588.28,21341.639
588.29,21583.740
588.3,21341.639
588.31,21390.035
588.32,21486.863
588.33,21438.443
588.34,21583.740
588.35,21486.863
588.36,21583.740
588.37,21341.639
588.38,21438.443
588.39,21535.295
588.4,21390.035
588.41,21293.256
588.42,21583.740
588.43,21148.178
588.44,21148.178
588.45,21341.639
588.46,21341.639
588.47,21777.639
588.48,21438.443
588.49,21099.842
588.5,21293.256
588.51,21244.885
588.52,21196.525
588.53,21486.863
588.54,21244.885
588.55,21099.842
588.56,21390.035
588.57,21632.197
588.58,21874.662
588.59,21535.295
588.6,21099.842
588.61,21196.525
588.62,21148.178
588.63,21051.520
588.64,20954.910
588.65,21244.885
588.66,21632.197
588.67,21632.197
588.68,21535.295
588.69,21583.740
588.7,21680.666
588.71,21341.639
588.72,21341.639
588.73,21535.295
588.74,21535.295
588.75,21486.863
588.76,21148.178
588.77,21244.885
588.78,21680.666
588.79,21874.662
588.8,21196.525
588.81,21390.035
588.82,21438.443
588.83,21244.885
588.84,21293.256
588.85,20810.088
588.86,21244.885
588.87,21244.885
588.88,21099.842
588.89,21438.443
588.9,21486.863
588.91,21244.885
588.92,21486.863
588.93,21632.197
588.94,21196.525
588.95,21196.525
588.96,21051.520
588.97,21196.525
588.98,21438.443
588.99,21244.885
589,19367.875
589.01,16186.436
589.02,13662.000
589.03,11998.733
589.04,11127.250
589.05,10990.049
589.06,11127.250
589.07,11081.504
589.08,11677.150
589.09,11814.898
589.1,11631.259
589.11,11677.150
589.12,11585.379
589.13,11264.561
589.14,11310.355
589.15,11401.981
589.16,10990.049
589.17,11264.561
589.18,11493.655
589.19,11860.839
589.2,12413.073
589.21,13244.706
589.22,13244.706
589.23,13987.241
589.24,13662.000
589.25,14173.361
589.26,14732.889
589.27,14826.313
589.28,14779.595
589.29,17272.422
589.3,19272.117
589.31,20713.600
589.32,21099.842
589.33,21293.256
589.34,21196.525
589.35,21486.863
589.36,21729.146
589.37,21680.666
589.38,21486.863
589.39,21196.525
589.4,21196.525
589.41,21583.740
589.42,21680.666
589.43,21341.639
589.44,21632.197
589.45,21777.639
589.46,21196.525
589.47,20810.088
589.48,21099.842
589.49,21293.256
589.5,21051.520
589.51,21390.035
589.52,21583.740
589.53,21486.863
589.54,21874.662
589.55,21632.197
589.56,21196.525
589.57,21293.256
589.58,21341.639
589.59,21148.178
589.6,20954.910
589.61,21293.256
589.62,21680.666
589.63,21923.191
589.64,21583.740
589.65,21535.295
589.66,21583.740
589.67,21680.666
589.68,20954.910
589.69,20906.623
589.7,21099.842
589.71,21244.885
589.72,20858.350
589.73,20665.373
589.74,20713.600
589.75,20713.600
589.76,20520.770
589.77,20231.891
589.78,20520.770
589.79,20376.275
589.8,20424.428
589.81,20376.275
589.82,20761.838
589.83,20810.088
589.84,20520.770
589.85,20472.594
589.86,20328.135
589.87,20280.006
589.88,20231.891
589.89,19847.398
589.9,20183.785
589.91,20520.770
589.92,20810.088
589.93,20954.910
589.94,20713.600
589.95,21051.520
589.96,21293.256
589.97,21196.525
589.98,21196.525
589.99,21826.145
590,21680.666
590.01,21632.197
590.02,21003.209
590.03,20906.623
590.04,21099.842
590.05,20810.088
590.06,21341.639
590.07,21632.197
590.08,21486.863
590.09,21390.035
590.1,21148.178
590.11,21293.256
590.12,19559.539
590.13,15998.225
590.14,13198.401
590.15,12044.723
590.16,11401.981
590.17,11310.355
590.18,11173.008
590.19,11035.771
590.2,11310.355
590.21,11493.655
590.22,11401.981
590.23,11264.561
590.24,11906.792
590.25,11768.971
590.26,11539.511
590.27,10944.339
590.28,11127.250
590.29,11401.981
590.3,11631.259
590.31,11401.981
590.32,12505.282
590.33,13383.694
590.34,13522.792
590.35,14126.813
590.36,13847.779
590.37,13059.559
590.38,12597.540
590.39,12597.540
590.4,12413.073
590.41,12505.282
590.42,12689.847
590.43,12736.019
590.44,12736.019
590.45,12366.987
590.46,11631.259
590.47,10898.642
590.48,10852.956
590.49,10990.049
590.5,10990.049
590.51,10715.974
590.52,10761.622
590.53,10624.713
590.54,11127.250
590.55,11173.008
590.56,11081.504
590.57,11310.355
590.58,11264.561
590.59,10715.974
590.6,10624.713
590.61,10852.956
590.62,10944.339
590.63,11493.655
590.64,11493.655
590.65,11952.757
590.66,11860.839
590.67,11998.733
590.68,12643.688
590.69,13337.353
590.7,13337.353
590.71,13430.049
590.72,13894.255
590.73,14033.754
590.74,13940.742
590.75,12459.172
590.76,10807.283
590.77,10351.221
590.78,10624.713
590.79,10898.642
590.8,10533.500
590.81,10715.974
590.82,11173.008
590.83,10761.622
590.84,10990.049
590.85,10807.283
590.86,11264.561
590.87,11173.008
590.88,11814.898
590.89,13662.000
590.9,13244.706
590.91,13662.000
590.92,13198.401
590.93,13244.706
590.94,13383.694
590.95,13754.865
590.96,13847.779
590.97,13291.023
590.98,13569.183
590.99,13152.108
591,13198.401
591.01,13198.401
591.02,13615.585
591.03,13244.706
591.04,15013.309
591.05,17984.137
591.06,18985.133
591.07,19703.414
591.08,19224.256
591.09,18746.314
591.1,18364.838
591.11,17984.137
591.12,17794.078
591.13,16563.439
591.14,14779.595
591.15,13244.706
591.16,11631.259
591.17,10898.642
591.18,11173.008
591.19,12228.801
591.2,11998.733
591.21,11127.250
591.22,10852.956
591.23,11127.250
591.24,14592.843
591.25,16846.705
591.26,18364.838
591.27,18126.809
591.28,16516.271
591.29,13801.316
591.3,13662.000
591.31,12413.073
591.32,11768.971
591.33,12044.723
591.34,14919.787
591.35,17651.662
591.36,19847.398
591.37,20568.959
591.38,20568.959
591.39,20087.613
591.4,19559.539
591.41,20280.006
591.42,21003.209
591.43,20617.160
591.44,18221.982
591.45,16705.018
591.46,15106.879
591.47,14546.186
591.48,14173.361
591.49,13987.241
591.5,14406.285
591.51,16045.259
591.52,17035.791
591.53,16469.115
591.54,15904.192
591.55,15153.683
591.56,14406.285
591.57,14313.079
591.58,14266.495
591.59,14033.754
591.6,13987.241
591.61,13662.000
591.62,14173.361
591.63,14499.540
591.64,14499.540
591.65,14732.889
591.66,14452.906
591.67,14080.277
591.68,14033.754
591.69,14033.754
591.7,13940.742
591.71,14266.495
591.72,14359.677
591.73,14499.540
591.74,14873.044
591.75,14639.513
591.76,13894.255
591.77,13894.255
591.78,14126.813
591.79,13987.241
591.8,14452.906
591.81,14546.186
591.82,14359.677
591.83,13894.255
591.84,12874.605
591.85,13244.706
591.86,13337.353
591.87,13430.049
591.88,14359.677
591.89,14546.186
591.9,14266.495
591.91,13847.779
591.92,13847.779
591.93,14313.079
591.94,14779.595
591.95,15200.498
591.96,14919.787
591.97,14033.754
591.98,14219.922
591.99,14126.813
592,14173.361
592.01,13894.255
592.02,13801.316
592.03,14406.285
592.04,14452.906
592.05,14219.922
592.06,14266.495
592.07,14033.754
592.08,14639.513
592.09,14639.513
592.1,14546.186
592.11,14033.754
592.12,14266.495
592.13,14406.285
592.14,14686.194
592.15,14359.677
592.16,13940.742
592.17,14266.495
592.18,14452.906
592.19,14359.677
592.2,14266.495
592.21,14452.906
592.22,14219.922
592.23,14406.285
592.24,14406.285
592.25,14219.922
592.26,14266.495
592.27,14452.906
592.28,14732.889
592.29,14359.677
592.3,13940.742
592.31,14499.540
592.32,14266.495
592.33,14219.922
592.34,14219.922
592.35,14266.495
592.36,14359.677
592.37,14452.906
592.38,14406.285
592.39,14452.906
592.4,14499.540
592.41,14266.495
592.42,14452.906
592.43,14406.285
592.44,13708.426
592.45,14033.754
592.46,14499.540
592.47,14359.677
592.48,14359.677
592.49,14499.540
592.5,14406.285
592.51,14266.495
592.52,13894.255
592.53,14173.361
592.54,14359.677
592.55,14313.079
592.56,14313.079
592.57,14732.889
592.58,14499.540
592.59,14406.285
592.6,14266.495
592.61,14266.495
592.62,14033.754
592.63,14219.922
592.64,14219.922
592.65,13940.742
592.66,14080.277
592.67,14639.513
592.68,14592.843
592.69,14546.186
592.7,14313.079
592.71,14592.843
592.72,14452.906
592.73,14219.922
592.74,14313.079
592.75,14686.194
592.76,14266.495
592.77,14406.285
592.78,14219.922
592.79,14219.922
592.8,14313.079
592.81,14266.495
592.82,13940.742
592.83,14359.677
592.84,14406.285
592.85,14406.285
592.86,13987.241
592.87,14173.361
592.88,14266.495
592.89,13987.241
592.9,14080.277
592.91,14406.285
592.92,14546.186
592.93,14219.922
592.94,14266.495
592.95,13894.255
592.96,13847.779
592.97,14173.361
592.98,14359.677
592.99,14639.513
593,14219.922
593.01,14173.361
593.02,14406.285
593.03,14452.906
593.04,14266.495
593.05,14126.813
593.06,14266.495
593.07,14313.079
593.08,14173.361
593.09,14219.922
593.1,14219.922
593.11,14452.906
593.12,14219.922
593.13,14126.813
593.14,14266.495
593.15,14359.677
593.16,14080.277
593.17,14080.277
593.18,14452.906
593.19,14313.079
593.2,14126.813
593.21,14406.285
593.22,14266.495
593.23,14313.079
593.24,14639.513
593.25,14313.079
593.26,13894.255
593.27,14126.813
593.28,14359.677
593.29,14219.922
593.3,14686.194
593.31,14779.595
593.32,14359.677
593.33,13894.255
593.34,13894.255
593.35,14499.540
593.36,14639.513
593.37,14359.677
593.38,14313.079
593.39,14452.906
593.4,13940.742
593.41,13754.865
593.42,14033.754
593.43,14126.813
593.44,14406.285
593.45,14359.677
593.46,14452.906
593.47,14080.277
593.48,13940.742
593.49,13754.865
593.5,14499.540
593.51,14359.677
593.52,14126.813
593.53,14266.495
593.54,14359.677
593.55,14126.813
593.56,14033.754
593.57,14359.677
593.58,14219.922
593.59,14173.361
593.6,14033.754
593.61,14173.361
593.62,14592.843
593.63,14499.540
593.64,14406.285
593.65,14266.495
593.66,14266.495
593.67,14126.813
593.68,14546.186
593.69,14080.277
593.7,13940.742
593.71,13847.779
593.72,13987.241
593.73,14126.813
593.74,14080.277
593.75,14359.677
593.76,14639.513
593.77,14452.906
593.78,13894.255
593.79,14126.813
593.8,14126.813
593.81,14266.495
593.82,14126.813
593.83,14452.906
593.84,14219.922
593.85,14080.277
593.86,14080.277
593.87,14452.906
593.88,14080.277
593.89,13754.865
593.9,14313.079
593.91,14686.194
593.92,14592.843
593.93,14080.277
593.94,13754.865
593.95,13987.241
593.96,13847.779
593.97,14080.277
593.98,13894.255
593.99,14033.754
594,14452.906
594.01,14359.677
594.02,14406.285
594.03,14173.361
594.04,14080.277
594.05,14033.754
594.06,14173.361
594.07,14126.813
594.08,14266.495
594.09,14033.754
594.1,13894.255
594.11,13894.255
594.12,14219.922
594.13,14546.186
594.14,14173.361
594.15,14499.540
594.16,14546.186
594.17,14173.361
594.18,13708.426
594.19,13847.779
594.2,14033.754
594.21,14080.277
594.22,14173.361
594.23,14266.495
594.24,13847.779
594.25,13662.000
594.26,14033.754
594.27,14452.906
594.28,14313.079
594.29,14173.361
594.3,14452.906
594.31,14499.540
594.32,14359.677
594.33,14266.495
594.34,13987.241
594.35,13894.255
594.36,14173.361
594.37,14266.495
594.38,14033.754
594.39,13987.241
594.4,14173.361
594.41,14033.754
594.42,14499.540
594.43,14452.906
594.44,14080.277
594.45,14126.813
594.46,14126.813
594.47,13801.316
594.48,14359.677
594.49,14033.754
594.5,14219.922
594.51,14313.079
594.52,13940.742
594.53,13662.000
594.54,14219.922
594.55,14546.186
594.56,14126.813
594.57,14080.277
594.58,13940.742
594.59,14173.361
594.6,14219.922
594.61,14126.813
594.62,14313.079
594.63,14452.906
594.64,14266.495
594.65,14266.495
594.66,13987.241
594.67,13847.779
594.68,13987.241
594.69,14406.285
594.7,14266.495
594.71,14219.922
594.72,14546.186
594.73,14359.677
594.74,14080.277
594.75,13847.779
594.76,14080.277
594.77,14080.277
594.78,14219.922
594.79,14359.677
594.8,14639.513
594.81,13987.241
594.82,14080.277
594.83,13847.779
594.84,14266.495
594.85,15200.498
594.86,14313.079
594.87,14359.677
594.88,14033.754
594.89,14219.922
594.9,14406.285
594.91,14033.754
594.92,14452.906
594.93,14406.285
594.94,14126.813
594.95,14313.079
594.96,14219.922
594.97,14033.754
594.98,13894.255
594.99,13940.742
595,13940.742
595.01,14080.277
595.02,14080.277
595.03,14126.813
595.04,14219.922
595.05,14452.906
595.06,14126.813
595.07,14033.754
595.08,14219.922
595.09,13987.241
595.1,14313.079
595.11,14406.285
595.12,14639.513
595.13,14266.495
595.14,14126.813
595.15,13522.792
595.16,14033.754
595.17,14639.513
595.18,14173.361
595.19,14219.922
595.2,14266.495
595.21,14592.843
595.22,14452.906
595.23,14126.813
595.24,13940.742
595.25,13754.865
595.26,13847.779
595.27,14080.277
595.28,14080.277
595.29,14732.889
595.3,14592.843
595.31,14686.194
595.32,14452.906
595.33,14499.540
595.34,13987.241
595.35,13662.000
595.36,13754.865
595.37,14219.922
595.38,14452.906
595.39,14406.285
595.4,14452.906
595.41,14359.677
595.42,14266.495
595.43,14359.677
595.44,14499.540
595.45,14266.495
595.46,13894.255
595.47,13940.742
595.48,13987.241
595.49,14126.813
595.5,14313.079
595.51,14452.906
595.52,13894.255
595.53,14173.361
595.54,14219.922
595.55,14406.285
595.56,14406.285
595.57,14592.843
595.58,13987.241
595.59,14126.813
595.6,13754.865
595.61,14126.813
595.62,14266.495
595.63,14732.889
595.64,14732.889
595.65,14266.495
595.66,14452.906
595.67,14080.277
595.68,13987.241
595.69,14080.277
595.7,14173.361
595.71,14826.313
595.72,14592.843
595.73,14173.361
595.74,13987.241
595.75,13987.241
595.76,14219.922
595.77,14219.922
595.78,14033.754
595.79,13615.585
595.8,14080.277
595.81,14639.513
595.82,14592.843
595.83,14919.787
595.84,14499.540
595.85,13987.241
595.86,14126.813
595.87,14033.754
595.88,14033.754
595.89,14359.677
595.9,14359.677
595.91,14592.843
595.92,14639.513
595.93,14499.540
595.94,14546.186
595.95,14126.813
595.96,13847.779
595.97,13940.742
595.98,14266.495
595.99,14686.194
596,14452.906
596.01,14406.285
596.02,14359.677
596.03,14033.754
596.04,13894.255
596.05,14033.754
596.06,14452.906
596.07,14452.906
596.08,14080.277
596.09,13198.401
596.1,12782.202
596.11,12551.405
596.12,12090.724
596.13,11768.971
596.14,11814.898
596.15,11814.898
596.16,11906.792
596.17,12182.763
596.18,12320.913
596.19,12597.540
596.2,13383.694
596.21,15106.879
596.22,18794.055
596.23,21729.146
596.24,23189.225
596.25,22117.432
596.26,17794.078
596.27,14499.540
596.28,12413.073
596.29,13291.023
596.3,16846.705
596.31,19511.605
596.32,21148.178
596.33,22263.238
596.34,22068.854
596.35,22068.854
596.36,22166.021
596.37,21438.443
596.38,19895.416
596.39,20328.135
596.4,19511.605
596.41,18841.807
596.42,19991.490
596.43,20858.350
596.44,19703.414
596.45,17794.078
596.46,16469.115
596.47,14080.277
596.48,12366.987
596.49,11447.813
596.5,10990.049
596.51,11035.771
596.52,13152.108
596.53,15153.683
596.54,17461.945
596.55,19415.773
596.56,19319.990
596.57,17984.137
596.58,19128.570
596.59,17651.662
596.6,18031.682
596.61,18985.133
596.62,19176.408
596.63,17841.574
596.64,15481.647
596.65,14126.813
596.66,13152.108
596.67,14639.513
596.68,17509.355
596.69,18794.055
596.7,18650.873
596.71,19895.416
596.72,21148.178
596.73,21874.662
596.74,21826.145
596.75,21099.842
596.76,19655.443
596.77,18555.479
596.78,18126.809
596.79,17651.662
596.8,17841.574
596.81,17604.215
596.82,18555.479
596.83,18364.838
596.84,17319.783
596.85,18412.479
596.86,19703.414
596.87,18126.809
596.88,17083.092
596.89,19080.746
596.9,20954.910
596.91,19655.443
596.92,19272.117
596.93,18555.479
596.94,17604.215
596.95,16610.621
596.96,16657.813
596.97,17936.604
596.98,17367.158
596.99,19032.934
597,20617.160
597.01,21099.842
597.02,20713.600
597.03,17651.662
597.04,15857.194
597.05,15200.498
597.06,14592.843
597.07,14639.513
597.08,15857.194
597.09,15998.225
597.1,16893.957
597.11,19128.570
597.12,19943.447
597.13,20761.838
597.14,21051.520
597.15,20906.623
597.16,20906.623
597.17,19655.443
597.18,19655.443
597.19,20135.693
597.2,18412.479
597.21,16610.621
597.22,16657.813
597.23,15763.234
597.24,15481.647
597.25,16846.705
597.26,19080.746
597.27,20424.428
597.28,21486.863
597.29,21293.256
597.3,17414.545
597.31,14219.922
597.32,11814.898
597.33,10670.337
597.34,11401.981
597.35,11998.733
597.36,11723.055
597.37,12228.801
597.38,11723.055
597.39,12136.737
597.4,11631.259
597.41,11401.981
597.42,10944.339
597.43,10533.500
597.44,12920.825
597.45,16941.223
597.46,19703.414
597.47,21341.639
597.48,21729.146
597.49,22555.182
597.5,22457.818
597.51,22020.287
597.52,21486.863
597.53,20231.891
597.54,18889.570
597.55,18650.873
597.56,19895.416
597.57,20231.891
597.58,18221.982
597.59,16469.115
597.6,17225.070
597.61,18889.570
597.62,20087.613
597.63,18889.570
597.64,18985.133
597.65,17414.545
597.66,15763.234
597.67,16941.223
597.68,18985.133
597.69,20954.910
597.7,20376.275
597.71,15998.225
597.72,13152.108
597.73,14406.285
597.74,17651.662
597.75,20039.547
597.76,21099.842
597.77,21244.885
597.78,21341.639
597.79,21874.662
597.8,18746.314
597.81,18603.170
597.82,19559.539
597.83,17936.604
597.84,18031.682
597.85,18650.873
597.86,17272.422
597.87,18650.873
597.88,20135.693
597.89,20617.160
597.9,20954.910
597.91,20568.959
597.92,17699.123
597.93,16233.519
597.94,15153.683
597.95,14592.843
597.96,14546.186
597.97,14919.787
597.98,15763.234
597.99,18555.479
598,18841.807
598.01,18889.570
598.02,19943.447
598.03,19080.746
598.04,18794.055
598.05,18794.055
598.06,18412.479
598.07,18031.682
598.08,18364.838
598.09,18317.207
598.1,17794.078
598.11,17746.594
598.12,18269.590
598.13,19511.605
598.14,19559.539
598.15,20231.891
598.16,21003.209
598.17,21632.197
598.18,21632.197
598.19,18889.570
598.2,16045.259
598.21,14732.889
598.22,13847.779
598.23,13662.000
598.24,13476.414
598.25,13383.694
598.26,13476.414
598.27,13662.000
598.28,13615.585
598.29,13615.585
598.3,13476.414
598.31,13291.023
598.32,13244.706
598.33,13522.792
598.34,13847.779
598.35,13476.414
598.36,13337.353
598.37,13615.585
598.38,16233.519
598.39,18174.391
598.4,16988.500
598.41,15857.194
598.42,14919.787
598.43,16280.613
598.44,16374.841
598.45,15951.202
598.46,14686.194
598.47,16705.018
598.48,17083.092
598.49,17225.070
598.5,19367.875
598.51,20954.910
598.52,21390.035
598.53,19319.990
598.54,17461.945
598.55,17984.137
598.56,19799.391
598.57,19847.398
598.58,18650.873
598.59,18985.133
598.6,18174.391
598.61,18079.238
598.62,17651.662
598.63,18174.391
598.64,15951.202
598.65,17509.355
598.66,16893.957
598.67,17651.662
598.68,17177.732
598.69,15716.272
598.7,15481.647
598.71,15528.549
598.72,15434.759
598.73,14732.889
598.74,14219.922
598.75,14732.889
598.76,14873.044
598.77,15106.879
598.78,14639.513
598.79,14686.194
598.8,14826.313
598.81,16705.018
598.82,19176.408
598.83,20858.350
598.84,18650.873
598.85,16893.957
598.86,15528.549
598.87,16705.018
598.88,17841.574
598.89,18412.479
598.9,18412.479
598.91,19463.684
598.92,19272.117
598.93,17699.123
598.94,18174.391
598.95,19080.746
598.96,15998.225
598.97,13291.023
598.98,11723.055
598.99,12967.058
599,16846.705
599.01,19847.398
599.02,21486.863
599.03,22214.623
599.04,22457.818
599.05,22603.881
599.06,22750.053
599.07,22263.238
599.08,21777.639
599.09,21826.145
599.1,21583.740
599.11,21632.197
599.12,21777.639
599.13,18889.570
599.14,18460.133
599.15,17035.791
599.16,18841.807
599.17,17984.137
599.18,19607.484
599.19,20520.770
599.2,21099.842
599.21,20954.910
599.22,20376.275
599.23,17367.158
599.24,17319.783
599.25,19080.746
599.26,20665.373
599.27,18937.346
599.28,20087.613
599.29,21244.885
599.3,20954.910
599.31,20568.959
599.32,20183.785
599.33,19367.875
599.34,18889.570
599.35,18603.170
599.36,18555.479
599.37,18364.838
599.38,18412.479
599.39,18126.809
599.4,18555.479
599.41,19272.117
599.42,18174.391
599.43,16610.621
599.44,15387.883
599.45,14919.787
599.46,14639.513
599.47,15669.323
599.48,15669.323
599.49,15528.549
599.5,15200.498
599.51,15294.166
599.52,15481.647
599.53,15013.309
599.54,14732.889
599.55,14452.906
599.56,15060.088
599.57,15294.166
599.58,16657.813
599.59,17841.574
599.6,18221.982
599.61,18841.807
599.62,18460.133
599.63,18412.479
599.64,18650.873
599.65,18555.479
599.66,18507.801
599.67,17177.732
599.68,16327.721
599.69,14873.044
599.7,13662.000
599.71,14873.044
599.72,14966.542
599.73,17461.945
599.74,18937.346
599.75,18031.682
599.76,17936.604
599.77,18794.055
599.78,17984.137
599.79,17699.123
599.8,16705.018
599.81,17556.779
599.82,17936.604
599.83,18412.479
599.84,18603.170
599.85,18841.807
599.86,19128.570
599.87,19128.570
599.88,18603.170
599.89,18412.479
599.9,17035.791
599.91,17130.406
599.92,15575.461
599.93,17414.545
599.94,19176.408
599.95,20713.600
599.96,20328.135
599.97,18079.238
599.98,16233.519
599.99,15060.088
600,16092.306
600.01,17083.092
600.02,18937.346
600.03,18221.982
600.04,16846.705
600.05,16045.259
600.06,15341.019
600.07,14686.194
600.08,15200.498
600.09,15857.194
600.1,16045.259
600.11,15951.202
600.12,17889.084
600.13,16893.957
600.14,16327.721
600.15,15810.208
600.16,15716.272
600.17,15575.461
600.18,13987.241
600.19,14173.361
600.2,16280.613
600.21,16516.271
600.22,15669.323
600.23,15153.683
600.24,15951.202
600.25,18079.238
600.26,17319.783
600.27,17746.594
600.28,19032.934
600.29,20087.613
600.3,20039.547
600.31,17841.574
600.32,17984.137
600.33,17509.355
600.34,19319.990
600.35,19799.391
600.36,18126.809
600.37,17083.092
600.38,16516.271
600.39,18603.170
600.4,17604.215
600.41,19511.605
600.42,20183.785
600.43,19224.256
600.44,20328.135
600.45,21293.256
600.46,21535.295
600.47,17746.594
600.48,14406.285
600.49,12459.172
600.5,12413.073
600.51,14873.044
600.52,16705.018
600.53,17509.355
600.54,16186.436
600.55,13476.414
600.56,11768.971
600.57,11310.355
600.58,11493.655
600.59,12320.913
600.6,12228.801
600.61,12182.763
600.62,12136.737
600.63,12228.801
600.64,11998.733
600.65,12044.723
600.66,12182.763
600.67,12551.405
600.68,15951.202
600.69,16752.234
600.7,15387.883
600.71,13291.023
600.72,11539.511
600.73,11081.504
600.74,11218.778
600.75,11585.379
600.76,11631.259
600.77,12551.405
600.78,12413.073
600.79,12274.851
600.8,12413.073
600.81,12366.987
600.82,12182.763
600.83,11952.757
600.84,12689.847
600.85,13244.706
600.86,14173.361
600.87,15528.549
600.88,15387.883
600.89,13522.792
600.9,11447.813
600.91,11173.008
600.92,11493.655
600.93,11860.839
600.94,12689.847
600.95,12320.913
600.96,12366.987
600.97,12136.737
600.98,12090.724
600.99,12044.723
601,12320.913
601.01,12597.540
601.02,14546.186
601.03,14826.313
601.04,13337.353
601.05,12044.723
601.06,12136.737
601.07,11998.733
601.08,11998.733
601.09,12044.723
601.1,11723.055
601.11,12228.801
601.12,12182.763
601.13,12274.851
601.14,12413.073
601.15,12505.282
601.16,12136.737
601.17,13476.414
601.18,14873.044
601.19,13059.559
601.2,12136.737
601.21,11768.971
601.22,12413.073
601.23,12090.724
601.24,11998.733
601.25,12182.763
601.26,12044.723
601.27,11723.055
601.28,11860.839
601.29,12320.913
601.3,12736.019
601.31,12736.019
601.32,13894.255
601.33,14966.542
601.34,13383.694
601.35,11906.792
601.36,11723.055
601.37,11677.150
601.38,11585.379
601.39,12228.801
601.4,12228.801
601.41,12597.540
601.42,12228.801
601.43,12366.987
601.44,12182.763
601.45,11814.898
601.46,11952.757
601.47,13244.706
601.48,15294.166
601.49,13476.414
601.5,11998.733
601.51,11952.757
601.52,11998.733
601.53,12136.737
601.54,11768.971
601.55,12274.851
601.56,12182.763
601.57,12182.763
601.58,12090.724
601.59,12366.987
601.6,12320.913
601.61,12228.801
601.62,13522.792
601.63,15200.498
601.64,13291.023
601.65,11585.379
601.66,11585.379
601.67,11493.655
601.68,12228.801
601.69,12505.282
601.7,12044.723
601.71,12551.405
601.72,12413.073
601.73,12136.737
601.74,11814.898
601.75,11860.839
601.76,12228.801
601.77,12320.913
601.78,13105.827
601.79,15622.387
601.8,16469.115
601.81,18412.479
601.82,18126.809
601.83,14919.787
601.84,12689.847
601.85,12044.723
601.86,12874.605
601.87,13894.255
601.88,13476.414
601.89,12228.801
601.9,11218.778
601.91,11356.162
601.92,11631.259
601.93,11723.055
601.94,11906.792
601.95,11860.839
601.96,12413.073
601.97,12505.282
601.98,12320.913
601.99,12274.851
602,11814.898
602.01,12505.282
602.02,14639.513
602.03,14499.540
602.04,12874.605
602.05,11723.055
602.06,11631.259
602.07,11952.757
602.08,12274.851
602.09,11860.839
602.1,11998.733
602.11,12274.851
602.12,12459.172
602.13,11860.839
602.14,12090.724
602.15,12597.540
602.16,12782.202
602.17,14452.906
602.18,14639.513
602.19,13013.302
602.2,11677.150
602.21,11585.379
602.22,12044.723
602.23,12413.073
602.24,12090.724
602.25,11998.733
602.26,12366.987
602.27,12090.724
602.28,12044.723
602.29,12044.723
602.3,12505.282
602.31,12320.913
602.32,14219.922
602.33,14826.313
602.34,13013.302
602.35,11906.792
602.36,11814.898
602.37,11723.055
602.38,11585.379
602.39,12182.763
602.4,12366.987
602.41,12274.851
602.42,12136.737
602.43,11998.733
602.44,12044.723
602.45,11998.733
602.46,12274.851
602.47,13754.865
602.48,14826.313
602.49,13662.000
602.5,11814.898
602.51,11768.971
602.52,11998.733
602.53,11723.055
602.54,11723.055
602.55,12228.801
602.56,12228.801
602.57,12274.851
602.58,12228.801
602.59,11952.757
602.6,12274.851
602.61,12643.688
602.62,13987.241
602.63,14873.044
602.64,13383.694
602.65,11677.150
602.66,11677.150
602.67,12320.913
602.68,11860.839
602.69,11998.733
602.7,12090.724
602.71,12413.073
602.72,11998.733
602.73,12090.724
602.74,12182.763
602.75,12090.724
602.76,12136.737
602.77,12459.172
602.78,13430.049
602.79,15200.498
602.8,14266.495
602.81,12967.058
602.82,11906.792
602.83,11447.813
602.84,11723.055
602.85,12136.737
602.86,12597.540
602.87,12551.405
602.88,11906.792
602.89,11723.055
602.9,11814.898
602.91,12182.763
602.92,12228.801
602.93,12551.405
602.94,15106.879
602.95,14126.813
602.96,12643.688
602.97,11860.839
602.98,11585.379
602.99,11447.813
603,12136.737
603.01,12274.851
603.02,12228.801
603.03,11906.792
603.04,12274.851
603.05,11998.733
603.06,11998.733
603.07,11768.971
603.08,12274.851
603.09,14966.542
603.1,15857.194
603.11,14779.595
603.12,13522.792
603.13,11906.792
603.14,11677.150
603.15,12459.172
603.16,13708.426
603.17,12689.847
603.18,11723.055
603.19,11998.733
603.2,11631.259
603.21,12090.724
603.22,11768.971
603.23,11998.733
603.24,12366.987
603.25,12413.073
603.26,12228.801
603.27,12228.801
603.28,11814.898
603.29,11952.757
603.3,13152.108
603.31,15153.683
603.32,13708.426
603.33,12597.540
603.34,11906.792
603.35,11447.813
603.36,11906.792
603.37,12366.987
603.38,12597.540
603.39,11998.733
603.4,12182.763
603.41,11998.733
603.42,12274.851
603.43,12044.723
603.44,12274.851
603.45,12967.058
603.46,14873.044
603.47,13754.865
603.48,12505.282
603.49,12136.737
603.5,11723.055
603.51,12090.724
603.52,12090.724
603.53,11952.757
603.54,12182.763
603.55,12459.172
603.56,12551.405
603.57,12274.851
603.58,12044.723
603.59,11814.898
603.6,12551.405
603.61,14686.194
603.62,14033.754
603.63,12459.172
603.64,11906.792
603.65,11860.839
603.66,11723.055
603.67,12044.723
603.68,12182.763
603.69,12459.172
603.7,12228.801
603.71,12320.913
603.72,12320.913
603.73,12413.073
603.74,12413.073
603.75,12505.282
603.76,12643.688
603.77,14452.906
603.78,14592.843
603.79,13244.706
603.8,11952.757
603.81,11310.355
603.82,11677.150
603.83,11814.898
603.84,11952.757
603.85,12182.763
603.86,12505.282
603.87,12182.763
603.88,12136.737
603.89,12274.851
603.9,12136.737
603.91,12413.073
603.92,14033.754
603.93,14826.313
603.94,13337.353
603.95,11814.898
603.96,11539.511
603.97,12182.763
603.98,12044.723
603.99,12044.723
604,12320.913
604.01,12643.688
604.02,12090.724
604.03,11998.733
604.04,12274.851
604.05,12228.801
604.06,12090.724
604.07,13847.779
604.08,15153.683
604.09,13291.023
604.1,11585.379
604.11,11723.055
604.12,12182.763
604.13,12182.763
604.14,11998.733
604.15,12459.172
604.16,12320.913
604.17,12090.724
604.18,12320.913
604.19,11998.733
604.2,11677.150
604.21,11952.757
604.22,13708.426
604.23,15060.088
604.24,13754.865
604.25,12597.540
604.26,12136.737
604.27,11998.733
604.28,11768.971
604.29,11768.971
604.3,11906.792
604.31,11677.150
604.32,12136.737
604.33,12366.987
604.34,12366.987
604.35,12320.913
604.36,12274.851
604.37,13522.792
604.38,15106.879
604.39,15622.387
604.4,13615.585
604.41,12182.763
604.42,11447.813
604.43,12551.405
604.44,14080.277
604.45,13987.241
604.46,12320.913
604.47,11401.981
604.48,11264.561
604.49,11447.813
604.5,11723.055
604.51,12044.723
604.52,12044.723
604.53,11998.733
604.54,12320.913
604.55,12597.540
604.56,12320.913
604.57,12736.019
604.58,12274.851
604.59,14126.813
604.6,14826.313
604.61,13662.000
604.62,12044.723
604.63,11539.511
604.64,11723.055
604.65,12044.723
604.66,11998.733
604.67,12044.723
604.68,12505.282
604.69,11906.792
604.7,11814.898
604.71,12228.801
604.72,12136.737
604.73,12182.763
604.74,12505.282
604.75,13244.706
604.76,15247.326
604.77,14313.079
604.78,12228.801
604.79,11493.655
604.8,10990.049
604.81,11631.259
604.82,12136.737
604.83,12689.847
604.84,12597.540
604.85,12274.851
604.86,12182.763
604.87,12044.723
604.88,11723.055
604.89,11814.898
604.9,13013.302
604.91,15200.498
604.92,14173.361
604.93,12366.987
604.94,11906.792
604.95,11447.813
604.96,11447.813
604.97,11814.898
604.98,12228.801
604.99,12090.724
605,11998.733
605.01,12366.987
605.02,12228.801
605.03,12320.913
605.04,12090.724
605.05,12736.019
605.06,15013.309
605.07,13847.779
605.08,12597.540
605.09,12459.172
605.1,12044.723
605.11,11631.259
605.12,12182.763
605.13,11860.839
605.14,11860.839
605.15,12044.723
605.16,12182.763
605.17,12505.282
605.18,12182.763
605.19,12366.987
605.2,12551.405
605.21,14826.313
605.22,13894.255
605.23,12274.851
605.24,11631.259
605.25,11906.792
605.26,12366.987
605.27,12967.058
605.28,12413.073
605.29,12136.737
605.3,11860.839
605.31,11998.733
605.32,11447.813
605.33,11952.757
605.34,12182.763
605.35,12413.073
605.36,14546.186
605.37,14452.906
605.38,13059.559
605.39,11952.757
605.4,11768.971
605.41,11814.898
605.42,12274.851
605.43,12136.737
605.44,12228.801
605.45,12182.763
605.46,12320.913
605.47,11814.898
605.48,11539.511
605.49,12136.737
605.5,12643.688
605.51,15294.166
605.52,15153.683
605.53,12689.847
605.54,11814.898
605.55,12044.723
605.56,11906.792
605.57,11906.792
605.58,11723.055
605.59,11768.971
605.6,11768.971
605.61,11814.898
605.62,12044.723
605.63,12413.073
605.64,12643.688
605.65,12274.851
605.66,14499.540
605.67,15575.461
605.68,15247.326
605.69,13383.694
605.7,12505.282
605.71,11952.757
605.72,11906.792
605.73,13059.559
605.74,13754.865
605.75,13476.414
605.76,11998.733
605.77,11310.355
605.78,11264.561
605.79,11860.839
605.8,11906.792
605.81,12090.724
605.82,12459.172
605.83,12413.073
605.84,12182.763
605.85,12459.172
605.86,12228.801
605.87,12136.737
605.88,12413.073
605.89,14219.922
605.9,14359.677
605.91,12782.202
605.92,11814.898
605.93,11585.379
605.94,11493.655
605.95,12228.801
605.96,12366.987
605.97,12597.540
605.98,12274.851
605.99,11768.971
606,11998.733
606.01,12044.723
606.02,11998.733
606.03,12182.763
606.04,14033.754
606.05,14779.595
606.06,13337.353
606.07,12320.913
606.08,11952.757
606.09,11814.898
606.1,11631.259
606.11,12044.723
606.12,11952.757
606.13,11906.792
606.14,12090.724
606.15,12182.763
606.16,12366.987
606.17,12459.172
606.18,12689.847
606.19,13894.255
606.2,14826.313
606.21,13244.706
606.22,11539.511
606.23,11539.511
606.24,12090.724
606.25,12044.723
606.26,11998.733
606.27,11952.757
606.28,12182.763
606.29,11998.733
606.3,11860.839
606.31,11860.839
606.32,12413.073
606.33,12736.019
606.34,14313.079
606.35,15294.166
606.36,13801.316
606.37,12320.913
606.38,11585.379
606.39,11493.655
606.4,11539.511
606.41,11906.792
606.42,12228.801
606.43,12320.913
606.44,12366.987
606.45,12136.737
606.46,12228.801
606.47,11631.259
606.48,11998.733
606.49,13244.706
606.5,15106.879
606.51,13708.426
606.52,12320.913
606.53,11952.757
606.54,11677.150
606.55,11998.733
606.56,12090.724
606.57,12320.913
606.58,11952.757
606.59,11952.757
606.6,12274.851
606.61,12320.913
606.62,11906.792
606.63,12320.913
606.64,13198.401
606.65,15387.883
606.66,13987.241
606.67,12228.801
606.68,11585.379
606.69,11493.655
606.7,11952.757
606.71,12320.913
606.72,12459.172
606.73,12459.172
606.74,12182.763
606.75,12274.851
606.76,12228.801
606.77,12505.282
606.78,11860.839
606.79,11493.655
606.8,12689.847
606.81,15200.498
606.82,13987.241
606.83,12228.801
606.84,11860.839
606.85,12228.801
606.86,12274.851
606.87,12182.763
606.88,11768.971
606.89,11310.355
606.9,11814.898
606.91,12459.172
606.92,12136.737
606.93,12274.851
606.94,12413.073
606.95,12874.605
606.96,15013.309
606.97,15951.202
606.98,18746.314
606.99,20906.623
607,21874.662
607.01,22117.432
607.02,22068.854
607.03,22360.504
607.04,21535.295
607.05,21003.209
607.06,18126.809
607.07,16045.259
607.08,14966.542
607.09,14919.787
607.1,14359.677
607.11,14639.513
607.12,16469.115
607.13,16092.306
607.14,18364.838
607.15,20568.959
607.16,22020.287
607.17,22506.494
607.18,22311.865
607.19,22117.432
607.2,22166.021
607.21,21777.639
607.22,21244.885
607.23,21293.256
607.24,21729.146
607.25,22020.287
607.26,22263.238
607.27,21777.639
607.28,21971.732
607.29,21874.662
607.3,20087.613
607.31,18412.479
607.32,19080.746
607.33,20087.613
607.34,18937.346
607.35,17035.791
607.36,16563.439
607.37,16139.364
607.38,15904.192
607.39,16846.705
607.4,16421.973
607.41,15575.461
607.42,16233.519
607.43,16327.721
607.44,16186.436
607.45,15810.208
607.46,15904.192
607.47,15810.208
607.48,15247.326
607.49,16421.973
607.5,18698.588
607.51,17889.084
607.52,19080.746
607.53,17461.945
607.54,16941.223
607.55,18555.479
607.56,19847.398
607.57,18555.479
607.58,19703.414
607.59,20906.623
607.6,21680.666
607.61,20568.959
607.62,20087.613
607.63,19895.416
607.64,18841.807
607.65,18507.801
607.66,18746.314
607.67,18603.170
607.68,19032.934
607.69,18603.170
607.7,18031.682
607.71,17651.662
607.72,19607.484
607.73,17414.545
607.74,15716.272
607.75,15060.088
607.76,17177.732
607.77,19991.490
607.78,21196.525
607.79,21826.145
607.8,21680.666
607.81,21486.863
607.82,21438.443
607.83,21729.146
607.84,21680.666
607.85,21148.178
607.86,21486.863
607.87,21003.209
607.88,20906.623
607.89,20810.088
607.9,20328.135
607.91,21051.520
607.92,20858.350
607.93,20135.693
607.94,20183.785
607.95,20376.275
607.96,20954.910
607.97,21196.525
607.98,20183.785
607.99,20713.600
608,20858.350
608.01,19943.447
608.02,17889.084
608.03,18507.801
608.04,18985.133
608.05,16893.957
608.06,16846.705
608.07,13801.316
608.08,11035.771
608.09,9261.631
608.1,8494.073
608.11,8313.982
608.12,8268.990
608.13,8134.086
608.14,8224.010
608.15,8313.982
608.16,8449.032
608.17,8494.073
608.18,8719.461
608.19,8945.152
608.2,8719.461
608.21,8268.990
608.22,8404.004
608.23,8268.990
608.24,8224.010
608.25,8358.987
608.26,8494.073
608.27,8899.990
608.28,8584.192
608.29,8539.127
608.3,8719.461
608.31,8584.192
608.32,8313.982
608.33,8404.004
608.34,8404.004
608.35,8404.004
608.36,8404.004
608.37,8449.032
608.38,8539.127
608.39,8358.987
608.4,8268.990
608.41,8044.210
608.42,8404.004
608.43,8809.701
608.44,8674.359
608.45,8629.270
608.46,8494.073
608.47,8449.032
608.48,8404.004
608.49,8179.042
608.5,8404.004
608.51,8494.073
608.52,8584.192
608.53,8449.032
608.54,8404.004
608.55,8539.127
608.56,8899.990
608.57,8449.032
608.58,8134.086
608.59,8089.142
608.6,8899.990
608.61,8809.701
608.62,8584.192
608.63,8404.004
608.64,8449.032
608.65,8674.359
608.66,8449.032
608.67,8313.982
608.68,8449.032
608.69,8764.575
608.7,9760.157
608.71,10396.772
608.72,9850.956
608.73,9352.162
608.74,8584.192
608.75,8449.032
608.76,8449.032
608.77,8404.004
608.78,8224.010
608.79,8449.032
608.8,8404.004
608.81,8584.192
608.82,8494.073
608.83,8539.127
608.84,8358.987
608.85,8584.192
608.86,8494.073
608.87,8584.192
608.88,8358.987
608.89,8313.982
608.9,8313.982
608.91,8494.073
608.92,8584.192
608.93,7999.291
608.94,8313.982
608.95,8629.270
608.96,8358.987
608.97,8584.192
608.98,8629.270
608.99,8764.575
609,8719.461
609.01,8584.192
609.02,8494.073
609.03,8224.010
609.04,8539.127
609.05,8134.086
609.06,8358.987
609.07,8404.004
609.08,8764.575
609.09,8674.359
609.1,8134.086
609.11,8044.210
609.12,7999.291
609.13,8629.270
609.14,8899.990
609.15,8539.127
609.16,8539.127
609.17,8764.575
609.18,8404.004
609.19,8313.982
609.2,8134.086
609.21,8224.010
609.22,8358.987
609.23,8674.359
609.24,8449.032
609.25,8764.575
609.26,8764.575
609.27,8358.987
609.28,8719.461
609.29,8674.359
609.3,8404.004
609.31,8134.086
609.32,8268.990
609.33,8404.004
609.34,8449.032
609.35,8404.004
609.36,8449.032
609.37,8404.004
609.38,8358.987
609.39,8494.073
609.4,8494.073
609.41,8449.032
609.42,8584.192
609.43,8809.701
609.44,8449.032
609.45,8449.032
609.46,8134.086
609.47,7954.384
609.48,8268.990
609.49,8449.032
609.5,8449.032
609.51,8449.032
609.52,8764.575
609.53,8674.359
609.54,8809.701
609.55,8179.042
609.56,8179.042
609.57,8179.042
609.58,8134.086
609.59,8268.990
609.6,8494.073
609.61,8584.192
609.62,8584.192
609.63,8358.987
609.64,8584.192
609.65,8584.192
609.66,8134.086
609.67,8494.073
609.68,8719.461
609.69,8539.127
609.7,9714.775
609.71,10442.336
609.72,9805.551
609.73,9125.924
609.74,8854.840
609.75,8945.152
609.76,8584.192
609.77,8268.990
609.78,8044.210
609.79,8179.042
609.8,8584.192
609.81,8629.270
609.82,8719.461
609.83,8584.192
609.84,8719.461
609.85,8584.192
609.86,8358.987
609.87,8179.042
609.88,8179.042
609.89,8224.010
609.9,8584.192
609.91,8719.461
609.92,8674.359
609.93,8629.270
609.94,8539.127
609.95,8313.982
609.96,8134.086
609.97,8268.990
609.98,8404.004
609.99,8224.010
610,8629.270
610.01,8539.127
610.02,8449.032
610.03,8224.010
610.04,8224.010
610.05,8404.004
610.06,8224.010
610.07,8539.127
610.08,8674.359
610.09,8449.032
610.1,8719.461
610.11,8449.032
610.12,8404.004
610.13,8224.010
610.14,8404.004
610.15,8134.086
610.16,8764.575
610.17,8945.152
610.18,8629.270
610.19,8134.086
610.2,8313.982
610.21,8268.990
610.22,8404.004
610.23,8629.270
610.24,8719.461
610.25,8899.990
610.26,8494.073
610.27,8494.073
610.28,8539.127
610.29,8224.010
610.3,8268.990
610.31,7954.384
610.32,8089.142
610.33,8809.701
610.34,8719.461
610.35,8674.359
610.36,8404.004
610.37,8449.032
610.38,8179.042
610.39,8044.210
610.4,8179.042
610.41,8179.042
610.42,7954.384
610.43,8134.086
610.44,8719.461
610.45,9216.383
610.46,8899.990
610.47,8809.701
610.48,8449.032
610.49,8044.210
610.5,8179.042
610.51,8179.042
610.52,8313.982
610.53,8494.073
610.54,8313.982
610.55,8494.073
610.56,8764.575
610.57,8719.461
610.58,8494.073
610.59,8854.840
610.6,8539.127
610.61,8268.990
610.62,8134.086
610.63,8044.210
610.64,8134.086
610.65,8584.192
610.66,8404.004
610.67,8539.127
610.68,8719.461
610.69,8629.270
610.7,9578.705
610.71,10442.336
610.72,9896.374
610.73,9306.891
610.74,8990.327
610.75,8539.127
610.76,8268.990
610.77,8404.004
610.78,8539.127
610.79,8358.987
610.8,8674.359
610.81,8494.073
610.82,8584.192
610.83,8404.004
610.84,8584.192
610.85,8629.270
610.86,8404.004
610.87,8089.142
610.88,7864.605
610.89,7954.384
610.9,8539.127
610.91,8674.359
610.92,8629.270
610.93,8584.192
610.94,8719.461
610.95,8539.127
610.96,8179.042
610.97,7999.291
610.98,7999.291
610.99,8089.142
611,8629.270
611.01,8629.270
611.02,8629.270
611.03,8719.461
611.04,8584.192
611.05,8313.982
611.06,8313.982
611.07,8358.987
611.08,8629.270
611.09,8494.073
611.1,8268.990
611.11,8313.982
611.12,8674.359
611.13,8358.987
611.14,8404.004
611.15,8539.127
611.16,8404.004
611.17,8629.270
611.18,8358.987
611.19,8539.127
611.2,8719.461
611.21,8404.004
611.22,8134.086
611.23,8089.142
611.24,8224.010
611.25,8404.004
611.26,8539.127
611.27,8629.270
611.28,8764.575
611.29,8584.192
611.3,8449.032
611.31,8134.086
611.32,8044.210
611.33,8358.987
611.34,8584.192
611.35,8134.086
611.36,8089.142
611.37,8179.042
611.38,8494.073
611.39,8224.010
611.4,7999.291
611.41,8134.086
611.42,8809.701
611.43,9080.713
611.44,8539.127
611.45,8809.701
611.46,8584.192
611.47,8134.086
611.48,8044.210
611.49,8268.990
611.5,8584.192
611.51,8224.010
611.52,8044.210
611.53,8179.042
611.54,8674.359
611.55,8539.127
611.56,8539.127
611.57,8494.073
611.58,8584.192
611.59,8179.042
611.6,8404.004
611.61,8449.032
611.62,8449.032
611.63,8494.073
611.64,8584.192
611.65,8674.359
611.66,8719.461
611.67,8134.086
611.68,7819.735
611.69,8134.086
611.7,9578.705
611.71,10351.221
611.72,10032.700
611.73,9533.372
611.74,9125.924
611.75,8494.073
611.76,8404.004
611.77,8179.042
611.78,8358.987
611.79,8089.142
611.8,8404.004
611.81,8629.270
611.82,8629.270
611.83,8584.192
611.84,8494.073
611.85,8539.127
611.86,8358.987
611.87,8449.032
611.88,8179.042
611.89,7999.291
611.9,8674.359
611.91,9171.147
611.92,9125.924
611.93,8494.073
611.94,8134.086
611.95,8134.086
611.96,7819.735
611.97,8224.010
611.98,8539.127
611.99,8494.073
612,8854.840
612.01,8764.575
612.02,8539.127
612.03,8313.982
612.04,8179.042
612.05,8089.142
612.06,8494.073
612.07,8719.461
612.08,8674.359
612.09,8809.701
612.1,8449.032
612.11,8224.010
612.12,8494.073
612.13,8134.086
612.14,7954.384
612.15,8584.192
612.16,8945.152
612.17,8899.990
612.18,8358.987
612.19,7819.735
612.2,8313.982
612.21,8584.192
612.22,8358.987
612.23,8358.987
612.24,8945.152
612.25,8764.575
612.26,8674.359
612.27,8539.127
612.28,8089.142
612.29,8224.010
612.3,8449.032
612.31,8313.982
612.32,8313.982
612.33,8268.990
612.34,8134.086
612.35,8224.010
612.36,8268.990
612.37,8809.701
612.38,8674.359
612.39,8268.990
612.4,8674.359
612.41,8539.127
612.42,8494.073
612.43,8313.982
612.44,8494.073
612.45,8494.073
612.46,8404.004
612.47,8449.032
612.48,8854.840
612.49,8494.073
612.5,8539.127
612.51,8584.192
612.52,8224.010
612.53,8313.982
612.54,8179.042
612.55,8404.004
612.56,8179.042
612.57,8358.987
612.58,8449.032
612.59,8899.990
612.6,8494.073
612.61,8404.004
612.62,8313.982
612.63,8764.575
612.64,8358.987
612.65,8044.210
612.66,8674.359
612.67,8584.192
612.68,8179.042
612.69,8268.990
612.7,9941.804
612.71,10670.337
612.72,9760.157
612.73,9171.147
612.74,8899.990
612.75,8719.461
612.76,8539.127
612.77,8539.127
612.78,8313.982
612.79,8449.032
612.8,8224.010
612.81,8404.004
612.82,8449.032
612.83,8313.982
612.84,8089.142
612.85,8584.192
612.86,8764.575
612.87,8179.042
612.88,8313.982
612.89,8449.032
612.9,8449.032
612.91,8449.032
612.92,8134.086
612.93,8224.010
612.94,8268.990
612.95,8358.987
612.96,8674.359
612.97,8404.004
612.98,8358.987
612.99,8539.127
613,8268.990
613.01,8404.004
613.02,8224.010
613.03,8584.192
613.04,8089.142
613.05,8404.004
613.06,8629.270
613.07,8494.073
613.08,8494.073
613.09,8358.987
613.1,8268.990
613.11,8358.987
613.12,8313.982
613.13,8358.987
613.14,8539.127
613.15,8584.192
613.16,8584.192
613.17,8854.840
613.18,8404.004
613.19,8313.982
613.2,8313.982
613.21,8449.032
613.22,8494.073
613.23,8539.127
613.24,8449.032
613.25,8539.127
613.26,8674.359
613.27,8629.270
613.28,8494.073
613.29,8584.192
613.3,8313.982
613.31,8134.086
613.32,8224.010
613.33,8134.086
613.34,8404.004
613.35,8674.359
613.36,8719.461
613.37,8629.270
613.38,8449.032
613.39,8268.990
613.4,8044.210
613.41,8494.073
613.42,8449.032
613.43,8404.004
613.44,8539.127
613.45,8449.032
613.46,8404.004
613.47,8179.042
613.48,8674.359
613.49,8358.987
613.5,8268.990
613.51,8313.982
613.52,8539.127
613.53,8945.152
613.54,8629.270
613.55,8449.032
613.56,8584.192
613.57,8089.142
613.58,8449.032
613.59,8539.127
613.6,8224.010
613.61,8134.086
613.62,8494.073
613.63,8494.073
613.64,8764.575
613.65,8719.461
613.66,8358.987
613.67,8449.032
613.68,8449.032
613.69,8404.004
613.7,9578.705
613.71,10579.101
613.72,9578.705
613.73,9080.713
613.74,8854.840
613.75,8539.127
613.76,8179.042
613.77,8404.004
613.78,8629.270
613.79,8494.073
613.8,8674.359
613.81,8584.192
613.82,8539.127
613.83,8764.575
613.84,8629.270
613.85,8539.127
613.86,8494.073
613.87,8313.982
613.88,8449.032
613.89,8539.127
613.9,8449.032
613.91,8224.010
613.92,8404.004
613.93,8404.004
613.94,8358.987
613.95,8089.142
613.96,8404.004
613.97,8629.270
613.98,8629.270
613.99,8404.004
614,7909.489
614.01,8179.042
614.02,8584.192
