time,temperature,humidity,vbat_mV
00:00:09,27.90,60.13,4112
00:00:40,27.88,60.17,4112
00:01:11,27.93,60.18,4112
00:01:41,27.90,60.18,4112
00:02:12,27.90,60.13,4112
00:02:43,27.91,60.18,4112
00:03:14,27.91,60.16,4112
00:03:44,27.92,60.18,4112
00:04:15,27.91,60.17,4112
00:04:46,27.89,60.20,4112
00:05:17,27.90,60.20,4112
00:05:47,27.88,60.19,4112
00:06:18,27.87,60.27,4112
00:06:49,27.91,60.27,4112
00:07:20,27.88,60.31,4112
00:07:50,27.91,60.42,4112
00:08:21,27.90,60.47,4112
00:08:52,27.91,60.54,4112
00:09:23,27.91,60.50,4112
00:09:54,27.92,60.46,4112
00:10:24,27.94,60.45,4112
00:10:55,27.95,60.50,4112
00:11:26,27.95,60.45,4112
00:11:57,27.96,60.86,4112
00:12:28,27.96,60.63,4112
00:12:59,27.95,60.67,4112
00:13:29,27.94,60.71,4112
00:14:00,27.92,60.67,4112
00:14:31,27.92,60.64,4112
00:15:02,27.93,60.62,4112
00:15:33,27.89,60.55,4112
00:16:04,27.88,60.59,4112
00:16:34,27.87,60.56,4112
00:17:05,27.86,60.57,4112
00:17:36,27.85,60.62,4112
00:18:07,27.85,60.54,4112
00:18:38,27.82,60.59,4112
00:19:08,27.83,60.63,4112
00:19:39,27.80,60.69,4112
00:20:10,27.79,60.70,4112
00:20:41,27.79,60.69,4112
00:21:12,27.78,60.69,4112
00:21:43,27.75,60.17,4112
00:22:13,27.77,59.48,4112
00:22:44,27.74,58.50,4112
00:23:15,27.68,58.22,4112
00:23:46,27.63,58.36,4112
00:24:17,27.55,58.61,4112
00:24:48,27.49,58.84,4112
00:25:18,27.48,59.18,4112
00:25:49,27.47,59.33,4112
00:26:20,27.44,59.41,4112
00:26:51,27.44,59.50,4112
00:27:22,27.43,59.63,4112
00:27:52,27.41,59.76,4112
00:28:23,27.40,59.86,4112
00:28:54,27.39,59.92,4112
00:29:25,27.39,60.01,4112
00:29:56,27.37,59.97,4112
00:30:27,27.38,60.00,4112
00:30:58,27.37,59.98,4112
00:31:28,27.38,60.03,4112
00:31:59,27.38,60.07,4112
00:32:30,27.36,60.08,4112
00:33:01,27.34,60.05,4112
00:33:32,27.37,60.04,4112
00:34:03,27.34,60.02,4112
00:34:33,27.34,60.07,4112
00:35:04,27.34,60.08,4112
00:35:35,27.30,60.10,4112
00:36:06,27.31,60.06,4112
00:36:37,27.29,60.41,4112
00:37:07,27.30,60.83,4112
00:37:38,27.31,61.02,4112
00:38:09,27.31,61.27,4112
00:38:40,27.31,61.33,4112
00:39:11,27.30,61.46,4112
00:39:42,27.31,61.48,4112
00:40:13,27.32,61.54,4112
00:40:43,27.32,61.49,4112
00:41:14,27.32,61.52,4112
00:41:45,27.30,61.54,4112
00:42:16,27.32,61.60,4112
00:42:47,27.31,61.62,4112
00:43:18,27.33,61.61,4112
00:43:48,27.32,61.62,4112
00:44:19,27.30,61.54,4112
00:44:50,27.29,61.51,4112
00:45:21,27.29,61.55,4112
00:45:52,27.31,61.59,4112
00:46:23,27.30,61.54,4112
00:46:54,27.28,61.52,4112
00:47:24,27.27,61.49,4112
00:47:55,27.26,61.53,4112
00:48:26,27.25,61.52,4112
00:48:57,27.25,61.51,4112
00:49:28,27.24,61.51,4112
00:49:58,27.24,61.50,4112
00:50:29,27.24,61.52,4112
00:51:00,27.23,61.55,4112
00:51:31,27.22,61.56,4112
00:52:02,27.23,61.63,4112
00:52:33,27.23,61.69,4112
00:53:04,27.19,61.69,4112
00:53:34,27.20,61.56,4112
00:54:05,27.21,60.50,4112
00:54:36,27.18,59.50,4112
00:55:07,27.14,58.79,4112
00:55:38,27.10,58.79,4112
00:56:09,27.08,59.07,4112
00:56:39,27.05,59.32,4112
00:57:10,27.02,59.63,4112
00:57:41,27.00,59.80,4112
00:58:12,26.99,59.99,4112
00:58:43,26.97,60.19,4112
00:59:14,26.99,60.29,4112
00:59:44,26.97,60.43,4112
01:00:15,26.97,60.51,4112
01:00:46,26.98,60.60,4112
01:01:17,26.99,60.69,4112
01:01:48,26.98,60.71,4112
01:02:19,26.99,60.71,4112
01:02:49,26.99,60.75,4112
01:03:20,26.99,60.74,4112
01:03:51,27.00,60.84,4112
01:04:22,27.00,60.82,4112
01:04:53,27.01,60.89,4112
01:05:24,27.00,60.83,4112
01:05:55,27.01,60.82,4112
01:06:25,27.00,60.82,4112
01:06:56,27.02,60.79,4112
01:07:27,26.98,60.89,4112
01:07:58,27.01,60.92,4112
01:08:29,27.00,60.96,4112
01:09:00,27.00,60.95,4112
01:09:30,26.99,60.98,4112
01:10:01,26.99,61.04,4112
01:10:32,26.97,61.04,4112
01:11:03,26.98,61.10,4112
01:11:34,26.97,61.17,4112
01:12:05,26.97,61.17,4112
01:12:36,26.97,61.16,4112
01:13:06,26.99,61.14,4112
01:13:37,27.00,61.15,4112
01:14:08,26.99,61.13,4112
01:14:39,26.97,61.15,4112
01:15:10,26.98,61.15,4112
01:15:41,26.95,61.22,4112
01:16:12,26.93,61.27,4112
01:16:42,26.94,61.20,4112
01:17:13,26.92,61.25,4112
01:17:44,26.92,61.31,4112
01:18:15,26.92,61.34,4112
01:18:46,26.94,61.32,4112
01:19:17,26.92,61.36,4112
01:19:47,26.91,61.32,4112
01:20:18,26.92,61.34,4112
01:20:49,26.93,61.32,4112
01:21:20,26.92,61.32,4112
01:21:51,26.90,61.40,4112
01:22:22,26.91,61.37,4112
01:22:52,26.92,61.39,4112
01:23:23,26.91,61.33,4112
01:23:54,26.92,61.35,4112
01:24:25,26.91,61.31,4112
01:24:56,26.90,61.33,4112
01:25:27,26.90,61.28,4112
01:25:57,26.87,60.67,4112
01:26:28,26.88,59.65,4112
01:26:59,26.86,58.57,4112
01:27:30,26.83,58.41,4112
01:28:01,26.81,58.56,4112
01:28:32,26.77,58.86,4112
01:29:02,26.78,59.15,4112
01:29:33,26.73,59.33,4112
01:30:04,26.70,59.58,4112
01:30:35,26.70,59.79,4112
01:31:06,26.70,59.91,4112
01:31:36,26.70,60.02,4112
01:32:07,26.70,60.06,4112
01:32:38,26.69,60.15,4112
01:33:09,26.69,60.26,4112
01:33:40,26.69,60.36,4112
01:34:11,26.71,60.41,4112
01:34:41,26.71,60.39,4112
01:35:12,26.70,60.43,4112
01:35:43,26.70,60.46,4112
01:36:14,26.69,60.48,4112
01:36:45,26.69,60.56,4112
01:37:16,26.72,60.58,4112
01:37:46,26.71,60.60,4112
01:38:17,26.70,60.63,4112
01:38:48,26.72,60.69,4112
01:39:19,26.73,60.66,4112
01:39:50,26.74,60.68,4112
01:40:20,26.73,60.71,4112
01:40:51,26.73,60.71,4112
01:41:22,26.75,60.68,4112
01:41:53,26.74,60.67,4112
01:42:24,26.75,60.65,4112
01:42:55,26.77,60.70,4112
01:43:26,26.75,60.72,4112
01:43:56,26.76,60.75,4112
01:44:27,26.73,60.78,4112
01:44:58,26.74,60.82,4112
01:45:29,26.74,60.81,4112
01:46:00,26.75,60.83,4112
01:46:31,26.77,60.80,4112
01:47:01,26.74,60.83,4112
01:47:32,26.73,60.91,4112
01:48:03,26.73,60.94,4112
01:48:34,26.71,60.95,4112
01:49:05,26.73,60.96,4112
01:49:35,26.72,60.94,4112
01:50:06,26.73,60.92,4112
01:50:37,26.74,60.88,4112
01:51:08,26.74,60.91,4112
01:51:39,26.74,60.93,4112
01:52:10,26.75,60.94,4112
01:52:40,26.74,60.93,4112
01:53:11,26.72,60.98,4112
01:53:42,26.75,61.00,4112
01:54:13,26.71,60.99,4112
01:54:44,26.71,61.01,4112
01:55:15,26.71,61.02,4112
01:55:46,26.74,61.02,4112
01:56:16,26.77,61.06,4112
01:56:47,26.75,61.01,4112
01:57:18,26.74,60.99,4112
01:57:49,26.74,60.75,4112
01:58:20,26.71,59.33,4112
01:58:51,26.71,58.56,4112
01:59:21,26.66,58.18,4112
01:59:52,26.66,58.18,4112
02:00:23,26.63,58.43,4112
02:00:54,26.60,58.72,4112
02:01:25,26.56,58.95,4112
02:01:56,26.55,59.20,4112
02:02:26,26.54,59.39,4112
02:02:57,26.52,59.57,4112
02:03:28,26.53,59.64,4112
02:03:59,26.52,59.73,4112
02:04:30,26.53,59.87,4112
02:05:01,26.52,59.95,4112
02:05:31,26.55,59.99,4112
02:06:02,26.52,60.04,4112
02:06:33,26.53,60.14,4112
02:07:04,26.51,60.21,4112
02:07:35,26.52,60.31,4112
02:08:06,26.54,60.31,4112
02:08:36,26.53,60.31,4112
02:09:07,26.55,60.31,4112
02:09:38,26.54,60.38,4112
02:10:09,26.56,60.40,4112
02:10:40,26.57,60.42,4112
02:11:11,26.58,60.48,4112
02:11:41,26.58,60.49,4112
02:12:12,26.58,60.47,4112
02:12:43,26.57,60.47,4112
02:13:14,26.55,60.55,4112
02:13:45,26.53,60.58,4112
02:14:16,26.53,60.68,4112
02:14:46,26.56,60.66,4112
02:15:17,26.56,60.65,4112
02:15:48,26.58,60.65,4112
02:16:19,26.55,60.65,4112
02:16:50,26.59,60.71,4112
02:17:21,26.58,60.72,4112
02:17:52,26.56,60.74,4112
02:18:22,26.60,60.76,4112
02:18:53,26.61,60.77,4112
02:19:24,26.58,60.74,4112
02:19:55,26.60,60.70,4112
02:20:26,26.62,60.70,4112
02:20:57,26.62,60.70,4112
02:21:27,26.60,60.75,4112
02:21:58,26.62,60.74,4112
02:22:29,26.60,60.74,4112
02:23:00,26.61,60.74,4112
02:23:31,26.62,60.73,4112
02:24:02,26.60,60.78,4112
02:24:32,26.59,60.78,4112
02:25:03,26.60,60.82,4112
02:25:34,26.57,60.85,4112
02:26:05,26.56,60.89,4112
02:26:36,26.56,60.88,4112
02:27:07,26.58,60.85,4112
02:27:38,26.58,60.87,4112
02:28:08,26.56,60.88,4112
02:28:39,26.56,60.89,4112
02:29:10,26.57,60.89,4112
02:29:41,26.56,60.76,4112
02:30:12,26.56,59.84,4112
02:30:43,26.55,58.15,4112
02:31:13,26.53,57.91,4112
02:31:44,26.47,57.93,4112
02:32:15,26.42,58.26,4112
02:32:46,26.40,58.59,4112
02:33:17,26.35,58.92,4112
02:33:48,26.33,59.22,4112
02:34:19,26.32,59.40,4112
02:34:50,26.32,59.55,4112
02:35:20,26.31,59.71,4112
02:35:51,26.32,59.84,4112
02:36:22,26.31,59.97,4112
02:36:53,26.29,60.06,4112
02:37:24,26.31,60.11,4112
02:37:55,26.35,60.15,4112
02:38:25,26.33,60.22,4112
02:38:56,26.33,60.28,4112
02:39:27,26.34,60.33,4112
02:39:58,26.35,60.38,4112
02:40:29,26.35,60.41,4112
02:41:00,26.36,60.49,4112
02:41:30,26.36,60.48,4112
02:42:01,26.40,60.51,4112
02:42:32,26.40,60.57,4112
02:43:03,26.37,60.72,4112
02:43:34,26.38,60.76,4112
02:44:05,26.39,60.78,4112
02:44:35,26.40,60.71,4112
02:45:06,26.42,60.72,4112
02:45:37,26.42,60.78,4112
02:46:08,26.42,60.78,4112
02:46:39,26.44,60.79,4112
02:47:09,26.44,60.84,4112
02:47:40,26.46,60.85,4112
02:48:11,26.45,60.91,4112
02:48:42,26.46,60.95,4112
02:49:13,26.43,61.03,4112
02:49:44,26.44,61.04,4112
02:50:14,26.45,61.10,4112
02:50:45,26.47,61.08,4112
02:51:16,26.46,61.04,4112
02:51:47,26.50,61.02,4112
02:52:18,26.48,61.02,4112
02:52:49,26.49,61.03,4112
02:53:19,26.50,61.01,4112
02:53:50,26.48,61.01,4112
02:54:21,26.47,61.08,4112
02:54:52,26.49,61.08,4112
02:55:23,26.47,61.10,4112
02:55:53,26.48,61.09,4112
02:56:24,26.48,61.06,4112
02:56:55,26.49,61.04,4112
02:57:26,26.48,61.09,4112
02:57:57,26.48,61.12,4112
02:58:28,26.47,61.08,4112
02:58:59,26.47,61.11,4112
02:59:29,26.49,61.06,4112
03:00:00,26.47,61.06,4112
03:00:31,26.48,61.06,4112
03:01:02,26.48,61.10,4112
03:01:33,26.46,61.11,4112
03:02:04,26.45,60.52,4112
03:02:34,26.48,59.11,4112
03:03:05,26.41,58.29,4112
03:03:36,26.39,58.15,4112
03:04:07,26.35,58.36,4112
03:04:38,26.34,58.60,4112
03:05:09,26.27,58.89,4112
03:05:39,26.27,59.29,4112
03:06:10,26.24,59.53,4112
03:06:41,26.24,59.68,4112
03:07:12,26.26,59.79,4112
03:07:43,26.24,59.92,4112
03:08:14,26.24,60.07,4112
03:08:44,26.23,60.16,4112
03:09:15,26.23,60.24,4112
03:09:46,26.23,60.30,4112
03:10:17,26.25,60.29,4112
03:10:48,26.27,60.31,4112
03:11:19,26.26,60.34,4112
03:11:49,26.29,60.40,4112
03:12:20,26.28,60.50,4112
03:12:51,26.27,60.54,4112
03:13:22,26.28,60.63,4112
03:13:53,26.29,60.67,4112
03:14:24,26.30,60.63,4112
03:14:54,26.32,60.68,4112
03:15:25,26.31,60.73,4112
03:15:56,26.30,60.80,4112
03:16:27,26.31,60.80,4112
03:16:58,26.30,60.82,4112
03:17:29,26.32,60.85,4112
03:18:00,26.32,60.89,4112
03:18:30,26.32,60.92,4112
03:19:01,26.29,60.99,4112
03:19:32,26.30,61.10,4112
03:20:03,26.30,61.16,4112
03:20:34,26.27,61.23,4112
03:21:05,26.30,61.24,4112
03:21:35,26.30,61.20,4112
03:22:06,26.34,61.24,4112
03:22:37,26.31,61.23,4112
03:23:08,26.30,61.27,4112
03:23:39,26.32,61.31,4112
03:24:10,26.34,61.27,4112
03:24:41,26.35,61.23,4112
03:25:11,26.34,61.23,4112
03:25:42,26.35,61.22,4112
03:26:13,26.33,61.25,4112
03:26:44,26.34,61.30,4112
03:27:15,26.32,61.31,4112
03:27:45,26.30,61.34,4112
03:28:16,26.31,61.34,4112
03:28:47,26.32,61.30,4112
03:29:18,26.32,61.31,4112
03:29:49,26.34,61.31,4112
03:30:20,26.29,61.36,4112
03:30:51,26.31,61.38,4112
03:31:21,26.30,61.33,4112
03:31:52,26.28,61.37,4112
03:32:23,26.30,61.39,4112
03:32:54,26.30,61.37,4112
03:33:25,26.31,61.40,4112
03:33:56,26.30,60.96,4112
03:34:27,26.31,60.13,4112
03:34:57,26.29,59.06,4112
03:35:28,26.24,58.33,4112
03:35:59,26.21,58.55,4112
03:36:30,26.20,58.85,4112
03:37:01,26.16,59.16,4112
03:37:32,26.13,59.41,4112
03:38:02,26.13,59.75,4112
03:38:33,26.10,60.00,4112
03:39:04,26.09,60.19,4112
03:39:35,26.12,60.28,4112
03:40:06,26.12,60.42,4112
03:40:37,26.13,60.55,4112
03:41:08,26.11,60.62,4112
03:41:38,26.12,60.70,4112
03:42:09,26.12,60.78,4112
03:42:40,26.12,60.82,4112
03:43:11,26.13,60.85,4112
03:43:42,26.13,60.88,4112
03:44:13,26.16,60.98,4112
03:44:43,26.14,61.02,4112
03:45:14,26.15,61.18,4112
03:45:45,26.15,61.30,4112
03:46:16,26.15,61.43,4112
03:46:47,26.19,61.40,4112
03:47:18,26.17,61.39,4112
03:47:49,26.17,61.40,4112
03:48:19,26.18,61.41,4112
03:48:50,26.20,61.48,4112
03:49:21,26.17,61.49,4112
03:49:52,26.20,61.52,4112
03:50:23,26.16,61.56,4112
03:50:54,26.18,61.56,4112
03:51:25,26.20,61.54,4112
03:51:55,26.19,61.62,4112
03:52:26,26.16,61.63,4112
03:52:57,26.20,61.61,4112
03:53:28,26.19,61.62,4112
03:53:59,26.20,61.61,4112
03:54:30,26.21,61.63,4112
03:55:01,26.20,61.63,4112
03:55:31,26.20,61.67,4112
03:56:02,26.22,61.73,4112
03:56:33,26.21,61.73,4112
03:57:04,26.23,61.71,4112
03:57:35,26.23,61.65,4112
03:58:06,26.23,61.65,4112
03:58:36,26.25,61.61,4112
03:59:07,26.23,61.61,4112
03:59:38,26.24,61.59,4112
04:00:09,26.23,61.62,4112
04:00:40,26.22,61.63,4112
04:01:11,26.22,61.59,4112
04:01:41,26.24,61.62,4112
04:02:12,26.24,61.80,4112
04:02:43,26.23,61.82,4112
04:03:14,26.24,61.91,4112
04:03:45,26.24,61.87,4112
04:04:16,26.27,62.05,4112
04:04:46,26.32,62.05,4112
04:05:17,26.35,61.96,4112
04:05:48,26.39,62.00,4112
04:06:19,26.40,62.38,4112
04:06:50,26.45,62.89,4112
04:07:20,26.47,63.22,4112
04:07:51,26.52,62.82,4112
04:08:22,26.56,63.25,4112
04:08:53,26.58,63.29,4112
04:09:24,26.61,63.36,4112
04:09:55,26.64,63.30,4112
04:10:25,26.67,63.17,4112
04:10:56,26.70,63.19,4112
04:11:27,26.71,63.36,4112
04:11:58,26.77,63.26,4112
04:12:29,26.75,63.42,4112
04:13:00,26.82,63.38,4112
04:13:30,26.84,63.56,4112
04:14:01,26.86,63.85,4112
04:14:32,26.89,64.03,4112
04:15:03,26.92,64.26,4112
04:15:34,26.95,64.55,4112
04:16:05,26.94,64.13,4112
04:16:35,26.99,64.16,4112
04:17:06,27.00,64.23,4112
04:17:37,27.03,64.41,4112
04:18:08,27.04,64.22,4112
04:18:39,27.07,64.26,4112
04:19:10,27.09,64.37,4112
04:19:40,27.10,64.56,4112
04:20:11,27.10,65.07,4112
04:20:42,27.14,65.24,4112
04:21:13,27.15,64.98,4112
04:21:44,27.16,65.24,4112
04:22:15,27.16,65.01,4112
04:22:45,27.21,65.39,4112
04:23:16,27.21,65.36,4112
04:23:47,27.21,64.70,4112
04:24:18,27.24,64.50,4112
04:24:49,27.24,64.72,4112
04:25:19,27.27,64.60,4112
04:25:50,27.28,64.49,4112
04:26:21,27.28,64.40,4112
04:26:52,27.30,64.65,4112
04:27:23,27.32,64.82,4112
04:27:54,27.31,64.94,4112
04:28:25,27.32,65.06,4112
04:28:55,27.34,64.99,4112
04:29:26,27.38,64.99,4112
04:29:57,27.36,65.18,4112
04:30:28,27.37,64.98,4112
04:30:59,27.39,64.96,4112
04:31:30,27.40,65.46,4112
04:32:00,27.40,65.65,4112
04:32:31,27.42,66.02,4112
04:33:02,27.44,65.77,4112
04:33:33,27.41,65.75,4112
04:34:04,27.46,65.63,4112
04:34:35,27.47,66.30,4112
04:35:06,27.48,66.32,4112
04:35:36,27.48,66.21,4112
04:36:07,27.49,66.10,4112
04:36:38,27.52,66.09,4112
04:37:09,27.50,66.10,4112
04:37:40,27.53,66.51,4112
04:38:11,27.53,66.61,4112
04:38:41,27.55,66.61,4112
04:39:12,27.53,66.54,4112
04:39:43,27.56,66.64,4112
04:40:14,27.55,66.74,4112
04:40:45,27.55,66.97,4112
04:41:16,27.59,66.65,4112
04:41:46,27.60,66.97,4112
04:42:17,27.62,66.61,4112
04:42:48,27.62,66.76,4112
04:43:19,27.62,66.76,4112
04:43:50,27.62,66.91,4112
04:44:21,27.64,67.01,4112
04:44:51,27.64,66.85,4112
04:45:22,27.66,66.99,4112
04:45:53,27.66,67.25,4112
04:46:24,27.66,67.14,4112
04:46:55,27.67,67.25,4112
04:47:26,27.65,67.36,4112
04:47:56,27.68,67.63,4112
04:48:27,27.69,67.52,4112
04:48:58,27.68,67.46,4112
04:49:29,27.72,67.48,4112
04:50:00,27.72,67.69,4112
04:50:31,27.74,67.65,4112
04:51:01,27.75,67.63,4112
04:51:32,27.75,67.51,4112
04:52:03,27.77,67.53,4112
04:52:34,27.77,67.40,4112
04:53:05,27.77,67.73,4112
04:53:36,27.78,67.72,4112
04:54:07,27.79,67.72,4112
04:54:37,27.79,67.49,4112
04:55:08,27.80,67.68,4112
04:55:39,27.80,67.76,4112
04:56:10,27.82,67.79,4112
04:56:41,27.82,67.90,4112
04:57:12,27.82,67.82,4112
04:57:42,27.85,67.67,4112
04:58:13,27.85,67.67,4112
04:58:44,27.82,67.99,4112
04:59:15,27.85,68.10,4112
04:59:46,27.83,68.16,4112
05:00:17,27.85,68.20,4112
05:00:48,27.85,68.18,4112
05:01:18,27.88,68.19,4112
05:01:49,27.86,68.09,4112
05:02:20,27.88,67.96,4112
05:02:51,27.87,68.05,4112
05:03:22,27.88,68.11,4112
05:03:53,27.88,68.14,4112
05:04:23,27.91,67.96,4112
05:04:54,27.89,68.08,4112
05:05:25,27.90,68.33,4112
05:05:56,27.91,68.37,4112
05:06:27,27.91,68.56,4112
05:06:58,27.92,68.65,4112
05:07:29,27.94,68.69,4112
05:07:59,27.93,68.69,4112
05:08:30,27.92,68.63,4112
05:09:01,27.93,68.68,4112
05:09:32,27.94,68.72,4112
05:10:03,27.95,68.52,4112
05:10:34,27.96,68.57,4112
05:11:05,27.96,68.72,4112
05:11:35,27.96,68.77,4112
05:12:06,27.96,68.64,4112
05:12:37,27.97,68.87,4112
05:13:08,27.96,69.00,4112
05:13:39,27.99,68.98,4112
05:14:09,27.99,68.80,4112
05:14:40,27.98,68.77,4112
05:15:11,27.99,68.91,4112
05:15:42,28.00,69.12,4112
05:16:13,28.01,69.33,4112
05:16:44,28.02,69.25,4112
05:17:14,28.02,69.37,4112
05:17:45,28.02,69.20,4112
05:18:16,28.03,69.19,4112
05:18:47,28.04,69.38,4112
05:19:18,28.05,69.44,4112
05:19:49,28.03,69.58,4112
05:20:19,28.05,69.51,4112
05:20:50,28.07,69.63,4112
05:21:21,28.05,69.45,4112
05:21:52,28.09,69.59,4112
05:22:23,28.08,69.58,4112
05:22:53,28.08,69.47,4112
05:23:24,28.05,69.43,4112
05:23:55,28.08,69.46,4112
05:24:26,28.08,69.45,4112
05:24:57,28.09,69.53,4112
05:25:28,28.09,69.44,4112
05:25:58,28.11,69.59,4112
05:26:29,28.10,69.74,4112
05:27:00,28.12,69.65,4112
05:27:31,28.10,69.53,4112
05:28:02,28.12,69.57,4112
05:28:33,28.12,69.56,4112
05:29:03,28.12,69.58,4112
05:29:34,28.12,69.61,4112
05:30:05,28.14,69.72,4112
05:30:36,28.13,69.81,4112
05:31:07,28.15,69.78,4112
05:31:37,28.15,69.69,4112
05:32:08,28.15,69.75,4112
05:32:39,28.14,69.79,4112
05:33:10,28.13,69.81,4112
05:33:41,28.15,69.86,4112
05:34:12,28.15,69.76,4112
05:34:43,28.18,69.97,4112
05:35:13,28.17,70.04,4112
05:35:44,28.18,70.01,4112
05:36:15,28.17,70.04,4112
05:36:46,28.18,70.02,4112
05:37:17,28.18,70.15,4112
05:37:48,28.17,70.14,4112
05:38:18,28.19,70.28,4112
05:38:49,28.20,70.24,4112
05:39:20,28.19,70.13,4112
05:39:51,28.22,70.10,4112
05:40:22,28.20,70.21,4112
05:40:52,28.21,70.27,4112
05:41:23,28.21,70.34,4112
05:41:54,28.23,70.23,4112
05:42:25,28.22,70.46,4112
05:42:56,28.22,70.35,4112
05:43:27,28.23,70.42,4112
05:43:58,28.23,70.49,4112
05:44:28,28.24,70.43,4112
05:44:59,28.24,70.49,4112
05:45:30,28.26,70.50,4112
05:46:01,28.23,70.38,4112
05:46:32,28.26,70.49,4112
05:47:02,28.27,70.63,4112
05:47:33,28.25,70.48,4112
05:48:04,28.27,70.69,4112
05:48:35,28.27,70.63,4112
05:49:06,28.27,70.59,4112
05:49:37,28.28,71.32,4112
05:50:08,28.29,71.15,4112
05:50:38,28.31,70.99,4112
05:51:09,28.28,70.91,4112
05:51:40,28.30,70.87,4112
05:52:11,28.30,70.55,4112
05:52:42,28.28,70.93,4112
05:53:13,28.29,70.92,4112
05:53:43,28.29,70.98,4112
05:54:14,28.31,71.01,4112
05:54:45,28.32,71.04,4112
05:55:16,28.32,71.04,4112
05:55:47,28.30,71.10,4112
05:56:18,28.32,71.08,4112
05:56:48,28.33,71.13,4112
05:57:19,28.32,70.87,4112
05:57:50,28.30,71.04,4112
05:58:21,28.33,71.05,4112
05:58:52,28.34,70.99,4112
05:59:23,28.33,71.07,4112
05:59:53,28.35,71.01,4112
06:00:24,28.33,71.08,4112
06:00:55,28.34,71.04,4112
06:01:26,28.35,70.98,4112
06:01:57,28.34,71.04,4112
06:02:28,28.35,71.01,4112
06:02:58,28.34,71.18,4112
06:03:29,28.35,71.05,4112
06:04:00,28.34,71.05,4112
06:04:31,28.34,71.18,4112
06:05:02,28.38,71.23,4112
06:05:33,28.35,71.30,4112
06:06:03,28.37,71.45,4112
06:06:34,28.35,71.53,4112
06:07:05,28.37,71.33,4112
06:07:36,28.39,71.13,4112
06:08:07,28.36,71.19,4112
06:08:38,28.38,71.14,4112
06:09:09,28.37,71.19,4112
06:09:39,28.39,71.38,4112
06:10:10,28.37,71.31,4112
06:10:41,28.38,71.19,4112
06:11:12,28.38,71.37,4112
06:11:43,28.39,71.25,4112
06:12:13,28.40,71.28,4112
06:12:44,28.39,71.42,4112
06:13:15,28.38,71.38,4112
06:13:46,28.39,71.43,4112
06:14:17,28.39,71.33,4112
06:14:48,28.39,71.36,4112
06:15:18,28.41,71.31,4112
06:15:49,28.41,71.38,4112
06:16:20,28.39,71.40,4112
06:16:51,28.41,71.40,4112
06:17:22,28.40,71.40,4112
06:17:53,28.43,71.50,4112
06:18:24,28.41,71.46,4112
06:18:54,28.42,71.48,4112
06:19:25,28.41,71.46,4112
06:19:56,28.42,71.57,4112
06:20:27,28.43,71.61,4112
06:20:58,28.42,73.07,4112
06:21:29,28.43,72.14,4112
06:22:00,28.43,71.98,4112
06:22:30,28.46,72.03,4112
06:23:01,28.44,71.81,4112
06:23:32,28.44,71.62,4112
06:24:03,28.45,71.64,4112
06:24:34,28.47,71.74,4112
06:25:05,28.44,71.66,4112
06:25:36,28.44,71.50,4112
06:26:06,28.46,71.46,4112
06:26:37,28.43,71.33,4112
06:27:08,28.46,71.64,4112
06:27:39,28.46,71.69,4112
06:28:10,28.46,71.65,4112
06:28:41,28.46,71.89,4112
06:29:12,28.46,71.80,4112
06:29:42,28.46,71.69,4112
06:30:13,28.44,71.67,4112
06:30:44,28.47,71.71,4112
06:31:15,28.46,71.78,4112
06:31:46,28.44,71.80,4112
06:32:17,28.44,71.77,4112
06:32:47,28.44,71.88,4112
06:33:18,28.46,71.85,4112
06:33:49,28.47,71.82,4112
06:34:20,28.47,71.86,4112
06:34:51,28.45,71.87,4112
06:35:21,28.46,71.81,4112
06:35:52,28.44,71.90,4112
06:36:23,28.46,72.00,4112
06:36:54,28.47,72.16,4112
06:37:25,28.48,73.40,4112
06:37:56,28.48,72.67,4112
06:38:26,28.48,72.27,4112
06:38:57,28.48,72.09,4112
06:39:28,28.50,72.94,4112
06:39:59,28.49,73.13,4112
06:40:30,28.49,73.08,4112
06:41:01,28.52,73.01,4112
06:41:31,28.52,73.20,4112
06:42:02,28.55,73.08,4112
06:42:33,28.52,73.22,4112
06:43:04,28.53,73.41,4112
06:43:35,28.55,73.21,4112
06:44:05,28.55,73.11,4112
06:44:36,28.54,73.43,4112
06:45:07,28.55,73.29,4112
06:45:38,28.54,74.18,4112
06:46:09,28.56,74.12,4112
06:46:40,28.57,73.46,4112
06:47:10,28.56,73.24,4112
06:47:41,28.55,73.59,4112
06:48:12,28.59,74.09,4112
06:48:43,28.59,74.25,4112
06:49:14,28.58,73.92,4112
06:49:45,28.58,73.76,4112
06:50:15,28.58,73.38,4112
06:50:46,28.57,73.21,4112
06:51:17,28.59,73.10,4112
06:51:48,28.57,73.18,4112
06:52:19,28.59,73.23,4112
06:52:50,28.60,73.54,4112
06:53:20,28.57,73.52,4112
06:53:51,28.58,73.52,4112
06:54:22,28.58,73.74,4112
06:54:53,28.60,73.71,4112
06:55:24,28.59,73.56,4112
06:55:55,28.59,73.71,4112
06:56:25,28.58,73.58,4112
06:56:56,28.57,73.62,4112
06:57:27,28.59,73.56,4112
06:57:58,28.60,73.70,4112
06:58:29,28.61,73.68,4112
06:59:00,28.61,73.65,4112
06:59:30,28.61,73.70,4112
07:00:01,28.60,73.62,4112
07:00:32,28.60,73.46,4112
07:01:03,28.60,73.42,4112
07:01:34,28.60,73.41,4112
07:02:05,28.58,73.70,4112
07:02:35,28.60,73.84,4112
07:03:06,28.59,73.59,4112
07:03:37,28.57,73.52,4112
07:04:08,28.59,73.63,4112
07:04:39,28.58,73.44,4112
07:05:10,28.58,73.43,4112
07:05:40,28.59,73.49,4112
07:06:11,28.61,73.39,4112
07:06:42,28.61,73.64,4112
07:07:13,28.59,73.56,4112
07:07:44,28.59,73.63,4112
07:08:15,28.62,73.49,4112
07:08:45,28.59,73.82,4112
07:09:16,28.59,73.60,4112
07:09:47,28.61,73.57,4112
07:10:18,28.59,73.55,4112
07:10:49,28.60,73.87,4112
07:11:19,28.64,73.65,4112
07:11:50,28.59,73.49,4112
07:12:21,28.61,73.64,4112
07:12:52,28.60,73.39,4112
07:13:23,28.62,73.66,4112
07:13:54,28.60,74.00,4112
07:14:25,28.60,73.67,4112
07:14:55,28.60,73.64,4112
07:15:26,28.60,73.72,4112
07:15:57,28.62,73.68,4112
07:16:28,28.62,73.99,4112
07:16:59,28.62,73.73,4112
07:17:29,28.63,73.80,4112
07:18:00,28.64,73.67,4112
07:18:31,28.63,73.53,4112
07:19:02,28.62,73.92,4112
07:19:33,28.63,73.70,4112
07:20:04,28.61,73.93,4112
07:20:34,28.61,73.77,4112
07:21:05,28.64,73.75,4112
07:21:36,28.62,74.08,4112
07:22:07,28.62,73.93,4112
07:22:38,28.63,73.74,4112
07:23:09,28.63,73.64,4112
07:23:40,28.65,73.61,4112
07:24:10,28.63,73.88,4112
07:24:41,28.63,73.99,4112
07:25:12,28.63,74.02,4112
07:25:43,28.63,73.92,4112
07:26:14,28.63,73.88,4112
07:26:45,28.65,73.86,4112
07:27:15,28.65,74.00,4112
07:27:46,28.65,73.94,4112
07:28:17,28.66,74.02,4112
07:28:48,28.65,73.97,4112
07:29:19,28.65,74.13,4112
07:29:50,28.64,74.12,4112
07:30:21,28.66,74.03,4112
07:30:52,28.66,74.04,4112
07:31:22,28.65,74.28,4112
07:31:53,28.65,73.97,4112
07:32:24,28.66,74.19,4112
07:32:55,28.66,74.13,4112
07:33:26,28.67,74.25,4112
07:33:57,28.67,74.18,4112
07:34:27,28.67,74.24,4112
07:34:58,28.67,74.37,4112
07:35:29,28.66,73.98,4112
07:36:00,28.66,74.03,4112
07:36:31,28.66,74.01,4112
07:37:02,28.69,73.94,4112
07:37:33,28.69,74.09,4112
07:38:03,28.67,74.17,4112
07:38:34,28.70,74.14,4112
07:39:05,28.69,74.03,4112
07:39:36,28.69,73.91,4112
07:40:07,28.68,74.34,4112
07:40:38,28.69,74.27,4112
07:41:08,28.69,74.58,4112
07:41:39,28.71,74.50,4112
07:42:10,28.69,74.40,4112
07:42:41,28.70,74.31,4112
07:43:12,28.69,74.27,4112
07:43:43,28.71,74.26,4112
07:44:14,28.72,74.36,4112
07:44:45,28.71,74.36,4112
07:45:15,28.69,74.18,4112
07:45:46,28.73,74.05,4112
07:46:17,28.72,74.33,4112
07:46:48,28.70,74.37,4112
07:47:19,28.72,74.69,4112
07:47:50,28.74,74.49,4112
07:48:20,28.75,74.42,4112
07:48:51,28.74,74.85,4112
07:49:22,28.73,74.75,4112
07:49:53,28.74,75.03,4112
07:50:24,28.77,74.70,4112
07:50:55,28.74,74.49,4112
07:51:25,28.74,74.40,4112
07:51:56,28.74,74.60,4112
07:52:27,28.75,74.90,4112
07:52:58,28.76,74.74,4112
07:53:29,28.77,74.67,4112
07:54:00,28.77,74.67,4112
07:54:30,28.75,74.54,4112
07:55:01,28.78,74.50,4112
07:55:32,28.78,74.62,4112
07:56:03,28.79,74.82,4112
07:56:34,28.81,74.51,4112
07:57:04,28.81,75.03,4112
07:57:35,28.81,74.97,4112
07:58:06,28.83,75.03,4112
07:58:37,28.82,75.06,4112
07:59:08,28.82,75.12,4112
07:59:38,28.85,74.95,4112
08:00:09,28.83,74.89,4112
08:00:40,28.86,74.88,4112
08:01:11,28.84,74.80,4112
08:01:42,28.86,74.89,4112
08:02:13,28.88,74.84,4112
08:02:44,28.88,74.89,4112
08:03:14,28.90,74.85,4112
08:03:45,28.90,74.88,4112
08:04:16,28.89,74.83,4112
08:04:47,28.90,74.83,4112
08:05:18,28.91,74.79,4112
08:05:48,28.94,74.85,4112
08:06:19,28.91,75.03,4112
08:06:50,28.95,74.90,4112
08:07:21,28.94,74.96,4112
08:07:52,28.95,74.86,4112
08:08:22,28.96,74.97,4112
08:08:53,28.96,74.99,4112
08:09:24,28.96,74.95,4112
08:09:55,28.95,75.26,4112
08:10:26,28.95,75.07,4112
08:10:57,28.97,75.46,4112
08:11:27,28.95,75.30,4112
08:11:58,28.99,75.16,4112
08:12:29,29.00,75.18,4112
08:13:00,28.99,75.09,4112
08:13:31,28.98,75.06,4112
08:14:02,29.01,75.00,4112
08:14:32,29.02,75.01,4112
08:15:03,29.03,75.01,4112
08:15:34,29.03,74.95,4112
08:16:05,29.06,75.02,4112
08:16:36,29.07,75.27,4112
08:17:06,29.05,75.21,4112
08:17:37,29.07,75.11,4112
08:18:08,29.09,75.07,4112
08:18:39,29.11,75.04,4112
08:19:10,29.08,74.93,4112
08:19:41,29.11,74.94,4112
08:20:11,29.12,74.99,4112
08:20:42,29.12,74.99,4112
08:21:13,29.12,75.01,4112
08:21:44,29.14,75.14,4112
08:22:15,29.17,75.12,4112
08:22:46,29.12,75.01,4112
08:23:16,29.17,75.23,4112
08:23:47,29.16,75.23,4112
08:24:18,29.16,75.33,4112
08:24:49,29.18,75.29,4112
08:25:20,29.20,75.22,4112
08:25:51,29.19,75.10,4112
08:26:21,29.18,75.03,4112
08:26:52,29.20,74.91,4112
08:27:23,29.20,74.92,4112
08:27:54,29.20,74.89,4112
08:28:25,29.21,75.01,4112
08:28:56,29.22,74.94,4112
08:29:26,29.21,75.36,4112
08:29:57,29.25,75.29,4112
08:30:28,29.24,75.15,4112
08:30:59,29.25,75.30,4112
08:31:30,29.24,75.24,4112
08:32:01,29.27,75.71,4112
08:32:31,29.26,75.69,4112
08:33:02,29.27,75.79,4112
08:33:33,29.29,75.91,4112
08:34:04,29.30,75.60,4112
08:34:35,29.29,75.29,4112
08:35:06,29.32,75.15,4112
08:35:37,29.30,75.71,4112
08:36:07,29.31,75.57,4112
08:36:38,29.34,75.31,4112
08:37:09,29.35,75.22,4112
08:37:40,29.33,74.97,4112
08:38:11,29.35,74.94,4112
08:38:42,29.36,75.05,4112
08:39:12,29.35,75.22,4112
08:39:43,29.38,75.00,4112
08:40:14,29.36,74.99,4112
08:40:45,29.38,75.06,4112
08:41:16,29.39,75.00,4112
08:41:46,29.39,75.19,4112
08:42:17,29.40,75.02,4112
08:42:48,29.41,75.00,4112
08:43:19,29.42,75.00,4112
08:43:50,29.41,74.90,4112
08:44:21,29.42,75.24,4112
08:44:52,29.43,75.20,4112
08:45:22,29.45,75.53,4112
08:45:53,29.44,75.50,4112
08:46:24,29.45,75.69,4112
08:46:55,29.46,75.33,4112
08:47:26,29.49,75.45,4112
08:47:57,29.47,75.12,4112
08:48:27,29.50,75.24,4112
08:48:58,29.49,74.99,4112
08:49:29,29.51,74.90,4112
08:50:00,29.52,74.84,4112
08:50:31,29.51,74.81,4112
08:51:02,29.50,74.77,4112
08:51:32,29.51,74.77,4112
08:52:03,29.53,74.82,4112
08:52:34,29.53,74.79,4112
08:53:05,29.52,74.86,4112
08:53:36,29.54,74.84,4112
08:54:07,29.51,74.87,4112
08:54:37,29.52,74.95,4112
08:55:08,29.51,75.00,4112
08:55:39,29.52,74.98,4112
08:56:10,29.53,74.90,4112
08:56:41,29.51,75.01,4112
08:57:12,29.53,74.91,4112
08:57:42,29.55,74.88,4112
08:58:13,29.56,74.90,4112
08:58:44,29.56,74.88,4112
08:59:15,29.56,74.97,4112
08:59:46,29.55,74.97,4112
09:00:17,29.55,74.92,4112
09:00:48,29.57,74.93,4112
09:01:19,29.57,74.88,4112
09:01:49,29.56,74.90,4112
09:02:20,29.57,74.90,4112
09:02:51,29.57,74.92,4112
09:03:22,29.58,74.99,4112
09:03:53,29.58,75.08,4112
09:04:24,29.56,75.10,4112
09:04:55,29.60,74.99,4112
09:05:25,29.58,74.87,4112
09:05:56,29.59,74.86,4112
09:06:27,29.60,74.81,4112
09:06:58,29.60,74.79,4112
09:07:29,29.61,74.82,4112
09:07:59,29.64,74.80,4112
09:08:30,29.64,74.79,4112
09:09:01,29.62,74.84,4112
09:09:32,29.65,74.79,4112
09:10:03,29.65,74.83,4112
09:10:34,29.65,75.46,4112
09:11:04,29.67,75.12,4112
09:11:35,29.66,74.85,4112
09:12:06,29.69,74.76,4112
09:12:37,29.68,74.72,4112
09:13:08,29.68,75.23,4112
09:13:39,29.68,75.07,4112
09:14:09,29.69,74.84,4112
09:14:40,29.69,75.36,4112
09:15:11,29.71,75.20,4112
09:15:42,29.71,74.92,4112
09:16:13,29.72,75.37,4112
09:16:43,29.74,75.57,4112
09:17:14,29.75,75.48,4112
09:17:45,29.75,75.44,4112
09:18:16,29.74,75.16,4112
09:18:47,29.75,75.03,4112
09:19:18,29.74,75.02,4112
09:19:48,29.77,75.08,4112
09:20:19,29.78,75.53,4112
09:20:50,29.80,75.45,4112
09:21:21,29.80,75.39,4112
09:21:52,29.80,75.31,4112
09:22:23,29.82,74.95,4112
09:22:53,29.82,74.99,4112
09:23:24,29.82,75.08,4112
09:23:55,29.82,75.01,4112
09:24:26,29.83,74.81,4112
09:24:57,29.83,74.82,4112
09:25:28,29.82,74.75,4112
09:25:58,29.85,74.70,4112
09:26:29,29.85,74.79,4112
09:27:00,29.88,74.98,4112
09:27:31,29.88,75.31,4112
09:28:02,29.89,75.36,4112
09:28:33,29.89,75.16,4112
09:29:03,29.88,75.34,4112
09:29:34,29.91,75.29,4112
09:30:05,29.90,74.98,4112
09:30:36,29.90,75.30,4112
09:31:07,29.91,75.07,4112
09:31:38,29.91,74.92,4112
09:32:08,29.89,74.72,4112
09:32:39,29.92,74.95,4112
09:33:10,29.93,74.92,4112
09:33:41,29.93,74.88,4112
09:34:12,29.92,74.81,4112
09:34:43,29.92,74.68,4112
09:35:14,29.95,74.58,4112
09:35:44,29.95,74.83,4112
09:36:15,29.95,74.86,4112
09:36:46,29.94,75.06,4112
09:37:17,29.96,74.99,4112
09:37:48,29.96,74.72,4112
09:38:18,29.95,74.61,4112
09:38:49,29.97,74.53,4112
09:39:20,29.97,74.45,4112
09:39:51,29.96,74.62,4112
09:40:22,29.97,74.55,4112
09:40:53,29.99,74.53,4112
09:41:24,29.99,74.39,4112
09:41:54,29.99,74.34,4112
09:42:25,30.01,74.34,4112
09:42:56,30.01,74.38,4112
09:43:27,30.00,74.29,4112
09:43:58,30.01,74.27,4112
09:44:28,30.01,74.69,4112
09:44:59,30.03,74.51,4112
09:45:30,30.03,74.63,4112
09:46:01,30.03,74.36,4112
09:46:32,30.04,74.36,4112
09:47:03,30.05,74.31,4112
09:47:33,30.04,74.30,4112
09:48:04,30.04,74.28,4112
09:48:35,30.04,74.30,4112
09:49:06,30.04,74.25,4112
09:49:37,30.05,74.24,4112
09:50:08,30.06,74.20,4112
09:50:39,30.08,74.23,4112
09:51:09,30.05,74.30,4112
09:51:40,30.07,74.19,4112
09:52:11,30.09,74.23,4112
09:52:42,30.06,74.23,4112
09:53:13,30.07,74.17,4112
09:53:43,30.09,74.16,4112
09:54:14,30.09,74.13,4112
09:54:45,30.09,74.13,4112
09:55:16,30.09,74.11,4112
09:55:47,30.09,74.10,4112
09:56:18,30.09,74.09,4112
09:56:48,30.11,74.09,4112
09:57:19,30.11,74.06,4112
09:57:50,30.12,74.06,4112
09:58:21,30.13,74.01,4112
09:58:52,30.14,74.14,4112
09:59:23,30.13,74.58,4112
09:59:53,30.13,74.49,4112
10:00:24,30.13,74.14,4112
10:00:55,30.13,74.06,4112
10:01:26,30.16,74.09,4112
10:01:57,30.15,74.16,4112
10:02:28,30.16,74.52,4112
10:02:59,30.15,74.58,4112
10:03:29,30.14,74.30,4112
10:04:00,30.17,74.21,4112
10:04:31,30.16,74.45,4112
10:05:02,30.17,74.40,4112
10:05:33,30.18,74.19,4112
10:06:04,30.18,74.40,4112
10:06:35,30.16,74.49,4112
10:07:05,30.19,74.16,4112
10:07:36,30.18,74.02,4112
10:08:07,30.20,73.96,4112
10:08:38,30.18,74.33,4112
10:09:09,30.20,74.10,4112
10:09:40,30.21,74.01,4112
10:10:10,30.21,74.03,4112
10:10:41,30.21,74.46,4112
10:11:12,30.22,74.59,4112
10:11:43,30.21,74.61,4112
10:12:14,30.23,74.43,4112
10:12:45,30.21,74.33,4112
10:13:16,30.20,74.21,4112
10:13:46,30.23,74.14,4112
10:14:17,30.21,74.10,4112
10:14:48,30.20,73.96,4112
10:15:19,30.22,74.16,4112
10:15:50,30.23,73.99,4112
10:16:21,30.22,74.20,4112
10:16:51,30.21,74.28,4112
10:17:22,30.21,74.25,4112
10:17:53,30.23,74.03,4112
10:18:24,30.24,73.97,4112
10:18:55,30.22,74.31,4112
10:19:26,30.23,74.43,4112
10:19:56,30.22,74.04,4112
10:20:27,30.24,73.97,4112
10:20:58,30.25,73.93,4112
10:21:29,30.25,73.87,4112
10:22:00,30.27,73.91,4112
10:22:31,30.25,73.96,4112
10:23:02,30.26,73.96,4112
10:23:32,30.27,73.97,4112
10:24:03,30.27,73.99,4112
10:24:34,30.24,74.02,4112
10:25:05,30.27,74.22,4112
10:25:36,30.27,74.29,4112
10:26:06,30.29,74.14,4112
10:26:37,30.28,74.09,4112
10:27:08,30.29,73.98,4112
10:27:39,30.29,74.03,4112
10:28:10,30.28,74.07,4112
10:28:41,30.28,74.03,4112
10:29:11,30.31,74.02,4112
10:29:42,30.29,74.00,4112
10:30:13,30.30,74.07,4112
10:30:44,30.30,74.06,4112
10:31:15,30.30,74.08,4112
10:31:46,30.29,74.09,4112
10:32:16,30.31,74.11,4112
10:32:47,30.32,74.03,4112
10:33:18,30.31,74.03,4112
10:33:49,30.31,74.01,4112
10:34:20,30.31,74.57,4112
10:34:51,30.31,74.50,4112
10:35:21,30.31,74.72,4112
10:35:52,30.32,74.41,4112
10:36:23,30.32,74.43,4112
10:36:54,30.34,74.40,4112
10:37:25,30.31,74.26,4112
10:37:56,30.31,74.22,4112
10:38:26,30.34,74.11,4112
10:38:57,30.36,74.42,4112
10:39:28,30.35,74.81,4112
10:39:59,30.34,74.66,4112
10:40:30,30.35,74.49,4112
10:41:00,30.35,74.34,4112
10:41:31,30.35,74.42,4112
10:42:02,30.35,74.62,4112
10:42:33,30.32,75.16,4112
10:43:04,30.35,75.10,4112
10:43:35,30.34,75.11,4112
10:44:05,30.33,74.88,4112
10:44:36,30.33,74.43,4112
10:45:07,30.36,74.41,4112
10:45:38,30.32,74.70,4112
10:46:09,30.35,74.94,4112
10:46:40,30.35,75.04,4112
10:47:11,30.38,75.00,4112
10:47:41,30.38,74.97,4112
10:48:12,30.36,74.99,4112
10:48:43,30.37,75.20,4112
10:49:14,30.37,75.12,4112
10:49:45,30.38,74.95,4112
10:50:16,30.35,75.04,4112
10:50:46,30.37,75.06,4112
10:51:17,30.35,74.78,4112
10:51:48,30.36,75.14,4112
10:52:19,30.37,74.84,4112
10:52:50,30.38,74.92,4112
10:53:20,30.38,74.80,4112
10:53:51,30.36,75.10,4112
10:54:22,30.37,74.98,4112
10:54:53,30.35,75.00,4112
10:55:24,30.37,74.96,4112
10:55:55,30.38,74.57,4112
10:56:26,30.38,74.54,4112
10:56:56,30.37,74.86,4112
10:57:27,30.37,74.49,4112
10:57:58,30.39,74.49,4112
10:58:29,30.38,74.72,4112
10:59:00,30.37,74.38,4112
10:59:30,30.40,74.33,4112
11:00:01,30.39,74.27,4112
11:00:32,30.39,74.25,4112
11:01:03,30.42,74.25,4112
11:01:34,30.39,74.34,4112
11:02:05,30.42,74.17,4112
11:02:35,30.40,74.22,4112
11:03:06,30.42,74.18,4112
11:03:37,30.40,74.12,4112
11:04:08,30.40,74.05,4112
11:04:39,30.42,74.03,4112
11:05:10,30.43,74.04,4112
11:05:40,30.42,74.03,4112
11:06:11,30.40,73.97,4112
11:06:42,30.42,74.03,4112
11:07:13,30.42,74.45,4112
11:07:44,30.43,74.19,4112
11:08:15,30.42,74.15,4112
11:08:45,30.43,74.05,4112
11:09:16,30.44,74.08,4112
11:09:47,30.42,74.29,4112
11:10:18,30.42,74.42,4112
11:10:49,30.43,74.46,4112
11:11:20,30.42,74.28,4112
11:11:51,30.40,74.13,4112
11:12:21,30.43,74.05,4112
11:12:52,30.43,74.02,4112
11:13:23,30.43,74.36,4112
11:13:54,30.43,74.41,4112
11:14:25,30.42,74.10,4112
11:14:56,30.43,74.15,4112
11:15:26,30.41,74.33,4112
11:15:57,30.45,74.09,4112
11:16:28,30.45,74.06,4112
11:16:59,30.46,74.59,4112
11:17:30,30.43,74.56,4112
11:18:01,30.43,74.49,4112
11:18:31,30.43,74.78,4112
11:19:02,30.44,74.83,4112
11:19:33,30.43,74.39,4112
11:20:04,30.45,74.36,4112
11:20:35,30.44,74.29,4112
11:21:06,30.43,74.23,4112
11:21:37,30.43,74.08,4112
11:22:07,30.44,74.04,4112
11:22:38,30.44,74.09,4112
11:23:09,30.47,74.56,4112
11:23:40,30.42,74.09,4112
11:24:11,30.47,74.03,4112
11:24:41,30.47,74.19,4112
11:25:12,30.47,74.41,4112
11:25:43,30.44,74.31,4112
11:26:14,30.46,74.14,4112
11:26:45,30.45,74.43,4112
11:27:16,30.44,74.14,4112
11:27:47,30.48,74.29,4112
11:28:17,30.46,74.51,4112
11:28:48,30.47,74.65,4112
11:29:19,30.47,74.39,4112
11:29:50,30.46,74.22,4112
11:30:21,30.48,74.01,4112
11:30:52,30.48,74.03,4112
11:31:22,30.48,74.04,4112
11:31:53,30.50,74.33,4112
11:32:24,30.49,74.22,4112
11:32:55,30.48,74.14,4112
11:33:26,30.48,74.08,4112
11:33:57,30.50,74.38,4112
11:34:28,30.46,74.22,4112
11:34:58,30.50,74.25,4112
11:35:29,30.50,74.31,4112
11:36:00,30.51,74.12,4112
11:36:31,30.50,74.02,4112
11:37:02,30.50,74.04,4112
11:37:33,30.50,73.99,4112
11:38:04,30.53,74.06,4112
11:38:34,30.51,74.64,4112
11:39:05,30.52,74.40,4112
11:39:36,30.52,74.86,4112
11:40:07,30.51,74.70,4112
11:40:38,30.51,74.69,4112
11:41:09,30.52,74.82,4112
11:41:39,30.52,74.69,4112
11:42:10,30.52,74.35,4112
11:42:41,30.54,74.58,4112
11:43:12,30.53,74.96,4112
11:43:43,30.52,74.21,4112
11:44:13,30.52,74.39,4112
11:44:44,30.53,74.68,4112
11:45:15,30.55,74.91,4112
11:45:46,30.55,74.74,4112
11:46:17,30.54,74.89,4112
11:46:48,30.54,74.91,4112
11:47:18,30.54,74.79,4112
11:47:49,30.54,74.42,4112
11:48:20,30.52,74.39,4112
11:48:51,30.55,74.33,4112
11:49:22,30.54,74.58,4112
11:49:52,30.56,74.22,4112
11:50:23,30.58,74.72,4112
11:50:54,30.55,74.26,4112
11:51:25,30.58,74.75,4112
11:51:56,30.55,74.70,4112
11:52:27,30.56,74.86,4112
11:52:57,30.56,74.30,4112
11:53:28,30.56,74.57,4112
11:53:59,30.58,74.58,4112
11:54:30,30.58,74.58,4112
11:55:01,30.60,74.70,4112
11:55:32,30.59,74.52,4112
11:56:02,30.58,74.52,4112
11:56:33,30.59,74.65,4112
11:57:04,30.59,74.78,4112
11:57:35,30.57,74.62,4112
11:58:06,30.60,74.70,4112
11:58:37,30.58,74.61,4112
11:59:07,30.59,74.34,4112
11:59:38,30.60,74.62,4112
12:00:09,30.61,74.61,4112
12:00:40,30.59,74.31,4112
12:01:11,30.60,74.44,4112
12:01:42,30.62,74.36,4112
12:02:12,30.63,74.17,4112
12:02:43,30.61,74.25,4112
12:03:14,30.63,74.41,4112
12:03:45,30.65,74.34,4112
12:04:16,30.65,74.63,4112
12:04:47,30.66,74.74,4112
12:05:17,30.65,74.76,4112
12:05:48,30.65,74.60,4112
12:06:19,30.64,74.74,4112
12:06:50,30.64,74.41,4112
12:07:21,30.66,74.70,4112
12:07:51,30.66,74.25,4112
12:08:22,30.66,74.59,4112
12:08:53,30.65,74.57,4112
12:09:24,30.68,74.36,4112
12:09:55,30.69,74.22,4112
12:10:26,30.68,74.52,4112
12:10:56,30.68,74.50,4112
12:11:27,30.70,74.55,4112
12:11:58,30.70,74.15,4112
12:12:29,30.71,74.07,4112
12:13:00,30.70,74.31,4112
12:13:30,30.70,74.19,4112
12:14:01,30.70,74.04,4112
12:14:32,30.72,74.17,4112
12:15:03,30.73,74.12,4112
12:15:34,30.71,74.11,4112
12:16:05,30.71,74.37,4112
12:16:35,30.69,74.30,4112
12:17:06,30.74,74.46,4112
12:17:37,30.75,74.42,4112
12:18:08,30.74,74.49,4112
12:18:39,30.74,74.62,4112
12:19:10,30.71,74.55,4112
12:19:40,30.74,74.25,4112
12:20:11,30.73,74.26,4112
12:20:42,30.75,74.28,4112
12:21:13,30.75,74.29,4112
12:21:44,30.76,74.30,4112
12:22:15,30.74,74.22,4112
12:22:45,30.78,74.08,4112
12:23:16,30.77,74.16,4112
12:23:47,30.76,74.13,4112
12:24:18,30.77,74.37,4112
12:24:49,30.78,74.27,4112
12:25:20,30.78,74.05,4112
12:25:51,30.77,74.03,4112
12:26:21,30.76,74.07,4112
12:26:52,30.77,74.09,4112
12:27:23,30.79,74.12,4112
12:27:54,30.76,74.04,4112
12:28:25,30.79,74.13,4112
12:28:56,30.76,74.03,4112
12:29:26,30.79,73.96,4112
12:29:57,30.80,73.96,4112
12:30:28,30.81,74.04,4112
12:30:59,30.79,74.07,4112
12:31:30,30.82,74.10,4112
12:32:00,30.81,73.81,4112
12:32:31,30.81,74.03,4112
12:33:02,30.81,73.87,4112
12:33:33,30.81,73.94,4112
12:34:04,30.83,74.06,4112
12:34:35,30.81,74.23,4112
12:35:06,30.82,74.28,4112
12:35:36,30.82,74.33,4112
12:36:07,30.82,74.29,4112
12:36:38,30.83,74.41,4112
12:37:09,30.83,74.39,4112
12:37:40,30.83,74.35,4112
12:38:10,30.82,73.94,4112
12:38:41,30.85,74.18,4112
12:39:12,30.83,73.92,4112
12:39:43,30.86,74.23,4112
12:40:14,30.85,74.56,4112
12:40:45,30.85,74.56,4112
12:41:15,30.85,74.78,4112
12:41:46,30.85,74.44,4112
12:42:17,30.86,74.58,4112
12:42:48,30.85,74.85,4112
12:43:19,30.88,74.80,4112
12:43:50,30.87,74.54,4112
12:44:21,30.89,74.57,4112
12:44:51,30.87,74.70,4112
12:45:22,30.89,74.80,4112
12:45:53,30.88,74.67,4112
12:46:24,30.89,74.69,4112
12:46:55,30.90,74.65,4112
12:47:26,30.91,74.37,4112
12:47:57,30.89,74.37,4112
12:48:27,30.93,74.50,4112
12:48:58,30.90,74.01,4112
12:49:29,30.91,74.12,4112
12:50:00,30.92,73.94,4112
12:50:31,30.95,73.90,4112
12:51:02,30.91,73.91,4112
12:51:33,30.93,73.83,4112
12:52:03,30.94,73.85,4112
12:52:34,30.97,73.91,4112
12:53:05,30.97,73.81,4112
12:53:36,30.96,73.80,4112
12:54:07,30.97,73.79,4112
12:54:38,30.97,73.81,4112
12:55:08,30.98,73.89,4112
12:55:39,30.98,73.77,4112
12:56:10,30.98,73.79,4112
12:56:41,30.97,73.91,4112
12:57:12,31.00,74.04,4112
12:57:43,31.00,74.01,4112
12:58:14,31.00,73.80,4112
12:58:44,31.00,73.83,4112
12:59:15,31.02,73.70,4112
12:59:46,31.02,73.83,4112
13:00:17,31.02,73.78,4112
13:00:48,31.02,73.83,4112
13:01:19,31.02,73.91,4112
13:01:49,31.05,73.73,4112
13:02:20,31.04,73.72,4112
13:02:51,31.04,73.75,4112
13:03:22,31.06,73.72,4112
13:03:53,31.05,73.62,4112
13:04:23,31.05,73.64,4112
13:04:54,31.04,73.80,4112
13:05:25,31.06,73.59,4112
13:05:56,31.07,73.86,4112
13:06:27,31.07,73.56,4112
13:06:58,31.05,73.76,4112
13:07:29,31.08,73.75,4112
13:07:59,31.08,73.57,4112
13:08:30,31.09,73.60,4112
13:09:01,31.10,73.62,4112
13:09:32,31.09,73.63,4112
13:10:03,31.12,73.56,4112
13:10:34,31.10,73.55,4112
13:11:04,31.11,73.52,4112
13:11:35,31.12,73.46,4112
13:12:06,31.13,73.47,4112
13:12:37,31.13,73.47,4112
13:13:08,31.13,73.44,4112
13:13:39,31.12,73.41,4112
13:14:09,31.14,73.48,4112
13:14:40,31.16,73.49,4112
13:15:11,31.13,73.46,4112
13:15:42,31.15,73.44,4112
13:16:13,31.16,73.46,4112
13:16:44,31.16,73.63,4112
13:17:14,31.15,73.70,4112
13:17:45,31.17,73.73,4112
13:18:16,31.16,73.52,4112
13:18:47,31.16,73.70,4112
13:19:18,31.16,73.68,4112
13:19:49,31.16,73.49,4112
13:20:19,31.17,73.63,4112
13:20:50,31.18,73.56,4112
13:21:21,31.17,73.66,4112
13:21:52,31.19,73.45,4112
13:22:23,31.19,73.59,4112
13:22:54,31.20,73.59,4112
13:23:24,31.21,73.51,4112
13:23:55,31.21,73.47,4112
13:24:26,31.20,73.63,4112
13:24:57,31.22,73.49,4112
13:25:28,31.21,73.43,4112
13:25:59,31.22,73.35,4112
13:26:29,31.22,73.50,4112
13:27:00,31.22,73.49,4112
13:27:31,31.23,73.54,4112
13:28:02,31.23,73.60,4112
13:28:33,31.23,73.49,4112
13:29:04,31.24,73.50,4112
13:29:34,31.24,73.46,4112
13:30:05,31.26,73.53,4112
13:30:36,31.24,73.69,4112
13:31:07,31.25,73.54,4112
13:31:38,31.25,73.49,4112
13:32:09,31.26,73.53,4112
13:32:39,31.27,73.41,4112
13:33:10,31.25,73.49,4112
13:33:41,31.29,73.30,4112
13:34:12,31.29,73.30,4112
13:34:43,31.26,73.28,4112
13:35:14,31.28,73.21,4112
13:35:44,31.28,73.25,4112
13:36:15,31.30,73.27,4112
13:36:46,31.29,73.32,4112
13:37:17,31.29,73.38,4112
13:37:48,31.29,73.30,4112
13:38:18,31.29,73.35,4112
13:38:49,31.30,73.36,4112
13:39:20,31.30,73.21,4112
13:39:51,31.31,73.25,4112
13:40:22,31.30,73.20,4112
13:40:53,31.31,73.21,4112
13:41:24,31.33,73.22,4112
13:41:54,31.34,73.22,4112
13:42:25,31.34,73.21,4112
13:42:56,31.34,73.17,4112
13:43:27,31.37,73.18,4112
13:43:58,31.36,73.20,4112
13:44:29,31.34,73.15,4112
13:44:59,31.36,73.17,4112
13:45:30,31.34,73.08,4112
13:46:01,31.34,73.25,4112
13:46:32,31.35,73.27,4112
13:47:03,31.34,73.45,4112
13:47:34,31.37,73.25,4112
13:48:04,31.36,73.24,4112
13:48:35,31.37,73.19,4112
13:49:06,31.39,73.27,4112
13:49:37,31.38,73.15,4112
13:50:08,31.39,73.19,4112
13:50:39,31.39,73.17,4112
13:51:10,31.42,73.16,4112
13:51:40,31.40,73.14,4112
13:52:11,31.41,73.15,4112
13:52:42,31.40,73.12,4112
13:53:13,31.39,73.18,4112
13:53:44,31.42,73.19,4112
13:54:15,31.40,73.13,4112
13:54:45,31.41,73.22,4112
13:55:16,31.41,73.07,4112
13:55:47,31.42,73.18,4112
13:56:18,31.41,73.06,4112
13:56:49,31.43,73.05,4112
13:57:20,31.44,73.03,4112
13:57:51,31.43,73.06,4112
13:58:21,31.45,73.05,4112
13:58:52,31.44,73.02,4112
13:59:23,31.47,73.09,4112
13:59:54,31.44,73.12,4112
14:00:25,31.44,73.13,4112
14:00:56,31.47,73.03,4112
14:01:26,31.44,72.97,4112
14:01:57,31.45,72.97,4112
14:02:28,31.46,72.97,4112
14:02:59,31.46,72.98,4112
14:03:30,31.47,72.93,4112
14:04:01,31.46,72.97,4112
14:04:32,31.46,72.92,4112
14:05:02,31.46,72.91,4112
14:05:33,31.47,72.97,4112
14:06:04,31.47,72.98,4112
14:06:35,31.48,72.98,4112
14:07:06,31.48,72.92,4112
14:07:37,31.48,72.97,4112
14:08:07,31.51,72.96,4112
14:08:38,31.47,72.94,4112
14:09:09,31.49,72.85,4112
14:09:40,31.49,72.83,4112
14:10:11,31.50,72.84,4112
14:10:42,31.52,72.84,4112
14:11:13,31.49,72.79,4112
14:11:43,31.51,72.81,4112
14:12:14,31.51,72.84,4112
14:12:45,31.52,73.00,4112
14:13:16,31.52,72.81,4112
14:13:47,31.52,72.83,4112
14:14:18,31.52,72.91,4112
14:14:49,31.52,72.88,4112
14:15:19,31.52,72.95,4112
14:15:50,31.53,72.84,4112
14:16:21,31.54,72.86,4112
14:16:52,31.55,72.84,4112
14:17:23,31.53,72.84,4112
14:17:54,31.54,72.81,4112
14:18:25,31.55,72.86,4112
14:18:55,31.54,72.81,4112
14:19:26,31.55,72.83,4112
14:19:57,31.55,72.77,4112
14:20:28,31.53,72.73,4112
14:20:59,31.54,72.74,4112
14:21:30,31.57,72.77,4112
14:22:00,31.56,72.84,4112
14:22:31,31.57,72.76,4112
14:23:02,31.56,72.70,4112
14:23:33,31.55,72.73,4112
14:24:04,31.56,72.79,4112
14:24:34,31.57,72.74,4112
14:25:05,31.56,72.72,4112
14:25:36,31.56,72.77,4112
14:26:07,31.56,72.84,4112
14:26:38,31.57,72.75,4112
14:27:09,31.57,72.79,4112
14:27:39,31.59,72.68,4112
14:28:10,31.57,72.66,4112
14:28:41,31.59,72.60,4112
14:29:12,31.60,72.60,4112
14:29:43,31.59,72.59,4112
14:30:14,31.60,72.63,4112
14:30:44,31.59,72.64,4112
14:31:15,31.61,72.67,4112
14:31:46,31.60,72.72,4112
14:32:17,31.61,72.73,4112
14:32:48,31.62,72.72,4112
14:33:18,31.62,72.66,4112
14:33:49,31.60,72.72,4112
14:34:20,31.61,72.71,4112
14:34:51,31.61,72.67,4112
14:35:22,31.61,72.76,4112
14:35:53,31.60,72.69,4112
14:36:23,31.61,72.63,4112
14:36:54,31.62,72.61,4112
14:37:25,31.62,72.70,4112
14:37:56,31.61,72.67,4112
14:38:27,31.61,72.67,4112
14:38:58,31.63,72.58,4112
14:39:28,31.63,72.63,4112
14:39:59,31.64,72.58,4112
14:40:30,31.62,72.59,4112
14:41:01,31.65,72.58,4112
14:41:32,31.63,72.61,4112
14:42:03,31.63,72.57,4112
14:42:33,31.65,72.55,4112
14:43:04,31.64,72.57,4112
14:43:35,31.65,72.58,4112
14:44:06,31.65,72.57,4112
14:44:37,31.66,72.52,4112
14:45:08,31.67,72.55,4112
14:45:38,31.65,72.46,4112
14:46:09,31.67,72.45,4112
14:46:40,31.66,72.47,4112
14:47:11,31.65,72.37,4112
14:47:42,31.65,72.42,4112
14:48:13,31.65,72.44,4112
14:48:43,31.65,72.44,4112
14:49:14,31.65,72.43,4112
14:49:45,31.64,72.48,4112
14:50:16,31.67,72.48,4112
14:50:47,31.63,72.42,4112
14:51:18,31.63,72.39,4112
14:51:48,31.67,72.41,4112
14:52:19,31.67,72.43,4112
14:52:50,31.66,72.46,4112
14:53:21,31.65,72.42,4112
14:53:52,31.65,72.41,4112
14:54:23,31.65,72.47,4112
14:54:53,31.64,72.43,4112
14:55:24,31.65,72.37,4112
14:55:55,31.67,72.42,4112
14:56:26,31.65,72.45,4112
14:56:57,31.64,72.41,4112
14:57:28,31.67,72.38,4112
14:57:58,31.67,72.40,4112
14:58:29,31.69,72.40,4112
14:59:00,31.69,72.36,4112
14:59:31,31.68,72.32,4112
15:00:02,31.68,72.38,4112
15:00:33,31.69,72.34,4112
15:01:03,31.69,72.35,4112
15:01:34,31.68,72.37,4112
15:02:05,31.70,72.33,4112
15:02:36,31.71,72.35,4112
15:03:07,31.69,72.36,4112
15:03:38,31.70,72.31,4112
15:04:08,31.69,72.31,4112
15:04:39,31.71,72.31,4112
15:05:10,31.69,72.33,4112
15:05:41,31.71,72.31,4112
15:06:12,31.71,72.24,4112
15:06:43,31.70,72.26,4112
15:07:14,31.72,72.28,4112
15:07:44,31.72,72.26,4112
15:08:15,31.72,72.34,4112
15:08:46,31.71,72.25,4112
15:09:17,31.71,72.25,4112
15:09:48,31.71,72.21,4112
15:10:19,31.73,72.23,4112
15:10:49,31.72,72.18,4112
15:11:20,31.72,72.17,4112
15:11:51,31.71,72.11,4112
15:12:22,31.72,72.11,4112
15:12:53,31.72,72.20,4112
15:13:24,31.72,72.19,4112
15:13:55,31.72,72.14,4112
15:14:25,31.72,72.09,4112
15:14:56,31.72,72.08,4112
15:15:27,31.73,72.15,4112
15:15:58,31.74,72.12,4112
15:16:29,31.71,72.13,4112
15:17:00,31.72,72.15,4112
15:17:30,31.71,72.11,4112
15:18:01,31.70,72.11,4112
15:18:32,31.74,72.11,4112
15:19:03,31.75,72.16,4112
15:19:34,31.74,72.11,4112
15:20:05,31.76,72.07,4112
15:20:36,31.73,72.07,4112
15:21:06,31.76,72.07,4112
15:21:37,31.72,72.06,4112
15:22:08,31.74,72.03,4112
15:22:39,31.75,72.01,4112
15:23:10,31.72,71.91,4112
15:23:40,31.72,72.01,4112
15:24:11,31.73,71.68,4112
15:24:42,31.73,71.84,4112
15:25:13,31.72,71.87,4112
15:25:44,31.74,71.90,4112
15:26:15,31.75,71.94,4112
15:26:46,31.73,71.93,4112
15:27:16,31.75,71.93,4112
15:27:47,31.72,71.91,4112
15:28:18,31.74,71.89,4112
15:28:49,31.72,71.94,4112
15:29:20,31.74,71.90,4112
15:29:51,31.74,71.87,4112
15:30:22,31.74,71.91,4112
15:30:52,31.74,71.87,4112
15:31:23,31.73,71.86,4112
15:31:54,31.71,71.85,4112
15:32:25,31.73,71.87,4112
15:32:56,31.75,71.87,4112
15:33:27,31.71,71.86,4112
15:33:57,31.74,71.86,4112
15:34:28,31.75,71.83,4112
15:34:59,31.74,71.83,4112
15:35:30,31.76,71.77,4112
15:36:01,31.72,71.84,4112
15:36:32,31.72,71.79,4112
15:37:02,31.76,71.78,4112
15:37:33,31.76,71.79,4112
15:38:04,31.73,71.78,4112
15:38:35,31.73,71.79,4112
15:39:06,31.74,71.78,4112
15:39:36,31.74,71.76,4112
15:40:07,31.74,71.78,4112
15:40:38,31.74,71.80,4112
15:41:09,31.75,71.83,4112
15:41:40,31.73,71.81,4112
15:42:11,31.77,71.80,4112
15:42:41,31.77,71.84,4112
15:43:12,31.76,71.84,4112
15:43:43,31.75,71.83,4112
15:44:14,31.75,71.80,4112
15:44:45,31.77,71.79,4112
15:45:16,31.73,71.76,4112
15:45:46,31.77,71.75,4112
15:46:17,31.74,71.74,4112
15:46:48,31.76,71.81,4112
15:47:19,31.75,71.81,4112
15:47:50,31.76,71.76,4112
15:48:20,31.73,71.77,4112
15:48:51,31.77,71.76,4112
15:49:22,31.76,71.72,4112
15:49:53,31.76,71.74,4112
15:50:24,31.76,71.75,4112
15:50:55,31.76,71.75,4112
15:51:25,31.77,71.74,4112
15:51:56,31.77,71.79,4112
15:52:27,31.76,71.72,4112
15:52:58,31.77,71.76,4112
15:53:29,31.79,71.71,4112
15:54:00,31.77,71.73,4112
15:54:30,31.79,71.75,4112
15:55:01,31.76,71.69,4112
15:55:32,31.78,71.73,4112
15:56:03,31.76,71.69,4112
15:56:34,31.77,71.75,4112
15:57:05,31.77,71.74,4112
15:57:35,31.75,71.74,4112
15:58:06,31.78,71.75,4112
15:58:37,31.77,71.75,4112
15:59:08,31.76,71.75,4112
15:59:39,31.79,71.75,4112
16:00:10,31.75,71.71,4112
16:00:41,31.78,71.71,4112
16:01:11,31.78,71.73,4112
16:01:42,31.78,71.73,4112
16:02:13,31.77,71.69,4112
16:02:44,31.78,71.70,4112
16:03:15,31.78,71.70,4112
16:03:46,31.77,71.64,4112
16:04:16,31.77,71.67,4112
16:04:47,31.79,71.70,4112
16:05:18,31.77,71.69,4112
16:05:49,31.77,71.71,4112
16:06:20,31.75,71.69,4112
16:06:51,31.76,71.62,4112
16:07:21,31.76,71.67,4112
16:07:52,31.78,71.67,4112
16:08:23,31.74,71.67,4112
16:08:54,31.77,71.67,4112
16:09:25,31.78,71.66,4112
16:09:56,31.78,71.68,4112
16:10:26,31.76,71.59,4112
16:10:57,31.76,71.65,4112
16:11:28,31.76,71.68,4112
16:11:59,31.78,71.67,4112
16:12:30,31.75,71.64,4112
16:13:01,31.76,71.63,4112
16:13:31,31.77,71.60,4112
16:14:02,31.77,71.61,4112
16:14:33,31.78,71.65,4112
16:15:04,31.77,71.66,4112
16:15:35,31.78,71.63,4112
16:16:06,31.77,71.64,4112
16:16:37,31.77,71.64,4112
16:17:07,31.76,71.59,4112
16:17:38,31.75,71.66,4112
16:18:09,31.76,71.65,4112
16:18:40,31.77,71.65,4112
16:19:11,31.78,71.65,4112
16:19:42,31.75,71.66,4112
16:20:12,31.76,71.63,4112
16:20:43,31.75,71.68,4112
16:21:14,31.76,71.60,4112
16:21:45,31.77,71.70,4112
16:22:16,31.77,71.63,4112
16:22:47,31.79,71.70,4112
16:23:17,31.76,71.67,4112
16:23:48,31.76,71.60,4112
16:24:19,31.77,71.64,4112
16:24:50,31.76,71.65,4112
16:25:21,31.77,71.62,4112
16:25:52,31.78,71.61,4112
16:26:22,31.77,71.61,4112
16:26:53,31.77,71.61,4112
16:27:24,31.76,71.60,4112
16:27:55,31.77,71.64,4112
16:28:26,31.79,71.62,4112
16:28:56,31.76,71.63,4112
16:29:27,31.74,71.60,4112
16:29:58,31.78,71.62,4112
16:30:29,31.76,71.63,4112
16:31:00,31.76,71.62,4112
16:31:31,31.75,71.60,4112
16:32:02,31.76,71.62,4112
16:32:32,31.76,71.65,4112
16:33:03,31.76,71.65,4112
16:33:34,31.76,71.61,4112
16:34:05,31.76,71.64,4112
16:34:36,31.77,71.61,4112
16:35:07,31.76,71.62,4112
16:35:37,31.77,71.63,4112
16:36:08,31.77,71.66,4112
16:36:39,31.76,71.64,4112
16:37:10,31.74,71.66,4112
16:37:41,31.76,71.65,4112
16:38:12,31.74,71.66,4112
16:38:43,31.76,71.66,4112
16:39:13,31.78,71.65,4112
16:39:44,31.76,71.65,4112
16:40:15,31.76,71.62,4112
16:40:46,31.76,71.64,4112
16:41:17,31.76,71.64,4112
16:41:48,31.75,71.55,4112
16:42:19,31.75,71.56,4112
16:42:49,31.74,71.59,4112
16:43:20,31.76,71.61,4112
16:43:51,31.72,71.62,4112
16:44:22,31.74,71.64,4112
16:44:53,31.74,71.60,4112
16:45:24,31.75,71.62,4112
16:45:54,31.76,71.56,4112
16:46:25,31.72,71.60,4112
16:46:56,31.73,71.62,4112
16:47:27,31.76,71.62,4112
16:47:58,31.72,71.57,4112
16:48:29,31.73,71.51,4112
16:49:00,31.73,71.43,4112
16:49:30,31.70,71.45,4112
16:50:01,31.71,71.61,4112
16:50:32,31.73,71.60,4112
16:51:03,31.71,71.66,4112
16:51:34,31.72,71.66,4112
16:52:05,31.72,71.64,4112
16:52:36,31.72,71.66,4112
16:53:06,31.72,71.61,4112
16:53:37,31.73,71.66,4112
16:54:08,31.73,71.61,4112
16:54:39,31.72,71.60,4112
16:55:10,31.72,71.57,4112
16:55:40,31.72,71.59,4112
16:56:11,31.71,71.62,4112
16:56:42,31.71,71.59,4112
16:57:13,31.70,71.63,4112
16:57:44,31.73,71.65,4112
16:58:15,31.71,71.63,4112
16:58:45,31.70,71.63,4112
16:59:16,31.69,71.62,4112
16:59:47,31.72,71.65,4112
17:00:18,31.72,71.61,4112
17:00:49,31.69,71.63,4112
17:01:19,31.71,71.66,4112
17:01:50,31.71,71.67,4112
17:02:21,31.70,71.65,4112
17:02:52,31.71,71.64,4112
17:03:23,31.72,71.67,4112
17:03:53,31.71,71.64,4112
17:04:24,31.70,71.66,4112
17:04:55,31.70,71.64,4112
17:05:26,31.70,71.68,4112
17:05:57,31.70,71.65,4112
17:06:28,31.69,71.68,4112
17:06:58,31.71,71.66,4112
17:07:29,31.69,71.62,4112
17:08:00,31.68,71.62,4112
17:08:31,31.69,71.63,4112
17:09:02,31.67,71.64,4112
17:09:32,31.68,71.62,4112
17:10:03,31.69,71.59,4112
17:10:34,31.67,71.62,4112
17:11:05,31.68,71.67,4112
17:11:36,31.68,71.63,4112
17:12:06,31.69,71.65,4112
17:12:37,31.68,71.66,4112
17:13:08,31.68,71.62,4112
17:13:39,31.69,71.64,4112
17:14:10,31.64,71.63,4112
17:14:41,31.67,71.64,4112
17:15:12,31.67,71.65,4112
17:15:42,31.68,71.59,4112
17:16:13,31.66,71.58,4112
17:16:44,31.66,71.62,4112
17:17:15,31.67,71.41,4112
17:17:46,31.66,71.49,4112
17:18:16,31.65,71.50,4112
17:18:47,31.67,71.57,4112
17:19:18,31.63,71.54,4112
17:19:49,31.63,71.56,4112
17:20:20,31.68,71.61,4112
17:20:51,31.67,71.46,4112
17:21:22,31.65,71.38,4112
17:21:52,31.63,71.45,4112
17:22:23,31.64,71.50,4112
17:22:54,31.64,71.59,4112
17:23:25,31.63,71.62,4112
17:23:56,31.62,71.66,4112
17:24:27,31.63,71.63,4112
17:24:57,31.61,71.63,4112
17:25:28,31.63,71.68,4112
17:25:59,31.63,71.65,4112
17:26:30,31.63,71.62,4112
17:27:01,31.63,71.64,4112
17:27:32,31.64,71.59,4112
17:28:02,31.64,71.54,4112
17:28:33,31.63,71.61,4112
17:29:04,31.62,71.62,4112
17:29:35,31.63,71.64,4112
17:30:06,31.63,71.60,4112
17:30:37,31.61,71.63,4112
17:31:08,31.61,71.66,4112
17:31:38,31.61,71.56,4112
17:32:09,31.61,71.63,4112
17:32:40,31.61,71.63,4112
17:33:11,31.60,71.68,4112
17:33:42,31.61,71.67,4112
17:34:12,31.59,71.58,4112
17:34:43,31.60,71.57,4112
17:35:14,31.61,71.63,4112
17:35:45,31.58,71.63,4112
17:36:16,31.61,71.63,4112
17:36:47,31.60,71.62,4112
17:37:17,31.60,71.38,4112
17:37:48,31.59,71.38,4112
17:38:19,31.57,71.32,4112
17:38:50,31.57,71.43,4112
17:39:21,31.56,71.51,4112
17:39:52,31.59,71.51,4112
17:40:23,31.56,71.60,4112
17:40:53,31.55,71.64,4112
17:41:24,31.56,71.66,4112
17:41:55,31.55,71.61,4112
17:42:26,31.55,71.59,4112
17:42:57,31.56,71.60,4112
17:43:27,31.56,71.62,4112
17:43:58,31.55,71.65,4112
17:44:29,31.56,71.64,4112
17:45:00,31.56,71.65,4112
17:45:31,31.55,71.69,4112
17:46:02,31.55,71.71,4112
17:46:33,31.55,71.73,4112
17:47:03,31.55,71.68,4112
17:47:34,31.54,71.69,4112
17:48:05,31.56,71.71,4112
17:48:36,31.55,71.73,4112
17:49:07,31.55,71.72,4112
17:49:38,31.55,71.73,4112
17:50:08,31.55,71.69,4112
17:50:39,31.54,71.70,4112
17:51:10,31.54,71.71,4112
17:51:41,31.55,71.69,4112
17:52:12,31.55,71.70,4112
17:52:43,31.53,71.70,4112
17:53:13,31.53,71.71,4112
17:53:44,31.53,71.68,4112
17:54:15,31.54,71.72,4112
17:54:46,31.55,71.73,4112
17:55:17,31.53,71.73,4112
17:55:48,31.53,71.70,4112
17:56:19,31.52,71.68,4112
17:56:49,31.51,71.63,4112
17:57:20,31.50,71.53,4112
17:57:51,31.52,71.47,4112
17:58:22,31.51,71.68,4112
17:58:53,31.49,71.75,4112
17:59:24,31.49,71.75,4108
17:59:55,31.50,71.76,4112
18:00:25,31.49,71.88,4112
18:00:56,31.48,72.40,4112
18:01:27,31.49,72.18,4112
18:01:58,31.47,72.17,4112
18:02:29,31.47,72.10,4112
18:03:00,31.48,72.31,4112
18:03:30,31.46,72.23,4112
18:04:01,31.47,72.67,4112
18:04:32,31.47,72.65,4112
18:05:03,31.47,72.99,4112
18:05:34,31.47,74.11,4112
18:06:05,31.46,73.27,4112
18:06:36,31.46,72.92,4112
18:07:06,31.46,73.15,4112
18:07:37,31.46,73.18,4112
18:08:08,31.47,73.24,4112
18:08:39,31.47,73.25,4112
18:09:10,31.45,73.01,4112
18:09:41,31.46,72.83,4112
18:10:12,31.47,73.06,4112
18:10:42,31.46,73.03,4112
18:11:13,31.47,73.12,4112
18:11:44,31.48,73.11,4112
18:12:15,31.48,73.14,4112
18:12:46,31.47,73.12,4112
18:13:17,31.46,73.10,4112
18:13:47,31.48,73.10,4112
18:14:18,31.48,73.09,4112
18:14:49,31.48,73.06,4112
18:15:20,31.46,73.03,4112
18:15:51,31.49,73.00,4112
18:16:21,31.49,73.00,4112
18:16:52,31.47,72.91,4112
18:17:23,31.49,72.94,4112
18:17:54,31.49,72.93,4112
18:18:25,31.50,72.85,4112
18:18:56,31.51,72.75,4112
18:19:26,31.51,72.75,4112
18:19:57,31.51,72.71,4112
18:20:28,31.51,72.67,4112
18:20:59,31.50,72.52,4112
18:21:30,31.52,72.38,4112
18:22:01,31.50,72.52,4112
18:22:31,31.47,73.49,4112
18:23:02,31.49,73.82,4112
18:23:33,31.48,73.33,4112
18:24:04,31.47,72.75,4112
18:24:35,31.46,71.86,4112
18:25:06,31.40,70.05,4112
18:25:36,31.33,69.27,4112
18:26:07,31.24,68.11,4112
18:26:38,31.12,66.89,4112
18:27:09,31.03,65.45,4112
18:27:40,30.93,64.94,4112
18:28:11,30.82,64.10,4112
18:28:42,30.71,63.67,4112
18:29:12,30.63,62.94,4112
18:29:43,30.53,61.91,4112
18:30:14,30.46,61.65,4112
18:30:45,30.37,60.28,4112
18:31:16,30.27,59.38,4112
18:31:46,30.17,58.68,4112
18:32:17,30.08,58.15,4112
18:32:48,29.98,57.44,4112
18:33:19,29.91,57.11,4112
18:33:50,29.82,56.76,4112
18:34:21,29.75,56.87,4112
18:34:51,29.67,56.46,4112
18:35:22,29.60,56.39,4112
18:35:53,29.53,56.37,4112
18:36:24,29.46,55.85,4112
18:36:55,29.44,55.84,4112
18:37:26,29.40,55.78,4112
18:37:56,29.36,55.06,4112
18:38:27,29.33,54.79,4112
18:38:58,29.28,54.71,4112
18:39:29,29.24,54.42,4112
18:40:00,29.17,54.18,4112
18:40:31,29.14,54.03,4112
18:41:01,29.10,53.87,4112
18:41:32,29.05,53.73,4112
18:42:03,29.05,53.41,4112
18:42:34,29.02,53.17,4112
18:43:05,28.98,53.02,4112
18:43:36,28.91,52.73,4112
18:44:06,28.88,52.80,4112
18:44:37,28.87,52.64,4112
18:45:08,28.85,52.57,4112
18:45:39,28.82,52.40,4112
18:46:10,28.79,52.17,4112
18:46:41,28.79,52.02,4112
18:47:11,28.72,52.35,4112
18:47:42,28.72,52.34,4112
18:48:13,28.69,52.30,4112
18:48:44,28.72,52.24,4112
18:49:15,28.69,52.15,4112
18:49:46,28.67,51.89,4112
18:50:16,28.66,51.83,4112
18:50:47,28.63,52.63,4112
18:51:18,28.60,52.30,4112
18:51:49,28.60,52.30,4112
18:52:20,28.61,52.18,4112
18:52:51,28.58,52.84,4112
18:53:22,28.58,52.52,4112
18:53:52,28.55,52.73,4112
18:54:23,28.54,52.85,4112
18:54:54,28.52,52.76,4112
18:55:25,28.54,52.58,4112
18:55:56,28.52,52.13,4112
18:56:27,28.51,52.02,4112
18:56:57,28.52,51.64,4112
18:57:28,28.47,51.60,4112
18:57:59,28.47,51.82,4112
18:58:30,28.44,52.48,4112
18:59:01,28.41,52.18,4112
18:59:32,28.38,52.23,4112
19:00:02,28.40,51.92,4112
19:00:33,28.36,51.61,4112
19:01:04,28.38,51.49,4112
19:01:35,28.35,51.62,4112
19:02:06,28.33,51.42,4112
19:02:37,28.33,51.28,4112
19:03:08,28.30,51.06,4112
19:03:38,28.27,50.85,4112
19:04:09,28.25,50.57,4112
19:04:40,28.22,50.64,4108
19:05:11,28.20,50.95,4112
19:05:42,28.18,50.87,4112
19:06:13,28.19,50.82,4112
19:06:43,28.18,50.74,4112
19:07:14,28.18,50.83,4112
19:07:45,28.16,50.83,4112
19:08:16,28.17,50.82,4112
19:08:47,28.12,50.82,4112
19:09:18,28.13,50.97,4112
19:09:48,28.11,51.03,4112
19:10:19,28.10,51.02,4112
19:10:50,28.10,51.04,4108
19:11:21,28.11,51.45,4112
19:11:52,28.10,51.93,4112
19:12:23,28.09,52.50,4112
19:12:53,28.11,53.04,4112
19:13:24,28.12,53.40,4112
19:13:55,28.13,53.68,4112
19:14:26,28.16,54.05,4112
19:14:57,28.19,54.41,4112
19:15:28,28.19,54.74,4112
19:15:59,28.23,55.03,4112
19:16:29,28.25,55.43,4112
19:17:00,28.27,56.76,4112
19:17:31,28.32,56.44,4112
19:18:02,28.35,56.75,4112
19:18:33,28.38,56.80,4112
19:19:04,28.41,57.00,4112
19:19:35,28.42,57.19,4112
19:20:05,28.45,57.53,4112
19:20:36,28.48,57.55,4108
19:21:07,28.51,57.42,4112
19:21:38,28.51,57.69,4112
19:22:09,28.52,57.96,4112
19:22:40,28.51,58.11,4112
19:23:10,28.54,58.81,4112
19:23:41,28.55,58.81,4108
19:24:12,28.56,58.86,4112
19:24:43,28.59,59.14,4112
19:25:14,28.59,59.14,4112
19:25:45,28.61,59.18,4112
19:26:16,28.61,59.28,4112
19:26:47,28.62,59.45,4112
19:27:17,28.62,59.82,4112
19:27:48,28.64,60.00,4112
19:28:19,28.66,60.03,4112
19:28:50,28.66,60.29,4112
19:29:21,28.67,60.21,4112
19:29:51,28.69,60.19,4112
19:30:22,28.67,60.86,4112
19:30:53,28.69,60.45,4112
19:31:24,28.70,60.55,4112
19:31:55,28.72,60.73,4112
19:32:25,28.71,60.80,4112
19:32:56,28.73,61.16,4112
19:33:27,28.73,61.10,4112
19:33:58,28.75,61.05,4112
19:34:29,28.75,60.96,4112
19:35:00,28.78,61.50,4112
19:35:31,28.76,61.37,4112
19:36:01,28.79,61.49,4112
19:36:32,28.77,60.84,4112
19:37:03,28.79,60.29,4112
19:37:34,28.78,59.81,4112
19:38:05,28.77,59.58,4112
19:38:35,28.72,59.33,4112
19:39:06,28.69,59.15,4112
19:39:37,28.66,58.92,4112
19:40:08,28.63,59.01,4112
19:40:39,28.62,59.30,4112
19:41:10,28.63,59.28,4112
19:41:40,28.60,59.60,4112
19:42:11,28.57,59.72,4112
19:42:42,28.57,59.60,4112
19:43:13,28.56,59.67,4112
19:43:44,28.56,59.42,4112
19:44:15,28.58,59.30,4112
19:44:45,28.56,58.76,4112
19:45:16,28.51,58.44,4112
19:45:47,28.48,57.94,4112
19:46:18,28.44,57.76,4112
19:46:49,28.38,57.48,4112
19:47:20,28.36,57.09,4112
19:47:50,28.33,56.63,4112
19:48:21,28.26,56.71,4112
19:48:52,28.24,56.36,4112
19:49:23,28.22,56.43,4112
19:49:54,28.20,56.37,4112
19:50:25,28.17,56.21,4112
19:50:56,28.11,56.44,4112
19:51:26,28.13,56.08,4112
19:51:57,28.09,55.59,4112
19:52:28,28.07,55.62,4112
19:52:59,28.04,55.45,4112
19:53:30,27.99,55.32,4112
19:54:00,27.97,55.47,4112
19:54:31,27.94,55.16,4112
19:55:02,27.94,54.99,4108
19:55:33,27.92,54.82,4112
19:56:04,27.87,54.74,4112
19:56:34,27.84,54.69,4112
19:57:05,27.78,54.76,4112
19:57:36,27.77,54.72,4112
19:58:07,27.76,54.79,4112
19:58:38,27.78,55.26,4112
19:59:09,27.79,54.84,4112
19:59:40,27.77,54.75,4112
20:00:10,27.74,54.82,4112
20:00:41,27.76,55.22,4112
20:01:12,27.73,55.21,4112
20:01:43,27.78,55.45,4112
20:02:14,27.77,55.24,4112
20:02:44,27.79,55.46,4112
20:03:15,27.78,55.18,4112
20:03:46,27.79,54.80,4112
20:04:17,27.74,54.52,4112
20:04:48,27.73,54.50,4112
20:05:19,27.70,54.52,4112
20:05:50,27.71,54.18,4112
20:06:20,27.71,53.95,4112
20:06:51,27.69,54.08,4112
20:07:22,27.66,54.24,4112
20:07:53,27.66,53.58,4112
20:08:24,27.68,53.44,4112
20:08:55,27.65,53.37,4112
20:09:25,27.64,53.32,4112
20:09:56,27.62,53.18,4112
20:10:27,27.61,53.18,4112
20:10:58,27.58,53.08,4112
20:11:29,27.61,53.01,4112
20:12:00,27.57,53.00,4112
20:12:30,27.56,53.06,4112
20:13:01,27.57,52.89,4112
20:13:32,27.58,52.72,4112
20:14:03,27.58,52.66,4112
20:14:34,27.57,52.62,4112
20:15:05,27.55,52.67,4112
20:15:35,27.53,52.63,4112
20:16:06,27.54,52.75,4112
20:16:37,27.54,52.93,4112
20:17:08,27.54,52.46,4112
20:17:39,27.53,52.24,4112
20:18:10,27.53,52.19,4112
20:18:40,27.51,52.34,4112
20:19:11,27.47,52.32,4112
20:19:42,27.48,52.43,4112
20:20:13,27.45,52.29,4112
20:20:44,27.46,52.20,4112
20:21:15,27.45,52.20,4112
20:21:46,27.43,52.07,4112
20:22:16,27.39,52.23,4112
20:22:47,27.39,52.26,4112
20:23:18,27.42,52.04,4112
20:23:49,27.42,51.88,4112
20:24:20,27.43,51.52,4112
20:24:51,27.41,51.42,4112
20:25:21,27.38,51.42,4112
20:25:52,27.39,51.43,4112
20:26:23,27.41,51.35,4112
20:26:54,27.37,51.50,4112
21:19:57,27.89,73.33,4108
21:20:27,27.96,76.12,4108
21:20:58,28.01,74.83,4108
21:21:29,28.05,73.72,4108
21:22:00,28.12,74.17,4108
21:22:31,28.16,75.01,4108
21:23:02,28.18,73.73,4108
21:23:32,28.20,73.07,4108
21:24:03,28.22,73.17,4108
21:24:34,28.24,72.59,4108
21:25:05,28.25,72.65,4108
21:25:36,28.29,72.99,4108
21:26:07,28.30,71.96,4108
21:26:37,28.32,72.17,4108
21:27:08,28.33,72.68,4108
21:27:39,28.36,72.80,4108
21:28:10,28.37,71.73,4108
21:28:41,28.38,72.83,4108
21:29:12,28.41,71.33,4108
21:29:43,28.40,71.74,4108
21:30:13,28.43,72.18,4108
21:30:44,28.45,72.16,4108
21:31:15,28.46,71.82,4108
21:31:46,28.48,72.78,4108
21:32:17,28.50,71.95,4108
21:32:48,28.52,72.53,4108
21:33:19,28.53,71.90,4108
21:33:49,28.53,73.03,4108
21:34:20,28.56,72.42,4108
21:34:51,28.58,72.59,4108
21:35:22,28.56,71.63,4108
21:35:53,28.59,72.03,4108
21:36:24,28.62,72.30,4108
21:36:54,28.63,72.33,4108
21:37:25,28.64,72.99,4108
21:37:56,28.66,72.78,4108
21:38:27,28.65,72.33,4108
21:38:58,28.69,72.70,4108
21:39:29,28.66,72.73,4108
21:40:00,28.71,72.76,4108
21:40:30,28.73,72.92,4108
21:41:01,28.73,73.09,4108
21:41:32,28.75,72.93,4108
21:42:03,28.75,73.04,4108
21:42:34,28.78,72.77,4108
21:43:04,28.77,72.86,4108
21:43:35,28.79,72.10,4108
21:44:06,28.80,72.42,4108
21:44:37,28.80,72.69,4108
21:45:08,28.82,72.25,4108
21:45:39,28.81,72.56,4108
21:46:09,28.85,72.57,4108
21:46:40,28.84,72.51,4108
21:47:11,28.86,72.32,4108
21:47:42,28.86,73.10,4108
21:48:13,28.88,72.83,4108
21:48:44,28.88,72.55,4108
21:49:15,28.87,72.82,4108
21:49:45,28.93,72.89,4108
21:50:16,28.92,72.45,4108
21:50:47,28.93,73.05,4108
21:51:18,28.94,72.23,4108
21:51:48,28.96,73.55,4108
21:52:19,28.96,73.19,4108
21:52:50,28.96,72.32,4108
21:53:21,28.98,73.00,4108
21:53:52,29.01,72.88,4108
21:54:23,29.02,72.33,4108
21:54:53,28.98,71.05,4108
21:55:24,28.92,69.91,4108
21:55:55,28.82,69.05,4108
21:56:26,28.70,67.72,4108
21:56:57,28.55,67.00,4108
21:57:28,28.41,66.43,4108
21:57:58,28.26,65.27,4108
21:58:29,28.13,64.37,4108
21:59:00,27.97,63.75,4108
21:59:31,27.87,63.34,4112
22:00:02,27.71,63.10,4108
22:00:32,27.58,62.86,4108
22:01:03,27.48,62.26,4108
22:01:34,27.38,61.55,4108
22:02:05,27.28,60.94,4108
22:02:36,27.20,60.96,4108
22:03:07,27.09,60.94,4108
22:03:37,27.00,60.86,4108
22:04:08,26.91,60.48,4108
22:04:39,26.85,60.92,4108
22:05:10,26.83,60.53,4108
22:05:41,26.77,60.50,4108
22:06:12,26.70,60.56,4108
22:06:42,26.66,60.08,4108
22:07:13,26.60,60.26,4108
22:07:44,26.53,60.15,4108
22:08:15,26.53,60.39,4108
22:08:46,26.49,60.02,4108
22:09:17,26.47,59.73,4108
22:09:47,26.44,59.80,4108
22:10:18,26.42,59.62,4108
22:10:49,26.41,59.54,4108
22:11:20,26.38,59.58,4108
22:11:51,26.35,59.45,4108
22:12:22,26.32,59.28,4108
22:12:52,26.31,59.12,4108
22:13:23,26.28,59.14,4108
22:13:54,26.25,59.06,4108
22:14:25,26.21,59.11,4108
22:14:56,26.17,59.07,4108
22:15:27,26.15,58.97,4108
22:15:57,26.14,58.94,4108
22:16:28,26.12,58.89,4108
22:16:59,26.09,58.60,4108
22:17:30,26.11,58.35,4108
22:18:01,26.07,58.27,4108
22:18:32,26.03,58.23,4108
22:19:02,26.00,58.28,4108
22:19:33,25.98,58.09,4108
22:20:04,25.98,57.93,4108
22:20:35,25.97,57.88,4108
22:21:06,25.96,57.74,4108
22:21:37,25.91,57.68,4108
22:22:08,25.91,57.73,4108
22:22:38,25.87,57.93,4108
22:23:09,25.90,57.79,4108
22:23:40,25.88,57.69,4108
22:24:11,25.88,57.68,4108
22:24:42,25.84,57.62,4108
22:25:12,25.84,57.59,4108
22:25:43,25.81,57.70,4108
22:26:14,25.80,57.68,4108
22:26:45,25.80,57.52,4108
22:27:16,25.76,57.40,4108
22:27:47,25.80,57.35,4108
22:28:18,25.78,57.50,4108
22:28:48,25.74,57.23,4108
22:29:19,25.74,57.42,4108
22:29:50,25.70,57.42,4108
22:30:21,25.70,57.37,4108
22:30:52,25.70,57.28,4108
22:31:23,25.70,57.13,4108
22:31:54,25.69,57.07,4108
22:32:24,25.65,57.12,4108
22:32:55,25.66,57.11,4108
22:33:26,25.64,57.01,4108
22:33:57,25.64,57.06,4108
22:34:28,25.61,57.11,4108
22:34:59,25.62,57.01,4108
22:35:29,25.61,56.87,4108
22:36:00,25.57,57.10,4108
22:36:31,25.58,56.73,4108
22:37:02,25.56,56.94,4108
22:37:33,25.56,56.87,4108
22:38:04,25.56,56.86,4108
22:38:34,25.56,56.65,4108
22:39:05,25.53,56.65,4108
22:39:36,25.52,56.72,4108
22:40:07,25.48,56.95,4108
22:40:38,25.49,57.38,4108
22:41:09,25.49,57.41,4108
22:41:39,25.49,57.07,4108
22:42:10,25.44,57.09,4108
22:42:41,25.46,57.08,4108
22:43:12,25.46,56.80,4108
22:43:43,25.44,56.82,4108
22:44:14,25.43,56.83,4108
22:44:45,25.41,57.97,4108
22:45:15,25.43,59.12,4108
22:45:46,25.45,59.55,4108
22:46:17,25.49,59.62,4108
22:46:48,25.53,59.57,4108
22:47:19,25.54,59.07,4108
22:47:50,25.53,58.62,4108
22:48:21,25.54,58.45,4108
22:48:51,25.53,58.41,4108
22:49:22,25.53,58.03,4108
22:49:53,25.51,57.98,4108
22:50:24,25.52,58.16,4108
22:50:55,25.51,58.57,4108
22:51:26,25.49,59.29,4108
22:51:56,25.54,58.67,4108
22:52:27,25.54,58.44,4108
22:52:58,25.57,58.56,4108
22:53:29,25.56,58.16,4108
22:54:00,25.59,57.63,4108
22:54:31,25.57,57.76,4108
22:55:02,25.59,57.82,4108
22:55:33,25.58,57.68,4108
22:56:03,25.58,57.49,4108
22:56:34,25.58,57.40,4108
22:57:05,25.57,58.03,4108
22:57:36,25.59,58.14,4108
22:58:07,25.60,58.00,4108
22:58:37,25.59,57.83,4108
22:59:08,25.59,57.93,4108
22:59:39,25.59,57.89,4108
23:00:10,25.57,57.77,4108
23:00:41,25.57,57.61,4108
23:01:11,25.58,57.44,4108
23:01:42,25.58,57.56,4108
23:02:13,25.58,57.16,4108
23:02:44,25.57,57.44,4108
23:03:15,25.56,57.80,4108
23:03:46,25.58,58.27,4108
23:04:16,25.60,58.76,4108
23:04:47,25.62,59.00,4108
23:05:18,25.64,59.31,4108
23:05:49,25.66,59.48,4108
23:06:20,25.69,59.79,4108
23:06:50,25.72,60.06,4108
23:07:21,25.75,60.13,4112
23:07:52,25.80,60.28,4108
23:08:23,25.81,60.38,4108
23:08:54,25.87,60.64,4108
23:09:25,25.85,60.72,4108
23:09:55,25.87,60.84,4108
23:10:26,25.88,61.00,4108
23:10:57,25.90,61.28,4108
23:11:28,25.91,61.36,4108
23:11:59,25.93,61.40,4108
23:12:30,25.92,61.53,4108
23:13:00,25.95,61.26,4108
23:13:31,25.98,60.83,4108
23:14:02,25.96,60.61,4108
23:14:33,25.95,59.92,4108
23:15:04,25.96,59.72,4108
23:15:34,25.96,59.32,4108
23:16:05,25.94,58.87,4108
23:16:36,25.93,58.68,4108
23:17:07,25.88,58.64,4108
23:17:38,25.87,58.50,4108
23:18:09,25.82,58.32,4108
23:18:39,25.81,58.14,4108
23:19:10,25.79,57.99,4108
23:19:41,25.78,57.85,4108
23:20:12,25.76,57.82,4108
23:20:43,25.72,57.69,4108
23:21:13,25.68,57.44,4108
23:21:44,25.69,57.49,4108
23:22:15,25.63,57.27,4108
23:22:46,25.64,57.16,4108
23:23:17,25.62,56.96,4108
23:23:48,25.60,56.95,4108
23:24:18,25.58,56.89,4108
23:24:49,25.57,56.95,4108
23:25:20,25.54,56.89,4108
23:25:51,25.53,56.62,4108
23:26:22,25.54,56.47,4108
23:26:53,25.55,56.65,4108
23:27:24,25.56,57.06,4108
23:27:54,25.54,57.57,4108
23:28:25,25.53,57.89,4108
23:28:56,25.55,58.19,4108
23:29:27,25.58,58.43,4108
23:29:58,25.60,58.73,4108
23:30:28,25.61,58.91,4108
23:30:59,25.65,59.10,4112
23:31:30,25.67,59.63,4108
23:32:01,25.72,60.12,4108
23:32:32,25.73,60.11,4108
23:33:03,25.76,60.17,4108
23:33:33,25.75,60.33,4108
23:34:04,25.80,60.92,4108
23:34:35,25.83,61.18,4108
23:35:06,25.84,61.36,4108
23:35:37,25.87,61.38,4108
23:36:08,25.86,61.60,4108
23:36:39,25.88,61.58,4108
23:37:09,25.90,61.75,4108
23:37:40,25.90,61.80,4108
23:38:11,25.91,61.89,4108
23:38:42,25.93,62.02,4108
23:39:13,25.95,62.26,4108
23:39:43,25.96,62.21,4108
23:40:14,25.97,62.27,4108
23:40:45,25.97,62.29,4108
23:41:16,26.01,62.32,4108
23:41:47,26.00,62.43,4108
23:42:18,25.99,61.84,4108
23:42:49,26.01,61.31,4108
23:43:19,25.98,61.06,4108
23:43:50,25.97,60.72,4108
23:44:21,25.96,60.21,4108
23:44:52,25.92,60.04,4108
23:45:23,25.89,59.65,4108
23:45:54,25.88,59.57,4108
23:46:24,25.86,59.28,4108
23:46:55,25.83,58.97,4108
23:47:26,25.79,58.90,4108
23:47:57,25.77,58.81,4108
23:48:28,25.76,59.10,4108
23:48:59,25.77,59.41,4108
23:49:29,25.77,59.68,4108
23:50:00,25.77,59.97,4108
23:50:31,25.80,60.21,4108
23:51:02,25.80,60.26,4108
23:51:33,25.82,60.38,4108
23:52:04,25.84,60.52,4108
23:52:35,25.84,60.67,4108
23:53:06,25.89,60.77,4108
23:53:36,25.89,60.85,4108
23:54:07,25.90,60.98,4108
23:54:38,25.90,61.05,4108
23:55:09,25.92,61.20,4108
23:55:40,25.93,61.27,4108
23:56:11,25.95,61.30,4108
23:56:41,25.97,61.37,4108
23:57:12,25.96,61.49,4108
23:57:43,25.95,61.59,4108
23:58:14,25.99,61.65,4108
23:58:45,26.01,61.95,4108
23:59:16,26.03,62.18,4108
23:59:46,26.02,62.23,4108
00:00:29,28.07,76.92,4069
00:01:00,28.08,76.88,4068
00:01:31,28.08,76.87,4069
00:02:02,28.09,76.84,4069
00:02:33,28.07,76.96,4068
00:03:04,28.11,76.83,4068
00:03:35,28.07,76.91,4068
00:04:06,28.10,76.81,4068
00:04:37,28.10,76.76,4068
00:05:08,28.10,76.92,4069
00:05:39,28.09,76.83,4068
00:06:09,28.09,76.85,4068
00:06:40,28.10,76.83,4069
00:07:11,28.09,76.98,4069
00:07:42,28.10,77.47,4068
00:08:13,28.11,77.81,4069
00:08:44,28.11,77.63,4068
00:09:15,28.12,77.68,4068
00:09:46,28.13,77.84,4068
00:10:17,28.13,77.94,4068
00:10:48,28.12,78.21,4068
00:11:19,28.14,78.53,4069
00:11:50,28.14,78.51,4068
00:12:21,28.15,78.71,4068
00:12:52,28.16,78.60,4069
00:13:23,28.13,78.78,4069
00:13:54,28.15,78.85,4069
00:14:25,28.16,79.14,4068
00:14:56,28.15,79.28,4068
00:15:27,28.17,79.33,4068
00:15:57,28.15,79.21,4069
00:16:28,28.17,79.11,4069
00:16:59,28.17,79.50,4068
00:17:30,28.16,79.52,4069
00:18:01,28.16,80.00,4069
00:18:32,28.15,79.90,4068
00:19:03,28.12,79.77,4069
00:19:34,28.16,80.07,4069
00:20:05,28.16,80.08,4068
00:20:36,28.17,80.02,4068
00:21:07,28.13,80.39,4069
00:21:38,28.16,80.58,4069
00:22:09,28.16,80.44,4069
00:22:39,28.13,80.50,4068
00:23:10,28.13,80.45,4068
00:23:41,28.12,80.35,4069
00:24:12,28.15,80.52,4068
00:24:43,28.14,80.79,4068
00:25:14,28.16,80.62,4069
00:25:45,28.15,80.77,4069
00:26:16,28.17,80.93,4068
00:26:47,28.15,80.89,4068
00:27:18,28.15,80.75,4069
00:27:49,28.15,81.09,4069
00:28:20,28.15,80.98,4069
00:28:51,28.15,80.93,4069
00:29:21,28.15,81.11,4069
00:29:52,28.15,81.08,4068
00:30:23,28.15,81.30,4068
00:30:54,28.17,81.25,4068
00:31:25,28.16,81.19,4068
00:31:56,28.18,81.41,4069
00:32:27,28.19,81.69,4068
00:32:58,28.19,81.58,4069
00:33:29,28.20,81.48,4069
00:34:00,28.21,81.45,4069
00:34:31,28.23,81.55,4069
00:35:02,28.25,81.57,4068
00:35:33,28.25,81.70,4068
00:36:03,28.24,81.58,4068
00:36:34,28.25,81.61,4068
00:37:05,28.26,81.82,4068
00:37:36,28.26,81.74,4069
00:38:07,28.28,81.71,4069
00:38:38,28.26,81.61,4068
00:39:09,28.29,81.66,4068
00:39:40,28.31,81.76,4068
00:40:11,28.31,81.99,4069
00:40:42,28.33,81.76,4069
00:41:13,28.32,81.74,4069
00:41:44,28.34,81.66,4068
00:42:15,28.32,81.76,4069
00:42:46,28.34,81.91,4068
00:43:17,28.34,81.93,4068
00:43:47,28.36,81.90,4068
00:44:18,28.36,81.74,4068
00:44:49,28.36,81.74,4068
00:45:20,28.38,81.82,4068
00:45:51,28.38,81.77,4069
00:46:22,28.39,81.75,4069
00:46:53,28.39,81.83,4068
00:47:24,28.40,81.82,4069
00:47:55,28.43,81.87,4068
00:48:26,28.42,82.02,4069
00:48:57,28.46,81.92,4068
00:49:28,28.44,81.64,4068
00:49:59,28.44,81.70,4069
00:50:30,28.45,81.71,4069
00:51:01,28.46,81.67,4069
00:51:31,28.46,81.67,4068
00:52:02,28.47,81.73,4068
00:52:33,28.46,81.78,4069
00:53:04,28.46,81.76,4069
00:53:35,28.46,81.53,4069
00:54:06,28.49,81.62,4068
00:54:37,28.49,81.69,4069
00:55:08,28.49,81.59,4068
00:55:39,28.48,81.54,4069
00:56:10,28.52,81.60,4069
00:56:41,28.52,81.52,4069
00:57:12,28.52,81.52,4069
00:57:43,28.53,81.43,4068
00:58:14,28.54,81.53,4068
00:58:45,28.52,81.62,4068
00:59:16,28.55,81.62,4069
00:59:47,28.54,81.75,4069
01:00:17,28.56,81.65,4069
01:00:48,28.57,81.57,4068
01:01:19,28.57,81.64,4069
01:01:50,28.56,81.64,4069
01:02:21,28.59,81.63,4069
01:02:52,28.60,81.60,4069
01:03:23,28.60,81.60,4068
01:03:54,28.63,81.46,4068
01:04:25,28.63,81.44,4068
01:04:56,28.64,81.51,4069
01:05:27,28.63,81.45,4069
01:05:58,28.63,81.37,4068
01:06:29,28.64,81.32,4068
01:07:00,28.65,81.28,4068
01:07:31,28.65,81.34,4069
01:08:02,28.64,81.29,4068
01:08:33,28.65,81.11,4069
01:09:03,28.65,80.18,4068
01:09:34,28.62,78.89,4068
01:10:05,28.58,77.63,4068
01:10:36,28.56,76.45,4068
01:11:07,28.51,75.92,4068
01:11:38,28.47,73.67,4069
01:12:09,28.42,73.34,4069
01:12:40,28.36,72.56,4068
01:13:11,28.29,71.16,4069
01:13:42,28.25,70.62,4069
01:14:13,28.18,69.92,4069
01:14:44,28.12,69.37,4068
01:15:15,28.07,68.76,4069
01:15:46,28.02,68.50,4069
01:16:17,27.96,68.36,4068
01:16:48,27.92,68.45,4069
01:17:19,27.91,68.42,4069
01:17:50,27.89,68.32,4069
01:18:21,27.87,68.40,4068
01:18:52,27.85,68.35,4069
01:19:22,27.84,68.35,4068
01:19:53,27.84,68.59,4068
01:20:24,27.83,68.96,4068
01:20:55,27.80,68.67,4068
01:21:26,27.82,68.61,4068
01:21:57,27.83,68.78,4068
01:22:28,27.81,68.72,4069
01:22:59,27.80,68.74,4068
01:23:30,27.81,68.82,4069
01:24:01,27.81,68.75,4068
01:24:32,27.79,68.89,4068
01:25:03,27.80,68.71,4068
01:25:34,27.79,68.57,4068
01:26:05,27.79,68.73,4068
01:26:36,27.78,68.75,4069
01:27:07,27.79,68.62,4068
01:27:38,27.76,68.63,4068
01:28:09,27.76,68.46,4068
01:28:39,27.77,68.39,4068
01:29:10,27.76,68.49,4069
01:29:41,27.78,68.31,4068
01:30:12,27.73,68.43,4069
01:30:43,27.73,68.21,4068
01:31:14,27.74,68.16,4069
01:31:45,27.74,68.03,4069
01:32:16,27.72,68.01,4068
01:32:47,27.73,68.02,4069
01:33:18,27.73,67.98,4069
01:33:49,27.73,68.02,4069
01:34:20,27.73,67.85,4068
01:34:51,27.72,67.88,4068
01:35:22,27.71,67.79,4069
01:35:53,27.70,67.71,4069
01:36:23,27.69,67.65,4069
01:36:54,27.68,67.58,4069
01:37:25,27.66,67.55,4069
01:37:56,27.64,67.41,4069
01:38:27,27.61,67.46,4068
01:38:58,27.63,67.38,4069
01:39:29,27.62,67.40,4068
01:40:00,27.63,67.43,4069
01:40:31,27.60,67.46,4068
01:41:02,27.61,67.50,4069
01:41:33,27.62,67.40,4068
01:42:04,27.61,67.41,4068
01:42:35,27.58,67.34,4069
01:43:05,27.59,67.31,4068
01:43:36,27.58,67.23,4068
01:44:07,27.58,67.22,4068
01:44:38,27.56,67.20,4068
01:45:09,27.57,67.09,4068
01:45:40,27.55,67.02,4069
01:46:11,27.55,66.56,4068
01:46:42,27.54,65.54,4068
01:47:13,27.53,64.81,4069
01:47:44,27.49,64.06,4068
01:48:15,27.48,64.29,4068
01:48:46,27.45,64.34,4068
01:49:17,27.41,64.30,4065
01:49:47,27.41,64.54,4069
01:50:18,27.43,64.59,4068
01:50:49,27.39,64.60,4069
01:51:20,27.40,64.55,4069
01:51:51,27.41,64.67,4069
01:52:22,27.40,64.70,4069
01:52:53,27.40,64.75,4068
01:53:24,27.39,64.79,4068
01:53:55,27.40,64.83,4068
01:54:26,27.39,64.82,4068
01:54:57,27.40,64.86,4068
01:55:28,27.40,64.93,4069
01:55:59,27.41,64.92,4069
01:56:30,27.41,64.99,4068
01:57:00,27.39,65.00,4068
01:57:31,27.39,65.11,4069
01:58:02,27.39,65.02,4068
01:58:33,27.38,65.18,4068
01:59:04,27.36,65.24,4068
01:59:35,27.39,65.20,4068
02:00:06,27.40,65.32,4068
02:00:37,27.39,65.27,4069
02:01:08,27.39,65.28,4068
02:01:39,27.42,65.21,4069
02:02:10,27.40,65.28,4069
02:02:41,27.41,65.34,4068
02:03:11,27.38,65.26,4068
02:03:42,27.38,65.27,4069
02:04:13,27.40,65.26,4068
02:04:44,27.39,65.26,4069
02:05:15,27.40,65.23,4069
02:05:46,27.39,65.14,4068
02:06:17,27.38,65.20,4068
02:06:48,27.38,65.12,4068
02:07:19,27.40,65.16,4068
02:07:50,27.39,65.10,4069
02:08:21,27.38,65.22,4068
02:08:52,27.38,65.17,4069
02:09:23,27.38,65.17,4069
02:09:54,27.38,65.16,4069
02:10:25,27.37,65.17,4069
02:10:56,27.40,65.07,4068
02:11:27,27.36,65.17,4068
02:11:57,27.35,65.14,4069
02:12:28,27.35,65.08,4069
02:12:59,27.32,65.11,4068
02:13:30,27.34,65.15,4065
02:14:01,27.34,65.19,4068
02:14:32,27.34,65.04,4068
02:15:03,27.32,65.16,4069
02:15:34,27.34,65.11,4068
02:16:05,27.32,65.12,4069
02:16:36,27.31,65.12,4069
02:17:07,27.31,65.14,4069
02:17:38,27.32,65.10,4069
02:18:09,27.29,64.72,4069
02:18:40,27.30,63.81,4068
02:19:11,27.31,63.08,4068
02:19:41,27.26,62.64,4068
02:20:12,27.25,62.65,4068
02:20:43,27.23,62.72,4068
02:21:14,27.22,62.80,4068
02:21:45,27.20,63.32,4069
02:22:16,27.22,63.77,4069
02:22:47,27.21,64.43,4068
02:23:18,27.21,64.92,4069
02:23:49,27.23,65.55,4068
02:24:20,27.25,65.93,4069
02:24:51,27.25,66.49,4069
02:25:22,27.28,67.05,4069
02:25:53,27.30,67.20,4069
02:26:24,27.31,67.70,4069
02:26:55,27.34,68.15,4069
02:27:26,27.35,68.43,4068
02:27:56,27.35,68.61,4069
02:28:27,27.37,68.96,4068
02:28:58,27.41,69.51,4069
02:29:29,27.41,70.09,4069
02:30:00,27.44,70.08,4068
02:30:31,27.44,70.35,4069
02:31:02,27.46,70.83,4068
02:31:33,27.47,71.15,4069
02:32:04,27.48,71.74,4068
02:32:35,27.51,72.18,4069
02:33:06,27.50,72.23,4069
02:33:37,27.53,72.49,4068
02:34:08,27.56,72.69,4069
02:34:39,27.57,73.04,4068
02:35:10,27.58,73.06,4069
02:35:41,27.60,73.20,4069
02:36:12,27.61,73.65,4069
02:36:43,27.62,74.09,4068
02:37:14,27.64,74.13,4068
02:37:45,27.65,74.18,4069
02:38:16,27.66,74.40,4069
02:38:47,27.64,74.41,4069
02:39:17,27.68,74.45,4068
02:39:48,27.71,74.84,4068
02:40:19,27.70,74.98,4069
02:40:50,27.70,74.98,4068
02:41:21,27.72,75.32,4069
02:41:52,27.73,75.39,4069
02:42:23,27.76,75.43,4069
02:42:54,27.75,75.57,4068
02:43:25,27.78,75.82,4068
02:43:56,27.76,75.93,4068
02:44:27,27.77,76.05,4069
02:44:58,27.79,75.90,4068
02:45:29,27.80,76.15,4068
02:46:00,27.80,76.17,4068
02:46:31,27.80,76.16,4068
02:47:02,27.82,76.24,4069
02:47:33,27.84,76.85,4068
02:48:03,27.84,76.79,4068
02:48:34,27.85,76.69,4068
02:49:05,27.84,76.85,4069
02:49:36,27.86,76.88,4069
02:50:07,27.87,76.82,4064
02:50:38,27.88,76.91,4069
02:51:09,27.88,77.19,4069
02:51:40,27.88,77.20,4069
02:52:11,27.87,77.28,4069
02:52:42,27.87,77.31,4069
02:53:13,27.90,77.50,4068
02:53:44,27.91,77.40,4068
02:54:15,27.95,77.58,4069
02:54:46,27.93,77.96,4068
02:55:16,27.95,77.93,4068
02:55:47,27.95,77.88,4068
02:56:18,27.94,78.05,4068
02:56:49,27.99,78.16,4069
02:57:20,27.99,78.27,4068
02:57:51,28.01,78.40,4069
02:58:22,28.01,78.58,4068
02:58:53,28.00,78.54,4068
02:59:24,28.03,78.67,4069
02:59:55,28.02,78.57,4069
03:00:26,28.03,78.49,4069
03:00:57,28.03,78.53,4068
03:01:28,28.05,78.63,4068
03:01:58,28.05,78.68,4069
03:02:29,28.05,78.80,4069
03:03:00,28.07,79.06,4069
03:03:31,28.07,79.14,4069
03:04:02,28.08,79.26,4069
03:04:33,28.10,79.24,4069
03:05:04,28.09,79.25,4068
03:05:35,28.11,79.18,4068
03:06:06,28.12,79.24,4069
03:06:37,28.11,79.11,4068
03:07:08,28.12,79.22,4069
03:07:39,28.13,79.61,4068
03:08:09,28.15,79.37,4064
03:08:40,28.17,79.52,4068
03:09:11,28.17,79.64,4068
03:09:42,28.17,79.59,4069
03:10:13,28.16,79.47,4069
03:10:44,28.16,79.04,4069
03:11:15,28.16,78.64,4069
03:11:46,28.16,78.44,4068
03:12:17,28.16,77.93,4068
03:12:48,28.12,77.39,4068
03:13:19,28.11,76.58,4068
03:13:50,28.10,75.62,4069
03:14:21,28.08,75.04,4069
03:14:51,28.03,74.37,4068
03:15:22,27.97,73.62,4069
03:15:53,27.95,73.14,4069
03:16:24,27.90,72.48,4068
03:16:55,27.87,71.70,4069
03:17:26,27.85,71.08,4069
03:17:57,27.79,70.26,4068
03:18:28,27.77,69.83,4069
03:18:59,27.70,69.16,4065
03:19:30,27.67,68.82,4069
03:20:01,27.63,68.39,4069
03:20:32,27.60,68.00,4069
03:21:03,27.56,67.84,4069
03:21:34,27.54,67.39,4069
03:22:04,27.49,66.44,4069
03:22:35,27.46,67.04,4069
03:23:06,27.44,67.12,4069
03:23:37,27.41,67.09,4069
03:24:08,27.41,67.23,4068
03:24:39,27.40,67.15,4069
03:25:10,27.39,67.29,4069
03:25:41,27.40,67.30,4068
03:26:12,27.36,67.30,4069
03:26:43,27.38,67.39,4068
03:27:14,27.36,67.37,4068
03:27:45,27.35,67.59,4069
03:28:16,27.37,67.59,4068
03:28:47,27.34,67.57,4068
03:29:18,27.35,67.55,4069
03:29:49,27.35,67.63,4069
03:30:19,27.32,67.62,4068
03:30:50,27.31,67.72,4068
03:31:21,27.34,67.75,4069
03:31:52,27.31,67.69,4068
03:32:23,27.33,67.69,4068
03:32:54,27.34,67.79,4068
03:33:25,27.32,67.71,4069
03:33:56,27.33,67.64,4069
03:34:27,27.31,67.68,4068
03:34:58,27.33,67.80,4069
03:35:29,27.33,67.69,4068
03:36:00,27.31,67.60,4069
03:36:31,27.32,67.54,4068
03:37:02,27.31,67.58,4068
03:37:32,27.30,67.57,4068
03:38:03,27.29,67.53,4068
03:38:34,27.26,67.51,4068
03:39:05,27.27,67.52,4068
03:39:36,27.26,67.53,4068
03:40:07,27.26,67.50,4068
03:40:38,27.24,67.45,4069
03:41:09,27.24,67.51,4068
03:41:40,27.23,67.58,4069
03:42:11,27.23,67.51,4068
03:42:42,27.24,67.55,4068
03:43:13,27.23,67.49,4068
03:43:44,27.22,67.39,4068
03:44:15,27.22,67.28,4069
03:44:46,27.21,67.23,4068
03:45:16,27.20,67.25,4068
03:45:47,27.21,67.18,4069
03:46:18,27.20,67.27,4068
03:46:49,27.21,67.10,4068
03:47:20,27.20,67.05,4068
03:47:51,27.18,67.03,4069
03:48:22,27.18,66.90,4068
03:48:53,27.16,66.89,4069
03:49:24,27.18,66.88,4068
03:49:55,27.18,66.83,4069
03:50:26,27.14,66.78,4069
03:50:57,27.14,66.67,4069
03:51:28,27.14,66.66,4068
03:51:59,27.11,66.62,4068
03:52:30,27.13,66.20,4069
03:53:01,27.11,65.44,4069
03:53:32,27.09,64.70,4068
03:54:03,27.08,64.04,4068
03:54:33,27.03,64.26,4068
03:55:04,27.01,64.30,4069
03:55:35,26.99,64.41,4068
03:56:06,26.97,64.64,4069
03:56:37,26.96,64.75,4068
03:57:08,26.97,64.84,4069
03:57:39,26.94,64.82,4068
03:58:10,26.94,64.79,4068
03:58:41,26.94,64.82,4069
03:59:12,26.95,64.85,4068
03:59:43,26.96,65.00,4068
04:00:14,26.93,65.03,4069
04:00:45,26.95,65.06,4069
04:01:16,26.97,65.04,4069
04:01:47,26.96,64.98,4068
04:02:18,26.98,64.99,4069
04:02:49,26.95,64.94,4068
04:03:20,26.96,64.91,4069
04:03:50,26.97,65.02,4069
04:04:21,26.95,64.98,4069
04:04:52,26.95,64.97,4068
04:05:23,26.91,65.03,4068
04:05:54,26.93,64.99,4069
04:06:25,26.93,65.02,4068
04:06:56,26.92,65.01,4068
04:07:27,26.93,65.00,4069
04:07:58,26.90,65.03,4068
04:08:29,26.92,65.02,4069
04:09:00,26.90,64.98,4068
04:09:31,26.92,64.85,4069
04:10:02,26.92,64.84,4068
04:10:33,26.91,64.77,4069
04:11:03,26.91,64.83,4068
04:11:34,26.90,64.86,4064
04:12:05,26.87,64.81,4069
04:12:36,26.89,64.74,4069
04:13:07,26.89,64.78,4068
04:13:38,26.87,64.69,4068
04:14:09,26.87,64.71,4069
04:14:40,26.87,64.68,4068
04:15:11,26.89,64.71,4068
04:15:42,26.87,64.61,4068
04:16:13,26.84,64.60,4068
04:16:44,26.84,64.63,4068
04:17:15,26.83,64.61,4068
04:17:46,26.82,64.58,4069
04:18:17,26.82,64.61,4069
04:18:48,26.81,64.59,4069
04:19:18,26.79,64.52,4065
04:19:49,26.80,64.59,4068
04:20:20,26.78,64.45,4068
04:20:51,26.75,64.48,4068
04:21:22,26.77,64.65,4069
04:21:53,26.74,64.75,4069
04:22:24,26.73,64.79,4068
04:22:55,26.73,65.36,4069
04:23:26,26.71,65.17,4068
04:23:57,26.71,65.19,4069
04:24:28,26.68,64.99,4069
04:24:59,26.68,64.42,4068
04:25:30,26.69,63.65,4069
04:26:01,26.63,63.17,4065
04:26:32,26.60,62.85,4068
04:27:02,26.60,62.92,4069
04:27:33,26.55,63.19,4068
04:28:04,26.54,63.79,4069
04:28:35,26.55,63.72,4069
04:29:06,26.54,63.89,4065
04:29:37,26.53,64.09,4069
04:30:08,26.52,64.11,4068
04:30:39,26.53,64.16,4068
04:31:10,26.53,64.27,4069
04:31:41,26.51,64.52,4064
04:32:12,26.52,64.66,4068
04:32:43,26.53,65.11,4068
04:33:14,26.53,65.36,4068
04:33:45,26.51,65.32,4069
04:34:16,26.55,65.56,4068
04:34:47,26.53,65.81,4068
04:35:17,26.55,66.05,4068
04:35:48,26.56,66.19,4069
04:36:19,26.59,66.59,4068
04:36:50,26.60,66.83,4068
04:37:21,26.62,67.04,4068
04:37:52,26.62,67.50,4069
04:38:23,26.66,67.52,4069
04:38:54,26.66,67.76,4068
04:39:25,26.69,68.13,4069
04:39:56,26.69,68.43,4069
04:40:27,26.71,68.58,4069
04:40:58,26.73,68.98,4069
04:41:29,26.74,68.87,4065
04:42:00,26.75,69.39,4068
04:42:30,26.77,69.95,4069
04:43:01,26.81,69.97,4068
04:43:32,26.79,70.15,4069
04:44:03,26.80,70.71,4069
04:44:34,26.81,70.73,4069
04:45:05,26.83,70.89,4068
04:45:36,26.84,71.07,4068
04:46:07,26.84,71.61,4069
04:46:38,26.87,71.52,4068
04:47:09,26.85,72.08,4069
04:47:40,26.87,72.18,4068
04:48:11,26.91,72.20,4069
04:48:42,26.88,72.45,4069
04:49:13,26.91,72.48,4069
04:49:44,26.91,72.66,4068
04:50:14,26.92,73.30,4068
04:50:45,26.92,73.71,4065
04:51:16,26.95,74.11,4065
04:51:47,26.94,73.98,4064
04:52:18,26.96,74.07,4069
04:52:49,26.95,74.31,4068
04:53:20,26.97,74.53,4068
04:53:51,26.96,74.78,4068
04:54:22,26.99,74.62,4069
04:54:53,26.99,75.08,4069
04:55:24,26.99,75.08,4068
04:55:55,27.00,75.29,4068
04:56:26,27.00,75.94,4068
04:56:57,27.02,75.99,4068
04:57:28,27.01,76.00,4068
04:57:59,27.01,75.90,4068
04:58:30,27.03,76.92,4065
04:59:00,27.01,76.60,4068
04:59:31,27.02,76.43,4069
05:00:02,27.03,76.49,4068
05:00:33,27.04,76.38,4069
05:01:04,27.06,76.97,4068
05:01:35,27.06,77.20,4069
05:02:06,27.09,77.66,4065
05:02:37,27.06,77.27,4068
05:03:08,27.06,77.14,4068
05:03:39,27.07,77.56,4068
05:04:10,27.06,77.62,4069
05:04:41,27.07,77.49,4065
05:05:12,27.08,77.91,4069
05:05:43,27.09,77.93,4068
05:06:14,27.09,78.61,4069
05:06:45,27.11,77.98,4069
05:07:15,27.11,77.96,4068
05:07:46,27.11,78.21,4069
05:08:17,27.10,78.35,4068
05:08:48,27.13,78.38,4068
05:09:19,27.15,79.38,4068
05:09:50,27.14,79.37,4068
05:10:21,27.14,78.75,4068
05:10:52,27.16,78.78,4068
05:11:23,27.11,78.71,4069
05:11:54,27.16,79.18,4068
05:12:25,27.17,79.14,4069
05:12:56,27.17,79.69,4068
05:13:27,27.17,79.86,4068
05:13:58,27.18,79.38,4069
05:14:29,27.16,79.26,4068
05:15:00,27.18,79.50,4069
05:15:31,27.18,79.92,4068
05:16:02,27.17,79.87,4065
05:16:32,27.18,80.04,4069
05:17:03,27.20,80.09,4068
05:17:34,27.20,80.13,4069
05:18:05,27.20,79.81,4068
05:18:36,27.21,79.79,4069
05:19:07,27.22,80.35,4068
05:19:38,27.23,80.39,4068
05:20:09,27.21,80.35,4069
05:20:40,27.21,80.31,4068
05:21:11,27.22,80.40,4069
05:21:42,27.22,80.34,4068
05:22:13,27.22,80.31,4069
05:22:44,27.25,80.68,4068
05:23:15,27.24,80.66,4068
05:23:46,27.22,80.74,4069
05:24:17,27.24,80.83,4068
05:24:48,27.27,80.89,4069
05:25:19,27.24,80.92,4069
05:25:50,27.25,80.85,4069
05:26:21,27.25,80.86,4068
05:26:51,27.26,81.05,4069
05:27:22,27.28,80.93,4068
05:27:53,27.26,80.95,4068
05:28:24,27.26,81.10,4068
05:28:55,27.27,81.12,4069
05:29:26,27.28,81.12,4069
05:29:57,27.29,81.22,4065
05:30:28,27.28,81.27,4068
05:30:59,27.30,81.17,4068
05:31:30,27.29,81.29,4069
05:32:01,27.29,81.26,4069
05:32:32,27.31,81.30,4069
05:33:02,27.30,81.39,4069
05:33:33,27.31,81.24,4065
05:34:04,27.31,81.44,4068
05:34:35,27.31,81.42,4068
05:35:06,27.31,81.45,4069
05:35:37,27.35,81.39,4068
05:36:08,27.32,81.50,4069
05:36:39,27.34,81.50,4069
05:37:10,27.34,81.37,4068
05:37:41,27.32,80.05,4068
05:38:12,27.31,78.70,4069
05:38:43,27.29,77.38,4068
05:39:14,27.24,76.64,4069
05:39:45,27.20,75.80,4068
05:40:15,27.13,74.74,4069
05:40:46,27.06,73.54,4069
05:41:17,27.00,72.04,4068
05:41:48,26.93,71.87,4068
05:42:19,26.90,71.25,4068
05:42:50,26.82,70.25,4068
05:43:21,26.77,68.75,4068
05:43:52,26.69,68.61,4069
05:44:23,26.63,68.03,4068
05:44:54,26.59,67.37,4068
05:45:25,26.55,67.38,4068
05:45:56,26.53,66.79,4069
05:46:26,26.46,65.58,4069
05:46:57,26.41,65.58,4068
05:47:28,26.37,65.37,4069
05:47:59,26.35,64.88,4065
05:48:30,26.31,64.77,4069
05:49:01,26.30,64.28,4068
05:49:32,26.26,64.29,4068
05:50:03,26.25,63.94,4064
05:50:34,26.20,63.46,4068
05:51:05,26.19,63.53,4068
05:51:36,26.17,63.62,4068
05:52:06,26.14,63.82,4069
05:52:37,26.16,63.95,4068
05:53:08,26.12,63.91,4068
05:53:39,26.14,64.05,4068
05:54:10,26.13,64.17,4069
05:54:41,26.12,64.32,4069
05:55:12,26.13,64.56,4069
05:55:43,26.12,64.65,4069
05:56:14,26.12,64.75,4068
05:56:45,26.12,64.81,4068
05:57:16,26.12,64.92,4069
05:57:47,26.12,65.05,4069
05:58:18,26.11,65.08,4069
05:58:49,26.12,65.14,4069
05:59:19,26.13,65.17,4068
05:59:50,26.12,65.29,4069
06:00:21,26.13,65.38,4069
06:00:52,26.13,65.46,4068
06:01:23,26.11,65.54,4065
06:01:54,26.12,65.58,4068
06:02:25,26.13,65.67,4068
06:02:56,26.11,65.69,4069
06:03:27,26.12,65.77,4065
06:03:58,26.10,65.86,4068
06:04:29,26.11,66.01,4068
06:05:00,26.11,66.07,4069
06:05:31,26.09,66.11,4068
06:06:02,26.08,66.22,4069
06:06:33,26.08,66.23,4068
06:07:04,26.08,66.30,4069
06:07:34,26.08,66.28,4069
06:08:05,26.09,66.27,4068
06:08:36,26.08,66.29,4068
06:09:07,26.09,66.31,4068
06:09:38,26.09,66.35,4069
06:10:09,26.07,66.33,4069
06:10:40,26.09,66.37,4065
06:11:11,26.08,66.38,4069
06:11:42,26.07,66.39,4069
06:12:13,26.05,66.49,4069
06:12:44,26.07,66.55,4065
06:13:15,26.03,66.52,4069
06:13:46,26.07,66.58,4069
06:14:17,26.04,66.62,4068
06:14:48,26.04,66.64,4065
06:15:19,26.02,66.63,4068
06:15:49,26.03,66.67,4069
06:16:20,26.04,66.73,4068
06:16:51,26.05,66.76,4069
06:17:22,26.04,66.80,4068
06:17:53,26.03,66.76,4069
06:18:24,26.01,66.78,4068
06:18:55,26.00,66.83,4068
06:19:26,26.03,66.81,4065
06:19:57,26.03,66.76,4069
06:20:28,26.03,66.80,4068
06:20:59,26.02,66.71,4068
06:21:30,26.03,66.49,4065
06:22:01,26.01,65.73,4068
06:22:32,26.01,64.62,4069
06:23:03,25.98,64.27,4069
06:23:33,25.96,64.34,4065
06:24:04,25.92,64.32,4068
06:24:35,25.90,64.59,4069
06:25:06,25.88,64.77,4069
06:25:37,25.87,64.92,4069
06:26:08,25.87,64.95,4068
06:26:39,25.87,65.06,4068
06:27:10,25.87,65.16,4069
06:27:41,25.87,65.26,4068
06:28:12,25.87,65.33,4068
06:28:43,25.88,65.38,4068
06:29:14,25.87,65.42,4069
06:29:45,25.87,65.54,4068
06:30:16,25.88,65.64,4068
06:30:47,25.87,65.68,4068
06:31:18,25.84,65.72,4069
06:31:49,25.84,65.71,4069
06:32:20,25.84,65.76,4068
06:32:50,25.85,65.85,4065
06:33:21,25.87,65.93,4068
06:33:52,25.82,66.02,4069
06:34:23,25.83,66.09,4068
06:34:54,25.83,66.10,4068
06:35:25,25.83,66.11,4068
06:35:56,25.85,66.07,4068
06:36:27,25.83,66.09,4068
06:36:58,25.83,66.14,4069
06:37:29,25.85,66.16,4068
06:38:00,25.83,66.19,4068
06:38:31,25.84,66.18,4064
06:39:02,25.83,66.18,4068
06:39:33,25.85,66.25,4069
06:40:04,25.84,66.33,4068
06:40:35,25.83,66.29,4068
06:41:06,25.82,66.33,4065
06:41:37,25.83,66.35,4068
06:42:07,25.83,66.38,4065
06:42:38,25.83,66.37,4068
06:43:09,25.82,66.37,4065
06:43:40,25.82,66.37,4069
06:44:11,25.83,66.39,4069
06:44:42,25.82,66.33,4068
06:45:13,25.83,66.31,4068
06:45:44,25.81,66.31,4068
06:46:15,25.82,66.40,4064
06:46:46,25.83,66.32,4069
06:47:17,25.81,66.38,4068
06:47:48,25.81,66.46,4068
06:48:19,25.78,66.38,4068
06:48:50,25.81,66.37,4068
06:49:21,25.80,66.38,4068
06:49:51,25.77,66.44,4069
06:50:22,25.76,66.49,4069
06:50:53,25.77,66.59,4068
06:51:24,25.80,66.59,4068
06:51:55,25.79,66.55,4068
06:52:26,25.78,66.61,4068
06:52:57,25.80,66.56,4069
06:53:28,25.77,66.39,4068
06:53:59,25.77,65.51,4069
06:54:30,25.73,64.61,4064
06:55:01,25.72,64.37,4060
06:55:32,25.70,64.37,4068
06:56:03,25.67,64.35,4069
06:56:34,25.65,64.41,4064
06:57:05,25.61,64.56,4069
06:57:35,25.62,64.64,4068
06:58:06,25.63,64.78,4069
06:58:37,25.62,64.82,4064
06:59:08,25.60,64.90,4068
06:59:39,25.62,64.95,4068
07:00:10,25.60,64.97,4061
07:00:41,25.62,65.00,4064
07:01:12,25.62,65.05,4068
07:01:43,25.61,65.10,4068
07:02:14,25.62,65.16,4068
07:02:45,25.61,65.21,4068
07:03:16,25.62,65.38,4069
07:03:47,25.62,65.66,4069
07:04:18,25.65,65.86,4061
07:04:48,25.67,65.83,4069
07:05:19,25.70,65.92,4069
07:05:50,25.72,66.25,4064
07:06:21,25.75,65.97,4069
07:06:52,25.75,66.02,4065
07:07:23,25.80,66.37,4068
07:07:54,25.83,66.42,4068
07:08:25,25.87,66.52,4068
07:08:56,25.85,66.78,4068
07:09:27,25.90,66.83,4065
07:09:58,25.93,67.23,4068
07:10:29,25.94,67.38,4069
07:11:00,25.98,67.17,4068
07:11:30,26.00,67.32,4069
07:12:01,26.01,67.49,4069
07:12:32,26.03,67.64,4064
07:13:03,26.06,67.82,4068
07:13:34,26.09,67.96,4065
07:14:05,26.08,67.90,4069
07:14:36,26.12,68.11,4065
07:15:07,26.12,68.40,4069
07:15:38,26.13,68.54,4065
07:16:09,26.14,68.54,4065
07:16:40,26.17,68.76,4069
07:17:11,26.18,69.09,4069
07:17:42,26.21,69.25,4068
07:18:13,26.22,69.28,4064
07:18:43,26.22,69.53,4069
07:19:14,26.24,69.60,4065
07:19:45,26.26,69.69,4065
07:20:16,26.28,69.77,4068
07:20:47,26.29,69.84,4065
07:21:18,26.28,70.12,4068
07:21:49,26.31,70.34,4068
07:22:20,26.31,70.38,4069
07:22:51,26.33,70.67,4065
07:23:22,26.36,70.81,4064
07:23:53,26.38,71.36,4069
07:24:24,26.39,71.20,4068
07:24:55,26.40,71.26,4068
07:25:25,26.40,71.24,4065
07:25:56,26.40,71.37,4068
07:26:27,26.41,71.65,4064
07:26:58,26.43,71.59,4064
07:27:29,26.45,71.64,4069
07:28:00,26.47,71.71,4068
07:28:31,26.48,71.75,4068
07:29:02,26.47,71.78,4068
07:29:33,26.48,71.98,4065
07:30:04,26.50,72.02,4065
07:30:35,26.50,72.08,4068
07:31:06,26.53,72.28,4068
07:31:37,26.53,72.44,4069
07:32:08,26.55,72.42,4064
07:32:39,26.55,72.57,4069
07:33:09,26.55,72.68,4069
07:33:40,26.56,72.94,4068
07:34:11,26.59,73.11,4064
07:34:42,26.60,73.08,4065
07:35:13,26.60,73.31,4065
07:35:44,26.61,73.16,4068
07:36:15,26.63,73.24,4068
07:36:46,26.62,73.28,4061
07:37:17,26.63,73.26,4065
07:37:48,26.64,73.30,4068
07:38:19,26.65,73.27,4069
07:38:50,26.66,73.30,4069
07:39:21,26.68,73.56,4068
07:39:52,26.68,73.60,4065
07:40:23,26.69,73.61,4069
07:40:54,26.69,73.81,4069
07:41:24,26.70,74.14,4069
07:41:55,26.72,74.00,4068
07:42:26,26.69,74.17,4068
07:42:57,26.73,74.13,4068
07:43:28,26.72,74.24,4069
07:43:59,26.74,74.17,4068
07:44:30,26.74,74.37,4065
07:45:01,26.77,74.33,4064
07:45:32,26.75,74.36,4068
07:46:03,26.79,74.35,4068
07:46:34,26.77,74.42,4069
07:47:05,26.79,74.46,4068
07:47:36,26.80,74.50,4068
07:48:07,26.79,74.56,4068
07:48:38,26.79,74.75,4069
07:49:09,26.81,74.65,4065
07:49:39,26.82,74.78,4069
07:50:10,26.83,74.76,4068
07:50:41,26.85,74.92,4068
07:51:12,26.85,74.96,4068
07:51:43,26.85,74.94,4068
07:52:14,26.83,74.99,4068
07:52:45,26.85,74.98,4069
07:53:16,26.86,75.04,4068
07:53:47,26.87,75.34,4068
07:54:18,26.86,75.29,4068
07:54:49,26.87,75.22,4069
07:55:20,26.89,75.36,4068
07:55:51,26.88,75.35,4068
07:56:22,26.87,75.41,4069
07:56:53,26.91,75.44,4068
07:57:24,26.90,75.63,4069
07:57:55,26.90,75.46,4068
07:58:26,26.90,75.51,4068
07:58:57,26.90,75.64,4069
07:59:28,26.91,75.62,4068
07:59:59,26.92,75.74,4068
08:00:30,26.92,75.73,4069
08:01:00,26.94,75.71,4069
08:01:31,26.93,75.73,4068
08:02:02,26.96,75.81,4068
08:02:33,26.96,75.75,4069
08:03:04,26.96,75.87,4069
08:03:35,26.97,75.75,4068
08:04:06,26.95,75.70,4068
08:04:37,26.98,75.65,4068
08:05:08,26.96,75.92,4068
08:05:39,26.98,75.90,4068
08:06:10,26.98,75.92,4068
08:06:41,26.99,76.02,4069
08:07:12,27.00,76.08,4068
08:07:43,27.01,76.19,4069
08:08:14,27.01,76.14,4068
08:08:45,27.00,76.10,4068
08:09:15,27.03,76.18,4068
08:09:46,27.01,76.13,4068
08:10:17,27.01,76.23,4068
08:10:48,27.01,76.34,4065
08:11:19,27.01,76.45,4069
08:11:50,27.02,76.36,4068
08:12:21,27.06,76.43,4068
08:12:52,27.05,76.55,4068
08:13:23,27.05,76.44,4069
08:13:54,27.07,76.53,4069
08:14:25,27.07,76.49,4065
08:14:56,27.05,76.55,4068
08:15:27,27.07,76.57,4069
08:15:58,27.07,76.45,4068
08:16:28,27.08,76.63,4068
08:16:59,27.09,76.64,4068
08:17:30,27.08,76.65,4069
08:18:01,27.10,76.68,4068
08:18:32,27.08,76.69,4069
08:19:03,27.11,76.64,4069
08:19:34,27.11,76.71,4068
08:20:05,27.08,76.70,4069
08:20:36,27.10,76.76,4068
08:21:07,27.09,76.84,4069
08:21:38,27.10,76.87,4069
08:22:09,27.10,76.96,4068
08:22:40,27.10,77.00,4069
08:23:10,27.09,77.22,4069
08:23:41,27.10,77.23,4069
08:24:12,27.11,77.15,4069
08:24:43,27.11,77.13,4068
08:25:14,27.13,77.03,4069
08:25:45,27.14,77.05,4068
08:26:16,27.12,76.99,4068
08:26:47,27.13,77.13,4065
08:27:18,27.14,77.16,4068
08:27:49,27.14,77.27,4068
08:28:20,27.16,77.26,4060
08:28:51,27.15,77.17,4065
08:29:22,27.14,77.18,4069
08:29:53,27.15,77.11,4069
08:30:23,27.16,77.11,4068
08:30:54,27.16,77.16,4064
08:31:25,27.16,77.27,4069
08:31:56,27.16,77.40,4068
08:32:27,27.15,77.28,4068
08:32:58,27.16,77.34,4068
08:33:29,27.16,77.32,4068
08:34:00,27.16,77.32,4068
08:34:31,27.16,77.27,4069
08:35:02,27.17,77.30,4068
08:35:33,27.16,77.35,4068
08:36:04,27.14,77.44,4068
08:36:35,27.17,77.42,4068
08:37:06,27.18,77.48,4069
08:37:36,27.17,77.49,4069
08:38:07,27.20,77.46,4068
08:38:38,27.18,77.53,4069
08:39:09,27.18,77.52,4068
08:39:40,27.20,77.66,4069
08:40:11,27.21,77.60,4065
08:40:42,27.20,77.66,4068
08:41:13,27.21,77.77,4068
08:41:44,27.21,77.75,4068
08:42:15,27.22,77.87,4068
08:42:46,27.21,77.84,4068
08:43:17,27.22,77.79,4069
08:43:48,27.22,77.74,4068
08:44:19,27.23,77.88,4068
08:44:49,27.22,77.92,4068
08:45:20,27.24,77.81,4068
08:45:51,27.23,77.98,4068
08:46:22,27.24,78.03,4068
08:46:53,27.22,78.13,4069
08:47:24,27.24,78.08,4069
08:47:55,27.24,77.99,4068
08:48:26,27.24,78.10,4069
08:48:57,27.25,77.97,4069
08:49:28,27.25,78.23,4065
08:49:59,27.25,78.20,4068
08:50:30,27.25,78.31,4068
08:51:01,27.27,78.37,4069
08:51:31,27.25,78.47,4068
08:52:02,27.26,78.42,4068
08:52:33,27.28,78.45,4069
08:53:04,27.26,78.42,4065
08:53:35,27.26,78.37,4069
08:54:06,27.29,78.50,4068
08:54:37,27.28,78.60,4069
08:55:08,27.28,78.53,4068
08:55:39,27.26,78.56,4069
08:56:10,27.29,78.76,4068
08:56:41,27.31,78.64,4068
08:57:12,27.27,78.70,4069
08:57:43,27.26,78.75,4068
08:58:14,27.28,78.80,4069
08:58:45,27.28,78.83,4069
08:59:15,27.29,78.79,4069
08:59:46,27.30,78.83,4068
09:00:17,27.29,78.72,4068
09:00:48,27.29,78.73,4068
09:01:19,27.30,78.70,4068
09:01:50,27.30,78.70,4068
09:02:21,27.29,78.74,4069
09:02:52,27.30,78.64,4068
09:03:23,27.30,78.73,4069
09:03:54,27.29,78.79,4068
09:04:25,27.30,78.73,4068
09:04:56,27.31,78.79,4069
09:05:27,27.31,78.73,4068
09:05:58,27.31,78.75,4068
09:06:29,27.29,78.82,4069
09:07:00,27.31,78.78,4069
09:07:31,27.32,78.87,4068
09:08:01,27.32,78.78,4069
09:08:32,27.33,78.79,4069
09:09:03,27.31,78.77,4068
09:09:34,27.33,78.89,4069
09:10:05,27.31,78.74,4068
09:10:36,27.33,78.78,4068
09:11:07,27.32,78.82,4069
09:11:38,27.33,78.81,4068
09:12:09,27.31,78.81,4065
09:12:40,27.31,78.95,4068
09:13:11,27.31,78.98,4069
09:13:42,27.35,79.02,4068
09:14:13,27.31,78.97,4068
09:14:44,27.30,79.15,4069
09:15:15,27.33,79.09,4069
09:15:46,27.34,79.02,4068
09:16:17,27.35,79.21,4069
09:16:48,27.32,79.07,4068
09:17:19,27.34,79.07,4068
09:17:50,27.34,79.05,4069
09:18:20,27.35,79.23,4069
09:18:51,27.35,79.27,4068
09:19:22,27.34,79.46,4065
09:19:53,27.34,79.52,4068
09:20:24,27.34,79.56,4069
09:20:55,27.35,79.57,4068
09:21:26,27.38,79.53,4068
09:21:57,27.37,79.49,4069
09:22:28,27.37,79.54,4069
09:22:59,27.36,79.63,4068
09:23:30,27.37,79.54,4069
09:24:01,27.39,79.57,4068
09:24:32,27.35,79.59,4069
09:25:02,27.36,79.47,4064
09:25:33,27.36,79.39,4068
09:26:04,27.38,79.34,4069
09:26:35,27.37,79.28,4069
09:27:06,27.37,79.35,4068
09:27:37,27.39,79.31,4068
09:28:08,27.37,79.38,4068
09:28:39,27.39,79.46,4068
09:29:10,27.39,79.34,4068
09:29:41,27.39,79.36,4065
09:30:12,27.39,79.45,4068
09:30:43,27.39,79.50,4068
09:31:13,27.40,79.39,4069
09:31:44,27.41,79.35,4069
09:32:15,27.41,79.38,4068
09:32:46,27.40,79.67,4069
09:33:17,27.41,79.52,4068
09:33:48,27.41,79.75,4069
09:34:19,27.41,79.52,4068
09:34:50,27.42,79.54,4069
09:35:21,27.41,79.63,4068
09:35:52,27.43,79.65,4065
09:36:23,27.45,79.73,4068
09:36:54,27.44,79.80,4069
09:37:25,27.44,79.61,4068
09:37:56,27.46,79.61,4068
09:38:26,27.46,79.52,4069
09:38:57,27.44,79.56,4068
09:39:28,27.44,79.52,4068
09:39:59,27.46,79.55,4068
09:40:30,27.46,79.48,4068
09:41:01,27.46,79.53,4068
09:41:32,27.47,79.46,4068
09:42:03,27.47,79.52,4068
09:42:34,27.47,79.56,4069
09:43:05,27.47,79.49,4069
09:43:36,27.48,79.51,4069
09:44:07,27.47,79.51,4068
09:44:37,27.47,79.50,4068
09:45:08,27.48,79.45,4069
09:45:39,27.48,79.48,4068
09:46:10,27.49,79.41,4061
09:46:41,27.49,79.70,4068
09:47:12,27.51,79.69,4068
09:47:43,27.50,79.60,4068
09:48:14,27.49,79.55,4068
09:48:45,27.50,79.52,4064
09:49:16,27.52,79.44,4068
09:49:47,27.50,79.50,4069
09:50:18,27.49,79.60,4069
09:50:49,27.49,79.54,4068
09:51:20,27.50,79.54,4069
09:51:51,27.51,79.65,4068
09:52:21,27.50,79.48,4068
09:52:52,27.52,79.61,4068
09:53:23,27.52,79.51,4069
09:53:54,27.50,79.49,4068
09:54:25,27.53,79.53,4069
09:54:56,27.52,79.65,4069
09:55:27,27.52,79.51,4069
09:55:58,27.54,79.56,4069
09:56:29,27.52,79.51,4069
09:57:00,27.53,79.71,4068
09:57:31,27.54,79.53,4068
09:58:02,27.52,79.61,4069
09:58:33,27.55,79.56,4069
09:59:04,27.55,79.63,4068
09:59:35,27.54,79.58,4068
10:00:05,27.53,79.55,4069
10:00:36,27.56,79.52,4068
10:01:07,27.55,79.63,4069
10:01:38,27.56,79.56,4068
10:02:09,27.55,79.54,4069
10:02:40,27.57,79.56,4068
10:03:11,27.56,79.54,4069
10:03:42,27.59,79.58,4069
10:04:13,27.57,79.54,4068
10:04:44,27.57,79.57,4068
10:05:15,27.57,79.96,4068
10:05:46,27.56,80.08,4068
10:06:17,27.57,79.89,4068
10:06:48,27.57,79.98,4068
10:07:19,27.57,79.82,4069
10:07:50,27.57,79.65,4069
10:08:20,27.58,79.58,4068
10:08:51,27.57,79.79,4068
10:09:22,27.57,79.77,4068
10:09:53,27.61,79.75,4069
10:10:24,27.60,80.08,4068
10:10:55,27.58,79.78,4069
10:11:26,27.60,79.76,4068
10:11:57,27.59,79.94,4069
10:12:28,27.60,79.78,4068
10:12:59,27.62,79.98,4068
10:13:30,27.60,80.11,4069
10:14:01,27.60,80.00,4068
10:14:32,27.62,80.06,4069
10:15:03,27.57,79.96,4069
10:15:33,27.62,80.10,4069
10:16:04,27.63,79.98,4068
10:16:35,27.61,80.52,4069
10:17:06,27.63,80.18,4069
10:17:37,27.62,80.30,4065
10:18:08,27.62,80.10,4068
10:18:39,27.63,80.31,4068
10:19:10,27.61,80.35,4068
10:19:41,27.62,80.19,4069
10:20:12,27.63,80.60,4068
10:20:43,27.63,80.35,4068
10:21:14,27.63,80.37,4069
10:21:45,27.64,80.51,4068
10:22:16,27.63,80.39,4068
10:22:47,27.65,80.45,4068
10:23:17,27.64,80.44,4069
10:23:48,27.65,80.64,4069
10:24:19,27.68,80.42,4069
10:24:50,27.64,80.44,4068
10:25:21,27.66,80.68,4068
10:25:52,27.66,80.56,4069
10:26:23,27.66,80.54,4068
10:26:54,27.65,80.64,4069
10:27:25,27.67,80.50,4069
10:27:56,27.68,80.56,4068
10:28:27,27.65,80.64,4068
10:28:58,27.65,80.67,4069
10:29:29,27.67,80.74,4069
10:30:00,27.71,80.65,4068
10:30:31,27.68,80.79,4069
10:31:02,27.66,80.72,4069
10:31:32,27.65,80.68,4068
10:32:03,27.68,80.47,4069
10:32:34,27.69,80.59,4068
10:33:05,27.68,80.68,4068
10:33:36,27.68,80.57,4069
10:34:07,27.68,80.48,4069
10:34:38,27.69,80.45,4068
10:35:09,27.71,80.42,4069
10:35:40,27.70,80.47,4069
10:36:11,27.70,80.72,4068
10:36:42,27.71,80.47,4068
10:37:13,27.70,80.50,4069
10:37:44,27.70,80.52,4068
10:38:15,27.71,80.49,4068
10:38:46,27.73,80.67,4069
10:39:17,27.71,80.60,4068
10:39:48,27.71,80.70,4068
10:40:19,27.70,80.60,4069
10:40:49,27.71,80.72,4068
10:41:20,27.71,80.80,4069
10:41:51,27.71,80.84,4069
10:42:22,27.73,80.67,4069
10:42:53,27.71,80.87,4069
10:43:24,27.72,80.83,4068
10:43:55,27.74,80.77,4069
10:44:26,27.74,80.66,4068
10:44:57,27.74,80.66,4069
10:45:28,27.75,80.65,4069
10:45:59,27.75,80.88,4068
10:46:30,27.76,80.78,4068
10:47:01,27.74,80.77,4068
10:47:31,27.77,80.67,4069
10:48:02,27.78,80.50,4068
10:48:33,27.76,80.75,4068
10:49:04,27.75,81.01,4068
10:49:35,27.76,80.60,4069
10:50:06,27.77,80.66,4068
10:50:37,27.78,80.77,4068
10:51:08,27.80,80.81,4069
10:51:39,27.78,80.67,4068
10:52:10,27.79,80.67,4069
10:52:41,27.80,80.70,4065
10:53:12,27.82,80.78,4068
10:53:43,27.83,80.87,4069
10:54:13,27.81,80.92,4069
10:54:44,27.82,80.87,4069
10:55:15,27.83,80.79,4069
10:55:46,27.81,80.74,4068
10:56:17,27.83,80.95,4068
10:56:48,27.85,80.75,4068
10:57:19,27.83,80.84,4068
10:57:50,27.85,80.77,4068
10:58:21,27.86,80.98,4068
10:58:52,27.87,81.00,4069
10:59:23,27.86,80.90,4069
10:59:54,27.88,80.88,4069
11:00:25,27.86,80.78,4068
11:00:56,27.87,80.83,4068
11:01:27,27.87,80.69,4069
11:01:57,27.87,80.81,4069
11:02:28,27.87,80.76,4065
11:02:59,27.87,80.84,4069
11:03:30,27.88,80.76,4068
11:04:01,27.88,80.72,4068
11:04:32,27.87,80.78,4069
11:05:03,27.90,80.95,4069
11:05:34,27.91,81.01,4069
11:06:05,27.92,81.05,4069
11:06:36,27.92,81.04,4068
11:07:07,27.91,80.93,4068
11:07:38,27.93,80.80,4068
11:08:09,27.94,80.89,4068
11:08:40,27.95,80.89,4069
11:09:11,27.95,80.97,4068
11:09:42,27.96,81.02,4068
11:10:12,27.95,80.90,4069
11:10:43,28.00,81.01,4069
11:11:14,28.01,80.81,4068
11:11:45,27.99,80.72,4068
11:12:16,28.00,80.71,4069
11:12:47,28.03,80.67,4069
11:13:18,28.03,80.55,4069
11:13:49,28.05,80.57,4068
11:14:20,28.04,80.77,4069
11:14:51,28.05,80.66,4069
11:15:22,28.07,80.64,4069
11:15:53,28.09,80.59,4069
11:16:24,28.09,80.65,4068
11:16:55,28.10,80.67,4069
11:17:26,28.10,80.90,4068
11:17:56,28.09,80.56,4068
11:18:27,28.10,79.38,4068
11:18:58,28.08,78.89,4068
11:19:29,28.04,77.76,4064
11:20:00,28.01,76.40,4068
11:20:31,27.97,76.15,4068
11:21:02,27.92,74.91,4069
11:21:33,27.87,74.09,4068
11:22:04,27.83,72.55,4068
11:22:35,27.77,71.57,4068
11:23:06,27.72,71.21,4069
11:23:37,27.68,71.21,4068
11:24:08,27.64,70.85,4069
11:24:39,27.58,70.21,4069
11:25:09,27.57,69.85,4068
11:25:40,27.52,69.60,4065
11:26:11,27.50,68.93,4069
11:26:42,27.47,68.23,4068
11:27:13,27.45,68.56,4065
11:27:44,27.44,67.92,4068
11:28:15,27.41,67.90,4068
11:28:46,27.39,67.40,4068
11:29:17,27.38,67.46,4069
11:29:48,27.36,67.36,4069
11:30:19,27.35,67.67,4061
11:30:50,27.34,67.54,4068
11:31:21,27.36,67.69,4068
11:31:52,27.38,67.66,4069
11:32:23,27.36,67.80,4068
11:32:54,27.37,67.77,4069
11:33:25,27.36,67.88,4069
11:33:56,27.34,67.87,4068
11:34:26,27.35,67.98,4068
11:34:57,27.36,67.95,4069
11:35:28,27.36,67.99,4061
11:35:59,27.37,67.99,4068
11:36:30,27.38,68.06,4069
11:37:01,27.39,68.11,4068
11:37:32,27.38,68.14,4068
11:38:03,27.39,68.16,4068
11:38:34,27.38,68.21,4069
11:39:05,27.40,68.18,4068
11:39:36,27.40,68.28,4065
11:40:07,27.39,68.38,4068
11:40:38,27.39,68.29,4069
11:41:09,27.39,68.34,4069
11:41:40,27.41,68.32,4069
11:42:11,27.39,68.32,4069
11:42:42,27.40,68.30,4068
11:43:13,27.40,68.26,4061
11:43:43,27.40,68.75,4069
11:44:14,27.40,68.60,4068
11:44:45,27.38,68.58,4068
11:45:16,27.39,68.64,4068
11:45:47,27.38,68.63,4069
11:46:18,27.39,68.64,4065
11:46:49,27.40,68.62,4068
11:47:20,27.39,68.57,4069
11:47:51,27.40,68.53,4069
11:48:22,27.39,68.47,4065
11:48:53,27.39,68.55,4068
11:49:24,27.39,68.50,4069
11:49:55,27.36,68.43,4068
11:50:26,27.40,68.42,4065
11:50:57,27.39,68.39,4064
11:51:28,27.37,68.33,4068
11:51:59,27.38,69.09,4068
11:52:30,27.38,68.96,4068
11:53:00,27.39,69.28,4069
11:53:31,27.37,69.16,4068
11:54:02,27.39,69.44,4068
11:54:33,27.40,69.14,4069
11:55:04,27.41,69.28,4068
11:55:35,27.43,69.27,4068
11:56:06,27.44,69.23,4068
11:56:37,27.44,69.24,4069
11:57:08,27.44,69.21,4069
11:57:39,27.46,69.27,4065
11:58:10,27.46,69.07,4068
11:58:41,27.48,68.93,4065
11:59:12,27.47,68.33,4068
11:59:43,27.46,67.19,4068
12:00:14,27.43,66.90,4069
12:00:44,27.43,66.67,4068
12:01:15,27.44,66.64,4068
12:01:46,27.42,66.87,4065
12:02:17,27.40,66.84,4068
12:02:48,27.41,66.83,4068
12:03:19,27.39,66.89,4068
12:03:50,27.38,67.03,4061
12:04:21,27.38,67.03,4068
12:04:52,27.38,67.05,4068
12:05:23,27.34,67.05,4068
12:05:54,27.36,67.62,4069
12:06:25,27.36,67.51,4069
12:06:56,27.38,67.62,4068
12:07:27,27.40,67.69,4069
12:07:57,27.43,67.73,4068
12:08:28,27.43,67.74,4069
12:08:59,27.43,67.61,4069
12:09:30,27.46,67.62,4068
12:10:01,27.46,67.59,4069
12:10:32,27.45,67.60,4065
12:11:03,27.48,67.65,4068
12:11:34,27.48,67.64,4068
12:12:05,27.49,67.63,4068
12:12:36,27.49,67.73,4069
12:13:07,27.50,67.70,4068
12:13:38,27.52,67.61,4069
12:14:09,27.52,67.66,4064
12:14:40,27.53,67.65,4068
12:15:11,27.56,67.64,4068
12:15:41,27.57,67.59,4069
12:16:12,27.56,67.59,4068
12:16:43,27.57,67.54,4068
12:17:14,27.59,67.46,4069
12:17:45,27.60,67.63,4068
12:18:16,27.61,67.57,4069
12:18:47,27.60,67.55,4068
12:19:18,27.61,67.54,4068
12:19:49,27.63,67.60,4069
12:20:20,27.61,67.52,4068
12:20:51,27.64,67.42,4065
12:21:22,27.65,67.42,4069
12:21:52,27.64,67.45,4068
12:22:23,27.66,67.42,4068
12:22:54,27.68,67.44,4069
12:23:25,27.69,67.41,4069
12:23:56,27.69,67.39,4069
12:24:27,27.70,67.35,4068
12:24:58,27.71,67.37,4069
12:25:29,27.72,67.40,4069
12:26:00,27.72,67.31,4068
12:26:31,27.73,67.13,4069
12:27:02,27.73,67.08,4068
12:27:33,27.75,67.02,4068
12:28:04,27.75,66.93,4068
12:28:35,27.74,66.95,4068
12:29:05,27.76,66.97,4068
12:29:36,27.76,66.94,4068
12:30:07,27.76,66.84,4069
12:30:38,27.77,66.45,4068
12:31:09,27.77,65.70,4069
12:31:40,27.75,65.10,4065
12:32:11,27.74,64.57,4068
12:32:42,27.73,64.04,4065
12:33:13,27.73,64.24,4065
12:33:44,27.73,64.40,4065
12:34:15,27.72,64.63,4069
12:34:46,27.71,64.59,4069
12:35:17,27.73,64.70,4069
12:35:48,27.73,64.74,4069
12:36:19,27.75,64.72,4068
12:36:50,27.75,64.79,4068
12:37:20,27.74,64.86,4069
12:37:51,27.75,65.00,4069
12:38:22,27.77,65.05,4069
12:38:53,27.77,65.14,4069
12:39:24,27.75,65.17,4069
12:39:55,27.78,65.24,4068
12:40:26,27.81,65.35,4069
12:40:57,27.81,65.37,4068
12:41:28,27.80,65.41,4068
12:41:59,27.82,65.45,4069
12:42:30,27.85,65.47,4069
12:43:01,27.83,65.43,4068
12:43:32,27.84,65.42,4068
12:44:03,27.85,65.48,4069
12:44:34,27.88,65.46,4069
12:45:05,27.89,65.52,4068
12:45:35,27.89,66.33,4069
12:46:06,27.91,67.38,4069
12:46:37,27.92,68.53,4069
12:47:08,27.96,70.80,4069
12:47:39,28.02,75.45,4069
12:48:10,28.07,75.73,4069
12:48:41,28.09,75.39,4068
12:49:12,28.16,75.34,4068
12:49:43,28.18,76.05,4069
12:50:14,28.24,77.01,4068
12:50:45,28.26,76.33,4069
12:51:16,28.26,75.83,4069
12:51:47,28.29,75.67,4069
12:52:18,28.31,75.91,4068
12:52:48,28.33,76.20,4068
12:53:19,28.32,76.09,4069
12:53:50,28.33,76.07,4069
12:54:21,28.34,76.48,4065
12:54:52,28.35,76.34,4068
12:55:23,28.38,76.09,4068
12:55:54,28.36,76.47,4068
12:56:25,28.38,75.97,4069
12:56:56,28.39,75.82,4068
12:57:27,28.39,75.77,4068
12:57:58,28.39,75.94,4068
12:58:29,28.39,76.25,4069
12:59:00,28.40,76.23,4068
12:59:31,28.39,76.14,4069
13:00:02,28.39,76.35,4068
13:00:33,28.41,75.93,4068
13:01:04,28.42,75.71,4068
13:01:35,28.43,75.87,4069
13:02:06,28.41,76.12,4068
13:02:36,28.42,76.35,4068
13:03:07,28.42,76.54,4069
13:03:38,28.41,76.36,4068
13:04:09,28.42,76.53,4064
13:04:40,28.43,76.52,4068
13:05:11,28.42,76.38,4068
13:05:42,28.43,76.50,4068
13:06:13,28.43,76.97,4069
13:06:44,28.42,76.82,4069
13:07:15,28.43,76.80,4069
13:07:46,28.42,76.73,4069
13:08:17,28.44,76.75,4068
13:08:48,28.46,77.02,4068
13:09:19,28.44,76.92,4068
13:09:50,28.43,77.26,4068
13:10:21,28.46,78.10,4069
13:10:52,28.46,77.84,4069
13:11:23,28.48,77.96,4069
13:11:54,28.47,78.08,4069
13:12:25,28.48,77.93,4068
13:12:56,28.47,78.02,4069
13:13:27,28.48,78.11,4068
13:13:58,28.48,77.91,4069
13:14:28,28.49,78.39,4068
13:14:59,28.50,78.83,4069
13:15:30,28.51,78.38,4069
13:16:01,28.50,78.66,4068
13:16:32,28.51,78.45,4068
13:17:03,28.51,78.62,4068
13:17:34,28.51,79.11,4068
13:18:05,28.52,78.48,4068
13:18:36,28.52,78.99,4069
13:19:07,28.52,78.86,4069
13:19:38,28.52,79.43,4068
13:20:09,28.56,79.18,4068
13:20:39,28.56,79.36,4069
13:21:10,28.56,79.27,4068
13:21:41,28.56,79.42,4068
13:22:12,28.55,79.39,4069
13:22:43,28.57,79.74,4068
13:23:14,28.55,79.43,4069
13:23:45,28.57,79.56,4069
13:24:16,28.55,79.75,4068
13:24:47,28.62,80.06,4068
13:25:18,28.58,80.22,4068
13:25:49,28.60,80.01,4069
13:26:19,28.62,80.23,4068
13:26:50,28.61,80.48,4068
13:27:21,28.64,80.28,4069
13:27:52,28.64,80.42,4068
13:28:23,28.64,80.18,4068
13:28:54,28.64,80.23,4069
13:29:25,28.66,80.06,4068
13:29:56,28.66,80.09,4068
13:30:27,28.68,80.26,4068
13:30:58,28.68,80.33,4068
13:31:29,28.68,80.49,4069
13:32:00,28.71,80.40,4069
13:32:30,28.71,80.34,4068
13:33:01,28.73,80.50,4069
13:33:32,28.72,80.76,4069
13:34:03,28.72,80.71,4068
13:34:34,28.72,80.67,4069
13:35:05,28.74,80.61,4068
13:35:36,28.75,80.62,4069
13:36:07,28.78,80.80,4069
13:36:38,28.77,80.41,4069
13:37:09,28.79,80.28,4068
13:37:40,28.79,80.36,4068
13:38:11,28.82,80.43,4069
13:38:42,28.80,80.57,4068
13:39:13,28.82,80.39,4069
13:39:44,28.82,80.51,4068
13:40:14,28.81,80.46,4069
13:40:45,28.86,80.74,4068
13:41:16,28.86,81.07,4068
13:41:47,28.85,80.98,4068
13:42:18,28.87,80.85,4068
13:42:49,28.89,80.74,4068
13:43:20,28.87,80.59,4069
13:43:51,28.89,80.53,4068
13:44:22,28.90,80.48,4069
13:44:53,28.93,80.55,4068
13:45:24,28.91,80.56,4068
13:45:55,28.91,80.67,4069
13:46:26,28.93,80.96,4069
13:46:57,28.93,81.31,4068
13:47:27,28.93,80.89,4068
13:47:58,28.96,81.07,4069
13:48:29,28.96,80.89,4069
13:49:00,28.95,80.87,4068
13:49:31,28.96,80.80,4068
13:50:02,28.96,81.09,4069
13:50:33,29.00,81.75,4068
13:51:04,29.02,81.85,4068
13:51:35,28.99,81.50,4068
13:52:06,29.01,81.41,4068
13:52:37,29.02,81.46,4068
13:53:08,29.03,81.48,4068
13:53:39,29.02,81.56,4069
13:54:10,29.04,81.38,4068
13:54:41,29.04,81.56,4069
13:55:12,29.04,81.65,4069
13:55:42,29.05,81.39,4068
13:56:13,29.05,81.52,4068
13:56:44,29.08,81.65,4069
13:57:15,29.08,81.33,4068
13:57:46,29.07,81.15,4064
13:58:17,29.10,81.14,4069
13:58:48,29.08,81.24,4069
13:59:19,29.10,81.21,4068
13:59:50,29.11,81.58,4069
14:00:21,29.11,81.17,4069
14:00:52,29.13,81.30,4069
14:01:23,29.13,81.48,4068
14:01:54,29.13,81.37,4068
14:02:25,29.12,81.73,4069
14:02:56,29.16,81.66,4069
14:03:27,29.17,81.78,4068
14:03:58,29.16,81.47,4068
14:04:29,29.15,81.32,4068
14:05:00,29.16,81.39,4069
14:05:31,29.18,81.61,4069
14:06:01,29.18,81.44,4068
14:06:32,29.19,81.41,4068
14:07:03,29.18,81.48,4069
14:07:34,29.20,81.49,4069
14:08:05,29.21,81.75,4069
14:08:36,29.22,82.07,4068
14:09:07,29.22,82.21,4069
14:09:38,29.24,82.19,4069
14:10:09,29.25,82.23,4068
14:10:40,29.26,82.11,4069
14:11:11,29.26,82.11,4069
14:11:42,29.27,82.18,4069
14:12:13,29.27,82.45,4069
14:12:44,29.29,82.48,4068
14:13:15,29.29,82.32,4069
14:13:46,29.29,82.28,4068
14:14:16,29.33,82.57,4069
14:14:47,29.32,82.60,4068
14:15:18,29.33,82.58,4068
14:15:49,29.35,82.58,4069
14:16:20,29.34,82.42,4068
14:16:51,29.35,82.49,4069
14:17:22,29.38,82.55,4069
14:17:53,29.38,82.48,4068
14:18:24,29.41,82.52,4068
14:18:55,29.40,82.65,4068
14:19:26,29.40,82.68,4069
14:19:57,29.41,82.73,4069
14:20:28,29.43,82.69,4069
14:20:59,29.42,82.76,4069
14:21:30,29.43,82.70,4069
14:22:01,29.43,82.78,4069
14:22:32,29.43,82.77,4069
14:23:02,29.45,82.76,4068
14:23:33,29.46,82.75,4068
14:24:04,29.49,82.76,4068
14:24:35,29.48,82.88,4068
14:25:06,29.49,82.93,4068
14:25:37,29.49,82.95,4068
14:26:08,29.49,82.95,4068
14:26:39,29.49,82.96,4069
14:27:10,29.53,82.92,4069
14:27:41,29.53,82.96,4069
14:28:12,29.54,82.90,4069
14:28:43,29.56,82.82,4068
14:29:14,29.56,82.89,4068
14:29:45,29.57,82.84,4069
14:30:16,29.60,82.87,4068
14:30:47,29.60,82.82,4069
14:31:18,29.59,82.49,4069
14:31:49,29.59,82.53,4069
14:32:20,29.59,82.57,4068
14:32:51,29.61,82.60,4069
14:33:21,29.62,82.51,4069
14:33:52,29.63,82.44,4068
14:34:23,29.64,82.53,4068
14:34:54,29.64,82.64,4068
14:35:25,29.64,82.70,4069
14:35:56,29.65,82.67,4069
14:36:27,29.65,82.64,4069
14:36:58,29.64,82.59,4069
14:37:29,29.65,82.64,4068
14:38:00,29.68,82.60,4069
14:38:31,29.68,82.53,4069
14:39:01,29.66,82.54,4069
14:39:32,29.66,82.55,4068
14:40:03,29.69,82.57,4068
14:40:34,29.69,82.54,4069
14:41:05,29.69,82.48,4069
14:41:36,29.71,82.43,4069
14:42:07,29.69,82.37,4069
14:42:38,29.69,82.41,4069
14:43:09,29.69,82.37,4069
14:43:40,29.73,82.38,4069
14:44:11,29.71,82.39,4069
14:44:42,29.72,82.35,4069
14:45:13,29.74,82.24,4069
14:45:44,29.77,82.23,4069
14:46:15,29.76,82.14,4068
14:46:46,29.75,82.14,4068
14:47:16,29.76,82.20,4069
14:47:47,29.75,81.87,4069
14:48:18,29.77,81.91,4068
14:48:49,29.77,81.90,4068
14:49:20,29.76,81.85,4068
14:49:51,29.76,81.88,4069
14:50:22,29.77,81.83,4068
14:50:53,29.77,81.77,4069
14:51:24,29.77,81.81,4068
14:51:55,29.76,81.89,4069
14:52:26,29.78,81.90,4068
14:52:57,29.80,81.95,4069
14:53:28,29.80,81.95,4068
14:53:59,29.81,81.91,4068
14:54:29,29.80,81.98,4069
14:55:00,29.82,81.92,4068
14:55:31,29.83,81.88,4069
14:56:02,29.83,81.92,4068
14:56:33,29.83,81.91,4068
14:57:04,29.84,81.85,4069
14:57:35,29.85,81.85,4069
14:58:06,29.85,81.76,4069
14:58:37,29.89,81.75,4069
14:59:08,29.87,81.55,4068
14:59:39,29.89,81.59,4068
15:00:10,29.90,81.62,4069
15:00:41,29.89,81.61,4068
15:01:11,29.88,81.53,4069
15:01:42,29.91,81.52,4068
15:02:13,29.92,81.55,4068
15:02:44,29.94,81.50,4068
15:03:15,29.95,81.44,4068
15:03:46,29.95,81.44,4069
15:04:17,29.97,81.33,4068
15:04:48,29.98,81.27,4069
15:05:19,30.00,81.25,4069
15:05:50,29.99,81.25,4069
15:06:21,30.01,81.22,4069
15:06:52,30.02,81.23,4069
15:07:23,30.04,81.11,4069
15:07:54,30.04,80.91,4068
15:08:25,30.04,81.04,4069
15:08:55,30.04,81.01,4069
15:09:26,30.04,81.08,4069
15:09:57,30.05,81.09,4069
15:10:28,30.04,81.01,4069
15:10:59,30.06,80.92,4069
15:11:30,30.05,80.99,4068
15:12:01,30.06,80.94,4069
15:12:32,30.08,80.90,4069
15:13:03,30.07,80.69,4068
15:13:34,30.08,80.69,4069
15:14:05,30.08,80.68,4069
15:14:36,30.09,80.70,4069
15:15:07,30.11,80.66,4069
15:15:38,30.09,80.68,4069
15:16:09,30.12,80.72,4068
15:16:40,30.10,80.72,4068
15:17:11,30.11,80.76,4069
15:17:41,30.13,80.81,4068
15:18:12,30.13,80.88,4069
15:18:43,30.14,80.89,4069
15:19:14,30.16,80.96,4068
15:19:45,30.16,80.98,4068
15:20:16,30.19,80.98,4068
15:20:47,30.17,81.14,4069
15:21:18,30.20,81.12,4069
15:21:49,30.20,81.21,4069
15:22:20,30.22,81.05,4068
15:22:51,30.24,81.00,4069
15:23:22,30.22,80.91,4069
15:23:53,30.24,80.89,4069
15:24:24,30.25,80.80,4068
15:24:55,30.26,80.50,4069
15:25:26,30.29,80.64,4068
15:25:56,30.27,80.51,4068
15:26:27,30.29,80.41,4068
15:26:58,30.29,80.36,4068
15:27:29,30.27,80.35,4069
15:28:00,30.29,80.10,4068
15:28:31,30.31,80.21,4069
15:29:02,30.31,80.23,4069
15:29:33,30.31,80.21,4069
15:30:04,30.35,80.01,4068
15:30:35,30.32,80.00,4068
15:31:06,30.36,80.02,4068
15:31:37,30.35,79.91,4069
15:32:08,30.34,79.80,4068
15:32:39,30.38,79.74,4068
15:33:10,30.37,79.76,4068
15:33:41,30.35,79.74,4069
15:34:12,30.36,79.73,4068
15:34:42,30.37,79.74,4069
15:35:13,30.39,79.77,4068
15:35:44,30.38,79.73,4068
15:36:15,30.37,79.72,4069
15:36:46,30.39,79.68,4069
15:37:17,30.42,79.68,4068
15:37:48,30.40,79.50,4068
15:38:19,30.42,79.45,4068
15:38:50,30.40,79.39,4069
15:39:21,30.42,79.34,4069
15:39:52,30.43,79.34,4068
15:40:23,30.43,79.23,4068
15:40:54,30.43,79.29,4068
15:41:25,30.43,79.32,4068
15:41:56,30.44,79.27,4068
15:42:27,30.46,79.27,4068
15:42:58,30.46,79.18,4069
15:43:28,30.47,79.33,4068
15:43:59,30.47,79.34,4069
15:44:30,30.48,79.27,4069
15:45:01,30.48,79.19,4069
15:45:32,30.52,79.15,4068
15:46:03,30.51,79.13,4068
15:46:34,30.52,79.12,4069
15:47:05,30.55,79.10,4069
15:47:36,30.54,78.94,4069
15:48:07,30.55,78.85,4069
15:48:38,30.54,78.95,4069
15:49:09,30.57,78.95,4068
15:49:40,30.58,78.98,4069
15:50:11,30.58,79.00,4068
15:50:42,30.59,79.01,4068
15:51:13,30.60,78.91,4069
15:51:44,30.59,78.87,4068
15:52:15,30.61,78.89,4068
15:52:45,30.58,78.83,4069
15:53:16,30.61,78.88,4069
15:53:47,30.61,78.89,4068
15:54:18,30.63,78.93,4069
15:54:49,30.65,78.94,4068
15:55:20,30.63,78.99,4069
15:55:51,30.66,78.89,4068
15:56:22,30.66,78.96,4069
15:56:53,30.66,78.81,4069
15:57:24,30.68,78.86,4068
15:57:55,30.68,78.82,4069
15:58:26,30.70,78.65,4068
15:58:57,30.69,78.67,4069
15:59:27,30.69,78.72,4069
15:59:58,30.70,78.68,4069
16:00:29,30.73,78.55,4068
16:01:00,30.73,78.57,4069
16:01:31,30.74,78.57,4069
16:02:02,30.70,78.42,4068
16:02:33,30.73,78.31,4068
16:03:04,30.72,78.26,4068
16:03:35,30.74,78.10,4069
16:04:06,30.75,78.00,4068
16:04:37,30.75,78.17,4069
16:05:08,30.74,78.21,4068
16:05:39,30.74,78.22,4068
16:06:10,30.75,78.07,4068
16:06:41,30.76,78.02,4069
16:07:11,30.76,78.02,4068
16:07:42,30.75,78.10,4069
16:08:13,30.73,78.08,4069
16:08:44,30.75,78.09,4069
16:09:15,30.76,78.21,4068
16:09:46,30.76,78.29,4069
16:10:17,30.78,78.22,4068
16:10:48,30.77,78.27,4068
16:11:19,30.81,78.29,4069
16:11:50,30.79,78.29,4068
16:12:21,30.79,78.33,4068
16:12:52,30.81,78.33,4068
16:13:23,30.83,78.41,4069
16:13:54,30.81,78.46,4069
16:14:25,30.83,78.42,4069
16:14:55,30.83,78.47,4069
16:15:26,30.82,78.44,4069
16:15:57,30.86,78.54,4069
16:16:28,30.84,78.49,4069
16:16:59,30.86,78.45,4068
16:17:30,30.86,78.54,4068
16:18:01,30.87,78.59,4069
16:18:32,30.89,78.60,4068
16:19:03,30.88,78.59,4068
16:19:34,30.90,78.61,4068
16:20:05,30.90,78.63,4068
16:20:36,30.93,78.58,4069
16:21:07,30.90,78.51,4069
16:21:38,30.93,78.56,4068
16:22:09,30.91,78.66,4069
16:22:40,30.97,78.68,4069
16:23:11,30.93,78.64,4069
16:23:41,30.92,78.53,4069
16:24:12,30.95,78.44,4069
16:24:43,30.94,78.42,4068
16:25:14,30.97,78.34,4069
16:25:45,30.96,78.42,4068
16:26:16,30.95,78.44,4069
16:26:47,30.94,78.39,4068
16:27:18,30.94,78.47,4068
16:27:49,30.95,78.42,4069
16:28:20,30.94,78.41,4068
16:28:51,30.95,78.46,4069
16:29:22,30.97,78.42,4068
16:29:52,30.98,78.36,4069
16:30:23,30.97,78.32,4069
16:30:54,30.98,78.38,4069
16:31:25,30.99,78.46,4069
16:31:56,30.98,78.37,4069
16:32:27,30.95,78.16,4069
16:32:58,30.99,78.10,4069
16:33:29,30.97,78.22,4069
16:34:00,30.99,78.15,4068
16:34:31,31.01,78.15,4069
16:35:02,30.99,77.85,4069
16:35:33,30.98,77.82,4068
16:36:04,30.99,77.65,4068
16:36:35,31.01,77.63,4069
16:37:06,30.99,77.67,4068
16:37:37,30.98,77.58,4068
16:38:07,30.97,77.43,4068
16:38:38,30.96,77.20,4068
16:39:09,30.97,77.17,4068
16:39:40,30.95,77.34,4068
16:40:11,30.97,77.26,4068
16:40:42,30.97,77.21,4068
16:41:13,30.95,77.33,4069
16:41:44,30.93,77.36,4068
16:42:15,30.95,77.45,4069
16:42:46,30.95,77.46,4068
16:43:17,30.95,77.53,4069
16:43:48,30.93,77.55,4068
16:44:19,30.95,77.41,4069
16:44:50,30.91,77.30,4068
16:45:21,30.90,77.32,4069
16:45:52,30.89,77.22,4069
16:46:23,30.87,77.33,4068
16:46:54,30.91,77.18,4069
16:47:25,30.90,77.15,4069
16:47:55,30.89,77.03,4069
16:48:26,30.87,77.08,4068
16:48:57,30.85,77.11,4069
16:49:28,30.83,77.16,4069
16:49:59,30.83,77.17,4069
16:50:30,30.83,77.20,4069
16:51:01,30.84,77.04,4069
16:51:32,30.84,77.06,4069
16:52:03,30.81,77.01,4069
16:52:34,30.83,77.25,4069
16:53:05,30.81,77.20,4068
16:53:36,30.77,77.18,4068
16:54:07,30.77,77.33,4068
16:54:38,30.76,77.44,4069
16:55:09,30.74,77.35,4069
16:55:40,30.73,77.42,4069
16:56:11,30.74,77.48,4068
16:56:41,30.70,77.50,4069
16:57:12,30.71,77.12,4069
16:57:43,30.68,77.04,4068
16:58:14,30.70,76.85,4069
16:58:45,30.67,76.37,4068
16:59:16,30.66,76.68,4069
16:59:47,30.66,76.81,4069
17:00:18,30.63,76.93,4069
17:00:49,30.61,76.28,4068
17:01:20,30.63,76.90,4068
17:01:51,30.63,76.73,4069
17:02:22,30.62,76.83,4068
17:02:53,30.59,76.84,4068
17:03:24,30.60,76.71,4068
17:03:55,30.60,76.29,4069
17:04:26,30.58,76.67,4069
17:04:57,30.56,76.77,4069
17:05:28,30.56,76.87,4069
17:05:58,30.58,76.95,4069
17:06:29,30.56,76.26,4069
17:07:00,30.55,76.70,4068
17:07:31,30.55,76.77,4068
17:08:02,30.52,76.86,4069
17:08:33,30.52,76.86,4068
17:09:04,30.54,76.94,4069
17:09:35,30.52,76.96,4068
17:10:06,30.51,76.97,4069
17:10:37,30.52,77.00,4069
17:11:08,30.53,77.05,4068
17:11:39,30.51,76.67,4068
17:12:10,30.47,76.97,4068
17:12:41,30.50,77.07,4068
17:13:12,30.49,77.06,4068
17:13:43,30.45,77.11,4069
17:14:14,30.45,76.71,4069
17:14:44,30.46,77.00,4068
17:15:15,30.44,77.07,4068
17:15:46,30.44,77.03,4068
17:16:17,30.42,77.07,4068
17:16:48,30.42,76.50,4069
17:17:19,30.43,76.93,4069
17:17:50,30.42,76.87,4068
17:18:21,30.42,76.93,4069
17:18:52,30.39,76.99,4069
17:19:23,30.40,76.90,4069
17:19:54,30.40,76.97,4069
17:20:25,30.38,76.90,4068
17:20:56,30.35,76.59,4069
17:21:26,30.35,76.73,4069
17:21:57,30.37,76.97,4068
17:22:28,30.35,77.08,4069
17:22:59,30.34,76.82,4069
17:23:30,30.32,76.63,4069
17:24:01,30.34,76.95,4068
17:24:32,30.31,76.97,4068
17:25:03,30.32,76.81,4069
17:25:34,30.29,76.79,4069
17:26:05,30.28,76.84,4068
17:26:36,30.28,76.84,4069
17:27:07,30.29,76.85,4068
17:27:38,30.29,76.87,4069
17:28:09,30.29,76.93,4068
17:28:40,30.28,76.96,4069
17:29:10,30.27,77.14,4068
17:29:41,30.25,77.23,4068
17:30:12,30.27,77.20,4069
17:30:43,30.26,77.19,4069
17:31:14,30.23,77.29,4068
17:31:45,30.22,77.25,4068
17:32:16,30.23,77.29,4068
17:32:47,30.24,77.33,4069
17:33:18,30.23,77.36,4068
17:33:49,30.23,77.38,4068
17:34:20,30.22,77.39,4068
17:34:51,30.21,77.46,4068
17:35:22,30.20,77.43,4068
17:35:53,30.19,77.46,4068
17:36:24,30.21,77.49,4069
17:36:55,30.21,77.46,4069
17:37:25,30.19,77.50,4069
17:37:56,30.19,77.48,4068
17:38:27,30.19,77.47,4069
17:38:58,30.18,77.48,4068
17:39:29,30.16,77.52,4069
17:40:00,30.16,77.54,4068
17:40:31,30.18,77.56,4069
17:41:02,30.16,77.61,4068
17:41:33,30.18,77.58,4069
17:42:04,30.16,77.63,4068
17:42:35,30.15,77.62,4069
17:43:06,30.14,77.69,4068
17:43:37,30.14,77.67,4069
17:44:07,30.12,77.67,4068
17:44:38,30.14,77.70,4068
17:45:09,30.11,77.75,4068
17:45:40,30.11,77.73,4069
17:46:11,30.10,77.72,4068
17:46:42,30.12,77.69,4068
17:47:13,30.12,77.72,4069
17:47:44,30.08,77.76,4069
17:48:15,30.10,77.75,4068
17:48:46,30.09,77.76,4069
17:49:17,30.08,77.82,4068
17:49:48,30.09,77.84,4069
17:50:19,30.09,77.82,4068
17:50:50,30.08,77.82,4068
17:51:21,30.07,77.81,4068
17:51:51,30.08,77.84,4068
17:52:22,30.09,77.83,4068
17:52:53,30.05,77.83,4065
17:53:24,30.07,77.81,4069
17:53:55,30.05,77.82,4069
17:54:26,30.05,77.84,4068
17:54:57,30.05,77.81,4068
17:55:28,30.05,77.95,4068
17:55:59,30.06,77.90,4068
17:56:30,30.04,77.87,4065
17:57:01,30.03,77.88,4064
17:57:32,30.02,77.90,4068
17:58:03,30.03,77.86,4069
17:58:34,30.04,77.88,4069
17:59:05,30.02,77.88,4069
17:59:35,30.04,77.93,4068
18:00:06,30.04,77.99,4069
18:00:37,30.00,78.04,4068
18:01:08,30.03,78.05,4068
18:01:39,30.01,78.04,4068
18:02:10,30.04,78.30,4069
18:02:41,30.00,78.26,4069
18:03:12,30.00,78.47,4069
18:03:43,29.99,78.26,4068
18:04:14,29.99,78.18,4068
18:04:45,30.00,78.14,4069
18:05:16,29.99,78.14,4069
18:05:47,30.00,78.10,4069
18:06:18,29.99,78.08,4068
18:06:49,29.98,78.10,4068
18:07:20,30.00,78.11,4069
18:07:50,30.03,78.08,4068
18:08:21,29.98,78.08,4068
18:08:52,29.99,78.12,4069
18:09:23,29.99,78.18,4069
18:09:54,30.00,78.11,4069
18:10:25,29.98,78.08,4069
18:10:56,29.96,78.84,4068
18:11:27,29.96,78.75,4068
18:11:58,29.96,78.76,4069
18:12:29,29.97,78.62,4069
18:13:00,29.98,78.50,4069
18:13:31,29.97,78.45,4069
18:14:02,29.99,78.43,4064
18:14:33,29.96,78.37,4068
18:15:04,29.97,78.35,4069
18:15:35,29.98,78.34,4068
18:16:06,29.97,78.34,4068
18:16:37,29.96,78.34,4069
18:17:08,29.94,78.41,4069
18:17:39,29.96,78.39,4068
18:18:10,29.96,78.34,4069
18:18:41,29.96,78.46,4069
18:19:11,29.98,78.65,4068
18:19:42,29.96,78.73,4068
18:20:13,29.97,78.66,4068
18:20:44,29.95,78.54,4069
18:21:15,29.95,78.58,4069
18:21:46,29.95,78.54,4068
18:22:17,29.95,78.51,4069
18:22:48,29.93,78.41,4068
18:23:19,29.92,78.36,4069
18:23:50,29.93,78.40,4069
18:24:21,29.93,78.37,4068
18:24:52,29.91,78.42,4068
18:25:23,29.92,78.40,4069
18:25:54,29.91,78.40,4069
18:26:25,29.90,78.38,4069
18:26:56,29.90,78.38,4068
18:27:27,29.92,78.38,4068
18:27:57,29.90,78.39,4069
18:28:28,29.89,78.39,4069
18:28:59,29.89,78.45,4069
18:29:30,29.88,78.38,4068
18:30:01,29.88,78.41,4068
18:30:32,29.88,78.38,4068
18:31:03,29.88,78.38,4068
18:31:34,29.87,78.40,4068
18:32:05,29.89,78.37,4068
18:32:36,29.84,78.36,4065
18:33:07,29.88,78.38,4069
18:33:38,29.86,78.41,4068
18:34:09,29.86,78.49,4068
18:34:40,29.85,78.41,4069
18:35:10,29.83,78.41,4069
18:35:41,29.83,78.44,4069
18:36:12,29.84,78.45,4069
18:36:43,29.84,78.51,4065
18:37:14,29.81,78.45,4068
18:37:45,29.82,78.48,4068
18:38:16,29.83,78.53,4068
18:38:47,29.82,78.51,4069
18:39:18,29.81,78.53,4065
18:39:49,29.81,78.50,4068
18:40:20,29.81,78.44,4068
18:40:51,29.78,78.35,4069
18:41:22,29.78,78.41,4068
18:41:52,29.77,78.49,4068
18:42:23,29.80,78.54,4068
18:42:54,29.76,78.41,4069
18:43:25,29.75,78.44,4069
18:43:56,29.75,78.44,4069
18:44:27,29.75,78.42,4068
18:44:58,29.75,78.47,4069
18:45:29,29.74,78.49,4069
18:46:00,29.73,78.53,4068
18:46:31,29.74,78.62,4069
18:47:02,29.73,78.60,4068
18:47:32,29.71,78.60,4069
18:48:03,29.72,78.69,4068
18:48:34,29.73,78.78,4069
18:49:05,29.71,78.78,4064
18:49:36,29.70,79.00,4069
18:50:07,29.69,79.07,4068
18:50:38,29.71,79.11,4069
18:51:09,29.68,79.11,4069
18:51:40,29.69,79.15,4069
18:52:11,29.67,79.28,4064
18:52:42,29.69,79.42,4068
18:53:13,29.68,79.23,4068
18:53:44,29.67,79.27,4068
18:54:15,29.67,79.52,4068
18:54:45,29.68,79.35,4068
18:55:16,29.67,79.36,4068
18:55:47,29.67,79.67,4068
18:56:18,29.67,79.54,4069
18:56:49,29.67,79.56,4068
18:57:20,29.66,79.77,4068
18:57:51,29.68,79.56,4068
18:58:22,29.69,79.69,4068
18:58:53,29.66,79.60,4069
18:59:24,29.69,79.67,4068
18:59:55,29.67,79.81,4068
19:00:26,29.69,79.74,4068
19:00:57,29.68,79.85,4068
19:01:28,29.68,79.83,4068
19:01:59,29.67,79.80,4069
19:02:30,29.68,79.85,4069
19:03:01,29.69,79.87,4069
19:03:32,29.68,79.85,4069
19:04:02,29.68,79.85,4068
19:04:33,29.67,79.86,4068
19:05:04,29.69,79.85,4068
19:05:35,29.67,79.87,4068
19:06:06,29.69,79.89,4069
19:06:37,29.69,79.86,4068
19:07:08,29.69,79.92,4069
19:07:39,29.69,79.85,4069
19:08:10,29.68,79.86,4068
19:08:41,29.69,80.11,4068
19:09:12,29.68,79.95,4069
19:09:43,29.68,80.04,4068
19:10:14,29.69,80.15,4069
19:10:45,29.68,80.10,4064
19:11:16,29.70,80.24,4068
19:11:46,29.68,80.06,4069
19:12:17,29.69,80.04,4068
19:12:48,29.71,80.13,4069
19:13:19,29.71,80.08,4069
19:13:50,29.71,80.08,4069
19:14:21,29.69,80.06,4068
19:14:52,29.70,80.10,4068
19:15:23,29.69,80.05,4068
19:15:54,29.71,80.16,4069
19:16:25,29.69,80.21,4068
19:16:56,29.71,80.22,4068
19:17:27,29.72,80.20,4069
19:17:58,29.72,80.21,4068
19:18:29,29.73,80.15,4069
19:19:00,29.71,80.10,4069
19:19:31,29.69,80.18,4069
19:20:02,29.72,80.16,4068
19:20:33,29.71,80.13,4069
19:21:04,29.73,79.98,4068
19:21:34,29.70,79.19,4068
19:22:05,29.67,77.91,4068
19:22:36,29.61,76.79,4069
19:23:07,29.58,76.08,4068
19:23:38,29.56,75.03,4068
19:24:09,29.46,73.72,4068
19:24:40,29.42,73.32,4068
19:25:11,29.38,72.01,4068
19:25:42,29.29,70.43,4065
19:26:13,29.25,69.97,4068
19:26:44,29.17,69.31,4068
19:27:15,29.12,68.79,4068
19:27:46,29.03,68.18,4069
19:28:17,28.99,67.47,4068
19:28:48,28.95,67.69,4068
19:29:19,28.91,67.03,4069
19:29:50,28.86,66.53,4068
19:30:21,28.84,65.99,4069
19:30:52,28.81,65.92,4068
19:31:23,28.80,66.10,4069
19:31:54,28.77,66.05,4069
19:32:25,28.75,66.26,4069
19:32:55,28.73,66.18,4068
19:33:26,28.71,66.14,4064
19:33:57,28.71,66.34,4069
19:34:28,28.71,66.24,4069
19:34:59,28.71,66.31,4068
19:35:30,28.67,66.35,4069
19:36:01,28.68,66.42,4069
19:36:32,28.67,66.39,4068
19:37:03,28.69,66.42,4069
19:37:34,28.65,66.34,4069
19:38:05,28.66,66.47,4068
19:38:36,28.64,66.54,4068
19:39:07,28.68,66.55,4069
19:39:38,28.63,66.53,4069
19:40:09,28.63,66.56,4064
19:40:40,28.63,66.57,4069
19:41:11,28.63,66.63,4068
19:41:42,28.60,66.62,4068
19:42:13,28.60,66.62,4068
19:42:43,28.59,66.59,4069
19:43:14,28.57,66.60,4069
19:43:45,28.57,66.64,4069
19:44:16,28.57,66.67,4068
19:44:47,28.56,66.78,4069
19:45:18,28.54,66.82,4068
19:45:49,28.54,66.94,4064
19:46:20,28.52,66.96,4064
19:46:51,28.51,67.02,4061
19:47:22,28.52,66.91,4069
19:47:53,28.51,66.91,4068
19:48:24,28.50,66.88,4068
19:48:55,28.50,66.95,4069
19:49:26,28.50,66.97,4069
19:49:56,28.50,66.86,4068
19:50:27,28.49,66.84,4069
19:50:58,28.48,66.88,4068
19:51:29,28.48,66.89,4069
19:52:00,28.47,66.84,4069
19:52:31,28.44,66.90,4068
19:53:02,28.43,66.88,4068
19:53:33,28.44,66.90,4068
19:54:04,28.41,66.91,4068
19:54:35,28.43,66.88,4069
19:55:06,28.43,66.91,4068
19:55:37,28.41,66.92,4069
19:56:07,28.42,66.87,4068
19:56:38,28.41,66.82,4068
19:57:09,28.40,66.84,4069
19:57:40,28.39,66.90,4068
19:58:11,28.38,66.89,4069
19:58:42,28.35,66.82,4068
19:59:13,28.36,66.84,4065
19:59:44,28.35,66.82,4068
20:00:15,28.36,66.86,4069
20:00:46,28.36,66.70,4069
20:01:17,28.35,66.28,4068
20:01:48,28.33,65.51,4057
20:02:19,28.31,64.78,4065
20:02:49,28.26,64.31,4068
20:03:20,28.26,64.59,4064
20:03:51,28.22,64.53,4068
20:04:22,28.22,64.71,4068
20:04:53,28.19,64.78,4065
20:05:24,28.19,64.87,4068
20:05:55,28.18,64.93,4069
20:06:26,28.18,65.02,4065
20:06:57,28.18,65.12,4061
20:07:28,28.17,65.22,4061
20:07:59,28.16,65.36,4065
20:08:30,28.15,65.45,4068
20:09:01,28.13,65.51,4065
20:09:31,28.13,65.60,4065
20:10:02,28.15,65.67,4068
20:10:33,28.14,65.65,4069
20:11:04,28.15,65.73,4064
20:11:35,28.12,65.74,4069
20:12:06,28.11,65.77,4068
20:12:37,28.12,65.70,4068
20:13:08,28.13,65.73,4065
20:13:39,28.14,65.86,4069
20:14:10,28.15,65.99,4069
20:14:41,28.13,66.08,4069
20:15:12,28.10,66.10,4061
20:15:43,28.12,66.21,4061
20:16:14,28.11,66.22,4065
20:16:44,28.14,66.13,4069
20:17:15,28.12,66.11,4069
20:17:46,28.10,66.06,4069
20:18:17,28.09,66.24,4069
20:18:48,28.11,66.18,4068
20:19:19,28.08,66.17,4068
20:19:50,28.08,66.11,4068
20:20:21,28.08,66.05,4068
20:20:52,28.07,65.97,4069
20:21:23,28.07,65.85,4064
20:21:54,28.05,65.85,4068
20:22:25,28.05,65.90,4069
20:22:56,28.05,65.84,4068
20:23:27,28.05,65.71,4065
20:23:58,28.02,65.67,4068
20:24:28,28.04,66.13,4069
20:24:59,28.01,65.84,4069
20:25:30,28.01,66.48,4064
20:26:01,27.99,66.95,4061
20:26:32,28.00,67.04,4069
20:27:03,28.01,67.09,4069
20:27:34,27.98,66.99,4069
20:28:05,27.97,66.91,4064
20:28:36,27.96,66.85,4065
20:29:07,27.95,66.77,4069
20:29:38,27.96,66.66,4064
20:30:09,27.94,66.59,4065
20:30:40,27.94,66.37,4053
20:31:11,27.91,66.29,4064
20:31:42,27.92,66.22,4061
20:32:12,27.89,66.09,4068
20:32:43,27.88,66.04,4061
20:33:14,27.87,65.31,4061
20:33:45,27.85,64.43,4065
20:34:16,27.85,63.67,4061
20:34:47,27.80,63.06,4060
20:35:18,27.76,63.05,4061
20:35:49,27.71,63.17,4065
20:36:20,27.70,63.17,4061
20:36:51,27.67,63.37,4065
20:37:22,27.64,63.39,4065
20:37:53,27.63,63.40,4060
20:38:24,27.62,63.44,4068
20:38:55,27.63,63.44,4064
20:39:26,27.61,63.50,4064
20:39:57,27.60,63.45,4060
20:40:27,27.58,63.51,4069
20:40:58,27.58,63.42,4065
20:41:29,27.58,63.40,4069
20:42:00,27.57,63.43,4069
20:42:31,27.57,63.45,4065
20:43:02,27.54,63.48,4069
20:43:33,27.53,63.49,4068
20:44:04,27.53,63.50,4068
20:44:35,27.52,63.51,4069
20:45:06,27.52,63.51,4068
20:45:37,27.49,63.52,4061
20:46:08,27.47,63.53,4064
20:46:39,27.47,63.53,4057
20:47:10,27.48,63.54,4060
20:47:41,27.46,63.58,4064
20:48:12,27.43,63.60,4065
20:48:43,27.47,63.52,4065
20:49:13,27.47,63.53,4069
20:49:44,27.44,63.43,4064
20:50:15,27.44,63.44,4065
20:50:46,27.42,63.47,4064
20:51:17,27.40,63.50,4060
20:51:48,27.41,63.46,4068
20:52:19,27.40,63.44,4068
20:52:50,27.39,63.48,4057
20:53:21,27.37,63.46,4061
20:53:52,27.37,63.48,4069
20:54:23,27.37,63.44,4061
20:54:54,27.38,63.50,4065
20:55:25,27.36,63.42,4068
20:55:56,27.36,63.41,4068
20:56:27,27.34,63.35,4068
20:56:58,27.34,63.35,4069
20:57:29,27.33,63.35,4065
20:58:00,27.32,63.33,4069
20:58:31,27.31,63.34,4065
20:59:02,27.30,63.34,4064
20:59:33,27.30,63.32,4069
21:00:03,27.30,63.26,4069
21:00:34,27.28,63.26,4065
21:01:05,27.24,63.22,4064
21:01:36,27.25,63.29,4068
21:02:07,27.24,63.32,4069
21:02:38,27.24,63.30,4069
21:03:09,27.23,63.31,4065
21:03:40,27.22,63.21,4069
21:04:11,27.22,63.20,4061
21:04:42,27.21,63.18,4061
21:05:13,27.21,62.70,4068
21:05:44,27.18,61.96,4065
21:06:15,27.16,62.06,4057
21:06:46,27.12,62.38,4065
21:07:17,27.14,62.74,4061
21:07:48,27.11,63.33,4064
21:08:18,27.13,63.73,4068
21:08:49,27.13,64.18,4053
21:09:20,27.15,64.65,4064
21:09:51,27.17,65.16,4061
21:10:22,27.17,65.72,4064
21:10:53,27.17,67.33,4061
21:11:24,27.17,67.90,4065
21:11:55,27.21,67.87,4065
21:12:26,27.23,68.25,4057
21:12:57,27.24,69.22,4069
21:13:28,27.24,69.98,4068
21:13:59,27.26,70.03,4065
21:14:30,27.29,70.32,4069
21:15:01,27.29,70.63,4065
21:15:31,27.33,70.70,4068
21:16:02,27.34,70.70,4069
21:16:33,27.35,71.24,4069
21:17:04,27.36,71.19,4068
21:17:35,27.39,71.54,4068
21:18:06,27.38,71.69,4061
21:18:37,27.38,72.92,4064
21:19:08,27.40,72.90,4060
21:19:39,27.41,73.13,4061
21:20:10,27.44,73.10,4065
21:20:41,27.45,73.35,4069
21:21:12,27.46,73.54,4064
21:21:43,27.48,73.71,4057
21:22:14,27.49,73.88,4068
21:22:45,27.51,73.82,4069
21:23:15,27.52,73.86,4061
21:23:46,27.53,74.15,4065
21:24:17,27.54,74.19,4068
21:24:48,27.55,74.42,4061
21:25:19,27.58,74.55,4065
21:25:50,27.58,74.44,4060
21:26:21,27.61,74.40,4068
21:26:52,27.60,74.55,4068
21:27:23,27.62,74.57,4069
21:27:54,27.61,74.72,4068
21:28:25,27.65,74.91,4069
21:28:56,27.65,75.01,4068
21:29:27,27.65,75.15,4056
21:29:58,27.69,75.23,4068
21:30:28,27.70,75.69,4069
21:30:59,27.70,75.54,4068
21:31:30,27.71,75.68,4069
21:32:01,27.72,75.65,4068
21:32:32,27.74,75.93,4061
21:33:03,27.75,76.16,4064
21:33:34,27.75,76.18,4065
21:34:05,27.78,76.37,4061
21:34:36,27.78,76.36,4069
21:35:07,27.80,76.47,4065
21:35:38,27.79,76.23,4065
21:36:09,27.80,76.40,4069
21:36:40,27.80,76.54,4069
21:37:11,27.80,76.77,4065
21:37:42,27.82,76.91,4068
21:38:12,27.86,77.03,4068
21:38:43,27.84,77.32,4061
21:39:14,27.85,77.60,4064
21:39:45,27.87,77.66,4065
21:40:16,27.87,77.86,4068
21:40:47,27.90,77.75,4065
21:41:18,27.92,77.98,4069
21:41:49,27.91,77.89,4068
21:42:20,27.93,78.05,4065
21:42:51,27.95,78.16,4061
21:43:22,27.94,77.96,4061
21:43:53,27.95,78.02,4069
21:44:24,27.97,78.01,4069
21:44:55,27.97,78.21,4068
21:45:26,27.98,78.42,4060
21:45:56,27.97,78.49,4065
21:46:27,28.02,78.67,4068
21:46:58,28.02,78.76,4069
21:47:29,28.01,78.74,4068
21:48:00,28.00,78.84,4065
21:48:31,28.04,78.84,4068
21:49:02,28.02,78.89,4065
21:49:33,28.04,79.03,4068
21:50:04,28.05,79.06,4068
21:50:35,28.05,79.04,4053
21:51:06,28.03,79.06,4060
21:51:37,28.08,79.12,4061
21:52:08,28.05,79.08,4068
21:52:39,28.07,79.10,4069
21:53:10,28.09,79.15,4061
21:53:40,28.09,79.17,4068
21:54:11,28.07,79.23,4069
21:54:42,28.07,79.17,4061
21:55:13,28.09,79.25,4068
21:55:44,28.09,79.23,4065
21:56:15,28.09,79.29,4069
21:56:46,28.09,79.17,4068
21:57:17,28.10,79.23,4068
21:57:48,28.11,79.47,4065
21:58:19,28.13,79.81,4065
21:58:50,28.12,79.55,4068
21:59:21,28.13,79.60,4068
21:59:52,28.10,79.56,4065
22:00:23,28.12,79.52,4065
22:00:54,28.13,79.64,4068
22:01:25,28.13,79.81,4068
22:01:55,28.12,79.82,4065
22:02:26,28.15,79.84,4069
22:02:57,28.15,80.41,4065
22:03:28,28.15,80.31,4065
22:03:59,28.17,80.43,4068
22:04:30,28.16,80.32,4065
22:05:01,28.18,80.28,4068
22:05:32,28.19,80.27,4064
22:06:03,28.21,80.33,4068
22:06:34,28.21,80.50,4069
22:07:05,28.20,80.57,4060
22:07:36,28.19,80.45,4061
22:08:07,28.22,80.46,4068
22:08:38,28.20,80.49,4069
22:09:09,28.23,80.76,4069
22:09:40,28.23,80.59,4068
22:10:11,28.24,80.70,4068
22:10:42,28.23,80.86,4068
22:11:12,28.25,80.77,4061
22:11:43,28.26,80.92,4068
22:12:14,28.25,80.76,4064
22:12:45,28.25,80.90,4065
22:13:16,28.25,80.83,4065
22:13:47,28.28,80.86,4068
22:14:18,28.27,80.98,4068
22:14:49,28.27,81.05,4069
22:15:20,28.28,80.95,4068
22:15:51,28.30,81.01,4068
22:16:22,28.30,80.98,4069
22:16:53,28.32,80.97,4069
22:17:24,28.32,80.98,4069
22:17:55,28.31,81.05,4069
22:18:26,28.32,80.96,4068
22:18:57,28.34,80.99,4068
22:19:28,28.33,81.07,4068
22:19:59,28.34,81.09,4068
22:20:30,28.36,80.99,4069
22:21:01,28.36,80.87,4064
22:21:32,28.36,80.89,4064
22:22:02,28.35,81.00,4065
22:22:33,28.34,81.02,4065
22:23:04,28.36,81.07,4065
22:23:35,28.36,81.02,4068
22:24:06,28.36,81.02,4068
22:24:37,28.36,80.88,4065
22:25:08,28.38,80.97,4064
22:25:39,28.41,80.91,4064
22:26:10,28.37,81.08,4068
22:26:41,28.40,81.04,4064
22:27:12,28.39,81.03,4069
22:27:43,28.40,80.96,4068
22:28:14,28.43,80.96,4069
22:28:45,28.40,80.85,4069
22:29:15,28.41,80.94,4069
22:29:46,28.43,80.94,4068
22:30:17,28.43,80.85,4068
22:30:48,28.43,80.89,4069
22:31:19,28.42,80.93,4068
22:31:50,28.42,80.88,4069
22:32:21,28.44,80.90,4068
22:32:52,28.45,80.85,4069
22:33:23,28.44,80.85,4064
22:33:54,28.45,80.91,4069
22:34:25,28.47,81.01,4064
22:34:56,28.44,80.85,4068
22:35:27,28.46,80.86,4069
22:35:57,28.46,80.79,4068
22:36:28,28.47,80.77,4065
22:36:59,28.45,80.78,4065
22:37:30,28.48,80.77,4068
22:38:01,28.48,80.78,4069
22:38:32,28.48,80.75,4068
22:39:03,28.48,80.77,4068
22:39:34,28.46,80.77,4068
22:40:05,28.48,80.83,4069
22:40:36,28.48,80.78,4065
22:41:07,28.49,80.70,4068
22:41:38,28.50,80.67,4068
22:42:09,28.50,80.70,4068
22:42:39,28.49,80.76,4068
22:43:10,28.51,80.85,4068
22:43:41,28.50,80.84,4068
22:44:12,28.51,80.79,4068
22:44:43,28.50,80.76,4068
22:45:14,28.51,80.71,4068
22:45:45,28.50,80.72,4068
22:46:16,28.52,80.69,4065
22:46:47,28.52,80.71,4068
22:47:18,28.54,80.81,4068
22:47:49,28.54,80.80,4069
22:48:19,28.52,80.77,4069
22:48:50,28.52,80.83,4068
22:49:21,28.54,80.75,4065
22:49:52,28.51,80.80,4069
22:50:23,28.52,80.80,4069
22:50:54,28.55,80.88,4068
22:51:25,28.53,80.85,4069
22:51:56,28.55,80.85,4068
22:52:27,28.53,80.90,4065
22:52:58,28.54,80.97,4065
22:53:29,28.56,80.96,4068
22:54:00,28.52,80.93,4068
22:54:31,28.54,80.98,4068
22:55:02,28.54,80.95,4065
22:55:33,28.55,80.94,4068
22:56:04,28.54,80.91,4065
22:56:34,28.54,81.01,4069
22:57:05,28.55,80.93,4069
22:57:36,28.55,81.01,4061
22:58:07,28.54,81.05,4068
22:58:38,28.55,80.99,4069
22:59:09,28.55,80.97,4068
22:59:40,28.57,80.97,4068
23:00:11,28.55,81.03,4065
23:00:42,28.56,81.14,4069
23:01:13,28.57,81.09,4061
23:01:44,28.58,81.04,4069
23:02:15,28.57,81.04,4068
23:02:46,28.57,81.11,4068
23:03:17,28.58,81.09,4065
23:03:48,28.58,81.11,4060
23:04:19,28.59,81.11,4060
23:04:49,28.58,81.16,4068
23:05:20,28.60,81.21,4069
23:05:51,28.60,81.18,4064
23:06:22,28.62,81.15,4068
23:06:53,28.61,81.09,4069
23:07:24,28.60,81.13,4065
23:07:55,28.62,81.11,4069
23:08:26,28.64,81.12,4069
23:08:57,28.64,81.10,4069
23:09:28,28.64,81.10,4061
23:09:59,28.63,81.11,4068
23:10:30,28.65,81.15,4069
23:11:01,28.63,81.16,4068
23:11:32,28.64,81.15,4065
23:12:03,28.65,81.29,4069
23:12:34,28.63,81.18,4069
23:13:04,28.65,81.33,4065
23:13:35,28.64,81.27,4065
23:14:06,28.66,81.20,4069
23:14:37,28.66,81.22,4065
23:15:08,28.66,81.25,4065
23:15:39,28.68,81.25,4069
23:16:10,28.69,81.19,4064
23:16:41,28.69,81.20,4069
23:17:12,28.70,81.17,4069
23:17:43,28.67,81.15,4068
23:18:14,28.68,81.17,4068
23:18:45,28.69,81.11,4069
23:19:16,28.70,81.20,4069
23:19:47,28.70,81.23,4069
23:20:18,28.71,81.23,4069
23:20:49,28.71,81.16,4069
23:21:20,28.72,81.16,4068
23:21:50,28.72,81.15,4069
23:22:21,28.72,81.07,4068
23:22:52,28.74,81.10,4068
23:23:23,28.73,81.04,4060
23:23:54,28.72,81.18,4060
23:24:25,28.75,81.34,4065
23:24:56,28.74,81.19,4069
23:25:27,28.73,81.35,4068
23:25:58,28.74,81.20,4068
23:26:29,28.74,81.16,4057
23:27:00,28.73,81.18,4068
23:27:31,28.74,81.21,4069
23:28:02,28.73,81.21,4061
23:28:33,28.73,81.17,4068
23:29:04,28.75,81.18,4068
23:29:35,28.74,81.17,4069
23:30:06,28.74,81.14,4068
23:30:37,28.77,81.33,4068
23:31:07,28.74,81.14,4068
23:31:38,28.77,81.15,4068
23:32:09,28.76,81.13,4065
23:32:40,28.78,81.05,4064
23:33:11,28.75,81.07,4068
23:33:42,28.78,81.03,4069
23:34:13,28.77,81.01,4068
23:34:44,28.80,81.01,4064
23:35:15,28.82,81.05,4069
23:35:46,28.82,81.00,4068
23:36:17,28.80,80.92,4068
23:36:48,28.81,81.00,4068
23:37:19,28.82,81.08,4069
23:37:50,28.79,81.13,4069
